    750000        5.16
    750010        5.33
    750020        3.95
    750030        4.75
    750040        4.37
    750050        5.44
    750060        3.47
    750070         4.1
    750080        4.44
    750090        4.81
    750100        4.22
    750110        3.68
    750120         5.4
    750130        4.74
    750140        4.11
    750150        5.21
    750160        4.74
    750170        5.12
    750180        4.24
    750190        3.95
    750200        3.91
    750210        4.75
    750220        4.77
    750230         4.6
    750240        5.91
    750250        4.69
    750260        5.58
    750270        2.75
    750280        5.03
    750290        4.32
    750300         4.7
    750310        5.52
    750320        6.69
    750330        3.99
    750340        3.77
    750350        5.45
    750360         4.8
    750370        4.88
    750380        4.24
    750390        4.48
    750400        5.47
    750410        5.06
    750420        4.68
    750430        7.18
    750440         4.1
    750450           5
    750460        4.71
    750470        5.24
    750480           5
    750490        4.78
    750500        5.35
    750510        5.23
    750520        5.97
    750530        4.36
    750540        4.65
    750550        5.08
    750560        4.12
    750570        4.67
    750580        5.27
    750590        5.39
    750600        5.01
    750610        4.99
    750620        6.21
    750630        4.55
    750640        4.25
    750650        5.74
    750660        5.33
    750670        6.28
    750680        6.35
    750690        6.13
    750700        5.89
    750710        4.03
    750720        5.45
    750730        4.77
    750740        6.18
    750750        3.76
    750760        5.56
    750770        5.49
    750780        5.62
    750790         5.1
    750800        5.72
    750810        5.79
    750820        4.68
    750830        5.63
    750840        4.78
    750850        4.19
    750860        5.12
    750870        6.07
    750880        5.31
    750890        5.12
    750900        5.48
    750910        4.71
    750920        5.44
    750930        4.85
    750940        5.23
    750950        5.21
    750960        4.63
    750970        5.35
    750980        5.11
    750990        4.94
    751000        5.65
    751010        4.72
    751020        5.96
    751030        3.83
    751040        5.32
    751050        4.28
    751060        5.13
    751070         4.1
    751080        3.94
    751090        5.21
    751100        4.59
    751110        4.83
    751120        4.67
    751130        4.78
    751140        5.69
    751150        6.42
    751160        4.29
    751170        4.92
    751180        5.66
    751190        4.33
    751200         6.8
    751210        5.37
    751220        4.75
    751230        3.98
    751240        5.59
    751250         6.4
    751260        5.39
    751270        5.67
    751280        5.97
    751290        5.31
    751300        4.83
    751310        4.03
    751320        3.64
    751330        4.54
    751340        3.67
    751350        5.11
    751360         5.6
    751370        4.39
    751380        4.41
    751390        5.06
    751400        5.63
    751410        5.11
    751420        5.78
    751430        5.65
    751440         4.9
    751450        5.38
    751460        5.89
    751470        5.41
    751480        4.46
    751490        5.68
    751500        4.96
    751510        4.48
    751520        4.79
    751530        4.81
    751540        4.76
    751550        5.79
    751560         4.4
    751570        3.81
    751580        4.97
    751590        4.53
    751600        5.47
    751610        5.53
    751620         4.7
    751630        6.18
    751640        4.74
    751650        5.34
    751660        4.67
    751670        4.77
    751680        4.65
    751690        6.44
    751700        4.62
    751710        5.05
    751720        4.38
    751730        4.55
    751740        5.72
    751750        4.62
    751760        4.43
    751770        4.83
    751780        5.35
    751790        5.22
    751800         5.6
    751810        4.54
    751820         5.2
    751830        5.78
    751840        5.03
    751850        3.04
    751860        4.37
    751870         6.6
    751880        5.16
    751890         4.8
    751900        4.74
    751910        4.78
    751920        4.26
    751930        3.79
    751940         6.3
    751950        5.07
    751960         5.6
    751970        4.49
    751980        4.81
    751990        6.69
    752000        4.89
    752010        4.36
    752020        5.55
    752030        5.16
    752040        5.07
    752050        5.41
    752060        5.15
    752070        5.72
    752080        5.88
    752090        5.25
    752100        5.02
    752110        4.26
    752120        4.48
    752130        3.93
    752140        5.33
    752150        5.14
    752160        5.55
    752170        4.32
    752180        4.75
    752190        5.14
    752200        3.85
    752210        4.57
    752220        5.92
    752230        5.12
    752240        5.15
    752250        4.26
    752260        5.61
    752270        4.94
    752280        4.36
    752290        5.41
    752300        5.11
    752310        4.49
    752320        4.88
    752330        5.68
    752340         5.4
    752350        5.48
    752360        4.14
    752370        5.18
    752380         4.6
    752390        4.16
    752400        4.38
    752410        4.91
    752420        4.99
    752430        6.18
    752440        4.53
    752450        5.86
    752460        3.35
    752470        4.66
    752480        4.43
    752490        4.76
    752500        5.48
    752510        4.64
    752520        4.18
    752530        4.64
    752540        5.62
    752550        5.44
    752560        5.69
    752570        5.18
    752580           6
    752590        4.52
    752600        4.82
    752610        5.18
    752620        5.14
    752630        4.88
    752640        4.26
    752650        5.43
    752660        4.83
    752670        4.55
    752680        3.66
    752690        4.21
    752700         5.3
    752710        5.23
    752720        4.79
    752730        4.83
    752740         4.3
    752750        5.98
    752760        5.47
    752770        5.69
    752780        5.51
    752790        4.87
    752800        5.89
    752810        4.73
    752820        4.63
    752830        5.72
    752840        5.55
    752850        5.01
    752860        5.98
    752870        5.34
    752880        5.88
    752890        5.43
    752900         4.2
    752910        5.42
    752920        4.72
    752930        5.26
    752940        3.95
    752950        4.99
    752960        4.42
    752970        4.97
    752980        6.06
    752990        4.08
    753000        4.52
    753010        5.52
    753020        4.53
    753030        4.46
    753040        4.79
    753050        5.56
    753060        5.96
    753070        4.15
    753080        3.31
    753090        4.54
    753100        5.68
    753110        4.17
    753120        4.34
    753130        5.64
    753140        4.99
    753150        3.66
    753160        5.69
    753170        4.02
    753180        5.53
    753190        4.62
    753200        4.45
    753210        5.12
    753220        4.74
    753230        4.74
    753240        5.12
    753250        5.56
    753260        4.58
    753270        4.36
    753280        3.79
    753290        6.15
    753300        5.81
    753310         4.8
    753320        5.15
    753330        4.56
    753340        4.83
    753350        4.62
    753360        4.63
    753370        5.23
    753380        5.05
    753390        4.55
    753400        5.26
    753410        3.94
    753420        5.15
    753430        5.37
    753440        5.13
    753450        4.55
    753460        4.94
    753470        4.67
    753480        5.18
    753490         5.2
    753500        5.35
    753510        4.99
    753520        6.45
    753530        4.68
    753540        4.35
    753550        6.16
    753560        4.55
    753570        4.28
    753580         5.5
    753590        6.01
    753600        4.68
    753610        4.19
    753620        3.96
    753630         4.8
    753640        6.26
    753650        5.59
    753660         5.1
    753670        4.24
    753680        4.35
    753690        3.44
    753700        4.36
    753710        4.44
    753720           6
    753730        4.86
    753740        5.21
    753750        5.04
    753760        5.01
    753770        5.62
    753780        4.06
    753790        4.41
    753800        4.91
    753810        5.53
    753820        5.21
    753830        3.98
    753840         4.9
    753850        4.39
    753860        4.33
    753870         4.5
    753880        5.19
    753890           7
    753900         4.4
    753910        4.92
    753920        4.96
    753930        5.39
    753940        3.97
    753950        5.24
    753960        4.42
    753970        4.92
    753980        4.91
    753990        5.69
    754000        6.24
    754010        5.07
    754020        4.57
    754030        5.66
    754040        5.18
    754050        5.88
    754060        6.35
    754070        5.14
    754080        5.26
    754090         5.5
    754100        4.21
    754110        5.11
    754120        5.48
    754130        5.44
    754140         4.5
    754150        4.98
    754160        5.04
    754170        5.38
    754180        4.82
    754190           5
    754200        6.55
    754210         5.7
    754220        4.87
    754230        4.71
    754240        5.11
    754250        5.92
    754260        6.13
    754270        4.81
    754280        5.65
    754290        5.07
    754300        4.54
    754310        4.38
    754320        4.75
    754330        4.43
    754340        5.45
    754350         4.7
    754360        4.77
    754370        6.01
    754380        5.27
    754390        6.23
    754400        5.01
    754410        5.38
    754420        4.64
    754430        4.01
    754440        6.87
    754450        4.57
    754460         4.2
    754470        5.36
    754480        6.25
    754490        5.61
    754500        7.29
    754510        4.21
    754520        4.73
    754530        5.54
    754540        4.08
    754550        4.69
    754560        4.95
    754570        3.86
    754580        5.16
    754590        4.85
    754600           6
    754610         4.6
    754620         4.6
    754630        3.96
    754640        3.55
    754650        5.63
    754660        5.85
    754670        4.02
    754680         6.1
    754690        5.05
    754700         4.7
    754710        5.56
    754720         5.4
    754730        5.49
    754740         5.1
    754750        5.59
    754760        4.65
    754770        5.76
    754780        7.11
    754790        5.38
    754800        4.79
    754810        4.25
    754820        4.98
    754830        5.98
    754840        4.87
    754850        5.03
    754860        5.08
    754870        5.61
    754880        6.46
    754890        4.41
    754900        2.85
    754910        5.88
    754920        4.83
    754930        5.79
    754940         5.3
    754950        4.72
    754960        4.97
    754970         4.2
    754980        5.08
    754990        4.96
    755000        5.39
    755010        3.62
    755020        4.56
    755030        4.93
    755040        5.85
    755050        4.43
    755060        3.65
    755070        4.52
    755080        6.21
    755090        4.46
    755100        4.72
    755110        4.99
    755120        4.73
    755130           5
    755140        5.83
    755150        4.65
    755160        5.59
    755170        5.69
    755180        5.66
    755190        4.95
    755200        4.99
    755210        4.79
    755220        4.63
    755230        5.13
    755240        5.66
    755250        4.83
    755260        5.24
    755270        3.89
    755280         5.5
    755290        4.73
    755300        4.89
    755310        6.55
    755320        5.34
    755330        5.74
    755340        5.42
    755350        4.61
    755360         4.3
    755370        4.94
    755380           5
    755390         4.7
    755400        5.72
    755410        4.94
    755420        4.49
    755430        6.87
    755440        4.83
    755450        4.68
    755460        4.96
    755470        5.64
    755480        5.31
    755490        5.17
    755500        4.41
    755510        4.84
    755520        5.17
    755530        4.66
    755540        5.74
    755550        6.03
    755560         4.2
    755570        4.95
    755580        5.43
    755590        4.44
    755600        5.09
    755610        4.96
    755620        5.13
    755630        4.09
    755640        3.67
    755650        5.27
    755660        5.35
    755670        5.56
    755680        5.95
    755690        5.48
    755700        3.32
    755710        5.63
    755720        5.85
    755730        4.48
    755740        4.57
    755750        4.86
    755760         4.2
    755770        3.66
    755780        4.97
    755790        5.24
    755800        5.51
    755810        4.85
    755820        4.49
    755830        5.02
    755840        4.13
    755850        3.94
    755860         6.5
    755870        5.73
    755880        5.06
    755890        4.63
    755900        4.12
    755910        5.53
    755920        5.78
    755930        4.54
    755940        5.43
    755950        4.41
    755960         6.6
    755970        5.44
    755980        6.15
    755990        6.12
    756000        5.37
    756010        5.37
    756020        4.56
    756030         6.1
    756040        5.92
    756050        6.12
    756060        5.16
    756070        5.88
    756080        5.84
    756090        4.29
    756100        4.21
    756110        4.34
    756120        4.52
    756130        4.54
    756140        4.91
    756150        5.94
    756160        4.86
    756170        2.71
    756180        5.02
    756190        5.33
    756200        4.66
    756210        4.01
    756220         4.7
    756230        4.24
    756240         4.5
    756250        4.92
    756260        4.17
    756270        3.93
    756280        3.96
    756290        5.41
    756300        5.39
    756310        5.24
    756320        4.22
    756330         5.1
    756340        4.38
    756350        4.85
    756360        5.41
    756370        4.72
    756380        4.19
    756390        4.68
    756400        4.56
    756410        4.23
    756420        5.19
    756430        4.44
    756440        5.19
    756450        4.17
    756460         5.5
    756470         6.4
    756480        5.68
    756490        4.03
    756500        4.92
    756510        5.32
    756520        3.95
    756530        5.31
    756540        5.96
    756550        3.73
    756560        4.55
    756570        2.78
    756580        5.67
    756590        5.33
    756600        5.68
    756610        4.02
    756620        4.87
    756630        4.95
    756640        4.26
    756650        4.49
    756660        5.03
    756670        6.12
    756680        4.35
    756690        5.33
    756700        4.78
    756710        4.46
    756720        4.93
    756730        5.96
    756740           4
    756750        3.72
    756760        5.12
    756770         5.7
    756780         5.2
    756790        5.44
    756800           5
    756810        3.71
    756820        7.42
    756830        4.95
    756840        4.88
    756850        4.98
    756860         6.3
    756870           5
    756880        5.86
    756890        3.24
    756900        5.65
    756910        4.15
    756920        6.19
    756930        3.98
    756940        3.59
    756950        4.26
    756960        5.27
    756970        5.41
    756980        4.82
    756990        4.39
    757000         4.6
    757010        4.66
    757020        4.59
    757030        4.43
    757040         4.5
    757050        5.37
    757060        5.44
    757070        4.17
    757080        5.09
    757090        5.52
    757100        3.66
    757110        5.01
    757120        4.63
    757130        5.67
    757140        4.31
    757150        5.26
    757160         4.8
    757170        5.78
    757180        4.91
    757190        4.19
    757200        3.58
    757210        3.85
    757220         5.1
    757230        4.72
    757240        4.65
    757250        4.28
    757260         4.8
    757270         4.6
    757280        4.74
    757290        5.12
    757300        5.52
    757310        4.77
    757320        3.83
    757330        4.75
    757340        3.43
    757350        4.21
    757360         5.4
    757370        5.29
    757380        4.95
    757390        5.02
    757400        3.22
    757410        4.76
    757420        4.95
    757430        4.06
    757440        4.51
    757450        5.96
    757460        4.66
    757470        4.97
    757480        4.87
    757490        4.03
    757500        5.56
    757510         3.8
    757520        4.66
    757530        4.24
    757540        3.15
    757550        4.34
    757560        4.48
    757570        5.32
    757580        4.78
    757590        5.19
    757600        4.79
    757610        4.13
    757620        4.61
    757630        5.55
    757640         4.6
    757650        4.56
    757660        6.17
    757670        4.65
    757680        5.33
    757690        3.65
    757700        5.04
    757710        4.66
    757720         5.9
    757730        4.65
    757740        5.55
    757750        4.99
    757760        5.41
    757770        4.41
    757780        5.06
    757790        4.49
    757800        5.28
    757810        6.22
    757820           5
    757830        4.76
    757840         5.4
    757850        5.37
    757860        4.09
    757870        4.81
    757880        3.82
    757890        4.73
    757900        4.44
    757910        5.46
    757920        5.77
    757930        4.03
    757940        5.74
    757950        5.47
    757960        5.23
    757970        4.99
    757980        4.42
    757990        5.41
    758000        4.39
    758010        3.67
    758020        6.13
    758030        3.94
    758040        5.75
    758050        3.38
    758060        3.78
    758070        4.07
    758080        6.37
    758090        5.59
    758100        4.29
    758110        4.66
    758120        5.12
    758130        3.78
    758140        4.41
    758150        4.23
    758160        4.71
    758170        5.64
    758180        4.52
    758190        4.92
    758200        4.43
    758210        4.42
    758220        5.31
    758230        4.14
    758240         4.8
    758250         5.5
    758260        5.23
    758270        5.99
    758280        3.64
    758290        6.04
    758300        4.03
    758310        3.99
    758320        4.55
    758330        3.65
    758340        5.83
    758350        5.19
    758360        2.68
    758370         5.5
    758380        4.86
    758390        4.51
    758400        5.18
    758410        4.14
    758420        4.28
    758430         4.4
    758440        5.13
    758450        5.44
    758460        5.66
    758470        5.25
    758480        3.21
    758490        5.93
    758500        5.55
    758510        5.44
    758520        5.83
    758530        5.25
    758540        5.58
    758550        4.96
    758560        6.92
    758570        6.52
    758580        6.53
    758590        6.17
    758600        5.68
    758610        4.72
    758620        4.94
    758630        5.01
    758640        5.33
    758650        4.41
    758660        4.53
    758670        5.68
    758680        5.05
    758690        5.72
    758700        4.29
    758710        5.19
    758720        4.71
    758730        5.31
    758740        5.79
    758750        4.57
    758760        5.03
    758770        4.95
    758780        5.73
    758790        4.28
    758800        4.03
    758810        5.27
    758820        4.84
    758830        4.15
    758840        4.68
    758850        4.88
    758860        3.75
    758870        5.24
    758880        5.44
    758890        4.26
    758900        5.61
    758910        6.64
    758920        7.23
    758930        4.81
    758940        4.34
    758950           6
    758960        5.74
    758970         5.9
    758980        3.69
    758990        6.23
    759000        4.99
    759010        4.44
    759020        4.48
    759030        4.19
    759040        5.27
    759050        4.94
    759060        6.22
    759070        5.49
    759080        5.39
    759090        4.34
    759100        4.68
    759110        5.72
    759120        4.89
    759130        5.18
    759140         4.8
    759150         5.5
    759160        5.62
    759170        4.88
    759180        4.91
    759190        4.49
    759200        4.34
    759210         3.8
    759220        5.44
    759230        4.87
    759240        4.12
    759250        4.05
    759260        4.18
    759270        5.31
    759280        4.27
    759290        5.12
    759300        4.83
    759310        4.67
    759320        5.44
    759330        5.28
    759340        4.91
    759350        4.28
    759360        6.33
    759370        4.64
    759380        3.93
    759390        4.47
    759400        3.66
    759410        3.02
    759420         6.1
    759430        5.22
    759440        4.66
    759450        4.67
    759460        4.98
    759470        3.95
    759480        5.55
    759490        4.75
    759500        5.12
    759510        5.72
    759520        4.97
    759530        4.17
    759540        5.69
    759550        4.41
    759560        4.53
    759570        3.95
    759580        3.38
    759590        5.44
    759600        4.87
    759610        3.94
    759620        5.23
    759630        4.16
    759640        5.12
    759650        4.49
    759660        5.59
    759670        5.62
    759680        4.48
    759690        6.13
    759700        4.92
    759710        3.68
    759720        5.41
    759730        6.33
    759740        4.61
    759750        4.98
    759760        5.32
    759770        4.47
    759780        4.48
    759790        5.66
    759800        5.13
    759810        5.59
    759820        5.24
    759830        4.23
    759840        4.57
    759850        3.03
    759860        4.88
    759870        5.85
    759880        4.43
    759890        5.69
    759900        5.82
    759910        6.11
    759920        4.59
    759930        5.29
    759940        5.16
    759950        5.67
    759960        4.47
    759970        6.07
    759980        4.65
    759990        4.48
    760000        4.84
    760010        5.92
    760020         5.4
    760030        5.92
    760040        5.52
    760050         4.8
    760060        5.75
    760070        5.11
    760080        4.24
    760090        5.01
    760100        4.38
    760110        3.74
    760120        3.27
    760130         5.4
    760140        5.57
    760150        5.66
    760160        5.82
    760170        6.35
    760180         4.3
    760190        4.83
    760200        5.66
    760210        4.37
    760220        5.61
    760230        5.94
    760240        4.54
    760250        4.98
    760260        4.95
    760270         3.8
    760280        4.51
    760290        5.06
    760300        5.56
    760310        4.28
    760320        5.27
    760330        5.72
    760340        4.56
    760350        4.92
    760360        3.49
    760370        5.89
    760380        5.29
    760390        3.46
    760400        4.87
    760410        6.21
    760420        4.48
    760430        3.76
    760440        4.48
    760450        4.11
    760460        4.96
    760470        5.73
    760480        4.28
    760490        5.53
    760500        4.37
    760510        5.98
    760520        3.59
    760530        5.86
    760540         4.9
    760550        5.24
    760560        5.38
    760570        4.31
    760580        5.91
    760590        5.37
    760600        5.36
    760610        3.87
    760620        3.78
    760630        5.34
    760640        3.96
    760650        4.98
    760660        5.03
    760670        5.32
    760680        6.51
    760690         5.7
    760700        4.57
    760710        4.97
    760720        5.17
    760730        4.23
    760740        4.62
    760750        4.61
    760760        4.37
    760770        4.68
    760780        4.61
    760790        5.25
    760800         5.1
    760810        3.72
    760820        5.13
    760830        4.11
    760840        5.73
    760850        4.31
    760860        5.37
    760870        4.57
    760880        4.98
    760890         5.1
    760900        4.88
    760910        4.97
    760920        5.08
    760930        5.96
    760940        4.78
    760950        4.91
    760960         4.9
    760970        3.75
    760980        5.12
    760990        3.97
    761000        4.53
    761010        5.67
    761020        5.17
    761030        5.34
    761040         4.3
    761050        3.92
    761060        4.13
    761070        4.68
    761080        4.87
    761090        5.77
    761100         5.6
    761110        5.79
    761120        5.17
    761130        4.08
    761140           5
    761150        6.98
    761160        5.54
    761170        4.95
    761180        6.33
    761190        4.92
    761200        4.17
    761210           6
    761220        5.25
    761230        5.51
    761240        4.46
    761250        4.27
    761260        5.15
    761270        4.44
    761280        6.28
    761290         4.3
    761300        4.31
    761310        6.47
    761320           5
    761330        4.47
    761340        4.93
    761350        4.15
    761360        4.54
    761370        5.35
    761380         5.2
    761390        4.33
    761400         4.9
    761410        5.77
    761420         4.9
    761430         3.9
    761440        5.35
    761450        5.13
    761460        2.99
    761470        5.43
    761480        3.91
    761490        5.39
    761500        6.04
    761510        5.74
    761520        4.48
    761530        5.49
    761540         5.6
    761550        4.82
    761560        5.49
    761570        4.34
    761580         5.2
    761590        5.53
    761600        4.83
    761610        4.15
    761620        5.66
    761630        5.56
    761640        4.01
    761650        4.06
    761660        4.87
    761670        4.41
    761680        4.94
    761690        4.54
    761700        4.89
    761710        4.25
    761720        5.03
    761730         4.9
    761740        5.04
    761750         4.9
    761760        3.52
    761770         4.6
    761780        4.59
    761790        4.86
    761800        4.21
    761810        4.22
    761820        5.13
    761830         5.9
    761840        5.96
    761850        5.15
    761860        4.11
    761870        3.81
    761880        5.79
    761890        4.65
    761900        4.48
    761910        5.05
    761920        4.85
    761930         5.1
    761940         4.8
    761950        5.35
    761960        5.12
    761970        4.77
    761980        3.94
    761990        5.24
    762000        3.96
    762010        3.96
    762020           4
    762030        4.65
    762040           5
    762050         4.3
    762060        5.01
    762070        4.16
    762080        5.94
    762090        4.39
    762100        3.61
    762110        4.92
    762120        4.57
    762130        4.26
    762140        5.04
    762150        6.08
    762160        5.02
    762170        5.07
    762180        4.51
    762190        3.31
    762200        4.35
    762210        5.31
    762220        5.12
    762230        5.34
    762240        4.67
    762250        4.52
    762260        4.32
    762270        4.53
    762280        4.36
    762290        5.08
    762300        4.18
    762310        4.98
    762320        5.83
    762330        4.92
    762340        5.33
    762350        4.85
    762360        4.31
    762370        5.66
    762380        5.18
    762390        5.74
    762400        4.65
    762410        5.51
    762420         6.5
    762430        4.22
    762440         4.7
    762450         4.1
    762460        5.51
    762470        5.08
    762480        5.09
    762490        4.96
    762500        4.69
    762510        4.06
    762520        4.72
    762530        5.64
    762540        4.22
    762550        4.97
    762560         5.7
    762570         4.9
    762580        4.23
    762590        4.24
    762600        4.49
    762610        5.36
    762620        3.23
    762630        5.94
    762640        5.19
    762650        5.42
    762660        5.26
    762670        5.73
    762680        4.56
    762690        5.06
    762700           5
    762710         5.2
    762720        4.29
    762730        5.07
    762740        4.63
    762750        5.44
    762760        4.48
    762770        4.53
    762780         5.1
    762790        4.38
    762800        3.99
    762810        4.74
    762820        6.28
    762830        4.85
    762840        4.05
    762850        5.19
    762860        5.35
    762870         6.5
    762880        4.06
    762890        4.22
    762900        5.04
    762910         4.1
    762920        5.43
    762930        5.06
    762940         4.9
    762950        4.99
    762960        5.15
    762970        4.11
    762980        5.28
    762990        3.03
    763000        4.93
    763010        6.44
    763020        4.51
    763030        5.19
    763040        5.33
    763050        5.41
    763060        6.16
    763070        5.03
    763080         4.8
    763090        3.91
    763100        6.71
    763110        5.62
    763120        5.66
    763130        5.42
    763140        5.32
    763150        6.38
    763160        4.12
    763170        4.96
    763180        5.43
    763190        4.01
    763200         6.6
    763210        4.63
    763220        5.02
    763230         5.9
    763240        3.64
    763250        6.08
    763260        4.38
    763270        4.66
    763280        5.19
    763290        4.33
    763300         4.4
    763310        4.65
    763320        4.58
    763330        3.44
    763340        5.23
    763350        4.92
    763360        6.16
    763370        4.83
    763380        5.21
    763390        4.41
    763400        4.78
    763410        5.07
    763420        5.53
    763430        5.45
    763440        5.17
    763450        4.06
    763460        3.64
    763470        4.93
    763480        4.43
    763490        4.35
    763500        4.69
    763510        5.47
    763520        3.49
    763530        5.32
    763540         4.7
    763550        5.67
    763560        3.67
    763570         5.5
    763580        3.81
    763590         5.3
    763600         3.5
    763610        5.17
    763620        4.93
    763630        5.83
    763640        3.78
    763650        6.18
    763660        3.76
    763670        4.34
    763680         5.3
    763690        4.68
    763700         4.5
    763710        5.13
    763720           4
    763730        5.18
    763740        5.85
    763750        6.76
    763760        6.43
    763770        5.43
    763780         5.1
    763790        3.94
    763800         5.9
    763810        4.76
    763820        5.59
    763830        4.37
    763840        5.77
    763850        4.26
    763860        5.13
    763870         7.1
    763880        5.14
    763890        5.58
    763900        3.88
    763910         5.2
    763920        5.32
    763930        4.44
    763940        5.16
    763950        5.14
    763960        7.17
    763970         5.4
    763980        5.06
    763990        4.55
    764000        4.94
    764010        4.37
    764020        4.58
    764030        3.87
    764040        4.97
    764050        6.16
    764060        5.56
    764070         4.4
    764080        5.92
    764090        5.81
    764100        5.79
    764110        5.15
    764120        5.25
    764130        4.48
    764140         4.7
    764150        5.51
    764160        4.86
    764170        5.07
    764180        4.56
    764190         5.1
    764200        4.92
    764210        4.48
    764220        3.79
    764230         5.2
    764240        4.14
    764250        5.79
    764260        3.06
    764270        4.76
    764280        5.22
    764290        4.77
    764300        3.99
    764310        4.28
    764320        3.22
    764330        3.19
    764340        4.71
    764350        4.63
    764360        4.54
    764370        4.07
    764380        3.27
    764390        4.51
    764400         3.9
    764410        4.95
    764420        5.59
    764430        5.07
    764440        5.16
    764450        5.11
    764460        3.33
    764470        4.91
    764480        4.65
    764490        4.21
    764500        4.95
    764510        5.99
    764520        5.61
    764530        4.91
    764540        6.06
    764550        6.53
    764560        3.47
    764570        4.48
    764580        3.74
    764590        4.39
    764600        5.43
    764610        5.02
    764620        5.97
    764630        4.38
    764640        4.26
    764650        4.03
    764660        5.27
    764670        4.76
    764680        5.67
    764690        4.98
    764700         4.7
    764710        5.04
    764720         4.3
    764730        5.03
    764740        6.03
    764750        4.83
    764760        4.59
    764770        6.32
    764780        4.64
    764790        6.16
    764800        4.22
    764810        5.28
    764820        4.95
    764830        4.34
    764840        5.77
    764850        3.84
    764860        3.69
    764870        4.45
    764880        3.92
    764890        5.08
    764900        4.73
    764910        5.08
    764920         4.1
    764930        4.88
    764940        4.75
    764950        4.64
    764960        5.59
    764970        4.15
    764980        4.76
    764990        4.73
    765000        4.45
    765010        4.46
    765020         4.7
    765030           4
    765040        5.94
    765050           4
    765060        5.46
    765070        4.69
    765080        4.28
    765090        3.76
    765100        4.21
    765110        4.47
    765120        4.53
    765130        4.33
    765140        4.54
    765150        6.22
    765160        6.41
    765170        5.91
    765180           5
    765190        4.24
    765200        6.09
    765210        5.76
    765220         5.1
    765230        4.81
    765240        3.13
    765250        3.97
    765260        3.96
    765270        5.16
    765280        4.51
    765290        2.98
    765300        4.92
    765310        4.56
    765320        4.19
    765330        4.18
    765340        5.68
    765350        5.41
    765360        3.95
    765370        5.37
    765380        4.79
    765390        3.22
    765400        6.64
    765410        5.26
    765420        5.04
    765430        5.65
    765440        3.37
    765450        4.48
    765460        5.04
    765470        5.24
    765480        4.78
    765490        4.73
    765500        3.46
    765510        5.29
    765520        4.88
    765530        6.06
    765540         4.2
    765550        5.47
    765560        4.37
    765570        4.59
    765580        5.35
    765590        5.27
    765600        4.08
    765610        5.26
    765620        5.24
    765630        5.18
    765640        5.64
    765650        4.72
    765660        4.47
    765670        5.08
    765680        4.96
    765690        6.04
    765700        4.56
    765710        5.75
    765720        4.52
    765730        5.83
    765740        5.09
    765750        5.27
    765760        5.42
    765770        4.49
    765780        3.32
    765790         5.8
    765800        4.29
    765810        5.77
    765820        6.66
    765830        3.99
    765840        5.86
    765850        4.78
    765860        4.67
    765870         4.7
    765880        4.81
    765890        6.54
    765900        5.12
    765910        5.88
    765920        5.65
    765930         5.4
    765940        6.04
    765950        4.19
    765960        3.51
    765970        6.94
    765980        6.04
    765990        4.97
    766000        6.15
    766010        4.69
    766020        4.97
    766030        5.15
    766040        5.23
    766050        4.64
    766060         5.2
    766070        4.11
    766080        5.27
    766090        5.51
    766100        4.78
    766110        4.64
    766120        5.95
    766130        4.75
    766140         4.7
    766150        5.83
    766160        5.08
    766170        4.29
    766180        5.11
    766190        5.11
    766200        5.66
    766210         4.9
    766220        5.42
    766230        4.83
    766240        4.68
    766250        5.54
    766260        6.01
    766270        5.83
    766280        5.73
    766290        4.37
    766300        5.63
    766310        4.57
    766320        4.88
    766330        5.37
    766340         4.7
    766350        4.15
    766360        5.84
    766370        4.84
    766380        4.93
    766390         5.2
    766400        4.82
    766410        4.73
    766420        3.71
    766430         4.4
    766440        5.73
    766450        4.31
    766460        6.06
    766470        4.74
    766480        5.06
    766490        5.63
    766500        4.82
    766510        4.06
    766520        5.21
    766530        6.72
    766540        4.93
    766550        3.87
    766560        3.49
    766570        5.31
    766580        4.72
    766590        6.16
    766600         6.2
    766610        5.04
    766620        5.22
    766630        4.96
    766640        6.22
    766650         5.6
    766660        4.22
    766670        5.39
    766680        6.59
    766690        4.39
    766700        5.81
    766710         5.3
    766720        4.95
    766730        4.43
    766740        6.35
    766750        4.41
    766760        5.92
    766770        5.35
    766780        5.37
    766790        5.19
    766800        4.37
    766810        5.47
    766820        5.19
    766830        5.51
    766840        5.41
    766850        4.42
    766860        5.12
    766870        4.44
    766880        3.58
    766890        6.11
    766900        4.48
    766910        4.59
    766920        5.47
    766930        5.87
    766940        5.24
    766950        5.06
    766960         5.6
    766970        3.69
    766980         4.1
    766990        3.43
    767000        4.77
    767010           5
    767020        5.29
    767030        5.19
    767040        4.48
    767050         4.4
    767060        5.33
    767070        4.88
    767080        5.23
    767090        3.07
    767100        6.95
    767110        4.66
    767120        4.87
    767130        3.77
    767140        4.53
    767150         5.6
    767160        3.75
    767170        5.35
    767180        5.68
    767190         4.9
    767200        4.79
    767210        5.19
    767220        4.82
    767230        4.11
    767240        4.94
    767250        3.72
    767260        5.16
    767270        3.99
    767280        4.14
    767290        5.53
    767300        4.39
    767310        4.19
    767320        4.51
    767330        5.29
    767340        4.63
    767350        4.87
    767360        5.45
    767370        4.19
    767380        4.95
    767390        5.89
    767400        4.47
    767410        4.28
    767420        3.73
    767430        4.56
    767440        4.35
    767450        3.94
    767460        5.36
    767470        4.35
    767480         4.5
    767490        5.53
    767500        5.68
    767510        3.15
    767520        3.18
    767530        2.41
    767540        4.31
    767550        4.86
    767560        5.24
    767570        4.17
    767580        4.47
    767590        4.91
    767600         4.4
    767610        4.05
    767620        4.93
    767630        4.99
    767640        2.83
    767650        4.96
    767660        3.93
    767670        5.12
    767680        4.83
    767690        4.34
    767700        5.47
    767710        4.83
    767720        5.19
    767730        5.02
    767740        4.99
    767750        4.21
    767760         6.3
    767770        4.76
    767780        3.99
    767790           5
    767800        4.95
    767810         4.2
    767820        5.14
    767830        5.39
    767840        6.21
    767850        3.18
    767860         4.1
    767870        4.16
    767880        5.24
    767890        5.11
    767900        4.71
    767910        4.69
    767920        5.06
    767930        3.75
    767940        4.69
    767950        4.89
    767960        4.96
    767970        4.52
    767980        4.66
    767990        5.64
    768000        5.58
    768010        4.35
    768020        4.96
    768030        5.45
    768040        5.54
    768050        5.72
    768060        5.66
    768070        5.01
    768080        4.91
    768090        5.12
    768100        5.22
    768110        5.69
    768120        5.59
    768130        3.46
    768140        5.16
    768150        5.08
    768160        5.28
    768170        4.72
    768180        4.27
    768190        5.07
    768200        5.91
    768210        4.48
    768220        5.08
    768230        4.56
    768240        5.68
    768250        5.14
    768260        5.72
    768270        5.74
    768280        5.38
    768290        4.25
    768300        5.87
    768310        4.46
    768320        4.85
    768330        5.03
    768340        3.46
    768350        5.35
    768360        4.09
    768370        5.13
    768380        3.52
    768390        4.52
    768400        3.81
    768410        4.38
    768420        5.47
    768430        6.21
    768440        5.15
    768450        5.36
    768460        5.32
    768470         4.7
    768480         4.9
    768490        3.48
    768500        5.04
    768510        5.32
    768520        5.55
    768530        4.99
    768540        5.72
    768550        4.93
    768560        5.85
    768570        5.78
    768580        5.34
    768590        5.15
    768600        4.03
    768610        4.43
    768620        4.64
    768630        4.74
    768640        4.93
    768650        4.62
    768660        5.01
    768670        5.26
    768680         4.1
    768690        5.33
    768700        4.99
    768710        4.44
    768720        4.54
    768730        5.25
    768740         4.8
    768750        5.49
    768760        5.79
    768770        5.06
    768780        3.91
    768790        4.85
    768800        4.86
    768810        5.33
    768820        4.69
    768830        5.48
    768840         5.4
    768850        4.73
    768860        4.73
    768870        5.49
    768880        5.27
    768890         4.5
    768900        4.51
    768910        5.04
    768920        6.28
    768930        4.63
    768940        5.49
    768950        5.86
    768960        4.48
    768970        4.37
    768980        4.66
    768990        6.62
    769000        5.82
    769010        3.75
    769020        5.94
    769030        4.54
    769040         4.3
    769050        5.64
    769060        5.27
    769070        4.94
    769080        4.72
    769090        4.01
    769100        4.16
    769110         4.4
    769120         5.5
    769130        5.02
    769140        5.45
    769150        4.03
    769160        3.75
    769170        4.94
    769180        4.38
    769190        3.89
    769200        3.95
    769210        5.83
    769220        4.73
    769230        4.36
    769240        4.66
    769250        4.97
    769260        4.32
    769270        4.26
    769280         5.1
    769290        4.36
    769300        5.74
    769310        5.43
    769320        3.79
    769330        4.92
    769340        4.29
    769350        5.37
    769360        4.21
    769370        4.12
    769380        4.59
    769390        4.91
    769400        4.85
    769410        4.13
    769420        3.77
    769430         4.5
    769440        4.24
    769450        4.48
    769460        5.79
    769470        5.66
    769480        6.14
    769490        4.86
    769500        4.57
    769510         4.8
    769520        5.16
    769530        5.62
    769540        4.91
    769550        5.08
    769560        6.13
    769570         4.2
    769580        4.92
    769590        4.22
    769600        4.85
    769610        3.56
    769620        4.04
    769630        4.59
    769640        4.94
    769650        4.82
    769660        5.09
    769670        3.91
    769680        3.79
    769690        5.56
    769700        5.14
    769710        4.54
    769720        4.65
    769730         4.4
    769740        3.72
    769750        6.75
    769760        3.82
    769770        4.66
    769780        4.61
    769790        6.58
    769800        4.99
    769810        3.31
    769820        5.09
    769830        5.38
    769840        4.03
    769850        5.82
    769860        4.05
    769870        4.86
    769880        5.69
    769890        3.68
    769900         4.7
    769910        4.91
    769920        4.27
    769930        5.18
    769940        4.66
    769950         4.9
    769960        4.48
    769970        4.23
    769980        3.97
    769990        6.09
    770000        3.89
    770010        4.89
    770020        5.48
    770030        4.31
    770040        3.86
    770050        4.03
    770060        4.97
    770070        4.45
    770080        4.55
    770090        4.24
    770100        4.44
    770110        4.18
    770120        5.42
    770130        4.99
    770140        4.09
    770150        4.56
    770160        5.21
    770170        4.32
    770180         4.5
    770190        4.79
    770200        4.92
    770210        5.02
    770220        4.13
    770230        4.59
    770240         6.6
    770250        5.29
    770260        3.92
    770270        4.16
    770280        4.38
    770290         4.5
    770300         4.5
    770310        4.64
    770320        5.17
    770330        5.23
    770340        5.35
    770350        5.02
    770360         3.7
    770370        5.19
    770380        4.43
    770390        4.26
    770400        4.54
    770410        5.57
    770420        4.13
    770430        4.22
    770440        4.66
    770450        4.62
    770460         4.7
    770470        4.71
    770480        4.79
    770490        4.31
    770500         4.8
    770510        5.15
    770520        4.81
    770530        5.25
    770540        5.01
    770550        5.23
    770560        5.19
    770570        5.12
    770580        4.78
    770590        4.68
    770600        4.16
    770610        5.31
    770620        3.54
    770630        4.08
    770640        4.09
    770650        4.97
    770660        4.96
    770670        4.84
    770680        5.37
    770690        4.91
    770700        5.98
    770710        5.76
    770720        2.92
    770730        4.98
    770740        4.47
    770750        5.03
    770760         4.9
    770770        5.31
    770780        5.82
    770790        6.16
    770800        4.79
    770810        4.22
    770820        4.87
    770830        5.16
    770840        4.85
    770850        3.29
    770860        5.22
    770870        3.72
    770880         5.5
    770890        3.99
    770900        5.54
    770910         4.9
    770920        3.37
    770930        4.59
    770940        4.89
    770950        4.62
    770960         4.1
    770970        5.42
    770980        5.34
    770990        3.59
    771000        4.62
    771010        4.97
    771020        3.79
    771030         4.5
    771040        5.61
    771050        4.57
    771060        5.09
    771070         6.2
    771080        4.85
    771090        3.81
    771100         5.3
    771110        4.19
    771120        4.71
    771130        4.42
    771140        3.43
    771150        4.97
    771160        5.63
    771170        4.21
    771180        4.81
    771190        4.58
    771200        4.33
    771210        5.11
    771220        4.93
    771230        4.55
    771240        4.08
    771250        4.49
    771260        5.44
    771270        5.46
    771280        5.56
    771290        5.24
    771300        4.49
    771310        3.93
    771320        4.88
    771330        4.47
    771340        5.39
    771350        4.79
    771360        5.41
    771370        6.39
    771380        4.91
    771390         4.8
    771400        5.45
    771410        5.21
    771420        5.52
    771430         4.5
    771440        4.61
    771450        6.73
    771460        5.09
    771470        4.12
    771480        4.12
    771490        4.24
    771500        5.08
    771510        4.67
    771520        3.93
    771530        4.84
    771540        6.28
    771550        5.26
    771560        4.66
    771570        5.57
    771580        4.11
    771590        5.76
    771600        5.24
    771610        5.09
    771620        4.88
    771630        4.19
    771640        4.71
    771650        6.97
    771660        5.19
    771670        5.77
    771680        4.88
    771690        3.56
    771700        5.58
    771710        4.66
    771720        5.85
    771730        5.03
    771740        5.54
    771750        5.63
    771760        6.23
    771770        4.43
    771780        5.22
    771790        6.04
    771800        4.52
    771810         4.5
    771820         5.8
    771830        4.29
    771840        4.24
    771850        6.23
    771860        5.23
    771870         5.1
    771880         5.7
    771890        5.61
    771900        4.06
    771910        5.44
    771920        4.67
    771930        5.68
    771940        5.31
    771950        5.58
    771960        4.48
    771970        5.23
    771980        6.32
    771990        4.12
    772000        4.76
    772010        4.76
    772020        5.29
    772030        6.14
    772040        5.54
    772050        5.24
    772060        6.15
    772070        5.22
    772080        6.05
    772090        5.68
    772100        4.85
    772110        6.19
    772120        4.87
    772130        5.06
    772140        4.81
    772150        5.16
    772160        6.76
    772170        6.42
    772180        4.99
    772190        5.86
    772200        4.74
    772210        5.13
    772220        4.94
    772230         5.3
    772240        5.57
    772250        5.42
    772260        5.57
    772270        4.05
    772280        6.08
    772290        6.16
    772300        5.35
    772310         3.8
    772320         5.8
    772330        5.46
    772340        5.77
    772350        4.98
    772360           5
    772370        4.59
    772380        5.51
    772390        5.06
    772400        4.49
    772410        5.63
    772420        5.12
    772430        4.74
    772440        5.27
    772450        5.15
    772460        4.45
    772470        5.08
    772480        4.99
    772490        4.67
    772500        4.69
    772510        4.88
    772520        4.66
    772530        4.22
    772540        4.76
    772550        5.08
    772560        3.37
    772570        4.62
    772580        5.89
    772590        4.61
    772600         5.8
    772610        5.37
    772620        4.47
    772630         3.5
    772640        4.19
    772650        4.77
    772660        5.46
    772670        4.81
    772680        5.53
    772690        4.58
    772700        5.63
    772710         4.7
    772720        5.19
    772730        4.51
    772740        4.93
    772750        4.34
    772760        3.71
    772770        5.31
    772780        4.83
    772790        3.55
    772800        4.38
    772810        6.64
    772820        4.47
    772830        4.57
    772840         3.9
    772850           4
    772860        3.83
    772870        6.45
    772880        4.81
    772890        5.01
    772900        4.53
    772910        5.71
    772920        5.07
    772930        4.37
    772940        4.93
    772950        4.77
    772960        4.81
    772970        4.74
    772980        5.27
    772990        3.67
    773000         4.4
    773010        3.93
    773020        4.44
    773030        4.54
    773040        4.65
    773050        4.55
    773060        5.16
    773070         5.1
    773080        5.38
    773090        5.92
    773100         5.3
    773110        5.53
    773120        5.26
    773130        5.26
    773140        5.87
    773150        5.55
    773160        3.62
    773170        5.82
    773180        5.99
    773190        4.72
    773200        4.72
    773210        5.23
    773220        5.63
    773230        6.05
    773240        5.98
    773250         6.2
    773260        5.99
    773270         4.2
    773280        3.85
    773290        5.25
    773300        4.84
    773310        5.86
    773320        5.79
    773330        3.98
    773340        4.82
    773350        4.06
    773360        5.65
    773370        4.33
    773380        5.16
    773390        5.02
    773400        5.67
    773410        4.65
    773420        4.96
    773430        4.66
    773440         4.5
    773450           5
    773460        4.83
    773470        5.38
    773480        5.14
    773490        4.47
    773500        5.32
    773510        6.06
    773520        5.42
    773530        5.55
    773540        5.55
    773550        5.39
    773560         5.3
    773570        5.25
    773580        6.19
    773590        3.46
    773600        4.43
    773610         5.6
    773620        4.44
    773630        4.89
    773640        5.81
    773650        5.07
    773660        6.15
    773670        5.75
    773680        5.09
    773690        5.74
    773700        5.48
    773710        4.48
    773720        6.49
    773730        5.01
    773740        4.93
    773750        4.35
    773760        4.27
    773770        5.68
    773780        5.48
    773790        5.52
    773800        5.78
    773810        4.69
    773820           5
    773830        4.11
    773840        5.36
    773850        5.97
    773860        5.64
    773870        5.59
    773880        4.98
    773890        4.73
    773900        4.97
    773910        3.65
    773920        4.89
    773930        5.56
    773940        4.78
    773950        5.42
    773960        4.66
    773970        5.47
    773980        5.53
    773990        4.96
    774000        5.15
    774010        5.47
    774020        5.41
    774030        4.11
    774040        4.51
    774050        3.72
    774060        4.79
    774070        4.41
    774080        5.94
    774090        3.86
    774100        6.39
    774110        4.54
    774120        5.26
    774130         4.8
    774140        5.32
    774150        6.11
    774160        6.69
    774170        6.45
    774180        4.94
    774190        4.24
    774200        4.68
    774210        4.19
    774220        4.82
    774230        6.12
    774240        4.01
    774250        5.66
    774260        5.14
    774270        4.65
    774280        5.35
    774290           5
    774300        6.42
    774310        5.13
    774320        5.48
    774330        5.22
    774340        6.64
    774350        5.13
    774360        4.99
    774370        4.12
    774380           5
    774390         4.4
    774400        5.43
    774410        6.05
    774420        4.98
    774430        5.47
    774440        4.22
    774450        5.29
    774460        4.63
    774470        5.04
    774480        3.48
    774490        3.87
    774500        4.66
    774510         5.2
    774520        5.21
    774530        4.19
    774540        5.37
    774550        4.42
    774560        5.12
    774570        4.84
    774580        4.05
    774590        5.18
    774600        5.58
    774610        4.67
    774620        4.71
    774630        6.23
    774640        5.19
    774650        5.48
    774660        5.25
    774670        5.87
    774680        4.39
    774690        4.88
    774700        3.81
    774710        5.25
    774720        3.64
    774730        4.12
    774740        4.81
    774750        6.01
    774760        4.41
    774770        3.72
    774780        4.76
    774790        5.59
    774800        5.24
    774810         4.3
    774820        5.27
    774830        4.31
    774840        4.19
    774850        4.84
    774860         5.5
    774870        6.14
    774880        4.79
    774890        5.94
    774900        5.32
    774910        5.29
    774920        6.01
    774930        5.86
    774940        4.33
    774950        4.56
    774960        4.63
    774970        3.18
    774980        5.99
    774990        5.69
    775000        5.82
    775010         5.4
    775020        4.32
    775030        5.21
    775040        5.04
    775050        5.64
    775060        4.39
    775070        4.23
    775080        4.89
    775090        4.94
    775100        5.52
    775110        5.06
    775120        4.54
    775130         4.7
    775140         3.8
    775150        4.37
    775160         4.7
    775170         4.8
    775180        5.17
    775190        5.83
    775200         5.2
    775210        5.48
    775220        5.17
    775230        4.51
    775240         4.8
    775250        4.72
    775260        4.57
    775270        6.62
    775280        5.91
    775290        5.21
    775300        4.65
    775310        3.66
    775320           5
    775330        4.53
    775340        4.31
    775350        5.22
    775360        4.46
    775370         4.7
    775380        4.56
    775390        6.56
    775400         4.7
    775410         5.5
    775420        4.32
    775430        4.82
    775440        6.31
    775450        4.26
    775460        4.64
    775470        4.42
    775480        4.44
    775490        6.03
    775500        4.63
    775510        5.68
    775520        4.41
    775530        5.19
    775540        6.04
    775550        4.61
    775560        4.97
    775570        5.13
    775580        4.32
    775590        4.74
    775600        4.46
    775610        4.74
    775620        4.84
    775630        5.88
    775640        4.55
    775650        4.17
    775660        5.05
    775670        3.99
    775680        5.54
    775690        5.87
    775700        6.24
    775710        4.76
    775720        4.67
    775730        4.99
    775740        4.39
    775750        4.14
    775760        5.66
    775770         5.4
    775780        5.41
    775790        5.06
    775800        3.99
    775810        5.76
    775820        4.35
    775830        3.79
    775840         5.8
    775850         4.9
    775860        5.41
    775870         4.7
    775880        4.12
    775890        3.71
    775900        2.98
    775910        4.29
    775920        4.99
    775930        4.41
    775940        4.44
    775950        2.99
    775960        5.07
    775970        4.01
    775980        5.03
    775990        5.45
    776000        5.19
    776010         4.1
    776020        4.41
    776030        5.19
    776040        4.57
    776050        6.26
    776060        4.54
    776070        5.66
    776080           4
    776090        4.75
    776100        4.36
    776110        5.59
    776120        4.28
    776130        4.63
    776140        5.03
    776150        5.32
    776160        5.71
    776170        4.94
    776180        4.33
    776190        5.46
    776200        4.72
    776210        5.72
    776220        4.85
    776230        5.12
    776240        4.29
    776250        5.25
    776260        5.44
    776270        5.73
    776280        5.79
    776290         4.5
    776300         4.6
    776310        5.41
    776320         5.4
    776330        4.81
    776340        5.38
    776350           6
    776360        6.44
    776370        4.83
    776380        4.42
    776390        4.97
    776400        6.49
    776410         4.7
    776420         4.4
    776430        5.13
    776440         4.2
    776450        5.58
    776460        4.09
    776470        5.58
    776480        5.68
    776490        5.42
    776500        5.44
    776510        3.95
    776520        4.45
    776530        4.74
    776540        4.47
    776550        4.11
    776560        5.24
    776570        5.64
    776580        4.01
    776590         3.9
    776600        5.11
    776610        5.87
    776620        5.05
    776630         4.7
    776640        4.31
    776650        3.75
    776660        5.01
    776670        5.62
    776680        3.83
    776690        4.85
    776700        5.05
    776710        4.97
    776720        4.83
    776730         4.3
    776740        3.55
    776750        5.18
    776760        4.75
    776770        5.67
    776780        4.96
    776790        4.88
    776800        4.68
    776810        3.89
    776820        4.68
    776830        4.15
    776840        5.26
    776850         4.4
    776860        4.62
    776870        4.87
    776880        4.05
    776890         4.2
    776900        5.09
    776910        4.61
    776920        4.19
    776930        4.88
    776940        5.13
    776950        4.19
    776960        5.03
    776970        6.59
    776980         5.9
    776990        4.36
    777000        4.81
    777010        4.86
    777020        4.93
    777030        5.16
    777040         5.3
    777050        4.84
    777060        5.24
    777070        4.71
    777080        5.38
    777090        3.66
    777100        5.36
    777110        4.07
    777120        4.77
    777130        4.42
    777140        5.29
    777150        5.99
    777160        4.59
    777170        4.47
    777180        5.98
    777190        5.66
    777200        5.09
    777210        4.44
    777220        6.42
    777230        3.66
    777240        5.71
    777250        4.55
    777260        4.75
    777270        5.43
    777280        6.01
    777290        5.82
    777300        5.12
    777310         5.3
    777320        5.13
    777330        5.71
    777340        5.77
    777350        5.73
    777360        5.78
    777370        5.22
    777380        4.72
    777390        6.43
    777400        5.06
    777410        4.63
    777420        5.13
    777430        5.88
    777440        4.53
    777450        5.61
    777460        5.76
    777470        5.67
    777480        6.12
    777490        4.53
    777500        4.22
    777510         4.6
    777520        4.57
    777530        5.52
    777540        5.84
    777550         5.3
    777560        5.05
    777570        5.31
    777580         5.2
    777590        4.81
    777600        4.54
    777610        5.24
    777620        3.76
    777630        5.32
    777640         4.8
    777650         5.7
    777660        5.41
    777670        3.75
    777680        4.33
    777690        6.04
    777700           4
    777710        4.52
    777720         4.9
    777730        4.08
    777740        4.67
    777750        5.34
    777760        5.22
    777770        4.89
    777780        5.05
    777790        4.47
    777800        4.36
    777810        4.79
    777820        5.32
    777830        5.49
    777840        3.91
    777850         5.7
    777860         4.8
    777870        4.05
    777880        5.81
    777890        5.22
    777900        4.86
    777910        5.16
    777920        5.21
    777930        4.71
    777940        4.84
    777950        4.39
    777960        5.34
    777970        3.88
    777980        4.39
    777990        4.44
    778000        4.81
    778010        4.74
    778020        3.99
    778030        6.21
    778040        4.53
    778050        3.71
    778060        4.34
    778070        4.56
    778080        5.42
    778090        6.01
    778100        4.47
    778110        5.06
    778120        4.49
    778130        5.16
    778140        4.78
    778150        4.09
    778160        4.56
    778170        3.73
    778180        3.95
    778190        3.81
    778200        4.82
    778210         4.2
    778220        4.36
    778230         4.5
    778240        4.46
    778250         6.1
    778260         5.7
    778270        4.54
    778280        5.13
    778290        4.14
    778300        5.55
    778310        4.22
    778320        5.18
    778330        5.01
    778340         5.4
    778350        4.37
    778360        5.01
    778370        3.66
    778380        5.19
    778390        5.53
    778400        5.52
    778410         4.8
    778420        4.85
    778430        4.72
    778440        4.71
    778450        4.39
    778460        5.31
    778470        4.99
    778480        4.11
    778490        4.57
    778500        4.29
    778510         4.8
    778520        4.06
    778530        5.47
    778540        4.45
    778550        4.72
    778560        3.84
    778570        3.11
    778580        5.56
    778590        4.41
    778600        4.42
    778610        5.34
    778620        4.13
    778630        4.85
    778640        4.14
    778650        3.88
    778660        5.77
    778670        4.33
    778680        4.94
    778690        3.87
    778700        4.99
    778710        4.72
    778720        3.51
    778730        5.07
    778740        4.91
    778750        4.74
    778760        4.97
    778770        5.38
    778780        5.21
    778790        4.93
    778800        6.06
    778810        3.86
    778820         4.7
    778830        4.69
    778840        3.36
    778850        4.86
    778860        4.69
    778870        6.38
    778880        5.26
    778890         4.1
    778900        3.84
    778910        5.09
    778920        4.39
    778930        4.61
    778940        4.43
    778950        4.17
    778960        3.82
    778970        3.41
    778980         3.6
    778990        4.17
    779000        4.47
    779010        3.58
    779020        4.61
    779030        5.35
    779040        5.14
    779050        4.18
    779060        4.33
    779070        4.54
    779080        4.91
    779090        4.26
    779100         4.8
    779110         3.9
    779120         3.6
    779130        4.61
    779140        3.77
    779150        4.35
    779160        4.91
    779170        5.08
    779180        4.68
    779190        5.41
    779200        3.96
    779210        4.76
    779220        3.95
    779230        5.48
    779240        4.47
    779250        5.59
    779260        4.02
    779270        4.26
    779280        4.49
    779290        4.98
    779300        4.49
    779310         5.1
    779320        5.65
    779330        4.34
    779340        4.56
    779350        4.92
    779360        5.46
    779370        6.73
    779380        3.75
    779390        4.52
    779400        4.48
    779410        5.76
    779420        5.54
    779430        5.34
    779440        5.07
    779450        5.23
    779460         4.1
    779470        5.54
    779480        5.06
    779490        4.64
    779500        4.53
    779510        4.33
    779520        5.22
    779530        4.69
    779540        5.46
    779550        5.12
    779560        4.41
    779570        3.38
    779580        5.97
    779590        3.46
    779600        5.01
    779610        5.53
    779620        4.43
    779630        5.89
    779640        4.81
    779650        4.64
    779660        4.27
    779670        4.95
    779680         4.2
    779690        5.89
    779700        4.67
    779710        4.08
    779720        4.22
    779730        4.41
    779740        4.04
    779750         3.4
    779760        4.72
    779770        4.02
    779780        4.04
    779790        3.68
    779800        4.66
    779810        5.84
    779820        5.53
    779830        4.22
    779840        4.56
    779850        4.61
    779860        5.79
    779870        3.93
    779880        3.77
    779890        4.09
    779900        5.04
    779910        5.42
    779920        5.58
    779930           5
    779940         4.6
    779950        4.79
    779960        4.43
    779970        4.28
    779980        4.51
    779990        4.04
    780000        5.86
    780010        3.95
    780020        4.41
    780030        4.81
    780040        4.66
    780050        3.63
    780060        4.03
    780070        4.37
    780080         4.3
    780090        5.41
    780100         5.5
    780110        4.33
    780120           4
    780130        4.55
    780140        4.07
    780150        3.31
    780160        3.62
    780170        4.38
    780180        4.19
    780190         6.4
    780200        3.82
    780210        4.53
    780220        5.79
    780230        3.47
    780240        4.76
    780250        5.11
    780260        5.74
    780270        5.21
    780280        3.23
    780290        5.31
    780300        5.21
    780310        5.75
    780320        4.87
    780330        4.14
    780340        5.95
    780350        4.66
    780360        4.53
    780370        6.91
    780380        5.09
    780390        4.31
    780400        4.55
    780410        4.43
    780420         5.5
    780430        4.04
    780440        4.19
    780450        3.79
    780460        4.72
    780470         3.9
    780480        5.16
    780490        4.57
    780500        3.61
    780510         5.3
    780520        5.18
    780530        4.94
    780540         4.1
    780550        5.37
    780560        3.67
    780570        5.17
    780580        5.46
    780590        4.85
    780600         5.3
    780610        4.98
    780620         3.9
    780630        4.34
    780640        4.02
    780650        4.71
    780660        3.22
    780670        4.64
    780680        5.62
    780690        3.87
    780700        4.31
    780710         5.2
    780720        5.19
    780730        4.59
    780740        3.54
    780750         5.2
    780760         5.1
    780770        4.34
    780780        4.79
    780790        5.07
    780800        5.79
    780810        4.75
    780820        4.57
    780830        3.19
    780840        4.55
    780850        4.42
    780860        4.93
    780870        5.23
    780880        4.43
    780890        5.54
    780900        4.31
    780910        4.56
    780920         5.1
    780930        4.97
    780940        5.32
    780950         4.6
    780960        6.43
    780970        4.23
    780980        5.23
    780990        3.61
    781000        4.22
    781010        4.15
    781020        5.22
    781030        5.55
    781040        4.93
    781050        5.37
    781060        5.13
    781070        4.75
    781080        3.99
    781090        4.87
    781100        4.78
    781110        5.41
    781120        4.19
    781130        4.69
    781140        4.73
    781150        3.73
    781160        4.52
    781170        4.36
    781180         5.4
    781190        4.72
    781200        5.12
    781210        4.76
    781220        4.89
    781230        3.39
    781240           6
    781250         4.4
    781260        4.47
    781270        4.95
    781280        3.48
    781290        3.28
    781300        4.37
    781310        3.95
    781320        3.98
    781330        4.29
    781340        4.68
    781350           4
    781360        4.28
    781370        3.25
    781380        5.07
    781390        5.01
    781400        6.53
    781410           7
    781420        4.66
    781430        4.84
    781440        3.89
    781450        5.12
    781460        3.41
    781470        3.46
    781480        5.19
    781490        5.77
    781500        6.01
    781510        3.38
    781520        5.75
    781530        4.88
    781540        4.86
    781550        5.76
    781560        4.25
    781570        5.72
    781580        4.39
    781590        4.31
    781600        5.11
    781610        4.31
    781620        4.51
    781630        4.89
    781640        3.35
    781650         4.9
    781660        4.98
    781670        5.28
    781680        5.24
    781690        5.31
    781700        4.97
    781710        5.03
    781720        4.98
    781730         4.9
    781740        4.12
    781750        5.54
    781760        3.11
    781770        5.63
    781780        4.69
    781790        4.51
    781800        4.06
    781810        3.88
    781820         5.3
    781830         4.4
    781840        4.31
    781850        5.04
    781860        4.19
    781870        5.16
    781880        4.31
    781890        4.06
    781900        5.46
    781910        4.94
    781920        5.11
    781930        3.16
    781940        3.61
    781950        5.63
    781960        4.61
    781970        4.04
    781980         5.3
    781990        5.49
    782000        4.91
    782010        4.57
    782020        3.48
    782030        4.32
    782040        5.43
    782050        5.26
    782060        3.99
    782070        4.91
    782080        5.01
    782090        5.18
    782100        5.29
    782110        3.88
    782120        4.49
    782130        4.74
    782140        4.43
    782150        5.11
    782160        4.57
    782170        4.82
    782180        3.68
    782190        4.67
    782200        5.98
    782210        4.23
    782220        4.91
    782230        5.33
    782240        3.47
    782250        5.07
    782260        5.35
    782270        5.74
    782280        5.68
    782290        3.01
    782300        5.04
    782310        5.06
    782320        5.96
    782330        3.49
    782340        5.48
    782350         7.1
    782360        4.83
    782370        4.12
    782380         6.1
    782390        5.62
    782400        4.04
    782410        6.08
    782420        3.88
    782430         4.5
    782440        4.45
    782450        4.85
    782460        5.88
    782470        5.11
    782480        5.47
    782490        4.95
    782500        5.13
    782510        5.68
    782520         4.4
    782530        5.01
    782540        6.11
    782550        4.96
    782560        3.35
    782570        5.28
    782580        3.58
    782590        5.68
    782600         5.3
    782610        5.82
    782620        5.24
    782630         4.7
    782640        5.82
    782650        5.07
    782660        4.22
    782670        6.54
    782680        4.08
    782690         6.6
    782700        4.02
    782710        4.37
    782720        5.24
    782730        5.54
    782740        4.85
    782750        6.02
    782760        5.05
    782770        5.12
    782780        5.75
    782790        4.96
    782800        4.55
    782810        4.63
    782820        5.51
    782830        6.06
    782840        5.94
    782850        5.07
    782860        4.12
    782870        3.49
    782880        4.85
    782890        5.35
    782900        4.79
    782910        4.41
    782920         3.9
    782930        5.41
    782940        5.12
    782950        4.17
    782960        4.85
    782970        4.35
    782980        4.31
    782990        3.88
    783000        4.52
    783010        4.28
    783020        4.99
    783030        4.09
    783040        3.97
    783050        4.47
    783060        5.49
    783070        4.86
    783080        4.95
    783090        5.23
    783100         5.7
    783110        6.28
    783120        5.41
    783130         4.3
    783140        4.17
    783150        4.85
    783160        5.39
    783170        4.99
    783180        6.98
    783190        4.31
    783200        4.11
    783210        4.31
    783220        4.94
    783230         4.8
    783240        4.13
    783250        4.95
    783260        4.89
    783270        3.32
    783280        5.42
    783290        3.79
    783300        5.07
    783310         4.1
    783320        3.24
    783330        5.86
    783340        4.64
    783350        4.88
    783360        4.47
    783370        4.28
    783380         3.9
    783390         4.8
    783400        3.74
    783410        4.92
    783420        4.94
    783430        2.57
    783440        4.81
    783450        3.35
    783460        3.16
    783470         5.4
    783480        3.69
    783490        4.56
    783500         3.6
    783510        3.91
    783520         4.9
    783530        3.25
    783540        4.67
    783550        3.75
    783560        5.66
    783570         3.4
    783580        3.39
    783590        3.95
    783600        4.92
    783610        4.59
    783620        4.93
    783630        4.75
    783640        5.31
    783650        4.58
    783660        4.94
    783670        4.53
    783680         4.6
    783690        5.39
    783700        5.16
    783710         4.7
    783720        5.13
    783730        5.28
    783740        4.61
    783750         5.6
    783760        3.46
    783770         4.6
    783780        3.92
    783790         3.9
    783800        4.63
    783810        3.69
    783820        4.73
    783830        3.96
    783840        4.38
    783850        6.06
    783860        5.92
    783870        2.82
    783880        5.69
    783890        5.09
    783900        5.07
    783910        4.42
    783920        5.24
    783930        5.79
    783940        6.22
    783950        4.63
    783960        4.81
    783970        5.77
    783980         5.6
    783990        5.32
    784000        4.99
    784010        4.92
    784020        3.82
    784030        4.72
    784040        4.23
    784050        4.91
    784060        4.79
    784070        5.44
    784080           5
    784090        4.82
    784100        4.38
    784110        5.04
    784120        5.67
    784130        4.97
    784140         5.3
    784150        5.37
    784160        5.04
    784170           6
    784180        5.45
    784190        4.41
    784200        4.94
    784210        4.64
    784220        5.69
    784230        3.62
    784240        5.49
    784250        4.08
    784260         4.2
    784270           6
    784280        5.93
    784290        4.83
    784300         4.6
    784310        5.31
    784320        4.98
    784330         5.5
    784340        4.35
    784350        5.79
    784360        4.71
    784370        4.89
    784380        5.62
    784390        5.53
    784400        4.47
    784410        2.78
    784420        3.75
    784430         4.5
    784440        6.63
    784450        4.57
    784460        5.62
    784470        5.98
    784480        4.61
    784490        3.79
    784500        3.71
    784510        4.88
    784520        4.66
    784530        4.28
    784540        5.44
    784550        5.73
    784560        4.16
    784570        4.86
    784580        5.13
    784590        5.43
    784600        5.06
    784610           5
    784620        4.52
    784630        5.34
    784640         4.7
    784650        5.91
    784660        5.23
    784670        5.88
    784680        5.13
    784690        6.38
    784700        5.32
    784710        4.43
    784720         4.1
    784730        4.96
    784740        5.86
    784750         4.9
    784760        3.97
    784770        4.22
    784780         3.3
    784790        5.17
    784800        5.13
    784810        4.65
    784820        4.84
    784830        6.66
    784840        5.93
    784850        4.94
    784860        5.38
    784870        5.25
    784880        4.42
    784890        3.98
    784900        5.58
    784910        5.52
    784920        5.52
    784930        5.09
    784940        5.35
    784950        5.02
    784960        5.15
    784970        4.87
    784980        4.81
    784990        5.24
    785000        4.94
    785010        4.26
    785020        5.95
    785030         4.5
    785040        6.22
    785050        5.42
    785060        3.71
    785070        4.85
    785080        5.32
    785090        5.43
    785100        5.21
    785110        4.38
    785120        3.93
    785130        6.28
    785140        4.09
    785150        5.54
    785160        5.24
    785170         4.1
    785180        5.73
    785190        4.87
    785200        4.73
    785210        4.08
    785220        4.62
    785230        6.02
    785240        5.23
    785250         5.3
    785260        5.36
    785270        3.72
    785280        4.07
    785290        4.07
    785300        4.09
    785310        4.78
    785320        5.39
    785330        4.59
    785340        4.37
    785350        3.71
    785360        4.44
    785370        5.04
    785380        5.65
    785390        5.16
    785400        4.48
    785410        4.37
    785420        4.72
    785430        5.33
    785440        5.28
    785450        5.32
    785460        5.49
    785470        5.66
    785480        4.39
    785490        4.43
    785500        6.41
    785510        5.71
    785520        4.36
    785530        4.26
    785540        4.34
    785550        5.04
    785560        4.66
    785570        4.54
    785580        5.83
    785590        4.06
    785600        4.97
    785610         4.9
    785620        5.29
    785630        2.76
    785640        4.99
    785650        5.41
    785660        3.93
    785670        5.22
    785680        4.73
    785690        4.98
    785700        4.93
    785710        4.66
    785720        3.51
    785730        5.17
    785740        4.86
    785750         5.6
    785760        4.98
    785770         3.6
    785780        5.35
    785790        6.03
    785800        6.59
    785810        4.52
    785820        4.25
    785830        5.63
    785840        4.15
    785850        4.75
    785860        4.79
    785870        4.27
    785880        4.07
    785890         4.5
    785900        3.72
    785910        5.42
    785920        5.98
    785930        4.05
    785940         4.5
    785950        4.62
    785960        5.82
    785970        5.07
    785980        3.54
    785990        4.42
    786000        3.75
    786010        3.68
    786020        4.61
    786030        4.74
    786040        4.55
    786050        5.35
    786060        5.57
    786070        3.99
    786080        4.32
    786090        5.75
    786100        4.82
    786110         5.9
    786120         4.9
    786130        4.81
    786140        5.86
    786150        4.05
    786160        3.44
    786170        4.43
    786180         3.3
    786190        4.83
    786200        3.91
    786210        3.93
    786220         5.1
    786230        4.58
    786240        5.41
    786250        4.33
    786260        4.57
    786270        4.78
    786280         4.8
    786290        3.28
    786300        4.44
    786310        4.21
    786320        4.39
    786330        5.18
    786340        4.59
    786350        3.94
    786360        4.24
    786370        3.79
    786380        5.24
    786390        4.49
    786400        4.33
    786410         4.7
    786420        4.95
    786430        4.12
    786440        4.66
    786450        3.49
    786460        5.38
    786470        4.04
    786480         5.5
    786490        4.92
    786500        5.46
    786510        3.49
    786520        4.36
    786530        4.99
    786540        5.18
    786550        4.17
    786560        5.14
    786570        4.55
    786580        5.54
    786590        5.25
    786600         5.1
    786610        3.86
    786620        4.98
    786630        5.52
    786640        6.27
    786650        5.45
    786660         4.5
    786670        5.83
    786680        4.67
    786690        6.08
    786700        5.24
    786710        4.17
    786720        5.68
    786730        5.49
    786740        4.51
    786750        5.04
    786760        4.61
    786770        3.89
    786780        6.04
    786790        4.68
    786800        5.36
    786810        4.98
    786820        3.98
    786830        4.54
    786840        5.12
    786850        5.19
    786860        4.85
    786870        4.25
    786880        4.64
    786890        5.14
    786900        5.28
    786910        5.17
    786920        4.97
    786930        5.29
    786940        5.01
    786950        4.49
    786960         5.1
    786970        5.55
    786980        4.49
    786990        4.96
    787000        4.75
    787010        5.78
    787020        5.07
    787030        4.27
    787040        5.76
    787050        4.91
    787060        4.66
    787070         4.5
    787080        4.38
    787090        6.77
    787100        5.98
    787110        4.82
    787120        5.17
    787130        3.05
    787140        5.11
    787150        3.33
    787160        4.54
    787170         4.1
    787180        4.41
    787190        4.47
    787200        4.22
    787210        5.93
    787220        4.42
    787230         5.5
    787240        5.45
    787250        5.58
    787260        3.62
    787270        5.08
    787280        5.38
    787290         5.5
    787300        3.98
    787310        4.37
    787320        4.99
    787330        6.75
    787340        5.02
    787350        5.02
    787360           6
    787370        4.77
    787380        5.28
    787390        4.66
    787400         5.3
    787410        5.84
    787420        5.62
    787430        6.11
    787440        4.45
    787450         4.8
    787460        5.94
    787470        4.96
    787480        4.37
    787490        5.64
    787500        4.83
    787510        5.22
    787520         5.6
    787530        4.97
    787540        5.72
    787550        3.94
    787560         4.8
    787570        4.71
    787580        5.49
    787590        5.19
    787600         5.9
    787610        6.01
    787620        4.47
    787630        3.12
    787640         5.1
    787650        5.17
    787660        5.03
    787670        4.13
    787680        5.05
    787690        3.57
    787700        6.43
    787710        4.34
    787720        4.92
    787730        4.41
    787740         3.5
    787750        6.12
    787760        4.81
    787770        5.55
    787780        5.13
    787790        5.54
    787800        6.28
    787810           5
    787820        4.14
    787830        4.82
    787840        4.31
    787850        4.51
    787860        6.78
    787870        4.36
    787880        5.68
    787890        4.42
    787900        7.01
    787910         4.6
    787920        5.94
    787930        4.95
    787940        6.01
    787950        4.74
    787960        5.11
    787970        5.26
    787980        4.86
    787990        6.11
    788000        4.76
    788010         5.5
    788020        5.58
    788030         5.4
    788040        5.08
    788050        5.63
    788060        4.96
    788070        4.81
    788080        3.75
    788090        4.36
    788100        5.06
    788110        6.11
    788120        4.95
    788130        5.69
    788140        5.75
    788150        4.15
    788160        5.53
    788170        5.43
    788180        5.37
    788190        5.01
    788200        5.31
    788210        4.09
    788220        4.13
    788230         5.5
    788240         4.8
    788250         5.1
    788260        5.16
    788270        4.21
    788280        5.04
    788290        5.83
    788300        4.46
    788310        6.24
    788320        5.73
    788330        6.93
    788340        4.12
    788350        5.14
    788360        4.73
    788370        5.46
    788380        5.47
    788390        5.04
    788400        4.66
    788410        5.35
    788420        4.61
    788430        4.49
    788440        5.22
    788450        4.04
    788460        4.28
    788470        5.78
    788480        3.92
    788490        5.17
    788500        5.68
    788510        5.25
    788520        5.12
    788530        4.53
    788540        5.61
    788550         2.6
    788560        4.53
    788570        5.17
    788580        4.23
    788590        4.47
    788600        4.98
    788610        4.66
    788620        5.31
    788630        4.57
    788640        5.85
    788650        4.66
    788660        5.83
    788670        5.37
    788680        4.41
    788690        5.39
    788700        3.19
    788710        4.49
    788720        4.15
    788730        4.52
    788740        5.86
    788750        5.35
    788760        4.23
    788770        5.04
    788780        3.83
    788790        5.74
    788800        2.94
    788810        5.54
    788820        4.97
    788830        5.28
    788840        3.84
    788850        4.57
    788860        6.24
    788870        4.54
    788880        3.71
    788890        5.28
    788900        4.52
    788910        3.82
    788920        3.67
    788930        4.04
    788940        3.54
    788950         3.9
    788960        4.61
    788970         4.1
    788980        5.58
    788990        6.17
    789000        4.24
    789010        4.16
    789020        5.42
    789030         5.1
    789040        5.44
    789050        4.99
    789060        5.04
    789070        4.64
    789080        5.52
    789090        6.07
    789100        5.02
    789110        5.03
    789120         4.6
    789130        4.83
    789140        4.83
    789150        4.07
    789160        4.56
    789170        4.49
    789180        5.92
    789190        4.92
    789200        5.27
    789210        4.91
    789220         4.5
    789230        4.59
    789240        3.97
    789250        4.53
    789260        4.51
    789270        4.69
    789280        4.57
    789290        4.63
    789300        4.04
    789310        3.82
    789320        4.51
    789330        5.33
    789340        5.35
    789350         4.5
    789360        5.29
    789370        4.85
    789380        4.33
    789390        4.13
    789400        3.92
    789410         4.1
    789420        3.97
    789430        4.11
    789440        5.64
    789450           5
    789460        4.22
    789470        4.69
    789480        4.93
    789490        5.48
    789500        4.79
    789510        5.05
    789520        6.09
    789530        4.44
    789540        4.15
    789550        4.44
    789560         5.7
    789570        4.97
    789580        5.65
    789590        4.84
    789600        4.69
    789610        5.18
    789620        4.65
    789630         4.3
    789640        6.33
    789650        5.01
    789660        4.81
    789670        5.68
    789680        3.69
    789690        4.37
    789700         3.7
    789710        5.47
    789720        5.09
    789730        4.69
    789740        4.44
    789750        5.18
    789760        5.32
    789770        4.81
    789780        3.97
    789790         4.6
    789800        4.19
    789810        2.76
    789820        4.87
    789830        4.91
    789840        4.36
    789850         3.8
    789860        3.95
    789870        4.35
    789880        5.05
    789890        5.35
    789900        4.44
    789910        4.28
    789920        5.66
    789930        4.74
    789940        4.12
    789950        4.08
    789960        5.47
    789970        4.88
    789980        4.08
    789990        5.86
    790000         5.3
    790010        5.54
    790020        5.18
    790030        4.87
    790040        5.81
    790050        4.52
    790060        4.67
    790070        4.76
    790080        5.86
    790090        4.23
    790100        4.67
    790110        4.25
    790120         5.2
    790130        4.56
    790140        4.98
    790150        5.26
    790160        5.66
    790170        5.08
    790180        6.22
    790190        6.28
    790200        4.16
    790210        6.13
    790220           5
    790230         4.9
    790240        5.25
    790250        4.85
    790260        6.51
    790270        4.35
    790280        5.41
    790290        4.15
    790300        4.84
    790310        4.98
    790320        6.03
    790330        4.51
    790340        5.47
    790350        4.49
    790360        5.18
    790370        4.83
    790380        4.08
    790390        5.44
    790400        5.54
    790410        6.12
    790420        4.54
    790430        5.65
    790440         5.4
    790450        5.27
    790460        6.08
    790470         5.7
    790480        4.66
    790490        5.24
    790500        4.79
    790510        6.19
    790520        5.53
    790530        5.72
    790540        3.51
    790550        4.88
    790560        5.61
    790570        5.33
    790580        5.19
    790590        5.07
    790600        3.97
    790610        4.86
    790620        4.65
    790630        5.21
    790640        4.57
    790650        5.12
    790660        4.82
    790670        5.76
    790680        5.72
    790690         4.1
    790700        4.43
    790710        3.33
    790720        3.41
    790730        5.65
    790740        5.66
    790750        4.44
    790760        5.04
    790770        5.29
    790780        5.02
    790790        5.25
    790800        4.88
    790810        5.59
    790820        3.16
    790830        4.41
    790840        4.98
    790850        6.07
    790860        4.48
    790870        4.84
    790880         4.3
    790890         4.1
    790900        3.98
    790910        3.69
    790920        4.35
    790930        5.26
    790940        4.46
    790950        4.66
    790960        4.92
    790970        4.12
    790980        4.93
    790990        5.35
    791000        5.66
    791010        3.52
    791020        3.93
    791030        5.25
    791040        3.66
    791050        4.62
    791060        4.26
    791070        4.51
    791080        4.47
    791090        4.41
    791100        4.02
    791110         5.3
    791120        5.64
    791130        4.69
    791140        4.95
    791150        5.87
    791160        4.51
    791170         3.1
    791180         4.5
    791190        4.62
    791200        4.08
    791210        4.43
    791220        5.89
    791230        4.73
    791240        5.21
    791250        4.16
    791260        6.16
    791270        5.47
    791280         4.1
    791290        3.79
    791300        4.99
    791310        3.54
    791320        5.36
    791330        5.32
    791340        4.62
    791350        4.89
    791360        4.99
    791370        5.07
    791380         5.4
    791390        5.41
    791400        4.41
    791410        4.36
    791420         4.1
    791430        5.63
    791440           4
    791450        6.28
    791460         4.3
    791470        5.09
    791480        3.93
    791490        4.68
    791500        5.75
    791510        3.76
    791520        4.68
    791530        4.42
    791540        4.68
    791550        5.28
    791560        5.79
    791570        5.58
    791580         4.8
    791590        4.41
    791600        5.22
    791610        5.38
    791620        3.98
    791630        4.46
    791640        4.83
    791650        4.09
    791660         6.8
    791670        5.15
    791680        4.47
    791690         3.4
    791700        5.19
    791710        4.25
    791720         5.2
    791730        5.12
    791740        4.68
    791750        3.94
    791760        5.54
    791770        4.82
    791780         4.9
    791790        5.03
    791800        4.47
    791810        3.79
    791820        3.94
    791830        4.95
    791840        4.69
    791850        5.44
    791860        5.75
    791870        5.89
    791880        5.03
    791890        5.77
    791900        5.73
    791910        4.65
    791920        4.65
    791930        4.73
    791940        4.52
    791950        4.89
    791960        5.12
    791970         5.9
    791980        5.35
    791990        4.72
    792000        4.26
    792010        4.49
    792020        5.73
    792030        5.88
    792040        3.92
    792050        4.82
    792060         5.6
    792070        5.72
    792080        4.69
    792090        4.49
    792100        4.17
    792110        3.95
    792120        5.36
    792130        5.34
    792140        5.98
    792150        5.83
    792160        4.91
    792170        4.19
    792180        4.96
    792190        5.41
    792200        5.16
    792210        4.96
    792220        5.26
    792230        4.69
    792240        5.29
    792250        5.47
    792260        5.07
    792270           5
    792280        4.23
    792290        5.97
    792300        5.34
    792310        4.27
    792320        4.56
    792330        3.13
    792340        3.79
    792350        5.55
    792360        4.08
    792370        5.16
    792380        3.99
    792390        4.56
    792400        3.75
    792410        4.85
    792420        4.91
    792430        5.35
    792440        4.96
    792450        4.24
    792460        3.82
    792470        5.37
    792480        5.13
    792490        5.52
    792500        4.56
    792510        4.43
    792520        3.77
    792530        5.67
    792540        4.57
    792550        3.22
    792560        5.39
    792570        4.69
    792580        4.62
    792590        5.73
    792600        7.17
    792610        4.35
    792620        4.72
    792630           5
    792640        5.12
    792650        6.01
    792660        4.31
    792670        3.94
    792680        5.72
    792690        4.58
    792700        4.69
    792710        5.11
    792720         4.2
    792730        4.38
    792740         5.9
    792750        4.68
    792760        4.71
    792770        3.85
    792780        4.52
    792790        5.19
    792800        5.37
    792810        4.29
    792820        5.73
    792830        3.55
    792840        4.12
    792850        4.94
    792860        5.76
    792870        5.94
    792880        4.69
    792890        5.07
    792900        5.04
    792910        4.45
    792920        4.64
    792930        4.79
    792940        5.15
    792950        4.86
    792960        3.88
    792970        4.06
    792980        4.98
    792990         3.9
    793000        3.95
    793010        5.88
    793020        4.33
    793030        5.19
    793040        4.62
    793050        5.53
    793060        4.99
    793070        4.69
    793080        3.97
    793090        3.82
    793100        5.11
    793110        4.39
    793120        4.98
    793130        4.46
    793140        5.35
    793150        4.53
    793160        3.72
    793170        4.13
    793180        5.53
    793190        5.11
    793200        4.96
    793210        5.94
    793220        5.66
    793230        5.69
    793240        4.33
    793250        4.95
    793260         5.8
    793270        5.49
    793280        5.75
    793290        4.96
    793300        5.32
    793310        5.38
    793320        6.13
    793330        5.33
    793340        6.17
    793350        5.25
    793360        5.29
    793370        5.76
    793380        6.21
    793390        6.25
    793400        5.42
    793410        4.92
    793420         5.1
    793430        3.21
    793440        4.35
    793450        5.03
    793460        5.27
    793470        5.63
    793480        4.48
    793490         5.4
    793500        5.56
    793510        4.59
    793520        6.31
    793530        4.76
    793540        4.41
    793550        5.84
    793560        6.13
    793570           6
    793580        4.75
    793590        5.92
    793600        2.95
    793610        5.61
    793620        5.11
    793630        6.25
    793640        5.91
    793650        4.91
    793660        4.78
    793670        4.57
    793680        5.92
    793690        5.22
    793700        4.84
    793710        5.06
    793720        5.66
    793730         5.6
    793740        4.62
    793750        4.94
    793760        4.49
    793770        4.34
    793780        5.86
    793790        5.32
    793800        4.87
    793810        5.59
    793820        5.81
    793830        5.16
    793840        3.88
    793850         5.4
    793860        5.12
    793870        5.48
    793880        4.56
    793890        3.51
    793900        5.51
    793910         4.8
    793920         5.7
    793930        4.23
    793940        5.24
    793950        4.54
    793960        3.81
    793970        6.42
    793980        4.85
    793990        4.99
    794000         5.7
    794010        5.24
    794020        4.24
    794030        5.99
    794040        5.33
    794050        5.47
    794060        6.69
    794070        4.69
    794080        5.26
    794090        5.25
    794100        6.14
    794110        5.12
    794120        4.68
    794130         6.1
    794140         4.8
    794150        4.89
    794160        6.08
    794170         6.6
    794180        4.36
    794190        4.67
    794200        4.27
    794210        6.02
    794220        4.34
    794230        5.23
    794240        4.46
    794250         4.1
    794260        5.52
    794270        5.56
    794280         4.2
    794290        3.94
    794300        5.93
    794310        4.03
    794320        4.32
    794330        4.51
    794340        4.03
    794350         6.2
    794360        4.84
    794370        4.09
    794380        4.29
    794390        4.07
    794400        5.73
    794410        5.12
    794420        4.52
    794430        6.23
    794440        4.24
    794450        4.48
    794460        5.39
    794470        5.11
    794480        3.52
    794490        4.43
    794500        5.32
    794510        4.94
    794520        5.88
    794530        3.72
    794540         4.1
    794550        4.31
    794560        4.44
    794570        5.17
    794580        4.67
    794590        4.94
    794600        4.22
    794610        5.48
    794620        5.94
    794630        5.79
    794640        4.27
    794650        4.34
    794660        5.62
    794670        5.46
    794680        5.86
    794690           6
    794700        4.29
    794710        4.12
    794720        5.04
    794730        3.93
    794740        4.43
    794750        4.46
    794760        5.24
    794770        5.29
    794780        5.89
    794790        4.37
    794800        4.77
    794810        4.59
    794820         4.5
    794830        4.78
    794840        5.52
    794850        4.33
    794860        4.86
    794870        5.23
    794880         3.2
    794890        5.88
    794900         4.3
    794910        3.51
    794920        5.22
    794930        4.19
    794940        4.84
    794950        5.79
    794960        4.14
    794970        5.71
    794980        5.18
    794990        6.36
    795000        3.46
    795010         5.2
    795020        5.04
    795030        3.38
    795040        3.35
    795050        5.75
    795060        4.28
    795070        4.66
    795080        5.39
    795090        3.81
    795100        4.87
    795110        3.95
    795120        5.31
    795130        4.51
    795140        4.09
    795150        3.68
    795160        4.33
    795170        4.92
    795180        5.68
    795190        4.54
    795200        4.98
    795210        4.94
    795220        4.96
    795230         4.4
    795240        5.55
    795250        3.74
    795260         4.4
    795270        4.26
    795280        4.83
    795290        5.34
    795300        4.31
    795310        4.32
    795320        4.55
    795330         4.9
    795340        3.67
    795350         4.9
    795360        4.39
    795370        4.98
    795380        3.57
    795390        4.46
    795400        5.11
    795410        4.35
    795420        3.71
    795430        6.26
    795440        5.26
    795450        3.57
    795460        4.68
    795470        4.71
    795480        4.08
    795490        4.33
    795500        5.04
    795510        4.35
    795520        5.29
    795530        4.41
    795540        4.07
    795550        4.16
    795560        4.53
    795570        4.37
    795580        5.22
    795590         4.7
    795600        5.07
    795610        4.97
    795620        5.63
    795630        5.56
    795640        6.66
    795650        5.31
    795660        5.32
    795670        5.29
    795680        4.76
    795690         5.1
    795700        5.16
    795710        4.81
    795720        5.27
    795730        6.41
    795740        4.01
    795750        4.89
    795760        4.08
    795770        5.34
    795780        4.87
    795790        4.14
    795800        2.34
    795810        3.19
    795820        4.91
    795830        3.46
    795840           5
    795850        4.82
    795860        4.91
    795870        4.51
    795880        4.66
    795890        3.93
    795900        5.15
    795910        4.71
    795920        4.09
    795930        5.75
    795940        4.11
    795950        5.83
    795960        4.77
    795970        3.55
    795980        4.03
    795990        3.49
    796000        4.64
    796010        5.41
    796020        5.24
    796030         4.9
    796040        4.12
    796050        6.54
    796060        3.93
    796070         5.2
    796080        4.41
    796090        3.88
    796100        5.09
    796110        5.62
    796120        3.93
    796130        4.48
    796140        4.53
    796150        3.67
    796160        5.22
    796170        4.97
    796180        4.67
    796190        4.05
    796200         4.7
    796210        4.64
    796220        5.39
    796230        4.23
    796240        5.68
    796250         4.8
    796260        4.06
    796270        6.44
    796280        5.68
    796290        4.66
    796300        5.17
    796310        4.17
    796320        6.58
    796330        4.54
    796340         5.5
    796350        5.04
    796360        5.82
    796370        3.56
    796380        4.38
    796390        4.44
    796400        5.58
    796410        5.52
    796420        4.45
    796430        4.04
    796440        5.07
    796450         3.8
    796460        4.31
    796470        5.81
    796480        3.89
    796490        4.87
    796500        5.63
    796510         5.1
    796520        5.69
    796530        4.61
    796540        3.77
    796550        4.58
    796560         5.4
    796570        4.52
    796580        4.99
    796590        5.58
    796600        4.62
    796610        5.56
    796620        6.08
    796630        4.62
    796640         5.6
    796650        4.59
    796660        4.83
    796670        5.33
    796680        4.27
    796690        5.09
    796700        5.39
    796710        6.37
    796720        4.65
    796730        4.31
    796740        4.23
    796750           5
    796760        4.94
    796770        4.12
    796780        4.98
    796790        4.77
    796800        5.47
    796810        4.38
    796820        4.61
    796830        5.48
    796840        4.94
    796850        4.82
    796860         4.8
    796870        6.34
    796880        5.82
    796890        4.49
    796900        4.91
    796910        5.33
    796920        4.47
    796930        4.29
    796940        5.35
    796950        6.92
    796960        4.82
    796970        6.77
    796980        4.37
    796990         4.6
    797000        4.87
    797010        6.14
    797020        4.93
    797030        5.25
    797040        5.67
    797050        5.19
    797060        5.72
    797070        4.78
    797080        3.91
    797090        5.21
    797100        5.23
    797110        5.63
    797120        5.07
    797130         6.3
    797140        4.63
    797150        6.45
    797160        4.53
    797170        4.97
    797180        5.51
    797190        4.74
    797200        5.14
    797210        5.52
    797220         7.2
    797230        5.73
    797240        5.65
    797250        4.76
    797260        4.14
    797270        5.01
    797280         4.6
    797290        5.22
    797300        4.82
    797310        5.48
    797320        3.98
    797330         5.1
    797340        4.28
    797350        5.41
    797360        5.55
    797370        3.93
    797380         4.7
    797390        4.53
    797400        3.91
    797410        4.77
    797420         4.8
    797430         5.7
    797440        5.31
    797450        4.42
    797460        6.91
    797470         5.4
    797480        4.39
    797490        5.24
    797500        4.45
    797510        5.39
    797520        4.07
    797530        5.75
    797540        5.91
    797550        4.97
    797560        5.77
    797570        5.92
    797580        4.76
    797590        4.91
    797600        4.65
    797610        6.39
    797620        4.13
    797630        4.56
    797640        5.54
    797650        4.54
    797660        4.97
    797670        6.01
    797680        5.64
    797690        4.47
    797700        5.88
    797710        3.11
    797720        5.07
    797730        4.15
    797740        4.76
    797750        4.64
    797760        4.82
    797770        3.72
    797780        5.98
    797790        6.05
    797800        4.35
    797810        3.66
    797820        4.99
    797830        4.27
    797840        5.18
    797850        5.13
    797860        4.75
    797870        3.91
    797880        5.23
    797890        3.75
    797900        5.05
    797910         4.8
    797920        5.28
    797930        5.16
    797940        4.26
    797950        5.18
    797960        5.56
    797970        5.35
    797980        5.59
    797990        4.64
    798000        3.61
    798010        4.64
    798020        6.47
    798030        4.48
    798040        4.64
    798050        4.77
    798060        4.39
    798070        5.49
    798080        4.73
    798090         5.1
    798100        3.92
    798110        4.58
    798120        4.45
    798130        4.84
    798140        4.59
    798150         4.6
    798160        5.17
    798170        6.98
    798180         3.1
    798190        3.61
    798200        5.17
    798210        4.56
    798220        6.98
    798230        4.35
    798240        5.53
    798250        4.33
    798260        5.95
    798270        5.09
    798280         5.7
    798290        3.81
    798300        5.33
    798310        5.79
    798320        4.91
    798330           6
    798340        5.25
    798350        3.92
    798360        2.88
    798370         5.2
    798380        4.83
    798390        4.69
    798400        5.28
    798410        5.23
    798420         4.1
    798430        4.69
    798440        5.37
    798450        4.88
    798460        3.68
    798470        4.68
    798480        4.84
    798490        4.89
    798500        4.67
    798510        5.27
    798520         4.7
    798530        6.68
    798540         4.4
    798550        5.62
    798560        4.51
    798570         5.4
    798580        5.67
    798590        4.37
    798600        5.77
    798610        4.53
    798620         4.5
    798630        5.51
    798640        3.46
    798650        4.98
    798660        4.46
    798670        4.98
    798680         5.4
    798690        5.56
    798700        3.93
    798710        4.39
    798720        5.69
    798730        5.79
    798740        5.16
    798750        5.32
    798760        6.35
    798770        4.98
    798780        7.17
    798790        5.49
    798800        4.21
    798810         4.5
    798820        4.35
    798830        4.94
    798840        6.03
    798850        4.52
    798860        4.73
    798870        5.05
    798880        4.66
    798890        4.47
    798900        5.24
    798910        4.86
    798920        5.49
    798930         4.6
    798940        5.88
    798950        4.19
    798960        5.17
    798970        4.69
    798980         3.9
    798990        5.21
    799000        4.21
    799010        4.99
    799020        3.47
    799030        5.96
    799040         4.8
    799050        4.91
    799060        4.72
    799070         3.4
    799080        4.88
    799090         4.1
    799100         5.3
    799110        5.11
    799120        5.94
    799130        4.21
    799140        4.77
    799150        4.97
    799160        6.22
    799170        4.69
    799180        3.75
    799190        5.22
    799200        5.97
    799210        6.21
    799220        4.78
    799230        5.59
    799240        5.22
    799250        4.63
    799260         3.8
    799270        5.25
    799280        4.55
    799290        4.72
    799300        4.26
    799310        4.76
    799320        5.62
    799330        4.52
    799340        4.26
    799350        5.33
    799360        4.79
    799370        5.81
    799380        4.56
    799390        4.16
    799400        5.39
    799410        5.06
    799420        5.12
    799430        4.22
    799440        5.64
    799450        4.82
    799460        3.51
    799470        4.06
    799480        4.09
    799490         4.6
    799500        4.78
    799510        4.51
    799520        5.58
    799530         4.8
    799540        4.74
    799550         5.5
    799560        5.07
    799570        3.95
    799580        4.92
    799590        4.13
    799600           5
    799610         5.8
    799620         6.3
    799630        4.91
    799640        5.19
    799650        3.07
    799660        5.41
    799670        5.32
    799680        4.67
    799690        4.91
    799700         5.1
    799710        3.97
    799720        4.79
    799730        4.15
    799740        4.54
    799750        4.56
    799760        4.98
    799770         5.1
    799780        5.71
    799790         3.9
    799800        4.85
    799810        3.97
    799820        4.38
    799830        4.47
    799840         5.1
    799850        5.76
    799860        4.98
    799870        4.81
    799880        4.65
    799890        3.54
    799900        4.64
    799910        3.78
    799920        4.41
    799930         4.6
    799940        5.19
    799950         5.6
    799960        4.84
    799970        4.66
    799980        4.64
    799990        4.99
    800000        5.63
    800010         4.7
    800020        5.65
    800030         4.1
    800040        4.64
    800050        4.32
    800060        4.97
    800070        4.19
    800080        5.51
    800090        5.57
    800100        5.33
    800110        4.62
    800120        5.25
    800130        5.54
    800140        5.28
    800150        4.08
    800160        6.25
    800170        5.26
    800180        5.42
    800190        4.92
    800200        4.17
    800210        3.93
    800220        3.75
    800230        4.88
    800240        6.43
    800250        4.18
    800260        4.92
    800270        4.49
    800280        3.93
    800290        5.76
    800300        4.15
    800310        4.67
    800320        5.76
    800330        4.21
    800340        5.15
    800350        4.25
    800360        4.46
    800370        5.41
    800380        4.43
    800390        5.98
    800400        5.16
    800410        4.31
    800420        4.12
    800430        3.06
    800440        4.51
    800450        4.24
    800460        5.16
    800470        5.24
    800480        3.66
    800490         5.1
    800500        5.01
    800510        6.07
    800520         5.9
    800530        4.81
    800540        6.16
    800550        5.75
    800560        4.06
    800570        2.78
    800580        5.44
    800590        7.72
    800600        5.73
    800610        3.95
    800620        5.99
    800630         4.1
    800640        4.45
    800650        3.82
    800660        7.29
    800670        5.18
    800680        5.63
    800690        5.27
    800700        5.19
    800710        5.48
    800720        5.01
    800730        6.16
    800740        4.33
    800750        4.78
    800760         4.1
    800770        5.92
    800780        5.29
    800790        4.81
    800800        4.88
    800810        4.68
    800820         5.9
    800830        4.33
    800840        5.59
    800850        5.33
    800860        6.47
    800870        4.32
    800880         5.5
    800890        5.24
    800900         4.8
    800910        4.11
    800920         4.5
    800930        5.24
    800940        4.87
    800950        5.56
    800960        3.77
    800970        4.25
    800980         4.7
    800990        5.12
    801000        5.78
    801010        6.13
    801020        6.36
    801030        5.02
    801040        5.82
    801050        4.32
    801060        5.79
    801070        5.49
    801080        4.35
    801090        5.61
    801100        5.01
    801110        4.57
    801120        3.84
    801130        4.73
    801140        5.09
    801150        5.35
    801160        3.91
    801170        4.92
    801180        4.31
    801190        5.22
    801200        4.35
    801210        4.13
    801220        4.16
    801230        4.17
    801240        5.33
    801250        6.26
    801260        5.17
    801270        4.65
    801280        4.98
    801290        6.67
    801300        3.79
    801310        5.02
    801320        4.61
    801330        4.36
    801340        3.94
    801350        4.55
    801360        5.72
    801370         5.6
    801380        4.44
    801390        5.11
    801400        4.86
    801410        4.58
    801420        5.48
    801430        3.63
    801440        5.59
    801450        4.39
    801460        5.25
    801470        4.15
    801480        5.36
    801490        4.81
    801500        6.11
    801510        4.33
    801520        5.86
    801530        4.37
    801540        5.03
    801550        4.63
    801560        4.83
    801570        4.17
    801580        4.05
    801590        4.98
    801600        5.19
    801610        4.67
    801620        6.16
    801630        6.75
    801640        5.23
    801650        4.92
    801660        6.11
    801670        5.48
    801680        5.78
    801690        3.86
    801700         4.2
    801710        6.03
    801720        4.83
    801730        3.13
    801740        3.61
    801750        4.67
    801760        4.94
    801770        4.62
    801780        4.85
    801790        6.79
    801800        5.88
    801810        5.77
    801820        4.66
    801830        4.16
    801840        5.89
    801850         5.7
    801860        4.87
    801870        4.39
    801880        5.47
    801890        3.83
    801900         5.3
    801910        5.87
    801920        5.11
    801930        3.84
    801940        4.38
    801950        4.49
    801960        4.13
    801970        4.32
    801980        4.28
    801990        5.79
    802000        4.69
    802010        4.42
    802020        5.17
    802030        5.47
    802040        6.26
    802050        6.37
    802060        4.51
    802070        4.03
    802080        5.15
    802090        4.97
    802100        5.17
    802110        4.72
    802120        6.01
    802130        6.23
    802140        3.79
    802150        5.44
    802160        4.44
    802170         5.2
    802180           6
    802190        2.96
    802200        6.14
    802210         5.7
    802220        3.51
    802230        4.07
    802240        6.74
    802250        4.68
    802260        3.69
    802270        4.39
    802280        5.38
    802290        5.01
    802300        6.28
    802310        4.47
    802320        5.63
    802330        4.03
    802340         4.9
    802350        4.43
    802360         5.6
    802370        4.52
    802380        4.32
    802390        5.16
    802400        5.47
    802410        3.39
    802420        5.64
    802430        5.38
    802440        4.83
    802450        4.54
    802460        5.56
    802470        4.03
    802480        5.48
    802490        4.73
    802500        4.16
    802510        5.56
    802520         4.7
    802530        5.31
    802540        3.53
    802550        4.72
    802560        4.81
    802570        4.44
    802580        5.94
    802590        4.11
    802600         4.3
    802610        3.84
    802620        5.23
    802630        4.24
    802640           5
    802650        5.28
    802660        4.77
    802670        6.57
    802680        5.17
    802690        5.04
    802700        5.06
    802710         5.4
    802720        5.41
    802730        4.15
    802740        5.55
    802750        4.27
    802760        4.53
    802770        3.88
    802780        4.19
    802790        4.75
    802800        5.13
    802810        4.61
    802820        4.79
    802830        4.31
    802840        4.33
    802850        4.72
    802860        5.39
    802870        3.98
    802880        4.75
    802890         3.8
    802900        4.35
    802910        4.51
    802920        4.12
    802930        5.25
    802940        4.17
    802950        5.24
    802960        3.85
    802970        5.93
    802980        4.88
    802990         4.2
    803000        4.65
    803010        4.36
    803020        4.47
    803030        4.79
    803040         4.8
    803050        5.39
    803060        3.38
    803070         4.4
    803080        4.36
    803090        5.36
    803100        4.35
    803110        5.29
    803120         4.6
    803130        5.31
    803140         6.2
    803150         5.6
    803160         5.8
    803170        4.28
    803180        5.49
    803190        5.76
    803200        5.25
    803210        2.93
    803220        5.48
    803230        3.18
    803240         4.7
    803250        4.76
    803260        5.32
    803270        5.46
    803280        5.72
    803290        4.78
    803300        4.26
    803310         4.6
    803320        3.59
    803330        5.23
    803340        5.24
    803350        4.78
    803360         6.7
    803370        3.46
    803380        4.22
    803390        5.82
    803400        4.12
    803410         3.6
    803420        4.91
    803430        5.25
    803440        4.71
    803450        4.83
    803460        4.39
    803470        4.69
    803480        4.44
    803490        6.22
    803500         4.2
    803510        5.35
    803520        5.63
    803530        4.69
    803540        5.31
    803550        4.91
    803560         4.6
    803570        4.09
    803580        4.34
    803590        5.59
    803600        4.45
    803610        4.52
    803620        4.16
    803630        4.72
    803640        4.59
    803650        5.59
    803660        3.93
    803670        4.83
    803680        5.16
    803690        4.95
    803700         5.4
    803710        5.69
    803720        3.49
    803730        4.35
    803740        6.89
    803750        4.89
    803760        4.63
    803770        4.04
    803780        4.44
    803790        4.96
    803800        4.62
    803810        3.98
    803820        5.21
    803830        5.35
    803840        5.25
    803850        3.19
    803860        4.76
    803870        5.05
    803880        4.74
    803890        4.91
    803900        5.55
    803910        4.62
    803920         4.1
    803930        4.89
    803940        3.76
    803950        5.82
    803960        5.03
    803970        3.72
    803980        4.95
    803990        4.87
    804000        5.34
    804010        5.02
    804020        4.75
    804030        4.69
    804040        4.94
    804050        4.34
    804060        5.36
    804070         4.1
    804080        4.01
    804090        4.53
    804100        6.09
    804110        5.78
    804120        4.78
    804130        4.71
    804140        5.17
    804150        4.41
    804160        3.99
    804170        4.29
    804180        5.75
    804190        4.24
    804200        4.95
    804210        4.36
    804220        4.91
    804230        4.85
    804240           4
    804250         5.1
    804260        4.53
    804270        4.54
    804280        5.16
    804290         4.7
    804300        5.81
    804310         4.4
    804320        5.77
    804330        5.34
    804340        4.36
    804350        5.55
    804360        4.08
    804370        4.49
    804380        5.65
    804390        7.16
    804400        4.82
    804410        4.75
    804420        4.81
    804430        4.64
    804440        4.65
    804450        4.35
    804460        4.79
    804470        4.03
    804480        5.19
    804490        5.37
    804500        4.89
    804510        5.35
    804520        3.83
    804530        4.19
    804540        4.19
    804550        5.51
    804560        5.46
    804570        5.75
    804580        4.18
    804590        6.12
    804600        4.28
    804610        4.16
    804620        3.98
    804630        5.48
    804640        5.18
    804650        4.39
    804660        3.94
    804670        5.56
    804680         4.7
    804690        4.51
    804700        4.75
    804710        5.17
    804720         5.7
    804730        5.08
    804740        4.24
    804750        4.51
    804760        5.25
    804770        4.49
    804780        4.73
    804790        4.22
    804800         4.4
    804810         4.4
    804820        5.33
    804830        6.06
    804840        3.71
    804850        4.07
    804860        4.33
    804870        3.68
    804880        4.98
    804890        3.89
    804900        4.86
    804910        5.23
    804920        5.58
    804930        4.95
    804940        5.32
    804950        4.67
    804960         4.8
    804970        3.81
    804980        4.07
    804990        4.94
    805000        3.26
    805010        4.91
    805020        5.76
    805030        6.24
    805040        4.39
    805050        5.34
    805060        5.67
    805070        3.58
    805080        4.26
    805090        4.53
    805100        4.17
    805110        4.03
    805120        4.04
    805130        4.82
    805140        5.35
    805150        5.27
    805160        3.32
    805170         5.4
    805180        4.92
    805190        4.51
    805200        5.11
    805210        4.77
    805220        4.66
    805230        4.57
    805240         4.4
    805250        4.46
    805260        3.07
    805270         5.9
    805280        4.78
    805290        5.17
    805300        5.99
    805310        4.62
    805320        4.68
    805330        5.14
    805340        5.06
    805350        7.13
    805360        4.58
    805370        5.46
    805380        4.68
    805390        4.93
    805400        4.37
    805410        5.05
    805420         5.2
    805430        5.25
    805440         6.1
    805450        4.55
    805460        5.55
    805470        4.27
    805480        5.18
    805490        4.72
    805500        4.95
    805510        5.22
    805520        5.23
    805530        5.34
    805540        4.24
    805550         5.2
    805560        5.55
    805570         5.4
    805580        4.44
    805590        5.67
    805600        5.46
    805610        3.87
    805620         4.1
    805630        4.44
    805640        5.04
    805650        5.19
    805660        5.55
    805670        4.48
    805680        5.91
    805690        4.31
    805700        6.27
    805710        5.17
    805720        6.14
    805730        5.07
    805740        5.42
    805750        4.61
    805760        4.98
    805770        4.43
    805780        4.92
    805790        5.53
    805800        5.34
    805810        5.81
    805820        5.68
    805830        4.47
    805840        3.93
    805850        4.44
    805860           5
    805870        5.62
    805880        4.52
    805890        6.36
    805900        6.59
    805910        6.43
    805920        5.95
    805930        6.35
    805940        5.35
    805950        6.47
    805960         4.8
    805970        5.67
    805980        5.44
    805990         4.7
    806000        5.03
    806010        3.87
    806020        4.57
    806030        5.12
    806040        5.56
    806050        4.03
    806060        5.26
    806070        4.06
    806080        5.49
    806090        5.93
    806100        4.57
    806110           4
    806120        4.82
    806130        5.12
    806140        5.99
    806150        5.39
    806160        5.07
    806170        5.02
    806180        4.97
    806190        4.52
    806200        4.98
    806210        4.63
    806220        4.39
    806230        3.68
    806240        3.93
    806250        4.83
    806260        4.37
    806270         5.1
    806280        5.53
    806290        4.23
    806300        5.02
    806310        4.26
    806320        4.29
    806330         6.1
    806340         4.1
    806350        4.81
    806360        3.87
    806370        3.18
    806380        4.74
    806390        4.28
    806400        5.26
    806410        4.55
    806420         4.6
    806430        4.35
    806440        3.94
    806450        3.95
    806460        5.31
    806470        4.86
    806480         3.8
    806490        5.03
    806500        5.14
    806510        5.71
    806520        4.73
    806530        3.37
    806540        4.62
    806550        5.71
    806560         4.7
    806570        4.48
    806580        5.93
    806590        4.41
    806600        3.87
    806610        4.85
    806620        4.29
    806630        4.75
    806640        6.47
    806650        3.96
    806660        5.25
    806670        4.78
    806680        3.89
    806690        4.38
    806700        4.41
    806710        4.76
    806720        6.38
    806730        4.15
    806740        4.56
    806750        4.56
    806760        5.69
    806770        4.78
    806780        4.75
    806790        4.36
    806800        5.26
    806810        4.72
    806820         4.3
    806830        4.58
    806840        4.46
    806850           4
    806860        4.76
    806870        5.14
    806880        5.23
    806890        6.15
    806900        4.71
    806910        4.89
    806920        3.83
    806930        4.39
    806940        4.13
    806950        4.11
    806960        5.03
    806970        4.05
    806980        5.05
    806990        3.71
    807000        4.04
    807010        4.74
    807020        4.66
    807030        4.73
    807040        5.03
    807050        5.97
    807060        3.57
    807070        5.34
    807080         3.9
    807090        4.59
    807100         4.3
    807110        4.35
    807120        4.18
    807130        4.43
    807140        4.58
    807150        4.33
    807160        4.03
    807170        5.25
    807180        5.08
    807190         6.1
    807200        5.01
    807210        4.62
    807220        4.43
    807230        4.78
    807240        3.74
    807250        5.61
    807260        5.01
    807270        4.73
    807280         4.7
    807290        5.04
    807300        4.69
    807310        5.67
    807320        4.35
    807330        4.83
    807340        4.33
    807350        6.82
    807360        4.63
    807370        6.87
    807380        3.67
    807390        4.48
    807400        4.62
    807410        5.28
    807420        6.56
    807430        4.85
    807440        5.62
    807450        5.26
    807460        7.14
    807470        6.04
    807480        6.03
    807490        4.06
    807500        4.91
    807510        5.84
    807520        6.78
    807530        3.85
    807540        4.04
    807550        4.72
    807560        5.37
    807570        3.92
    807580        5.49
    807590        5.17
    807600         5.2
    807610        5.65
    807620        4.41
    807630         5.7
    807640        5.13
    807650        4.72
    807660        5.03
    807670        5.38
    807680        4.31
    807690           5
    807700        6.28
    807710         5.5
    807720        5.27
    807730        3.59
    807740        4.14
    807750        4.12
    807760        5.92
    807770        5.48
    807780        4.46
    807790        6.26
    807800        5.36
    807810        4.36
    807820        5.14
    807830        5.61
    807840        5.19
    807850        5.91
    807860        4.68
    807870        4.09
    807880        4.94
    807890        5.94
    807900        4.23
    807910         4.8
    807920        5.65
    807930        6.38
    807940        5.64
    807950        5.77
    807960        5.25
    807970        4.54
    807980        4.93
    807990        6.06
    808000        5.87
    808010        5.41
    808020        3.93
    808030        5.66
    808040         6.5
    808050         5.6
    808060        6.01
    808070        4.88
    808080        5.56
    808090        5.71
    808100        5.89
    808110        5.41
    808120        3.98
    808130        5.21
    808140        5.89
    808150        4.76
    808160        4.81
    808170        5.33
    808180        5.98
    808190        6.04
    808200        5.04
    808210        4.25
    808220        5.55
    808230        5.71
    808240         6.5
    808250        3.51
    808260        4.78
    808270        4.33
    808280        5.01
    808290        5.73
    808300        4.62
    808310        4.25
    808320        5.97
    808330        7.18
    808340        4.95
    808350        4.88
    808360        4.12
    808370        4.15
    808380        4.49
    808390        6.36
    808400        4.67
    808410        5.57
    808420        4.33
    808430           5
    808440        7.73
    808450        5.67
    808460        5.21
    808470        4.79
    808480        5.03
    808490        4.52
    808500        5.87
    808510        4.58
    808520        4.78
    808530        4.55
    808540        3.88
    808550        4.69
    808560        6.12
    808570        4.89
    808580        5.78
    808590        5.16
    808600        5.88
    808610         4.7
    808620         6.3
    808630        5.72
    808640        3.35
    808650        5.89
    808660        5.42
    808670        5.43
    808680        5.24
    808690        5.29
    808700         4.5
    808710        5.59
    808720        5.04
    808730        5.24
    808740        4.67
    808750        4.06
    808760        6.35
    808770         4.2
    808780        5.33
    808790        4.63
    808800         5.1
    808810        4.76
    808820        4.55
    808830        5.37
    808840        5.26
    808850        4.16
    808860        4.78
    808870        5.05
    808880        5.41
    808890        7.09
    808900        3.83
    808910        4.59
    808920        5.19
    808930        6.71
    808940        4.63
    808950        5.51
    808960        4.73
    808970        5.29
    808980         6.1
    808990        3.79
    809000        6.37
    809010        6.35
    809020        5.25
    809030        5.14
    809040        4.97
    809050        6.37
    809060        4.61
    809070        4.83
    809080        5.54
    809090        5.18
    809100        5.11
    809110         4.6
    809120        4.48
    809130        4.38
    809140        5.92
    809150        5.46
    809160        5.13
    809170        4.59
    809180        5.06
    809190        5.53
    809200        5.85
    809210        4.81
    809220        5.43
    809230        4.12
    809240         4.5
    809250         5.7
    809260        5.37
    809270        6.03
    809280        5.21
    809290        3.52
    809300        5.47
    809310        4.78
    809320        5.85
    809330        4.72
    809340        4.22
    809350         4.6
    809360        5.16
    809370        5.03
    809380        5.79
    809390        4.95
    809400        6.23
    809410        4.57
    809420        5.45
    809430        5.02
    809440        5.64
    809450        4.03
    809460        4.15
    809470         4.8
    809480        4.78
    809490         4.9
    809500        6.33
    809510        3.82
    809520        4.81
    809530        3.06
    809540        5.56
    809550        5.72
    809560        4.54
    809570        4.98
    809580        4.16
    809590        4.75
    809600        4.23
    809610        6.19
    809620        4.29
    809630        5.49
    809640        5.03
    809650        5.65
    809660        3.55
    809670        5.21
    809680         6.8
    809690        4.68
    809700        4.68
    809710        4.66
    809720         5.2
    809730        4.81
    809740        5.15
    809750        5.27
    809760        5.94
    809770        5.36
    809780        5.03
    809790        4.56
    809800        4.47
    809810        5.99
    809820         4.8
    809830        4.12
    809840        4.68
    809850        4.43
    809860        4.58
    809870        5.15
    809880        4.66
    809890        6.36
    809900        5.29
    809910        4.84
    809920        4.64
    809930        4.62
    809940        4.95
    809950        5.23
    809960        4.56
    809970         5.5
    809980        4.83
    809990        5.73
    810000        4.56
    810010        4.97
    810020        4.81
    810030        5.16
    810040        5.87
    810050        6.24
    810060         5.9
    810070        5.22
    810080        5.48
    810090        5.23
    810100        4.78
    810110        5.31
    810120        5.06
    810130         4.6
    810140        5.49
    810150        5.79
    810160        3.97
    810170        6.13
    810180        4.35
    810190        4.02
    810200        5.51
    810210        4.88
    810220        5.58
    810230         3.9
    810240        5.53
    810250         4.8
    810260        3.18
    810270        5.77
    810280        4.36
    810290        5.26
    810300        5.85
    810310        4.23
    810320        4.49
    810330        5.21
    810340        3.71
    810350        3.79
    810360           5
    810370        5.92
    810380         5.2
    810390        5.24
    810400        5.47
    810410        5.69
    810420        4.91
    810430         5.9
    810440        5.57
    810450        4.38
    810460        5.59
    810470        4.96
    810480        3.25
    810490        4.88
    810500        4.94
    810510        5.44
    810520        4.66
    810530        4.88
    810540        4.63
    810550        3.04
    810560        3.27
    810570        4.02
    810580        5.07
    810590        4.59
    810600        5.38
    810610         4.9
    810620        6.43
    810630        5.36
    810640         5.2
    810650        4.56
    810660        4.85
    810670        4.56
    810680        4.26
    810690        4.46
    810700        4.45
    810710        5.09
    810720        5.29
    810730        5.81
    810740        4.49
    810750        6.45
    810760        6.29
    810770        3.84
    810780        4.82
    810790        5.32
    810800        5.69
    810810        4.75
    810820        6.25
    810830        4.61
    810840        4.03
    810850        4.59
    810860        3.16
    810870        5.54
    810880        3.78
    810890         4.6
    810900        4.97
    810910        5.48
    810920        4.95
    810930        3.58
    810940        4.82
    810950        4.37
    810960        5.61
    810970        6.58
    810980        5.14
    810990        5.74
    811000        5.17
    811010        4.71
    811020        5.77
    811030         5.9
    811040        4.37
    811050         3.6
    811060        3.39
    811070        4.63
    811080        4.88
    811090        5.45
    811100        5.02
    811110        5.07
    811120        4.97
    811130        4.53
    811140        5.25
    811150        5.25
    811160        5.18
    811170        5.27
    811180        4.66
    811190        4.52
    811200        4.02
    811210        4.52
    811220         4.7
    811230         5.2
    811240        5.04
    811250        5.08
    811260        4.82
    811270        5.63
    811280        5.69
    811290        4.66
    811300        5.19
    811310        4.74
    811320        5.15
    811330        5.01
    811340        3.79
    811350        4.94
    811360        4.87
    811370        3.84
    811380        5.49
    811390        4.02
    811400        5.31
    811410        5.19
    811420        4.23
    811430        4.56
    811440        4.05
    811450        5.65
    811460        4.23
    811470        5.06
    811480        4.79
    811490        6.05
    811500        4.05
    811510        6.22
    811520        5.48
    811530        4.31
    811540        4.99
    811550        5.84
    811560        4.21
    811570        4.87
    811580        6.79
    811590        5.49
    811600        6.06
    811610        4.47
    811620        5.09
    811630        4.81
    811640        5.59
    811650        5.82
    811660         5.1
    811670        5.13
    811680        4.36
    811690         4.3
    811700         4.6
    811710        5.52
    811720        6.03
    811730        7.65
    811740        5.54
    811750        4.37
    811760        4.69
    811770        4.18
    811780        4.35
    811790        5.82
    811800        5.41
    811810        4.71
    811820        6.92
    811830        6.05
    811840         4.5
    811850        4.34
    811860        5.63
    811870        4.09
    811880        5.46
    811890        5.27
    811900        4.42
    811910        4.95
    811920        5.01
    811930        5.23
    811940        5.12
    811950        4.08
    811960        4.87
    811970        4.06
    811980         5.4
    811990         5.2
    812000        4.71
    812010        5.72
    812020        5.28
    812030        4.31
    812040        4.59
    812050        6.32
    812060        4.24
    812070         4.5
    812080         4.6
    812090        5.97
    812100        5.72
    812110        6.59
    812120        6.19
    812130        5.72
    812140        5.59
    812150        5.52
    812160        6.15
    812170        5.26
    812180        3.97
    812190        4.44
    812200           5
    812210        5.06
    812220        5.19
    812230         4.9
    812240         6.5
    812250        5.33
    812260        3.63
    812270        6.25
    812280        4.85
    812290        4.62
    812300           5
    812310        4.58
    812320        4.72
    812330        4.35
    812340         5.4
    812350        4.36
    812360        5.42
    812370        4.25
    812380        3.64
    812390        5.35
    812400        5.04
    812410        4.19
    812420        3.49
    812430        3.73
    812440        6.13
    812450        5.22
    812460         4.6
    812470        4.62
    812480        4.19
    812490        5.19
    812500        5.28
    812510        4.92
    812520        4.76
    812530        5.33
    812540        5.66
    812550        4.32
    812560        5.83
    812570        5.03
    812580        5.39
    812590        6.48
    812600        4.85
    812610        5.22
    812620        4.86
    812630         4.1
    812640        5.38
    812650        4.87
    812660        3.95
    812670        4.47
    812680        5.15
    812690        4.12
    812700        4.88
    812710        4.58
    812720        2.84
    812730        5.25
    812740        5.29
    812750        4.03
    812760        5.97
    812770        4.38
    812780        3.83
    812790        4.31
    812800        4.54
    812810        4.82
    812820        4.59
    812830        5.47
    812840        6.79
    812850        5.46
    812860        4.96
    812870        4.81
    812880        6.15
    812890        5.23
    812900        5.05
    812910        4.87
    812920        4.44
    812930        6.11
    812940         5.5
    812950        3.67
    812960         4.8
    812970        6.07
    812980        4.85
    812990         4.3
    813000        4.69
    813010        4.79
    813020        4.89
    813030        4.55
    813040        4.25
    813050        3.95
    813060        4.95
    813070        5.46
    813080        4.81
    813090        4.98
    813100        5.77
    813110        4.63
    813120        4.67
    813130        5.52
    813140        3.99
    813150         5.6
    813160        4.07
    813170        5.09
    813180        4.75
    813190        4.68
    813200        4.42
    813210        4.55
    813220        5.88
    813230        5.44
    813240        6.18
    813250        5.14
    813260        3.92
    813270        4.08
    813280        4.51
    813290        5.93
    813300        5.84
    813310        4.54
    813320        5.46
    813330         6.5
    813340        4.45
    813350        5.51
    813360        7.51
    813370        4.78
    813380        5.54
    813390        5.44
    813400        4.63
    813410        5.07
    813420        4.35
    813430        4.64
    813440         5.3
    813450        4.59
    813460        6.19
    813470        3.93
    813480        5.35
    813490        6.55
    813500        6.27
    813510        5.43
    813520        5.57
    813530        4.13
    813540         5.5
    813550        4.28
    813560        5.79
    813570        5.07
    813580        5.07
    813590        4.76
    813600        5.51
    813610        5.06
    813620        5.43
    813630        4.12
    813640        4.37
    813650        4.54
    813660        6.28
    813670        5.34
    813680        4.98
    813690        5.43
    813700         4.9
    813710         5.8
    813720        5.14
    813730        5.06
    813740         3.5
    813750        6.04
    813760        4.73
    813770        5.13
    813780        4.62
    813790        4.06
    813800        5.39
    813810        4.31
    813820        5.13
    813830        3.82
    813840        4.26
    813850        4.98
    813860           5
    813870        6.12
    813880        3.38
    813890         5.1
    813900        4.86
    813910        5.42
    813920         4.6
    813930        4.55
    813940        5.22
    813950        3.92
    813960        6.59
    813970        5.54
    813980        5.91
    813990           5
    814000        6.05
    814010        4.24
    814020        5.75
    814030        5.19
    814040        5.82
    814050        4.64
    814060        5.03
    814070        6.18
    814080        3.77
    814090        5.14
    814100        6.61
    814110        3.51
    814120        5.45
    814130        6.13
    814140        4.66
    814150        5.68
    814160        5.77
    814170        5.99
    814180        4.65
    814190        5.14
    814200        4.86
    814210        4.81
    814220        6.16
    814230        5.53
    814240        4.57
    814250        6.46
    814260        5.44
    814270         4.8
    814280         4.7
    814290        5.12
    814300        6.65
    814310        5.66
    814320        5.53
    814330        6.57
    814340        3.91
    814350        5.68
    814360        4.23
    814370        5.63
    814380        3.92
    814390        4.24
    814400        3.64
    814410        5.82
    814420        4.28
    814430        4.99
    814440        5.36
    814450        5.63
    814460        5.09
    814470        5.94
    814480        5.35
    814490        5.69
    814500        4.32
    814510        4.88
    814520        6.16
    814530        4.69
    814540        4.48
    814550        3.51
    814560         5.9
    814570        4.63
    814580        6.03
    814590        5.75
    814600        5.81
    814610        6.22
    814620        5.77
    814630        4.55
    814640        4.87
    814650        4.45
    814660        4.97
    814670        6.01
    814680        4.63
    814690        5.76
    814700         4.9
    814710        4.02
    814720        6.37
    814730        4.84
    814740        4.97
    814750        5.45
    814760        5.05
    814770         4.1
    814780        4.48
    814790         4.4
    814800        5.21
    814810        4.91
    814820        5.53
    814830        5.23
    814840        4.68
    814850        4.62
    814860        5.64
    814870        5.87
    814880        5.24
    814890        5.36
    814900        4.51
    814910        4.85
    814920        6.48
    814930        5.13
    814940        5.11
    814950        5.41
    814960        6.01
    814970        5.34
    814980        4.82
    814990        4.61
    815000        5.53
    815010        4.79
    815020        5.35
    815030        5.19
    815040        4.99
    815050        6.42
    815060        5.59
    815070        5.48
    815080        4.07
    815090        5.28
    815100        6.12
    815110        4.82
    815120        5.73
    815130         4.5
    815140        5.22
    815150        4.94
    815160        3.77
    815170        6.08
    815180        4.86
    815190        4.88
    815200         5.8
    815210        6.66
    815220        4.26
    815230        5.95
    815240         4.9
    815250        4.92
    815260        4.77
    815270        5.26
    815280        4.73
    815290        5.37
    815300        4.58
    815310        5.26
    815320        6.15
    815330        4.91
    815340         6.3
    815350        5.66
    815360           7
    815370        5.44
    815380        4.21
    815390        6.06
    815400        4.59
    815410        4.94
    815420        5.12
    815430        5.34
    815440        6.34
    815450        4.49
    815460        4.25
    815470        4.66
    815480        4.13
    815490        3.81
    815500        5.16
    815510        4.85
    815520        4.84
    815530        4.45
    815540        3.51
    815550        4.08
    815560        4.74
    815570        6.02
    815580        6.59
    815590        4.27
    815600        4.95
    815610        3.44
    815620        4.68
    815630        5.93
    815640         4.2
    815650         4.7
    815660        5.79
    815670        4.57
    815680        5.59
    815690        3.81
    815700        4.47
    815710        4.01
    815720        4.61
    815730        5.32
    815740        3.93
    815750        3.84
    815760        3.52
    815770        5.35
    815780        5.61
    815790        5.99
    815800        4.71
    815810        4.74
    815820        4.61
    815830        4.81
    815840        4.27
    815850        5.46
    815860         5.2
    815870        5.69
    815880        5.76
    815890        4.55
    815900         5.1
    815910        4.97
    815920        4.84
    815930         4.3
    815940        4.56
    815950        5.02
    815960        5.25
    815970        4.22
    815980        6.84
    815990        3.66
    816000        4.54
    816010        4.41
    816020        4.27
    816030         4.8
    816040        4.74
    816050        5.09
    816060        4.34
    816070         3.5
    816080        4.31
    816090        4.28
    816100        4.81
    816110        4.52
    816120         4.7
    816130        4.45
    816140        4.92
    816150        5.47
    816160        4.28
    816170        4.85
    816180        5.67
    816190        5.16
    816200         5.2
    816210         5.5
    816220         4.2
    816230        5.62
    816240        4.77
    816250        4.83
    816260         6.4
    816270        5.74
    816280        6.14
    816290        3.74
    816300        4.72
    816310        6.09
    816320        4.09
    816330        4.24
    816340        4.92
    816350        4.44
    816360        5.23
    816370        3.81
    816380        5.69
    816390        6.78
    816400        4.65
    816410        5.16
    816420        5.05
    816430        4.81
    816440        6.62
    816450        6.24
    816460         5.6
    816470        6.13
    816480        5.12
    816490        5.93
    816500        5.48
    816510        5.93
    816520        4.97
    816530        3.88
    816540        4.75
    816550        4.49
    816560         5.4
    816570        6.03
    816580        4.39
    816590        3.96
    816600        4.35
    816610        3.61
    816620        4.69
    816630        4.81
    816640        4.13
    816650         4.2
    816660        4.48
    816670        4.75
    816680        4.72
    816690        4.81
    816700        5.09
    816710        5.66
    816720        5.25
    816730        5.22
    816740        4.38
    816750        5.21
    816760         4.3
    816770        3.73
    816780        5.06
    816790        5.19
    816800        5.02
    816810        6.48
    816820        6.38
    816830        3.94
    816840        4.27
    816850        4.72
    816860        4.81
    816870        5.56
    816880         3.7
    816890        4.97
    816900        6.65
    816910        5.79
    816920        4.54
    816930        5.68
    816940        4.74
    816950        4.27
    816960        5.16
    816970        4.79
    816980        5.19
    816990        5.13
    817000        4.68
    817010        4.62
    817020        3.96
    817030        5.29
    817040         4.6
    817050        4.98
    817060        4.17
    817070        5.34
    817080        5.29
    817090        5.03
    817100        5.53
    817110           6
    817120        3.39
    817130        4.91
    817140        3.93
    817150         4.7
    817160        5.21
    817170        6.36
    817180        3.99
    817190        4.46
    817200        3.63
    817210        5.29
    817220        5.41
    817230        4.44
    817240        4.12
    817250        4.86
    817260        5.31
    817270        4.85
    817280         4.5
    817290        5.11
    817300        5.43
    817310        5.37
    817320        4.91
    817330        5.01
    817340        4.31
    817350        5.28
    817360        4.41
    817370        4.57
    817380        4.06
    817390        3.36
    817400        5.26
    817410        5.54
    817420        6.84
    817430        5.31
    817440         5.6
    817450        4.68
    817460        4.64
    817470        4.55
    817480        5.76
    817490        4.15
    817500        4.65
    817510        5.31
    817520        2.65
    817530        5.47
    817540         4.3
    817550         5.9
    817560        5.41
    817570        5.58
    817580        6.51
    817590        4.78
    817600        6.24
    817610        6.38
    817620        5.27
    817630        5.25
    817640        4.86
    817650        4.93
    817660        4.82
    817670        4.82
    817680        5.61
    817690        5.96
    817700         7.7
    817710        5.49
    817720        4.58
    817730        5.22
    817740        4.63
    817750        4.45
    817760        5.46
    817770        4.39
    817780         3.5
    817790        5.06
    817800        4.76
    817810        5.78
    817820         4.8
    817830        5.81
    817840        3.96
    817850        5.15
    817860        5.04
    817870        5.61
    817880         5.8
    817890        4.15
    817900        6.74
    817910        4.68
    817920        5.88
    817930        5.41
    817940        5.87
    817950        4.48
    817960        4.39
    817970        5.28
    817980        4.33
    817990        4.48
    818000        4.97
    818010        5.69
    818020        6.72
    818030        6.06
    818040        4.86
    818050         4.9
    818060        5.85
    818070        3.33
    818080        5.66
    818090        3.77
    818100        4.08
    818110        5.18
    818120        4.75
    818130         5.2
    818140        5.54
    818150        5.16
    818160        3.28
    818170        5.29
    818180        4.15
    818190        4.18
    818200        5.06
    818210        4.86
    818220         5.8
    818230        4.58
    818240        4.43
    818250        3.95
    818260        5.89
    818270        4.76
    818280        6.62
    818290        6.42
    818300        4.39
    818310        5.23
    818320        5.48
    818330        5.25
    818340         5.1
    818350         6.7
    818360        5.22
    818370        5.78
    818380        4.06
    818390        5.07
    818400        4.81
    818410        4.14
    818420        4.13
    818430        6.59
    818440        4.15
    818450        4.25
    818460        4.84
    818470        4.46
    818480        5.15
    818490        4.95
    818500        5.22
    818510        4.07
    818520        5.06
    818530        5.09
    818540        3.09
    818550        6.13
    818560        4.78
    818570         4.5
    818580        4.52
    818590        5.77
    818600        4.04
    818610        4.25
    818620        5.01
    818630        4.99
    818640        4.37
    818650        6.79
    818660        5.57
    818670        6.11
    818680        4.53
    818690         5.4
    818700        5.76
    818710        5.44
    818720        5.26
    818730         5.1
    818740        6.51
    818750         6.7
    818760        5.14
    818770        5.32
    818780        6.55
    818790        4.66
    818800         5.1
    818810        5.41
    818820         5.6
    818830        5.12
    818840        5.57
    818850        6.09
    818860        5.66
    818870        4.24
    818880        6.05
    818890        4.16
    818900        5.43
    818910        7.33
    818920        6.44
    818930         5.2
    818940        7.55
    818950         6.2
    818960         5.5
    818970        4.17
    818980        5.35
    818990        5.07
    819000        4.39
    819010        5.44
    819020        6.07
    819030        4.96
    819040        4.91
    819050        4.41
    819060        6.51
    819070        5.12
    819080        4.82
    819090        5.55
    819100        4.03
    819110        4.18
    819120        4.86
    819130        4.84
    819140        6.88
    819150        4.95
    819160        4.28
    819170        4.03
    819180        5.55
    819190        6.73
    819200        5.07
    819210        6.87
    819220        5.93
    819230        3.98
    819240        5.43
    819250        5.65
    819260        4.93
    819270        6.03
    819280        6.17
    819290           5
    819300        5.39
    819310           4
    819320        6.01
    819330        5.66
    819340        4.22
    819350        3.46
    819360        5.11
    819370         5.5
    819380        5.28
    819390        3.93
    819400        4.92
    819410        6.58
    819420        5.74
    819430        3.66
    819440         5.3
    819450        5.64
    819460        3.21
    819470        5.26
    819480        5.54
    819490        4.18
    819500        4.48
    819510        5.05
    819520        6.06
    819530        5.72
    819540         4.1
    819550        4.97
    819560        5.76
    819570        4.21
    819580        6.23
    819590         4.1
    819600        5.05
    819610           5
    819620        4.19
    819630        4.86
    819640        5.32
    819650        5.92
    819660        5.07
    819670        5.69
    819680        5.61
    819690        4.52
    819700         5.1
    819710         5.7
    819720        6.54
    819730         4.5
    819740        6.13
    819750        5.37
    819760        5.97
    819770        5.19
    819780         5.5
    819790        4.29
    819800        6.28
    819810        5.35
    819820        5.36
    819830        5.37
    819840        5.09
    819850        6.23
    819860        5.21
    819870        5.16
    819880        5.63
    819890        5.02
    819900        4.24
    819910        3.77
    819920        3.72
    819930        5.62
    819940        6.34
    819950        5.57
    819960         4.7
    819970         5.2
    819980        5.58
    819990        5.71
    820000        4.81
    820010        5.69
    820020        5.44
    820030        4.81
    820040        5.87
    820050         5.7
    820060        4.11
    820070        4.22
    820080        4.99
    820090        4.29
    820100        5.04
    820110        3.72
    820120         4.6
    820130        5.85
    820140        5.07
    820150        5.29
    820160        4.88
    820170        5.26
    820180        5.41
    820190        3.67
    820200         5.2
    820210        4.44
    820220        5.87
    820230        4.99
    820240        3.95
    820250        3.55
    820260        5.22
    820270        4.43
    820280        6.37
    820290        5.66
    820300        5.13
    820310        4.82
    820320        5.82
    820330        4.09
    820340        4.44
    820350         5.9
    820360        5.29
    820370        5.57
    820380        5.98
    820390        6.38
    820400        5.18
    820410        5.19
    820420        3.88
    820430         4.8
    820440           4
    820450        4.49
    820460        4.64
    820470        5.39
    820480        4.73
    820490        4.34
    820500        3.76
    820510        4.46
    820520        4.21
    820530        3.56
    820540        5.17
    820550        4.26
    820560        4.16
    820570        5.72
    820580        3.99
    820590        4.47
    820600        3.47
    820610        4.72
    820620        6.23
    820630        4.58
    820640        3.55
    820650        4.21
    820660        4.83
    820670        3.99
    820680        4.32
    820690        3.52
    820700        5.32
    820710         6.2
    820720        5.17
    820730        4.88
    820740        4.07
    820750         4.6
    820760        6.08
    820770        5.24
    820780        6.71
    820790        4.21
    820800        4.04
    820810        5.49
    820820        5.01
    820830        5.08
    820840        5.49
    820850        3.69
    820860        5.59
    820870        5.19
    820880         5.9
    820890        3.89
    820900         5.5
    820910        6.41
    820920        4.11
    820930        4.99
    820940        5.28
    820950        3.94
    820960        5.61
    820970         5.9
    820980        4.69
    820990         5.2
    821000        5.01
    821010        4.43
    821020        5.57
    821030        4.54
    821040         5.3
    821050        4.16
    821060        6.12
    821070        5.66
    821080        6.12
    821090        6.38
    821100        5.05
    821110        5.82
    821120        4.91
    821130        5.48
    821140        4.27
    821150        4.49
    821160        5.86
    821170        5.69
    821180        4.14
    821190        4.12
    821200           5
    821210        5.41
    821220        4.86
    821230        4.46
    821240        4.76
    821250        5.91
    821260           5
    821270        3.42
    821280        5.76
    821290        4.33
    821300        5.01
    821310        4.52
    821320        5.42
    821330        3.15
    821340        4.59
    821350        5.06
    821360        5.58
    821370        5.67
    821380        4.64
    821390        4.39
    821400         4.8
    821410        5.33
    821420        4.58
    821430        4.16
    821440        5.03
    821450         4.7
    821460        6.65
    821470        3.81
    821480        4.71
    821490        4.23
    821500        5.88
    821510           5
    821520        4.83
    821530        4.95
    821540        6.08
    821550        4.07
    821560        5.09
    821570        4.92
    821580        5.66
    821590        5.28
    821600        5.11
    821610         4.8
    821620        5.03
    821630        5.32
    821640           6
    821650        4.73
    821660         5.6
    821670        4.58
    821680         5.1
    821690        4.43
    821700           5
    821710        6.06
    821720        5.26
    821730        4.43
    821740        3.87
    821750        3.43
    821760        5.14
    821770        5.21
    821780        3.51
    821790        6.86
    821800        4.97
    821810           5
    821820        6.13
    821830        4.58
    821840        4.96
    821850        5.28
    821860        4.62
    821870        5.62
    821880         5.7
    821890        4.92
    821900        4.85
    821910        5.15
    821920        5.32
    821930        5.23
    821940        5.81
    821950        5.84
    821960        4.87
    821970        5.23
    821980        5.35
    821990        6.12
    822000        4.69
    822010        4.43
    822020        5.39
    822030         5.7
    822040         3.9
    822050        4.06
    822060        5.33
    822070        5.97
    822080           5
    822090        4.18
    822100        5.69
    822110        4.87
    822120        4.66
    822130         4.3
    822140        4.68
    822150        5.48
    822160        5.32
    822170        4.74
    822180        5.36
    822190           5
    822200        4.08
    822210        5.16
    822220        5.08
    822230        5.46
    822240        4.73
    822250        5.12
    822260         4.6
    822270        5.85
    822280        4.18
    822290        5.61
    822300        4.15
    822310        3.62
    822320        4.05
    822330        6.04
    822340        6.12
    822350        5.38
    822360        5.43
    822370        4.67
    822380        5.51
    822390        5.03
    822400        3.48
    822410        5.31
    822420        5.89
    822430        4.39
    822440        5.53
    822450        5.77
    822460        5.28
    822470        4.95
    822480        4.33
    822490        5.22
    822500        5.08
    822510        5.61
    822520         6.2
    822530           5
    822540        5.89
    822550        4.49
    822560        4.66
    822570        4.65
    822580         5.5
    822590        5.66
    822600        5.47
    822610         5.4
    822620        5.49
    822630        5.47
    822640        6.79
    822650        5.96
    822660        5.64
    822670         4.6
    822680        5.59
    822690        4.79
    822700        5.53
    822710        5.88
    822720           5
    822730        4.35
    822740        5.11
    822750        6.66
    822760        4.35
    822770        4.73
    822780        6.11
    822790         5.1
    822800        3.99
    822810        4.41
    822820        5.76
    822830        4.43
    822840        3.86
    822850        5.64
    822860        4.28
    822870        5.31
    822880         5.2
    822890        5.68
    822900        5.59
    822910        4.88
    822920        5.44
    822930        4.99
    822940        4.34
    822950        5.26
    822960        4.53
    822970        5.25
    822980        4.21
    822990        6.92
    823000        4.75
    823010        4.36
    823020        5.62
    823030         4.7
    823040        4.91
    823050        5.43
    823060        4.86
    823070        3.86
    823080        6.01
    823090        4.04
    823100        4.34
    823110        4.83
    823120        5.45
    823130        4.47
    823140        7.09
    823150        5.73
    823160         4.9
    823170         5.3
    823180        5.03
    823190        6.15
    823200        6.24
    823210        5.16
    823220        5.53
    823230        4.72
    823240        4.52
    823250        4.44
    823260         3.2
    823270        4.69
    823280        4.37
    823290        5.84
    823300        5.42
    823310        4.92
    823320        4.64
    823330        5.82
    823340        4.81
    823350        5.68
    823360        4.21
    823370        4.48
    823380        4.24
    823390         6.1
    823400        6.14
    823410         5.1
    823420         5.9
    823430        6.13
    823440        7.48
    823450        5.67
    823460        5.19
    823470        4.73
    823480        4.84
    823490        5.24
    823500        5.34
    823510         4.7
    823520        5.54
    823530        4.45
    823540           5
    823550        5.07
    823560        4.99
    823570         5.4
    823580        5.04
    823590         5.5
    823600        4.85
    823610        5.28
    823620        4.21
    823630         4.5
    823640        6.04
    823650        5.67
    823660        5.26
    823670        4.44
    823680        5.32
    823690        6.17
    823700        6.16
    823710        4.56
    823720        5.83
    823730        5.41
    823740        5.22
    823750        5.91
    823760        4.03
    823770        4.32
    823780        4.49
    823790        5.89
    823800        4.99
    823810        4.37
    823820        4.62
    823830        4.16
    823840        5.07
    823850        5.72
    823860        4.62
    823870        5.06
    823880        6.15
    823890        4.98
    823900        4.42
    823910        4.44
    823920        4.85
    823930        5.99
    823940        5.02
    823950        3.77
    823960        5.27
    823970        4.97
    823980         5.3
    823990        5.35
    824000        4.89
    824010        4.49
    824020        4.08
    824030        5.51
    824040        4.86
    824050        4.79
    824060        5.85
    824070        4.26
    824080        5.58
    824090        4.47
    824100        3.53
    824110        5.39
    824120        4.95
    824130        4.98
    824140        4.03
    824150        5.11
    824160        5.12
    824170        4.13
    824180        5.97
    824190        3.88
    824200        4.79
    824210        4.78
    824220        4.24
    824230        4.89
    824240        4.46
    824250        4.42
    824260         4.9
    824270        4.72
    824280        5.73
    824290        5.31
    824300        3.92
    824310         3.9
    824320        5.53
    824330        5.13
    824340        4.99
    824350        4.79
    824360        6.58
    824370        6.54
    824380        5.48
    824390        4.22
    824400        5.71
    824410        4.75
    824420        4.08
    824430        6.32
    824440        5.24
    824450        5.43
    824460        5.08
    824470        5.17
    824480        4.77
    824490        5.43
    824500        6.03
    824510        4.05
    824520        4.32
    824530        6.33
    824540        4.09
    824550        3.61
    824560        5.87
    824570        4.77
    824580        4.57
    824590        3.63
    824600        5.28
    824610        5.82
    824620        3.95
    824630        4.57
    824640        5.24
    824650        4.68
    824660        5.42
    824670        4.95
    824680        3.66
    824690        5.46
    824700        4.58
    824710         4.7
    824720        4.11
    824730           6
    824740        4.58
    824750        4.83
    824760         5.5
    824770        5.41
    824780        5.28
    824790        4.29
    824800        4.75
    824810        3.75
    824820        4.64
    824830        4.36
    824840        5.67
    824850        4.24
    824860        5.53
    824870        6.23
    824880        5.84
    824890        4.53
    824900        4.31
    824910        4.04
    824920        3.87
    824930        4.82
    824940        4.26
    824950        4.01
    824960        3.69
    824970         3.5
    824980         4.2
    824990        4.11
    825000         5.2
    825010        4.95
    825020        5.56
    825030        5.45
    825040        4.48
    825050        3.87
    825060        3.74
    825070        5.06
    825080           5
    825090        5.26
    825100        5.13
    825110        4.44
    825120         5.8
    825130         5.5
    825140        5.56
    825150        4.84
    825160        4.13
    825170        4.33
    825180        4.89
    825190        4.85
    825200        2.84
    825210        5.22
    825220        6.14
    825230        4.88
    825240        4.42
    825250        4.25
    825260        4.81
    825270        4.75
    825280        4.96
    825290        5.09
    825300        4.14
    825310        5.02
    825320        4.95
    825330        5.65
    825340        4.68
    825350        5.09
    825360        4.08
    825370        4.24
    825380        3.87
    825390        4.03
    825400         4.7
    825410        5.59
    825420        5.09
    825430        4.35
    825440        3.69
    825450        5.17
    825460        5.06
    825470        3.84
    825480        3.85
    825490        4.65
    825500        5.36
    825510        5.06
    825520        4.25
    825530        4.41
    825540        4.33
    825550        3.24
    825560        4.97
    825570        4.98
    825580           5
    825590         4.3
    825600        4.93
    825610        4.99
    825620        5.06
    825630        4.74
    825640        5.27
    825650           5
    825660        3.82
    825670        3.75
    825680        4.08
    825690        4.63
    825700        3.54
    825710        5.89
    825720        4.73
    825730        5.33
    825740        3.81
    825750        4.15
    825760        4.94
    825770        4.86
    825780        4.24
    825790        4.55
    825800        4.88
    825810        4.69
    825820        4.99
    825830        4.31
    825840        4.63
    825850        5.28
    825860        5.31
    825870        5.44
    825880        3.91
    825890        4.92
    825900        4.82
    825910        4.96
    825920        4.61
    825930         4.1
    825940        4.12
    825950        4.54
    825960        4.47
    825970        5.53
    825980        5.58
    825990        4.65
    826000        4.34
    826010        5.07
    826020        4.74
    826030        4.77
    826040        5.02
    826050        5.58
    826060         4.1
    826070        5.09
    826080        3.96
    826090        3.23
    826100         4.9
    826110         3.8
    826120        5.93
    826130        5.31
    826140        3.76
    826150        5.24
    826160        4.99
    826170        5.58
    826180        5.14
    826190        4.53
    826200        5.33
    826210        3.81
    826220        5.01
    826230        3.96
    826240        5.04
    826250        4.28
    826260        4.97
    826270        4.33
    826280        4.49
    826290        4.62
    826300        4.19
    826310        4.54
    826320        3.95
    826330        4.37
    826340        4.38
    826350        4.04
    826360        5.45
    826370        3.34
    826380        6.27
    826390        4.08
    826400        4.33
    826410         4.2
    826420        4.78
    826430        5.87
    826440        3.05
    826450        4.47
    826460        5.47
    826470        4.68
    826480        5.69
    826490        4.38
    826500        4.81
    826510         4.2
    826520        5.42
    826530        5.23
    826540        4.61
    826550        4.64
    826560        3.81
    826570        4.49
    826580        4.95
    826590        5.37
    826600        4.43
    826610        4.78
    826620        5.23
    826630        5.25
    826640        4.81
    826650        3.83
    826660        4.83
    826670        4.39
    826680        5.97
    826690        5.26
    826700        4.59
    826710        3.78
    826720        5.58
    826730        4.63
    826740        5.15
    826750        4.81
    826760        3.56
    826770        4.28
    826780        4.66
    826790        4.53
    826800        4.15
    826810        5.87
    826820        5.74
    826830        3.78
    826840        5.06
    826850        4.68
    826860        4.99
    826870        4.46
    826880        3.39
    826890        5.05
    826900        4.97
    826910        4.31
    826920        4.37
    826930        4.72
    826940         3.9
    826950        4.67
    826960        4.64
    826970        4.02
    826980        5.25
    826990        5.15
    827000        3.78
    827010         5.6
    827020        4.94
    827030        3.59
    827040        5.56
    827050        4.16
    827060        4.68
    827070        4.57
    827080        3.49
    827090         5.6
    827100        3.54
    827110        4.89
    827120         4.7
    827130        3.03
    827140        3.52
    827150        4.55
    827160        4.37
    827170        5.14
    827180         4.8
    827190        4.56
    827200        4.17
    827210        5.28
    827220         4.5
    827230        3.51
    827240        5.13
    827250        4.59
    827260        3.09
    827270        4.81
    827280        5.33
    827290        3.94
    827300        4.99
    827310        4.21
    827320         5.1
    827330        3.44
    827340        4.48
    827350        4.86
    827360        5.42
    827370        5.44
    827380        5.12
    827390         6.7
    827400        3.81
    827410        4.97
    827420        6.18
    827430        3.63
    827440        5.39
    827450        4.64
    827460        5.57
    827470         3.5
    827480        5.08
    827490        4.13
    827500        5.01
    827510        4.63
    827520        4.98
    827530        5.34
    827540        5.77
    827550        4.33
    827560         5.7
    827570        5.82
    827580        5.64
    827590        5.27
    827600        5.18
    827610        4.53
    827620        5.01
    827630        4.38
    827640        3.24
    827650        4.05
    827660        4.58
    827670        5.41
    827680        5.46
    827690        5.68
    827700        5.61
    827710        5.34
    827720        4.42
    827730        4.57
    827740        4.95
    827750         4.5
    827760        5.18
    827770        4.44
    827780        3.97
    827790        5.46
    827800        4.52
    827810        5.16
    827820        3.88
    827830        5.21
    827840        3.96
    827850        3.92
    827860        4.32
    827870        4.05
    827880        4.69
    827890        4.36
    827900         5.9
    827910        4.67
    827920        3.56
    827930        3.78
    827940        4.79
    827950        5.61
    827960        6.07
    827970        4.67
    827980        5.05
    827990        5.49
    828000        4.73
    828010        5.84
    828020        4.25
    828030        5.68
    828040        5.07
    828050        4.59
    828060        5.05
    828070        6.58
    828080        5.99
    828090         5.6
    828100        5.23
    828110        6.18
    828120         4.7
    828130        5.07
    828140        5.82
    828150         3.4
    828160         4.9
    828170        5.09
    828180        5.88
    828190        5.76
    828200        5.97
    828210        4.66
    828220        4.39
    828230        4.01
    828240        4.43
    828250        4.67
    828260        5.01
    828270        5.23
    828280        4.83
    828290        4.54
    828300        4.23
    828310        5.05
    828320        3.91
    828330         5.3
    828340        4.27
    828350        4.85
    828360        4.55
    828370        3.67
    828380        4.11
    828390        4.11
    828400        4.93
    828410        4.66
    828420        4.58
    828430        5.02
    828440        4.17
    828450        4.77
    828460        4.99
    828470        3.37
    828480        3.46
    828490        4.26
    828500        4.57
    828510        5.28
    828520        5.76
    828530         5.8
    828540        5.54
    828550         5.4
    828560        5.44
    828570        4.52
    828580           5
    828590        4.71
    828600        4.71
    828610        4.74
    828620        4.13
    828630         5.4
    828640        5.35
    828650        4.16
    828660        5.91
    828670        4.22
    828680        4.81
    828690         4.1
    828700        4.37
    828710        4.77
    828720        4.64
    828730        4.75
    828740         5.1
    828750        5.96
    828760         3.7
    828770         5.3
    828780         4.3
    828790        4.56
    828800        3.87
    828810        5.94
    828820        5.39
    828830        5.11
    828840        4.62
    828850        4.91
    828860        5.18
    828870        6.32
    828880        4.61
    828890        3.94
    828900        5.39
    828910           5
    828920        5.28
    828930        4.08
    828940        4.97
    828950        4.56
    828960        4.68
    828970        5.09
    828980        4.49
    828990        4.12
    829000         5.9
    829010        4.48
    829020           5
    829030        5.39
    829040        5.12
    829050        6.44
    829060         5.4
    829070        5.33
    829080        5.42
    829090        5.45
    829100        4.73
    829110        4.67
    829120        5.41
    829130        4.81
    829140        5.49
    829150        4.17
    829160        5.37
    829170        4.67
    829180        3.83
    829190        5.44
    829200         4.8
    829210        5.69
    829220        6.41
    829230        3.85
    829240        4.46
    829250        4.58
    829260        5.28
    829270        3.53
    829280        5.17
    829290        4.99
    829300        3.65
    829310        5.64
    829320        5.22
    829330        5.32
    829340        4.68
    829350        4.39
    829360        5.46
    829370        3.78
    829380         5.8
    829390        4.31
    829400        4.79
    829410        5.91
    829420        5.06
    829430        5.83
    829440        3.51
    829450        4.26
    829460        5.62
    829470        6.83
    829480         5.7
    829490        5.51
    829500        5.36
    829510        5.61
    829520         6.3
    829530        4.46
    829540        5.08
    829550        5.56
    829560        4.54
    829570        5.54
    829580        5.13
    829590        4.15
    829600        5.67
    829610        6.29
    829620        4.88
    829630        5.45
    829640        5.52
    829650        4.89
    829660        4.68
    829670        3.76
    829680        5.63
    829690        5.09
    829700        5.77
    829710        5.59
    829720        5.15
    829730        6.81
    829740        6.63
    829750        6.31
    829760        4.28
    829770        4.73
    829780         5.7
    829790        3.99
    829800        5.26
    829810        4.36
    829820        4.65
    829830        6.21
    829840        4.78
    829850        5.58
    829860        5.25
    829870        5.27
    829880        5.74
    829890        4.77
    829900        5.24
    829910        4.99
    829920        5.65
    829930         5.3
    829940        5.82
    829950        5.91
    829960        5.96
    829970        5.39
    829980        3.32
    829990        4.75
    830000        5.01
    830010        4.99
    830020         4.8
    830030        4.97
    830040        6.35
    830050         5.4
    830060        4.82
    830070        5.27
    830080        4.88
    830090        5.35
    830100        5.68
    830110        5.27
    830120         6.6
    830130        4.99
    830140        7.31
    830150        5.84
    830160        5.96
    830170        4.28
    830180        4.84
    830190        5.17
    830200        4.25
    830210        5.98
    830220        4.35
    830230        5.38
    830240        4.27
    830250        5.97
    830260         4.9
    830270         4.3
    830280        5.67
    830290        5.25
    830300        5.46
    830310        5.38
    830320        6.36
    830330        5.11
    830340        5.66
    830350        5.43
    830360        4.96
    830370        4.94
    830380        4.73
    830390        4.36
    830400        4.81
    830410        4.94
    830420        4.95
    830430        4.78
    830440        4.83
    830450        5.29
    830460        5.03
    830470        6.03
    830480        4.76
    830490        6.67
    830500         5.6
    830510        4.65
    830520        5.94
    830530        5.54
    830540        5.61
    830550        4.88
    830560        5.43
    830570        4.75
    830580        5.85
    830590        4.96
    830600        4.95
    830610        4.06
    830620        4.73
    830630        5.86
    830640        3.78
    830650        5.28
    830660        6.28
    830670        5.15
    830680        5.63
    830690        4.05
    830700        4.08
    830710        5.62
    830720        4.75
    830730        4.05
    830740        5.55
    830750        5.03
    830760        5.42
    830770        4.66
    830780        5.57
    830790        4.72
    830800         4.1
    830810        4.59
    830820        5.21
    830830        5.36
    830840        4.59
    830850        4.75
    830860        4.03
    830870         5.6
    830880        3.81
    830890        5.22
    830900        4.48
    830910        4.84
    830920        5.35
    830930        4.85
    830940        5.73
    830950        4.74
    830960        4.72
    830970        4.88
    830980        3.63
    830990        5.88
    831000        6.18
    831010        5.48
    831020        5.54
    831030        4.67
    831040         4.1
    831050        4.08
    831060        4.65
    831070        5.53
    831080        5.15
    831090        6.27
    831100        5.43
    831110        4.75
    831120        4.72
    831130        5.46
    831140        4.39
    831150        5.07
    831160        5.34
    831170        4.97
    831180        3.75
    831190        5.02
    831200        4.07
    831210        5.12
    831220        4.46
    831230         5.3
    831240        5.25
    831250         5.3
    831260        5.01
    831270        5.48
    831280        5.37
    831290        4.73
    831300        4.58
    831310        3.97
    831320        5.28
    831330        6.13
    831340        4.11
    831350        4.18
    831360        4.38
    831370        5.34
    831380        4.33
    831390        4.89
    831400        5.27
    831410        4.98
    831420        6.16
    831430        5.38
    831440         4.9
    831450        5.48
    831460         5.7
    831470         5.2
    831480        4.97
    831490        4.84
    831500        4.48
    831510        4.87
    831520        5.29
    831530        4.43
    831540        5.33
    831550        4.44
    831560        4.56
    831570        4.24
    831580        5.11
    831590        5.17
    831600        5.07
    831610        4.64
    831620        5.26
    831630        6.04
    831640           5
    831650        4.34
    831660        5.02
    831670        4.96
    831680        4.54
    831690        6.07
    831700        6.76
    831710        4.12
    831720        5.75
    831730        5.98
    831740        5.98
    831750         4.8
    831760        5.36
    831770        5.68
    831780        5.01
    831790        5.79
    831800        4.53
    831810        4.81
    831820        4.87
    831830        5.53
    831840        5.57
    831850        5.03
    831860        5.04
    831870        4.82
    831880        6.29
    831890        5.46
    831900        4.65
    831910        5.73
    831920        5.56
    831930         4.2
    831940         3.9
    831950        5.22
    831960        5.57
    831970         5.8
    831980        4.57
    831990        4.67
    832000        4.18
    832010        5.97
    832020        4.41
    832030        5.01
    832040         6.2
    832050        5.37
    832060        5.09
    832070        3.63
    832080        3.61
    832090        5.33
    832100         5.3
    832110        5.23
    832120        5.79
    832130        4.27
    832140        4.29
    832150        5.53
    832160        3.55
    832170        4.57
    832180        4.78
    832190        5.59
    832200        4.33
    832210        3.69
    832220        4.17
    832230        4.95
    832240        5.34
    832250        5.01
    832260        3.72
    832270        4.31
    832280         5.1
    832290        4.73
    832300        5.23
    832310        5.35
    832320        5.32
    832330        4.92
    832340        3.91
    832350        5.18
    832360        4.87
    832370        4.86
    832380        3.66
    832390        3.68
    832400        4.97
    832410        4.58
    832420         5.2
    832430        5.08
    832440        4.55
    832450        6.35
    832460        6.08
    832470        4.79
    832480        4.53
    832490        4.35
    832500        3.82
    832510        5.47
    832520        4.95
    832530        4.98
    832540        3.29
    832550        4.16
    832560        5.35
    832570        5.22
    832580        4.97
    832590         3.8
    832600         6.2
    832610        5.58
    832620        6.69
    832630        6.24
    832640        6.27
    832650        4.94
    832660         5.8
    832670        5.87
    832680        5.82
    832690         5.6
    832700        4.91
    832710        5.94
    832720        5.21
    832730        5.35
    832740        4.43
    832750        4.13
    832760        5.06
    832770        5.88
    832780        5.53
    832790        5.35
    832800        5.63
    832810        4.26
    832820        5.44
    832830        5.24
    832840         5.6
    832850        4.89
    832860        5.31
    832870        4.73
    832880        4.85
    832890        4.41
    832900        4.07
    832910        5.15
    832920        4.34
    832930        5.54
    832940        4.85
    832950        3.98
    832960        5.19
    832970        5.03
    832980        4.37
    832990        4.23
    833000        4.92
    833010        5.54
    833020        4.59
    833030        4.71
    833040        5.37
    833050        5.39
    833060        5.37
    833070        4.06
    833080        4.72
    833090         5.5
    833100        4.46
    833110        4.22
    833120        4.05
    833130        4.29
    833140        6.52
    833150        3.59
    833160        4.25
    833170         4.7
    833180        3.52
    833190         3.6
    833200        5.45
    833210        4.79
    833220        5.19
    833230        5.23
    833240        4.67
    833250        5.23
    833260        4.64
    833270        4.63
    833280        5.41
    833290         4.5
    833300        4.96
    833310        4.62
    833320        4.22
    833330        4.33
    833340        4.79
    833350        5.73
    833360        5.14
    833370        3.84
    833380        4.85
    833390        5.29
    833400         5.6
    833410        5.43
    833420        4.88
    833430        4.46
    833440        4.85
    833450        6.17
    833460        5.06
    833470        4.74
    833480        5.02
    833490        5.02
    833500        3.93
    833510        4.23
    833520        5.56
    833530        4.76
    833540         5.5
    833550        5.38
    833560        5.33
    833570        4.61
    833580        4.63
    833590        4.21
    833600        4.22
    833610        4.56
    833620        4.56
    833630        4.61
    833640        5.25
    833650         5.8
    833660        5.26
    833670        4.21
    833680        5.57
    833690        4.72
    833700           5
    833710        5.45
    833720         4.7
    833730        3.67
    833740        6.46
    833750        5.87
    833760        4.76
    833770        5.15
    833780        5.75
    833790        4.39
    833800        4.37
    833810           5
    833820        6.84
    833830        4.39
    833840           6
    833850        4.83
    833860        5.86
    833870        3.61
    833880        4.44
    833890        6.14
    833900        5.67
    833910        6.69
    833920        4.56
    833930        4.68
    833940        5.75
    833950        4.89
    833960        3.74
    833970        5.19
    833980        5.74
    833990        5.05
    834000         4.6
    834010        4.68
    834020        6.03
    834030         5.9
    834040        5.81
    834050        5.76
    834060        4.91
    834070        5.57
    834080        3.37
    834090        5.44
    834100        6.95
    834110        5.19
    834120        4.32
    834130        6.32
    834140        3.22
    834150        4.46
    834160         6.2
    834170        5.62
    834180        5.65
    834190        4.35
    834200        3.78
    834210        4.84
    834220        5.51
    834230        3.91
    834240        5.13
    834250        4.97
    834260         5.8
    834270        5.05
    834280        5.04
    834290        6.91
    834300        4.88
    834310        3.98
    834320        4.45
    834330        4.73
    834340        4.26
    834350        4.25
    834360        4.82
    834370        5.56
    834380        4.08
    834390        5.43
    834400        4.58
    834410        5.05
    834420        5.29
    834430        3.88
    834440        5.14
    834450        5.85
    834460        5.53
    834470        4.85
    834480        5.11
    834490        5.82
    834500        5.17
    834510        4.75
    834520        5.73
    834530        5.23
    834540         5.7
    834550        4.84
    834560        4.59
    834570        5.52
    834580        4.76
    834590         4.6
    834600        4.83
    834610        4.59
    834620         5.1
    834630         5.5
    834640        5.54
    834650        4.64
    834660        4.83
    834670        6.15
    834680        6.66
    834690        5.49
    834700        4.27
    834710         4.7
    834720         3.8
    834730        4.54
    834740        4.97
    834750        4.55
    834760        3.97
    834770        4.94
    834780        3.18
    834790        4.03
    834800        4.32
    834810        5.48
    834820        5.14
    834830        5.25
    834840        5.55
    834850           5
    834860        5.21
    834870        5.58
    834880        6.09
    834890        4.69
    834900         4.2
    834910        4.84
    834920         3.8
    834930         4.3
    834940        3.55
    834950        4.47
    834960        2.91
    834970         3.7
    834980        4.88
    834990        4.56
    835000        4.66
    835010         4.2
    835020        4.74
    835030         4.5
    835040        4.44
    835050         4.1
    835060        4.44
    835070        3.91
    835080        5.73
    835090         4.3
    835100        3.91
    835110        4.12
    835120        3.88
    835130         3.4
    835140        3.97
    835150        5.07
    835160        4.69
    835170         4.3
    835180        5.11
    835190        5.58
    835200        4.53
    835210        5.02
    835220        5.33
    835230        5.71
    835240        5.23
    835250        3.08
    835260        3.08
    835270        4.23
    835280         4.9
    835290        5.06
    835300        7.01
    835310        3.44
    835320        5.29
    835330        5.59
    835340        3.88
    835350        4.46
    835360        4.43
    835370        4.26
    835380        5.03
    835390        5.13
    835400        5.26
    835410        5.13
    835420        4.49
    835430         5.6
    835440        4.52
    835450        4.87
    835460        4.23
    835470        4.95
    835480        3.57
    835490        4.53
    835500        4.85
    835510        4.18
    835520        4.72
    835530         5.5
    835540        4.09
    835550        4.16
    835560         4.8
    835570        3.61
    835580        5.01
    835590        4.39
    835600        4.25
    835610        5.13
    835620           6
    835630        5.17
    835640        5.38
    835650        5.26
    835660        5.14
    835670        3.69
    835680        4.63
    835690        4.62
    835700        4.25
    835710         4.6
    835720        5.25
    835730        4.34
    835740        5.26
    835750        4.39
    835760        5.76
    835770        4.98
    835780        4.75
    835790        3.93
    835800           6
    835810        4.11
    835820        4.91
    835830        4.99
    835840        4.97
    835850        5.66
    835860        5.05
    835870        4.23
    835880        5.19
    835890        5.18
    835900        3.95
    835910        3.87
    835920        4.78
    835930        5.46
    835940        5.43
    835950        4.92
    835960        5.15
    835970        5.19
    835980        4.23
    835990        5.63
    836000         6.1
    836010        4.82
    836020        3.09
    836030        4.07
    836040        5.19
    836050         4.8
    836060        4.05
    836070        5.18
    836080        4.72
    836090        5.55
    836100        5.24
    836110        3.89
    836120         4.2
    836130         5.1
    836140        3.33
    836150        4.34
    836160        4.25
    836170         5.1
    836180        3.99
    836190        5.13
    836200        4.72
    836210        4.71
    836220        4.57
    836230        3.55
    836240        5.33
    836250        4.73
    836260        5.21
    836270        5.12
    836280        5.09
    836290        5.42
    836300        4.86
    836310        3.69
    836320           5
    836330        5.62
    836340        5.53
    836350        5.15
    836360        4.72
    836370        6.22
    836380        4.66
    836390        4.08
    836400        4.67
    836410           4
    836420        3.88
    836430        4.25
    836440        4.49
    836450        4.67
    836460        3.99
    836470        3.74
    836480        4.97
    836490        4.54
    836500        5.58
    836510        5.05
    836520        5.29
    836530        4.93
    836540        4.78
    836550        4.78
    836560        5.38
    836570        6.12
    836580        4.73
    836590        5.28
    836600        4.92
    836610        4.11
    836620         5.8
    836630        4.26
    836640        4.43
    836650        4.72
    836660        4.49
    836670         5.8
    836680           4
    836690        4.94
    836700        5.25
    836710        5.06
    836720        4.95
    836730        4.38
    836740        3.98
    836750        3.87
    836760        4.61
    836770        4.52
    836780        5.06
    836790        4.19
    836800        5.51
    836810        5.72
    836820        7.03
    836830        4.61
    836840        3.64
    836850        5.69
    836860         4.3
    836870        4.74
    836880        4.91
    836890        4.33
    836900        5.07
    836910        3.44
    836920        4.83
    836930        3.51
    836940        5.19
    836950        5.16
    836960        4.78
    836970        4.88
    836980        4.48
    836990        4.19
    837000        4.86
    837010        4.67
    837020        4.71
    837030        4.07
    837040        4.04
    837050        4.06
    837060        5.81
    837070        4.33
    837080           3
    837090        3.98
    837100        5.05
    837110        4.96
    837120        4.75
    837130        3.45
    837140        5.02
    837150        3.82
    837160         5.2
    837170        4.79
    837180        3.97
    837190        4.45
    837200        4.68
    837210        4.98
    837220        4.54
    837230        5.07
    837240        4.78
    837250        5.59
    837260        4.67
    837270        4.52
    837280        3.52
    837290        5.12
    837300        4.87
    837310        5.57
    837320         5.3
    837330        5.46
    837340        4.91
    837350        4.73
    837360        6.14
    837370        3.86
    837380        4.62
    837390        5.66
    837400        4.78
    837410         5.3
    837420        4.41
    837430        4.27
    837440        4.99
    837450        5.82
    837460        4.04
    837470        7.03
    837480        5.07
    837490         6.3
    837500        4.46
    837510        4.81
    837520         4.9
    837530        5.19
    837540        4.22
    837550        4.96
    837560        4.56
    837570        3.72
    837580         5.2
    837590        4.74
    837600        4.54
    837610        5.54
    837620        4.33
    837630        4.49
    837640        5.25
    837650        4.84
    837660        5.06
    837670        5.51
    837680        4.89
    837690        4.69
    837700        6.41
    837710        5.97
    837720        4.92
    837730        4.54
    837740        3.63
    837750        5.18
    837760        5.28
    837770        3.48
    837780        4.39
    837790         4.3
    837800        5.09
    837810        4.44
    837820        4.84
    837830        4.99
    837840        4.36
    837850        4.54
    837860        3.72
    837870        4.11
    837880        4.89
    837890        4.63
    837900        3.76
    837910        4.86
    837920        4.53
    837930         5.5
    837940        6.18
    837950        4.06
    837960        4.48
    837970        4.77
    837980        4.81
    837990        4.19
    838000        5.71
    838010        3.88
    838020        6.15
    838030        5.87
    838040        5.01
    838050        4.65
    838060        4.53
    838070         4.7
    838080        6.19
    838090        3.66
    838100         4.2
    838110        4.51
    838120        4.95
    838130        5.05
    838140        3.63
    838150        5.47
    838160        5.77
    838170        4.68
    838180        4.67
    838190        5.21
    838200        5.75
    838210        5.27
    838220        4.66
    838230        4.95
    838240         4.3
    838250         4.5
    838260        5.02
    838270        4.21
    838280        4.59
    838290        5.15
    838300        3.61
    838310        3.88
    838320        5.58
    838330        4.83
    838340        5.78
    838350        4.53
    838360        4.63
    838370        4.37
    838380        4.12
    838390         4.7
    838400        5.59
    838410        4.45
    838420        5.42
    838430        5.29
    838440        3.71
    838450        5.66
    838460        4.65
    838470        4.92
    838480        4.83
    838490        3.98
    838500        4.06
    838510        4.41
    838520        4.92
    838530        5.48
    838540        4.34
    838550        5.61
    838560        5.93
    838570        4.96
    838580        4.44
    838590        4.24
    838600        5.84
    838610        5.25
    838620        4.76
    838630        5.27
    838640        5.19
    838650        5.68
    838660        4.13
    838670        5.31
    838680        5.22
    838690        5.25
    838700        6.15
    838710        5.33
    838720        4.06
    838730        5.72
    838740        4.83
    838750        4.72
    838760         4.3
    838770        3.88
    838780        5.34
    838790        4.85
    838800         5.2
    838810        4.36
    838820        6.32
    838830        5.34
    838840        4.37
    838850        4.78
    838860        3.81
    838870        4.18
    838880        5.29
    838890        3.58
    838900        5.54
    838910        4.87
    838920        4.83
    838930        5.25
    838940        4.16
    838950        4.65
    838960        4.17
    838970        4.19
    838980         5.1
    838990        5.56
    839000        4.71
    839010        5.17
    839020        4.15
    839030         5.3
    839040        5.62
    839050        5.13
    839060        5.69
    839070        6.57
    839080         4.7
    839090        4.46
    839100        5.16
    839110        4.67
    839120        5.93
    839130        5.09
    839140        5.64
    839150        4.72
    839160        4.72
    839170        5.13
    839180        5.03
    839190        4.97
    839200        4.37
    839210        4.21
    839220        5.73
    839230        4.31
    839240        5.28
    839250         6.5
    839260        5.76
    839270        6.48
    839280        5.55
    839290        5.11
    839300         4.1
    839310        5.37
    839320        6.32
    839330         5.5
    839340        5.85
    839350         4.5
    839360        5.59
    839370        5.35
    839380        5.12
    839390        5.25
    839400        4.99
    839410        4.11
    839420        3.31
    839430        4.64
    839440        4.48
    839450        4.99
    839460        4.29
    839470        5.05
    839480         3.2
    839490        5.25
    839500        4.16
    839510        3.42
    839520        4.07
    839530        4.81
    839540        4.38
    839550        5.08
    839560        4.84
    839570        4.56
    839580        5.32
    839590        4.72
    839600        4.75
    839610        6.26
    839620        6.16
    839630        5.52
    839640        5.06
    839650        4.66
    839660        4.82
    839670        5.34
    839680        2.53
    839690        4.24
    839700        5.43
    839710        4.49
    839720        3.62
    839730        5.11
    839740        2.89
    839750           5
    839760        3.41
    839770        4.58
    839780         3.7
    839790        4.67
    839800        4.65
    839810        5.27
    839820        6.13
    839830        4.49
    839840        4.66
    839850        5.83
    839860        4.91
    839870        3.97
    839880        5.33
    839890        4.42
    839900        3.94
    839910        4.92
    839920        4.83
    839930        5.15
    839940        5.81
    839950         4.2
    839960        5.47
    839970        3.86
    839980        5.15
    839990        4.58
    840000        3.81
    840010        4.97
    840020        5.17
    840030        5.19
    840040        5.07
    840050         4.1
    840060        5.17
    840070        4.44
    840080        6.29
    840090        6.28
    840100        4.28
    840110        4.87
    840120        5.14
    840130        6.19
    840140        4.56
    840150        5.62
    840160        4.36
    840170        4.07
    840180        4.36
    840190        6.05
    840200        5.72
    840210        6.85
    840220        4.26
    840230        5.06
    840240        4.53
    840250        3.77
    840260           4
    840270        4.77
    840280        4.53
    840290        5.64
    840300        4.98
    840310        4.67
    840320        4.98
    840330        5.08
    840340        5.26
    840350        4.24
    840360        4.61
    840370        4.63
    840380        4.68
    840390        3.96
    840400        4.42
    840410         4.1
    840420        5.33
    840430        4.29
    840440        4.38
    840450        4.96
    840460        5.77
    840470        6.17
    840480        6.21
    840490        5.42
    840500        4.92
    840510        4.02
    840520        4.95
    840530        5.94
    840540        5.64
    840550        3.67
    840560        5.23
    840570        5.29
    840580        4.78
    840590        4.88
    840600        4.56
    840610        4.95
    840620        5.29
    840630        4.33
    840640        5.19
    840650        4.71
    840660        4.78
    840670        3.53
    840680        3.92
    840690        4.01
    840700        6.37
    840710        5.83
    840720        5.41
    840730        5.49
    840740        6.11
    840750        5.19
    840760        5.01
    840770         5.7
    840780        4.09
    840790        5.37
    840800        5.11
    840810        5.59
    840820        4.82
    840830        5.37
    840840        5.53
    840850        5.78
    840860        4.79
    840870        4.86
    840880        5.97
    840890        5.16
    840900        4.55
    840910        4.82
    840920        4.81
    840930        4.91
    840940        5.88
    840950        5.08
    840960         4.8
    840970        4.31
    840980        4.88
    840990        5.07
    841000        5.54
    841010        5.65
    841020        6.99
    841030        5.68
    841040        5.15
    841050        4.41
    841060        5.66
    841070        5.25
    841080        5.51
    841090        6.78
    841100        6.05
    841110        5.24
    841120        5.37
    841130         4.9
    841140        4.26
    841150        4.56
    841160        5.35
    841170        4.12
    841180        4.48
    841190        6.28
    841200        4.24
    841210        6.33
    841220        5.45
    841230        4.95
    841240        3.41
    841250        5.35
    841260        5.67
    841270        5.56
    841280        5.59
    841290        6.05
    841300        5.71
    841310        6.32
    841320        5.39
    841330        5.69
    841340        5.29
    841350        6.18
    841360        4.81
    841370         6.6
    841380        5.92
    841390         4.9
    841400        5.75
    841410        5.34
    841420        5.55
    841430        4.46
    841440        4.62
    841450        5.67
    841460        4.96
    841470        6.96
    841480         6.3
    841490        5.18
    841500        6.44
    841510        5.96
    841520        7.16
    841530        5.68
    841540        4.81
    841550        5.51
    841560        5.59
    841570        6.29
    841580        5.44
    841590        5.41
    841600        5.35
    841610        4.27
    841620        4.68
    841630        5.17
    841640        5.43
    841650        5.73
    841660        5.79
    841670        4.84
    841680        5.71
    841690        4.87
    841700        4.37
    841710        4.29
    841720        4.91
    841730        5.19
    841740        4.45
    841750        4.68
    841760        4.43
    841770        5.02
    841780        5.28
    841790         4.9
    841800        4.42
    841810         5.6
    841820        5.47
    841830         4.3
    841840        5.02
    841850        5.04
    841860        6.09
    841870        6.61
    841880         5.6
    841890        4.69
    841900         5.5
    841910        5.99
    841920        4.54
    841930        4.95
    841940        4.96
    841950        5.14
    841960        4.81
    841970        4.76
    841980        4.93
    841990        5.87
    842000        6.01
    842010        6.79
    842020        3.43
    842030        6.35
    842040        5.25
    842050        5.55
    842060        4.45
    842070        5.27
    842080        5.27
    842090         5.7
    842100        3.37
    842110        4.75
    842120        4.88
    842130        4.77
    842140        4.73
    842150        3.86
    842160        4.47
    842170        3.94
    842180        5.78
    842190        4.49
    842200        5.25
    842210        4.82
    842220        5.22
    842230        3.95
    842240        4.08
    842250        5.12
    842260        3.64
    842270         4.1
    842280        5.33
    842290        4.22
    842300        6.91
    842310        5.26
    842320        4.36
    842330        4.68
    842340        4.38
    842350        5.18
    842360        4.42
    842370         4.4
    842380        5.85
    842390        5.06
    842400        5.48
    842410        4.61
    842420        5.78
    842430        3.85
    842440        4.77
    842450        5.07
    842460        5.46
    842470        4.44
    842480        5.03
    842490        5.22
    842500        3.56
    842510        4.66
    842520        5.75
    842530        5.49
    842540        4.86
    842550        4.88
    842560        4.54
    842570        6.35
    842580        4.34
    842590        4.86
    842600        4.85
    842610        4.12
    842620        4.72
    842630        5.54
    842640        4.61
    842650        5.32
    842660        4.29
    842670        4.45
    842680        6.12
    842690        4.36
    842700        5.21
    842710        4.89
    842720        6.05
    842730        5.41
    842740        5.19
    842750        5.16
    842760        4.83
    842770        7.16
    842780        4.71
    842790        4.33
    842800        5.94
    842810        5.86
    842820        4.81
    842830        4.48
    842840        5.44
    842850        6.54
    842860        4.79
    842870        5.07
    842880        4.66
    842890        5.07
    842900         4.2
    842910        5.04
    842920        4.57
    842930        5.16
    842940        4.66
    842950        6.09
    842960        7.06
    842970        3.83
    842980        5.82
    842990        5.24
    843000        4.97
    843010        5.63
    843020        6.25
    843030        4.31
    843040        3.68
    843050        4.88
    843060        4.95
    843070        4.79
    843080        4.71
    843090        5.74
    843100        6.95
    843110        5.01
    843120        7.33
    843130        6.15
    843140        5.97
    843150        4.62
    843160        3.79
    843170        3.76
    843180        5.68
    843190        6.23
    843200        4.94
    843210        5.22
    843220        4.65
    843230        6.28
    843240        5.61
    843250        4.48
    843260        5.72
    843270        4.88
    843280         4.8
    843290        5.47
    843300        6.27
    843310        4.06
    843320        4.72
    843330        5.48
    843340        4.43
    843350        4.56
    843360        4.92
    843370        4.87
    843380        5.72
    843390        5.26
    843400        5.65
    843410        4.53
    843420        5.34
    843430        4.81
    843440        5.06
    843450        4.96
    843460        4.34
    843470        4.53
    843480        5.31
    843490        3.79
    843500        6.44
    843510        4.68
    843520        3.62
    843530        5.62
    843540        5.54
    843550        5.41
    843560         4.5
    843570        5.59
    843580        6.21
    843590        3.79
    843600        5.28
    843610        5.32
    843620        4.79
    843630        5.01
    843640        5.16
    843650        5.59
    843660        6.38
    843670        4.92
    843680        4.15
    843690        5.66
    843700        5.95
    843710        4.57
    843720        4.02
    843730        5.59
    843740        3.81
    843750        5.02
    843760        5.52
    843770        4.74
    843780        4.44
    843790        5.03
    843800        4.68
    843810        4.86
    843820        5.12
    843830        4.53
    843840        4.14
    843850        6.07
    843860        4.55
    843870        4.85
    843880        6.99
    843890        4.22
    843900        3.88
    843910        5.14
    843920        6.11
    843930        4.77
    843940        5.14
    843950        5.42
    843960        5.57
    843970         3.8
    843980        4.88
    843990        3.19
    844000        4.62
    844010        6.22
    844020        5.53
    844030        3.67
    844040        4.79
    844050        5.14
    844060        5.38
    844070        5.22
    844080        5.73
    844090        3.84
    844100        4.82
    844110        4.03
    844120        5.48
    844130        4.53
    844140        4.53
    844150        5.28
    844160        4.54
    844170        5.31
    844180        5.11
    844190        4.18
    844200        5.63
    844210        6.14
    844220         5.1
    844230           5
    844240        5.16
    844250        3.73
    844260        5.82
    844270        4.01
    844280        4.57
    844290         5.5
    844300        5.37
    844310        4.69
    844320        5.16
    844330        5.57
    844340         5.1
    844350        4.59
    844360        4.36
    844370        4.67
    844380        5.88
    844390        4.22
    844400        5.98
    844410        4.79
    844420        5.07
    844430        4.66
    844440        5.51
    844450        4.79
    844460        4.56
    844470           5
    844480        3.79
    844490        4.11
    844500        4.69
    844510        4.57
    844520        5.24
    844530        5.61
    844540        5.06
    844550        4.98
    844560        4.43
    844570        4.63
    844580        5.44
    844590         5.1
    844600         5.4
    844610        4.89
    844620         4.1
    844630        4.73
    844640        4.05
    844650        5.07
    844660        5.09
    844670        3.97
    844680        4.93
    844690        6.12
    844700        5.09
    844710        4.26
    844720        4.15
    844730        5.36
    844740         4.6
    844750        5.96
    844760        5.28
    844770        4.08
    844780        5.18
    844790        5.87
    844800        5.29
    844810        4.15
    844820        5.03
    844830        4.64
    844840        4.97
    844850        4.31
    844860        4.24
    844870        4.64
    844880        4.85
    844890        6.07
    844900        4.74
    844910        5.44
    844920        4.53
    844930        4.23
    844940        4.41
    844950        5.26
    844960        5.42
    844970        4.78
    844980        5.82
    844990        4.69
    845000        4.25
    845010        3.24
    845020        4.73
    845030        5.49
    845040        5.45
    845050        4.83
    845060        4.58
    845070        4.96
    845080           5
    845090        4.11
    845100        5.16
    845110        5.41
    845120        5.26
    845130        4.27
    845140        4.72
    845150        4.91
    845160         4.5
    845170        4.62
    845180        6.31
    845190         5.1
    845200        4.11
    845210         4.2
    845220        3.86
    845230         4.7
    845240        4.56
    845250        4.92
    845260        5.91
    845270        4.88
    845280        5.22
    845290        5.68
    845300        4.53
    845310        6.22
    845320        4.78
    845330        5.02
    845340        5.07
    845350        4.67
    845360        5.08
    845370        5.07
    845380        4.81
    845390        4.91
    845400         4.9
    845410        5.01
    845420        4.66
    845430        4.46
    845440        5.39
    845450        4.96
    845460        5.37
    845470         5.6
    845480        5.53
    845490        4.37
    845500        4.32
    845510        3.45
    845520        3.59
    845530        4.59
    845540        5.69
    845550        3.31
    845560        4.63
    845570        4.54
    845580        4.98
    845590         5.7
    845600         4.5
    845610        4.19
    845620        4.41
    845630        4.15
    845640        4.26
    845650        4.46
    845660        5.31
    845670        4.62
    845680        4.95
    845690        6.25
    845700         4.2
    845710        4.25
    845720        5.56
    845730         5.7
    845740        4.91
    845750        4.53
    845760         4.7
    845770        5.42
    845780        5.63
    845790        5.65
    845800        6.01
    845810        4.98
    845820        5.32
    845830        4.53
    845840        4.17
    845850        4.44
    845860        4.86
    845870        5.07
    845880         4.3
    845890        5.03
    845900        4.05
    845910        4.58
    845920        4.74
    845930         4.4
    845940        4.58
    845950        4.73
    845960        5.11
    845970        7.01
    845980        4.69
    845990        6.08
    846000        4.68
    846010        6.29
    846020        5.08
    846030        4.37
    846040        4.14
    846050        5.03
    846060        5.47
    846070        5.76
    846080        4.29
    846090        3.06
    846100        4.73
    846110        5.32
    846120        5.07
    846130        3.34
    846140        4.29
    846150        3.68
    846160        4.27
    846170         5.1
    846180           4
    846190        4.74
    846200        5.17
    846210         4.5
    846220        6.39
    846230        4.97
    846240        4.21
    846250        4.01
    846260        5.87
    846270        4.19
    846280        5.16
    846290        4.54
    846300         3.9
    846310         4.8
    846320         4.5
    846330        4.69
    846340        5.98
    846350        4.69
    846360         4.3
    846370         4.7
    846380        5.37
    846390        4.64
    846400        4.33
    846410        5.27
    846420        5.11
    846430        4.07
    846440         5.3
    846450        5.39
    846460        6.82
    846470        4.81
    846480        5.52
    846490        4.11
    846500        5.67
    846510        4.11
    846520        5.72
    846530        5.35
    846540        3.03
    846550        4.56
    846560        4.62
    846570        5.03
    846580        4.81
    846590        4.13
    846600        4.29
    846610        3.32
    846620         4.7
    846630        4.53
    846640        5.23
    846650        4.41
    846660        5.21
    846670        4.07
    846680        3.92
    846690        5.12
    846700        5.38
    846710        4.64
    846720        4.38
    846730        4.03
    846740        4.89
    846750         5.8
    846760        4.49
    846770        4.94
    846780        4.61
    846790        5.19
    846800           5
    846810        4.85
    846820        5.18
    846830        4.74
    846840         4.1
    846850        6.02
    846860        3.75
    846870        4.59
    846880         5.4
    846890        5.13
    846900        5.19
    846910        4.82
    846920        4.28
    846930        4.08
    846940        3.71
    846950        7.45
    846960        4.97
    846970        4.44
    846980        4.33
    846990         4.7
    847000        3.87
    847010        4.18
    847020        4.28
    847030        4.59
    847040        6.47
    847050        5.46
    847060         4.7
    847070        5.53
    847080        5.07
    847090        4.71
    847100        5.97
    847110         6.2
    847120        4.68
    847130        5.06
    847140         4.8
    847150        5.84
    847160        3.44
    847170        5.05
    847180        3.95
    847190           4
    847200        3.72
    847210        3.76
    847220        4.28
    847230         4.9
    847240        4.89
    847250        5.03
    847260        5.22
    847270        4.65
    847280         3.9
    847290        5.08
    847300           4
    847310        5.56
    847320        4.52
    847330        4.69
    847340         4.9
    847350        3.97
    847360        4.88
    847370        4.48
    847380        4.93
    847390        5.47
    847400        4.71
    847410        4.63
    847420        4.67
    847430        4.99
    847440        4.57
    847450        5.21
    847460        5.55
    847470        4.45
    847480        4.13
    847490        5.36
    847500        4.99
    847510        4.37
    847520        4.65
    847530        4.19
    847540        4.83
    847550        5.15
    847560        4.71
    847570        6.08
    847580         5.5
    847590        6.22
    847600        5.33
    847610        4.46
    847620        4.41
    847630        3.96
    847640        4.01
    847650        4.66
    847660        4.94
    847670        4.23
    847680        5.45
    847690        3.64
    847700        6.22
    847710        3.77
    847720        3.81
    847730        3.93
    847740        4.31
    847750         4.5
    847760        4.65
    847770        5.35
    847780        3.88
    847790        5.22
    847800        5.12
    847810        4.36
    847820        3.97
    847830        5.11
    847840        3.59
    847850        5.94
    847860        4.99
    847870        6.17
    847880        4.66
    847890        3.78
    847900        5.33
    847910         5.5
    847920        4.63
    847930        3.58
    847940         4.9
    847950        3.37
    847960        4.51
    847970        3.81
    847980        3.98
    847990        4.06
    848000        4.32
    848010         4.4
    848020        4.75
    848030        3.26
    848040        4.85
    848050         4.5
    848060        3.98
    848070         2.3
    848080         4.3
    848090        3.51
    848100         4.6
    848110        4.37
    848120        5.08
    848130        4.27
    848140        4.69
    848150        4.14
    848160        4.81
    848170        5.22
    848180        4.11
    848190        4.08
    848200        3.79
    848210        3.93
    848220        4.65
    848230        4.21
    848240        4.23
    848250        4.01
    848260        4.45
    848270           3
    848280        4.24
    848290        4.99
    848300        4.11
    848310        3.69
    848320        5.07
    848330        3.48
    848340        4.73
    848350        5.27
    848360        4.36
    848370        5.76
    848380        4.73
    848390        4.54
    848400        4.74
    848410        3.51
    848420        4.31
    848430        5.18
    848440        5.01
    848450        5.07
    848460        5.25
    848470         3.8
    848480        4.66
    848490        4.97
    848500        4.72
    848510        4.53
    848520        5.28
    848530        4.64
    848540        4.41
    848550        5.25
    848560        3.88
    848570        5.01
    848580         6.6
    848590        4.34
    848600        5.42
    848610        4.32
    848620         6.6
    848630        3.56
    848640        4.18
    848650        3.51
    848660        4.89
    848670         5.2
    848680        4.48
    848690        2.98
    848700        5.36
    848710        3.21
    848720        3.75
    848730        4.24
    848740        4.49
    848750        4.71
    848760        3.69
    848770        4.08
    848780         4.1
    848790        4.83
    848800        4.61
    848810        4.77
    848820        4.78
    848830        4.51
    848840        5.25
    848850        4.73
    848860        3.11
    848870        6.02
    848880        3.69
    848890         5.4
    848900        5.07
    848910        6.22
    848920        5.02
    848930        4.28
    848940        5.68
    848950        4.18
    848960        5.13
    848970        4.77
    848980        5.83
    848990         4.5
    849000        5.23
    849010        5.69
    849020        5.39
    849030        5.24
    849040        3.94
    849050        5.86
    849060        5.48
    849070        5.57
    849080        5.74
    849090        4.58
    849100        4.87
    849110        4.22
    849120        4.86
    849130        5.31
    849140        5.36
    849150        4.84
    849160        4.67
    849170         4.8
    849180         5.1
    849190        5.31
    849200        5.43
    849210         3.8
    849220        4.77
    849230        4.84
    849240        4.98
    849250        4.32
    849260        4.69
    849270        4.48
    849280        4.81
    849290        4.37
    849300        5.04
    849310        4.63
    849320        6.51
    849330        6.03
    849340         4.3
    849350        4.57
    849360        6.11
    849370        5.29
    849380        5.78
    849390        4.96
    849400        4.34
    849410        4.39
    849420        4.98
    849430           5
    849440        5.79
    849450        5.07
    849460           4
    849470        4.62
    849480        4.19
    849490        6.09
    849500        5.09
    849510        3.91
    849520        4.59
    849530         5.6
    849540        4.22
    849550        4.69
    849560         5.1
    849570        5.03
    849580        3.87
    849590         4.7
    849600        4.51
    849610         4.9
    849620        5.25
    849630        4.38
    849640        6.53
    849650        5.37
    849660        4.33
    849670        5.04
    849680        3.61
    849690        4.27
    849700        4.56
    849710        6.74
    849720        4.17
    849730        5.33
    849740        4.83
    849750        4.25
    849760        4.95
    849770        4.76
    849780         6.1
    849790        5.62
    849800        6.45
    849810        3.45
    849820        5.13
    849830        6.39
    849840        4.86
    849850        4.52
    849860        4.62
    849870        5.73
    849880         4.5
    849890        5.57
    849900        3.95
    849910         4.6
    849920        4.42
    849930        4.45
    849940        6.17
    849950        4.85
    849960        5.24
    849970         4.9
    849980        5.01
    849990        4.86
    850000        5.05
    850010        6.16
    850020        5.56
    850030        4.33
    850040        5.17
    850050        4.21
    850060        4.98
    850070        5.66
    850080        4.22
    850090        4.56
    850100        4.72
    850110        5.59
    850120        4.22
    850130        5.37
    850140        4.69
    850150        4.66
    850160        5.81
    850170        4.26
    850180        5.29
    850190        4.92
    850200        4.83
    850210        4.64
    850220        5.06
    850230        6.02
    850240         4.9
    850250        4.47
    850260        4.96
    850270        5.01
    850280        5.98
    850290        5.09
    850300        6.02
    850310        6.16
    850320        4.62
    850330        5.25
    850340        5.43
    850350        4.52
    850360        5.58
    850370         4.8
    850380        5.55
    850390        4.68
    850400        5.74
    850410        4.79
    850420        4.73
    850430        5.44
    850440         4.7
    850450        5.32
    850460        5.84
    850470        5.35
    850480        5.83
    850490        4.24
    850500        5.25
    850510        4.32
    850520         4.3
    850530        5.43
    850540        5.84
    850550        6.01
    850560        4.43
    850570        4.78
    850580        5.15
    850590        5.42
    850600        4.08
    850610        4.69
    850620        5.54
    850630        5.73
    850640        4.68
    850650        5.01
    850660        5.54
    850670         3.8
    850680        4.85
    850690        5.93
    850700           4
    850710        4.58
    850720        5.08
    850730        4.28
    850740        5.07
    850750        4.91
    850760        4.37
    850770        4.21
    850780        5.74
    850790        5.87
    850800        4.85
    850810        4.69
    850820         5.4
    850830        4.48
    850840        4.47
    850850         5.2
    850860        4.34
    850870        4.41
    850880        3.81
    850890        5.14
    850900        3.95
    850910        5.35
    850920        5.13
    850930        5.06
    850940        4.97
    850950        5.46
    850960        5.29
    850970        3.97
    850980        5.39
    850990        4.84
    851000         4.4
    851010         5.5
    851020        5.55
    851030        5.68
    851040         5.1
    851050         4.6
    851060        4.65
    851070        6.59
    851080        5.45
    851090        4.95
    851100        4.44
    851110        4.54
    851120        4.81
    851130        4.91
    851140        3.88
    851150        5.04
    851160        4.77
    851170        4.21
    851180        5.83
    851190        6.37
    851200        4.19
    851210        4.96
    851220         3.9
    851230        4.93
    851240        5.31
    851250        5.69
    851260        4.03
    851270         5.2
    851280        6.42
    851290        5.25
    851300        3.98
    851310        5.05
    851320        4.18
    851330        5.32
    851340        6.51
    851350        4.96
    851360        3.45
    851370        5.06
    851380        4.56
    851390        5.79
    851400        3.82
    851410        5.16
    851420        4.58
    851430         4.7
    851440        5.17
    851450        3.52
    851460        4.59
    851470        5.57
    851480        5.76
    851490        5.75
    851500        5.04
    851510         4.5
    851520        4.11
    851530        4.13
    851540        4.23
    851550        4.98
    851560        4.11
    851570        4.72
    851580        5.12
    851590        3.79
    851600        4.26
    851610        4.86
    851620        5.43
    851630        3.73
    851640         5.6
    851650        5.03
    851660        5.17
    851670        4.42
    851680        4.55
    851690        4.77
    851700        4.35
    851710        4.79
    851720        4.52
    851730        4.71
    851740        3.68
    851750        4.19
    851760        4.13
    851770        4.35
    851780        3.48
    851790        7.86
    851800        4.19
    851810        5.13
    851820        4.72
    851830        4.36
    851840        5.18
    851850        4.76
    851860        5.13
    851870        5.17
    851880        4.32
    851890        4.13
    851900        4.63
    851910        3.82
    851920        4.44
    851930         4.6
    851940        4.99
    851950        4.61
    851960        4.56
    851970        4.05
    851980        6.15
    851990         5.4
    852000        5.25
    852010        6.17
    852020         5.3
    852030        6.27
    852040        4.39
    852050        5.73
    852060        4.56
    852070        5.45
    852080        4.12
    852090        6.02
    852100        4.02
    852110        2.37
    852120        3.03
    852130        4.01
    852140        5.22
    852150        4.77
    852160        5.44
    852170        5.18
    852180        4.86
    852190        3.79
    852200        4.77
    852210        4.42
    852220        5.69
    852230        4.81
    852240        4.63
    852250        6.07
    852260        5.32
    852270         4.4
    852280        5.41
    852290        4.68
    852300        5.41
    852310        4.63
    852320        4.69
    852330        4.35
    852340        4.06
    852350        3.32
    852360        5.12
    852370        3.81
    852380        4.87
    852390        4.47
    852400        5.51
    852410        4.54
    852420        3.66
    852430        5.78
    852440        4.91
    852450        4.62
    852460        3.82
    852470        5.61
    852480        4.85
    852490        4.34
    852500        4.34
    852510        3.83
    852520         3.8
    852530        4.18
    852540        3.91
    852550        4.84
    852560        4.69
    852570        3.57
    852580        4.69
    852590        4.39
    852600        4.71
    852610        5.03
    852620        4.32
    852630        5.12
    852640        4.24
    852650        5.62
    852660        5.91
    852670        5.94
    852680        4.95
    852690        3.58
    852700        4.61
    852710        3.37
    852720        4.62
    852730        4.25
    852740        5.42
    852750        4.63
    852760         4.5
    852770        5.49
    852780        4.83
    852790        4.78
    852800        3.78
    852810        4.93
    852820        4.55
    852830        4.28
    852840        4.42
    852850        4.15
    852860        5.06
    852870        4.99
    852880        6.31
    852890         4.8
    852900        4.98
    852910        4.83
    852920        4.76
    852930        4.26
    852940        4.57
    852950        4.23
    852960         4.6
    852970        4.26
    852980        4.23
    852990        5.58
    853000        4.48
    853010         4.1
    853020         4.8
    853030        4.81
    853040        3.92
    853050        4.06
    853060        4.28
    853070        6.54
    853080        5.58
    853090        4.28
    853100        5.98
    853110        4.62
    853120        5.74
    853130        4.62
    853140        3.82
    853150        3.37
    853160         6.1
    853170         4.8
    853180           5
    853190        5.09
    853200        4.13
    853210         4.5
    853220        4.96
    853230           4
    853240        4.53
    853250        3.89
    853260         4.6
    853270        3.36
    853280        4.67
    853290        4.56
    853300        6.29
    853310        5.38
    853320        4.67
    853330        5.41
    853340        4.46
    853350        4.48
    853360         4.7
    853370        5.95
    853380           5
    853390           4
    853400         4.5
    853410         5.8
    853420        5.41
    853430        5.55
    853440        5.52
    853450        4.21
    853460        5.15
    853470        4.39
    853480         5.4
    853490        4.24
    853500        4.43
    853510           4
    853520        5.03
    853530        4.37
    853540        4.61
    853550        4.71
    853560        5.53
    853570        5.39
    853580        4.06
    853590        4.93
    853600        6.33
    853610        4.04
    853620        4.94
    853630        3.79
    853640        5.29
    853650        4.93
    853660        5.42
    853670        5.57
    853680        6.03
    853690        4.01
    853700        5.09
    853710        5.03
    853720        4.57
    853730        5.33
    853740        4.25
    853750        5.76
    853760        5.53
    853770        4.29
    853780        4.81
    853790        4.74
    853800        3.51
    853810        5.22
    853820        3.66
    853830        4.57
    853840        5.47
    853850        3.37
    853860         2.9
    853870        3.99
    853880        4.43
    853890        5.26
    853900        4.55
    853910        4.49
    853920        4.73
    853930        4.28
    853940        4.25
    853950        4.77
    853960         5.3
    853970        4.41
    853980        4.89
    853990        5.32
    854000        4.15
    854010        4.54
    854020         4.6
    854030        4.65
    854040        5.02
    854050        3.82
    854060        3.82
    854070        4.33
    854080        4.18
    854090        4.74
    854100        3.04
    854110        4.59
    854120        4.97
    854130         4.8
    854140        3.24
    854150        4.71
    854160        5.27
    854170        4.08
    854180        4.56
    854190        4.06
    854200        4.37
    854210         4.7
    854220         4.1
    854230         4.4
    854240        4.04
    854250        4.24
    854260        4.59
    854270        5.59
    854280        4.68
    854290        3.97
    854300        2.54
    854310           5
    854320        4.79
    854330         5.4
    854340        4.35
    854350        5.44
    854360        5.29
    854370        4.34
    854380        5.12
    854390        4.53
    854400        4.81
    854410        4.04
    854420        5.09
    854430        3.82
    854440        6.35
    854450        4.57
    854460        4.43
    854470        5.31
    854480        4.74
    854490        5.57
    854500        4.58
    854510        3.87
    854520        4.04
    854530        5.18
    854540        5.22
    854550         3.9
    854560        5.41
    854570        5.34
    854580        4.48
    854590        5.07
    854600        3.88
    854610        4.21
    854620           5
    854630        4.61
    854640        4.38
    854650        4.88
    854660         5.1
    854670        3.23
    854680        4.53
    854690        3.24
    854700        5.46
    854710        5.47
    854720        5.49
    854730        4.72
    854740        5.04
    854750        5.27
    854760        5.16
    854770        4.84
    854780        4.98
    854790        5.22
    854800        4.37
    854810        5.25
    854820        4.81
    854830         4.3
    854840        5.99
    854850        4.95
    854860        4.59
    854870        5.13
    854880        4.27
    854890         5.1
    854900        5.46
    854910        4.95
    854920        5.35
    854930         5.5
    854940        5.25
    854950        4.93
    854960         5.2
    854970        4.91
    854980        4.43
    854990        5.53
    855000         4.8
    855010        4.01
    855020         5.1
    855030        4.85
    855040        4.41
    855050        4.72
    855060        6.01
    855070        3.06
    855080        4.62
    855090        4.84
    855100        5.29
    855110         4.8
    855120        5.09
    855130        3.47
    855140        4.72
    855150        4.47
    855160        5.15
    855170        4.65
    855180         4.3
    855190        5.12
    855200        4.72
    855210        4.41
    855220        4.28
    855230        2.77
    855240        6.15
    855250        5.04
    855260        3.44
    855270        5.91
    855280        5.44
    855290        4.33
    855300        4.07
    855310        5.72
    855320        6.65
    855330         5.1
    855340        4.57
    855350         4.6
    855360        5.22
    855370        4.92
    855380        6.11
    855390        5.12
    855400        5.09
    855410        4.46
    855420        4.65
    855430        4.75
    855440         5.2
    855450        5.07
    855460         5.2
    855470        6.09
    855480        6.53
    855490        4.67
    855500        4.61
    855510        6.29
    855520        5.62
    855530        4.61
    855540        5.22
    855550         5.2
    855560        4.37
    855570        4.38
    855580        5.09
    855590        4.82
    855600         5.6
    855610        5.41
    855620         4.5
    855630        4.52
    855640         5.6
    855650         5.1
    855660        4.78
    855670        4.96
    855680        4.36
    855690         6.1
    855700        4.65
    855710         5.9
    855720        5.76
    855730        4.85
    855740        5.63
    855750        6.39
    855760        4.34
    855770        4.48
    855780        4.56
    855790        4.57
    855800        5.15
    855810        4.95
    855820        4.76
    855830        5.29
    855840        5.77
    855850        3.83
    855860        4.08
    855870        4.86
    855880        5.32
    855890        5.16
    855900        5.52
    855910        4.35
    855920        5.38
    855930         5.3
    855940        4.76
    855950         5.4
    855960        3.93
    855970        4.68
    855980        3.99
    855990        5.32
    856000        4.99
    856010        5.28
    856020        5.79
    856030        5.49
    856040        4.24
    856050        4.82
    856060        4.94
    856070        5.56
    856080        5.26
    856090        5.23
    856100        4.83
    856110        4.66
    856120        6.12
    856130        4.19
    856140        5.44
    856150        4.88
    856160        3.38
    856170        4.58
    856180        4.44
    856190        4.82
    856200        4.62
    856210        5.25
    856220        3.83
    856230        4.71
    856240        3.86
    856250        5.78
    856260         4.8
    856270        5.07
    856280         4.5
    856290        5.48
    856300        4.95
    856310        4.03
    856320        5.79
    856330        5.19
    856340        4.67
    856350        4.76
    856360        4.62
    856370        4.29
    856380        3.31
    856390        5.79
    856400         4.2
    856410        4.42
    856420        4.32
    856430        4.86
    856440        4.94
    856450        4.67
    856460        4.09
    856470        4.12
    856480        4.17
    856490        4.78
    856500        4.63
    856510        4.95
    856520        5.19
    856530        5.17
    856540         5.9
    856550        3.66
    856560        4.96
    856570        4.83
    856580        4.16
    856590         5.7
    856600        5.55
    856610        4.65
    856620        4.97
    856630        5.34
    856640        4.65
    856650        4.18
    856660        4.69
    856670        5.44
    856680        4.41
    856690        4.04
    856700        5.98
    856710        5.18
    856720        3.59
    856730        4.96
    856740        4.53
    856750         4.2
    856760        5.03
    856770        4.25
    856780        4.69
    856790        4.69
    856800        4.17
    856810        3.74
    856820        4.64
    856830        4.59
    856840        4.38
    856850        5.63
    856860        3.59
    856870        5.33
    856880        4.85
    856890        4.05
    856900        3.66
    856910        3.36
    856920         4.8
    856930        4.26
    856940        4.73
    856950        4.68
    856960        5.56
    856970        3.79
    856980        4.36
    856990        4.87
    857000        4.29
    857010        4.97
    857020        4.72
    857030        5.84
    857040        4.99
    857050        4.29
    857060        4.76
    857070        4.22
    857080        4.43
    857090        4.99
    857100         4.7
    857110        4.18
    857120        3.86
    857130        4.61
    857140        4.13
    857150        3.95
    857160        4.54
    857170        6.52
    857180        4.49
    857190         4.1
    857200        4.71
    857210         5.4
    857220        5.18
    857230        3.77
    857240        5.54
    857250        4.95
    857260        5.99
    857270        3.77
    857280        5.47
    857290        3.82
    857300        5.96
    857310         4.7
    857320        6.17
    857330        6.15
    857340        5.08
    857350           5
    857360        4.86
    857370        5.51
    857380        5.82
    857390        4.63
    857400        4.08
    857410        4.67
    857420        4.36
    857430        6.43
    857440        3.84
    857450        5.39
    857460         4.9
    857470        4.81
    857480        4.23
    857490        5.15
    857500        5.18
    857510        5.23
    857520        4.67
    857530         4.5
    857540        4.72
    857550        5.43
    857560        5.86
    857570        5.38
    857580        4.63
    857590         5.1
    857600        4.16
    857610        5.02
    857620        4.63
    857630        5.43
    857640         4.5
    857650        4.91
    857660        5.64
    857670        4.81
    857680        4.58
    857690        5.65
    857700        4.57
    857710        5.78
    857720        4.04
    857730        4.17
    857740        5.37
    857750        3.94
    857760        5.68
    857770         4.9
    857780        3.57
    857790        4.37
    857800        5.58
    857810        4.68
    857820        5.58
    857830        5.49
    857840        4.44
    857850         4.2
    857860        4.79
    857870        4.16
    857880        4.97
    857890        4.26
    857900         5.6
    857910        3.86
    857920        3.59
    857930        3.96
    857940        4.69
    857950        4.98
    857960        5.05
    857970        4.39
    857980        3.93
    857990        4.39
    858000        3.86
    858010        5.25
    858020        4.97
    858030        5.28
    858040        4.44
    858050        3.69
    858060        5.17
    858070        3.62
    858080        4.31
    858090        3.84
    858100        3.11
    858110        4.44
    858120        5.04
    858130           3
    858140        5.41
    858150        5.31
    858160        5.39
    858170        3.78
    858180        4.98
    858190        4.67
    858200        5.01
    858210        4.01
    858220        5.01
    858230        4.77
    858240        3.72
    858250        3.81
    858260        5.29
    858270         5.5
    858280        3.95
    858290        4.64
    858300        4.67
    858310        4.51
    858320        5.26
    858330           4
    858340        4.27
    858350        4.37
    858360         5.6
    858370        4.46
    858380        3.77
    858390        4.33
    858400        4.06
    858410        3.55
    858420        4.19
    858430         5.6
    858440         4.2
    858450        5.22
    858460        4.63
    858470        4.14
    858480        4.23
    858490        4.06
    858500        4.73
    858510        4.97
    858520         4.4
    858530        4.51
    858540        6.16
    858550        3.47
    858560        4.17
    858570        5.34
    858580        4.82
    858590         5.6
    858600        3.78
    858610        3.84
    858620        5.17
    858630        6.13
    858640        3.76
    858650        5.13
    858660        3.87
    858670        4.44
    858680        4.73
    858690        5.29
    858700        4.81
    858710        5.33
    858720        4.88
    858730        4.89
    858740        5.77
    858750        4.74
    858760        4.14
    858770        4.83
    858780         4.1
    858790        5.04
    858800        3.55
    858810        3.35
    858820        3.95
    858830         3.3
    858840        4.61
    858850        5.79
    858860        4.19
    858870        5.07
    858880        4.34
    858890        3.88
    858900        4.58
    858910        4.31
    858920        4.07
    858930        4.62
    858940        4.53
    858950        4.45
    858960        4.91
    858970        4.57
    858980        5.33
    858990        6.71
    859000        3.97
    859010        3.43
    859020        3.59
    859030        3.55
    859040        3.22
    859050        4.61
    859060        4.09
    859070        5.24
    859080         4.5
    859090         4.7
    859100           4
    859110        5.54
    859120        5.22
    859130        4.22
    859140        4.22
    859150        4.58
    859160        4.74
    859170        5.26
    859180        4.88
    859190        4.64
    859200        3.15
    859210        4.36
    859220        3.92
    859230        5.64
    859240        4.45
    859250        4.92
    859260        4.08
    859270        4.27
    859280        3.46
    859290        4.82
    859300        4.31
    859310        5.33
    859320        4.67
    859330        4.89
    859340        4.18
    859350        5.08
    859360        5.12
    859370        3.98
    859380        5.82
    859390         4.8
    859400        5.16
    859410        4.95
    859420        5.47
    859430        4.99
    859440        3.82
    859450        6.05
    859460        4.04
    859470        5.88
    859480        6.08
    859490        3.78
    859500        5.27
    859510        5.12
    859520        5.14
    859530        4.98
    859540        4.82
    859550        3.66
    859560        3.65
    859570        4.05
    859580         5.4
    859590         4.4
    859600        4.66
    859610        3.96
    859620        4.03
    859630        5.43
    859640        4.94
    859650        4.42
    859660        4.27
    859670           4
    859680        5.27
    859690        4.24
    859700        4.34
    859710        3.97
    859720        5.54
    859730        3.58
    859740        5.15
    859750        4.39
    859760         4.2
    859770        5.41
    859780        4.41
    859790        4.42
    859800        4.79
    859810        3.95
    859820        4.41
    859830        4.48
    859840        5.25
    859850        4.19
    859860        4.62
    859870        5.13
    859880        4.96
    859890        3.71
    859900        5.59
    859910        4.33
    859920        5.27
    859930        3.91
    859940        3.04
    859950         5.5
    859960        4.32
    859970        4.67
    859980        4.02
    859990         2.6
    860000        3.88
    860010        4.36
    860020        5.05
    860030        3.72
    860040         5.2
    860050         4.6
    860060        4.81
    860070        5.89
    860080        4.63
    860090        4.11
    860100        4.39
    860110        4.43
    860120        3.92
    860130        3.28
    860140        4.75
    860150        5.61
    860160        3.61
    860170         4.6
    860180        4.48
    860190         5.1
    860200        5.99
    860210        4.96
    860220        3.93
    860230        3.46
    860240        3.57
    860250        3.21
    860260        4.46
    860270        5.31
    860280        4.15
    860290        4.62
    860300        3.78
    860310        5.29
    860320        4.46
    860330        6.47
    860340        4.06
    860350        3.94
    860360        4.75
    860370         4.1
    860380        4.42
    860390        4.82
    860400        5.03
    860410        5.17
    860420        3.66
    860430        5.16
    860440        4.05
    860450        4.26
    860460        3.89
    860470           4
    860480        4.48
    860490        4.97
    860500        4.55
    860510        4.16
    860520        5.43
    860530        4.33
    860540        5.19
    860550        4.97
    860560        4.33
    860570        3.56
    860580        4.03
    860590        5.27
    860600        5.04
    860610        4.12
    860620        5.03
    860630        4.88
    860640        4.53
    860650        4.15
    860660        5.18
    860670        4.42
    860680        4.28
    860690        4.74
    860700         4.2
    860710        5.13
    860720        4.37
    860730        5.15
    860740         5.7
    860750        3.78
    860760        4.52
    860770        4.72
    860780        5.21
    860790        4.03
    860800        4.28
    860810        4.34
    860820        4.13
    860830        4.55
    860840        4.52
    860850        5.81
    860860        3.28
    860870        4.37
    860880        5.02
    860890        3.94
    860900         4.5
    860910         5.5
    860920        4.02
    860930        5.19
    860940        4.76
    860950        6.15
    860960        4.54
    860970           5
    860980        4.91
    860990        3.97
    861000        5.06
    861010         5.7
    861020        5.96
    861030        4.27
    861040        5.31
    861050        6.52
    861060        5.43
    861070        3.74
    861080        4.34
    861090        4.08
    861100        4.65
    861110        3.66
    861120        3.94
    861130        4.29
    861140        5.04
    861150        4.65
    861160        4.08
    861170        4.32
    861180        5.57
    861190        4.84
    861200        4.17
    861210        4.09
    861220        4.09
    861230        4.36
    861240        4.07
    861250        4.71
    861260        4.39
    861270        5.06
    861280        3.76
    861290        4.01
    861300        4.39
    861310        4.04
    861320        4.44
    861330        4.72
    861340        4.93
    861350        5.42
    861360        4.88
    861370        3.35
    861380        6.57
    861390        3.76
    861400        5.26
    861410        5.28
    861420        5.63
    861430        4.29
    861440        4.17
    861450        5.19
    861460         4.4
    861470        3.71
    861480        3.87
    861490         4.8
    861500        4.42
    861510        3.98
    861520        5.37
    861530        4.78
    861540        4.31
    861550        3.91
    861560        4.69
    861570        4.24
    861580        4.42
    861590        3.98
    861600        3.89
    861610        5.39
    861620        4.68
    861630        4.15
    861640        4.65
    861650        5.33
    861660        5.49
    861670        4.96
    861680        4.76
    861690        4.16
    861700        4.99
    861710         3.8
    861720        5.46
    861730        4.41
    861740        3.91
    861750        4.79
    861760        5.09
    861770        6.81
    861780        5.95
    861790        3.79
    861800        5.61
    861810        3.92
    861820        4.76
    861830        4.92
    861840        4.53
    861850        4.41
    861860        4.94
    861870        5.08
    861880        4.19
    861890        4.22
    861900           4
    861910        4.59
    861920        4.79
    861930         4.4
    861940        3.48
    861950         5.9
    861960        5.02
    861970        4.06
    861980        4.37
    861990        3.87
    862000        4.59
    862010        4.46
    862020        5.25
    862030        3.84
    862040        3.97
    862050        5.19
    862060        3.86
    862070         5.3
    862080        4.63
    862090        5.04
    862100        5.19
    862110        5.56
    862120        5.12
    862130        5.69
    862140        5.15
    862150        4.84
    862160        5.78
    862170        5.38
    862180        4.71
    862190        5.39
    862200        4.15
    862210        4.55
    862220           4
    862230        5.06
    862240         3.9
    862250        4.84
    862260        4.12
    862270        4.87
    862280        5.79
    862290         5.4
    862300        4.21
    862310        4.83
    862320        4.83
    862330        4.45
    862340        5.11
    862350        5.42
    862360        4.89
    862370        4.53
    862380        5.61
    862390         4.9
    862400        5.56
    862410        4.11
    862420         6.2
    862430        4.19
    862440        3.66
    862450        3.79
    862460        4.83
    862470        5.36
    862480        3.93
    862490        4.82
    862500        4.98
    862510        4.47
    862520        4.21
    862530        4.78
    862540        4.91
    862550        5.35
    862560        5.34
    862570        4.15
    862580        4.81
    862590        3.29
    862600        4.92
    862610        4.27
    862620        6.11
    862630        6.47
    862640        3.68
    862650         5.7
    862660        5.63
    862670        6.04
    862680        5.61
    862690        4.64
    862700        5.04
    862710        5.34
    862720        5.58
    862730        4.66
    862740        4.79
    862750        5.71
    862760        5.09
    862770        5.02
    862780        4.73
    862790        5.05
    862800        4.87
    862810        3.64
    862820        4.89
    862830        3.99
    862840        4.35
    862850         6.1
    862860        3.93
    862870        4.92
    862880        4.87
    862890        5.54
    862900        6.17
    862910        5.28
    862920        4.25
    862930        3.75
    862940        5.69
    862950        5.09
    862960        4.29
    862970        5.38
    862980        5.21
    862990         4.6
    863000        4.55
    863010        5.82
    863020         5.6
    863030        5.03
    863040        5.43
    863050        3.77
    863060        4.74
    863070        5.09
    863080        4.97
    863090        5.02
    863100        5.82
    863110        5.25
    863120        3.64
    863130        5.34
    863140        5.34
    863150        5.95
    863160        5.47
    863170        6.15
    863180        5.53
    863190           6
    863200        6.15
    863210        4.85
    863220        4.59
    863230        4.59
    863240        5.37
    863250        4.43
    863260        5.22
    863270        4.67
    863280        4.37
    863290        4.38
    863300        4.85
    863310         3.9
    863320        4.13
    863330        4.88
    863340        5.21
    863350        4.68
    863360        5.11
    863370         4.1
    863380        3.87
    863390        4.85
    863400        4.13
    863410        4.98
    863420        4.73
    863430         5.2
    863440        4.62
    863450        5.04
    863460        5.24
    863470        4.04
    863480        4.42
    863490        4.32
    863500        4.36
    863510        6.34
    863520        5.77
    863530        4.24
    863540        4.23
    863550        5.47
    863560        4.87
    863570        5.34
    863580        5.43
    863590        4.71
    863600        4.62
    863610        4.74
    863620        5.23
    863630        5.34
    863640         4.3
    863650        5.02
    863660        5.85
    863670        4.14
    863680        4.65
    863690        5.01
    863700        5.42
    863710         4.9
    863720        4.31
    863730        4.55
    863740        5.26
    863750        5.34
    863760        5.51
    863770        4.18
    863780        5.55
    863790         4.4
    863800        5.78
    863810        3.64
    863820        6.04
    863830         4.8
    863840        6.19
    863850         4.6
    863860        5.31
    863870        4.54
    863880        4.55
    863890        4.76
    863900         4.9
    863910        5.37
    863920        4.75
    863930        3.86
    863940        5.84
    863950        4.94
    863960        4.38
    863970        4.88
    863980        4.85
    863990        5.26
    864000        4.91
    864010        4.83
    864020        3.45
    864030        4.92
    864040        5.35
    864050        5.46
    864060        5.06
    864070        4.84
    864080        4.71
    864090        5.01
    864100        4.62
    864110        6.01
    864120        4.54
    864130        3.66
    864140        5.14
    864150        3.92
    864160        4.73
    864170        5.15
    864180           4
    864190        3.77
    864200        5.17
    864210         5.8
    864220        4.53
    864230        4.61
    864240        5.13
    864250        4.06
    864260        4.52
    864270        4.43
    864280        5.07
    864290        4.18
    864300        4.97
    864310         3.3
    864320        4.91
    864330        3.45
    864340        5.02
    864350         4.3
    864360        4.86
    864370        4.48
    864380        5.18
    864390        4.93
    864400         3.6
    864410        4.05
    864420        3.25
    864430        4.44
    864440        4.19
    864450        3.87
    864460        5.93
    864470        4.22
    864480        2.97
    864490        5.04
    864500        4.22
    864510        4.23
    864520        5.85
    864530         3.8
    864540        6.13
    864550        5.52
    864560        4.35
    864570         3.9
    864580        4.69
    864590        5.66
    864600        3.22
    864610         5.3
    864620        5.81
    864630        4.82
    864640        3.72
    864650        5.26
    864660        3.74
    864670        4.32
    864680        5.18
    864690         4.8
    864700         4.9
    864710        3.31
    864720        4.63
    864730           3
    864740        5.49
    864750        5.18
    864760        4.62
    864770        5.44
    864780        6.06
    864790        6.08
    864800        3.31
    864810        3.59
    864820        5.05
    864830        5.41
    864840        5.48
    864850        4.81
    864860        4.85
    864870        4.68
    864880        5.23
    864890        5.13
    864900        4.71
    864910        4.79
    864920        3.93
    864930         4.6
    864940         6.2
    864950        4.02
    864960        4.09
    864970        6.14
    864980        4.19
    864990        4.15
    865000        5.76
    865010        4.71
    865020        5.47
    865030        5.95
    865040        4.79
    865050         3.6
    865060        5.27
    865070        5.87
    865080        5.01
    865090        4.94
    865100         3.3
    865110        5.04
    865120        5.96
    865130        5.33
    865140        5.79
    865150        3.75
    865160        4.55
    865170        3.62
    865180         4.3
    865190        5.05
    865200        4.37
    865210        5.19
    865220        5.37
    865230        4.24
    865240        4.03
    865250        4.42
    865260        4.53
    865270        4.18
    865280        4.52
    865290        3.35
    865300        4.94
    865310        3.86
    865320        4.15
    865330        4.73
    865340        3.75
    865350         6.1
    865360         5.9
    865370        4.78
    865380        5.69
    865390        4.43
    865400        4.82
    865410        5.27
    865420        4.92
    865430        6.19
    865440        5.16
    865450        4.64
    865460         4.9
    865470        4.86
    865480        5.15
    865490        4.33
    865500        4.71
    865510           4
    865520        3.78
    865530        4.06
    865540        3.92
    865550        4.84
    865560        6.09
    865570        3.79
    865580         4.5
    865590        4.47
    865600        6.23
    865610        3.77
    865620        5.15
    865630        4.35
    865640        4.87
    865650        4.86
    865660        4.18
    865670        3.43
    865680        5.69
    865690        3.43
    865700        4.68
    865710        5.22
    865720        4.19
    865730        4.57
    865740        5.16
    865750         4.4
    865760        5.24
    865770        5.15
    865780        5.08
    865790        4.46
    865800        6.12
    865810        4.13
    865820        3.56
    865830         3.9
    865840        4.61
    865850        4.84
    865860        4.53
    865870        4.45
    865880        4.16
    865890        5.65
    865900        4.36
    865910        5.34
    865920        4.03
    865930        3.53
    865940        4.55
    865950        4.16
    865960         5.1
    865970        4.28
    865980        3.95
    865990         4.5
    866000        4.92
    866010        5.04
    866020        4.86
    866030        3.22
    866040        4.03
    866050        4.91
    866060        4.78
    866070        3.28
    866080         4.3
    866090        4.68
    866100        5.21
    866110        4.44
    866120        4.19
    866130        4.22
    866140        3.99
    866150        3.91
    866160        4.53
    866170        4.28
    866180         5.1
    866190        4.39
    866200         5.6
    866210        4.77
    866220        5.42
    866230        3.64
    866240        5.39
    866250        6.13
    866260        4.48
    866270        5.89
    866280        4.38
    866290        5.35
    866300        4.42
    866310        5.59
    866320        3.85
    866330        3.04
    866340        4.73
    866350        3.33
    866360        5.56
    866370        4.66
    866380         5.9
    866390        5.25
    866400        4.52
    866410        4.39
    866420        5.74
    866430        5.47
    866440        4.43
    866450        4.97
    866460        3.58
    866470        3.92
    866480        2.66
    866490         3.3
    866500        6.19
    866510        5.51
    866520        4.47
    866530        4.16
    866540         3.4
    866550        4.32
    866560        5.47
    866570        4.46
    866580        3.41
    866590           6
    866600        2.97
    866610         5.1
    866620        4.68
    866630        3.94
    866640        4.62
    866650        4.82
    866660        4.88
    866670        5.28
    866680        5.07
    866690         6.1
    866700        5.47
    866710        5.34
    866720        4.88
    866730        4.38
    866740        4.21
    866750        5.88
    866760         5.2
    866770        3.84
    866780        5.86
    866790        3.23
    866800         5.1
    866810        4.94
    866820        3.66
    866830        3.26
    866840        5.18
    866850        4.54
    866860        3.94
    866870        6.01
    866880         5.8
    866890        5.94
    866900         5.1
    866910        4.43
    866920        5.44
    866930        5.27
    866940        4.74
    866950        5.13
    866960        5.12
    866970        4.06
    866980        5.04
    866990        4.54
    867000        5.11
    867010        5.29
    867020        4.68
    867030        3.76
    867040        5.37
    867050        3.74
    867060         5.1
    867070        5.31
    867080        4.89
    867090        6.16
    867100        4.64
    867110        4.67
    867120        4.32
    867130        4.47
    867140         4.8
    867150        4.98
    867160        5.05
    867170        7.44
    867180        5.26
    867190        5.15
    867200        5.48
    867210        5.57
    867220        5.32
    867230           6
    867240         3.9
    867250        4.54
    867260         5.3
    867270        5.28
    867280        5.33
    867290         3.9
    867300        4.92
    867310        5.13
    867320        4.08
    867330        5.95
    867340        4.61
    867350        6.99
    867360        3.61
    867370        5.43
    867380        4.76
    867390        3.31
    867400        5.67
    867410        4.87
    867420        5.01
    867430        5.67
    867440        5.12
    867450        4.23
    867460         5.6
    867470        5.18
    867480        5.14
    867490        3.96
    867500        3.62
    867510        4.66
    867520        4.74
    867530         4.9
    867540        5.06
    867550        4.27
    867560        5.64
    867570        5.42
    867580         3.4
    867590        5.66
    867600        5.67
    867610         4.5
    867620        4.17
    867630        6.08
    867640        4.13
    867650        4.18
    867660        5.64
    867670        4.69
    867680        5.81
    867690        5.09
    867700        4.84
    867710        5.19
    867720        4.14
    867730        5.52
    867740        4.78
    867750        4.38
    867760        4.91
    867770        5.13
    867780        4.23
    867790        5.12
    867800        5.37
    867810        4.55
    867820        4.93
    867830        5.08
    867840         3.4
    867850        4.57
    867860         5.4
    867870        3.69
    867880        5.31
    867890        3.95
    867900        4.26
    867910        3.14
    867920        4.43
    867930        4.03
    867940        3.66
    867950        7.32
    867960        4.59
    867970         4.6
    867980        5.42
    867990        4.34
    868000        3.99
    868010        5.57
    868020        4.65
    868030        4.12
    868040        5.78
    868050         4.8
    868060        3.65
    868070        3.77
    868080        4.97
    868090        5.98
    868100        4.52
    868110        4.75
    868120        5.95
    868130         3.9
    868140        5.23
    868150        4.34
    868160        4.73
    868170           4
    868180        3.95
    868190        5.03
    868200        6.07
    868210         4.9
    868220        4.52
    868230        5.28
    868240        5.57
    868250        3.87
    868260        4.74
    868270        5.73
    868280        4.94
    868290        5.63
    868300        4.27
    868310        6.81
    868320         5.8
    868330        5.29
    868340        5.09
    868350         5.4
    868360        4.34
    868370        5.25
    868380        4.45
    868390        5.03
    868400        5.41
    868410        4.41
    868420        5.46
    868430        5.37
    868440        3.67
    868450        4.63
    868460        4.33
    868470        4.55
    868480        3.64
    868490        5.36
    868500        3.94
    868510        3.97
    868520        5.92
    868530        4.78
    868540        5.34
    868550        4.66
    868560        4.92
    868570        4.63
    868580        4.21
    868590        4.26
    868600        4.98
    868610        6.26
    868620        4.53
    868630        6.04
    868640        5.81
    868650        5.13
    868660        4.19
    868670        5.21
    868680        5.17
    868690        4.15
    868700        4.72
    868710        4.69
    868720        4.94
    868730        4.31
    868740        5.81
    868750        5.28
    868760        3.92
    868770         3.8
    868780        4.76
    868790        3.94
    868800        4.22
    868810        4.68
    868820        5.24
    868830        3.32
    868840        3.24
    868850        3.63
    868860        3.88
    868870        4.38
    868880        4.81
    868890        5.02
    868900        5.79
    868910        5.01
    868920        5.87
    868930        4.65
    868940        4.48
    868950        4.15
    868960        5.33
    868970        4.11
    868980        5.35
    868990        5.04
    869000        5.26
    869010        4.43
    869020        3.19
    869030        3.22
    869040        4.73
    869050        3.82
    869060        4.53
    869070        4.49
    869080        4.49
    869090        4.15
    869100        4.75
    869110        5.36
    869120        5.18
    869130        4.42
    869140        5.31
    869150        4.11
    869160        5.53
    869170         6.2
    869180        4.66
    869190        4.11
    869200        5.11
    869210        6.74
    869220         4.6
    869230        4.47
    869240        4.92
    869250        3.96
    869260        3.89
    869270        5.12
    869280        5.27
    869290        4.74
    869300        5.59
    869310        3.68
    869320        4.18
    869330        4.08
    869340        4.33
    869350        4.19
    869360        5.15
    869370        5.01
    869380        4.41
    869390        5.38
    869400        5.29
    869410        3.98
    869420        4.91
    869430        4.54
    869440        4.71
    869450        4.62
    869460        5.63
    869470           4
    869480        5.94
    869490        5.07
    869500        4.55
    869510        5.47
    869520        4.06
    869530        4.94
    869540        4.99
    869550        4.31
    869560         4.7
    869570        6.15
    869580        4.81
    869590        4.57
    869600        6.07
    869610        4.54
    869620        5.09
    869630           5
    869640        6.15
    869650        3.96
    869660        5.49
    869670        4.05
    869680         4.8
    869690        5.57
    869700         5.6
    869710        5.76
    869720        3.54
    869730        4.98
    869740        5.28
    869750        4.65
    869760        4.86
    869770        3.66
    869780        4.35
    869790        5.11
    869800        5.58
    869810        4.13
    869820        5.38
    869830        5.55
    869840        3.43
    869850        4.21
    869860        5.17
    869870        4.64
    869880        3.99
    869890        4.58
    869900        3.98
    869910        4.15
    869920        5.21
    869930         5.9
    869940        5.96
    869950        4.64
    869960        5.29
    869970        6.08
    869980        5.41
    869990        3.75
    870000        4.81
    870010        5.77
    870020        4.92
    870030        4.17
    870040        4.14
    870050        5.01
    870060        2.91
    870070        5.69
    870080        4.95
    870090        3.37
    870100        5.36
    870110        4.01
    870120           4
    870130        3.94
    870140        4.67
    870150        5.01
    870160        5.13
    870170        5.08
    870180         5.3
    870190         4.4
    870200        5.19
    870210        4.84
    870220        5.83
    870230        4.04
    870240        4.87
    870250        7.87
    870260        7.35
    870270        5.34
    870280        5.68
    870290        5.97
    870300        5.68
    870310        4.64
    870320        4.89
    870330        4.59
    870340        5.58
    870350        5.58
    870360         5.5
    870370        5.47
    870380        4.85
    870390        4.68
    870400        5.94
    870410        4.94
    870420        5.29
    870430        4.85
    870440        3.86
    870450        4.52
    870460         5.6
    870470        5.86
    870480        4.94
    870490        5.25
    870500        3.62
    870510        4.51
    870520        4.74
    870530        4.14
    870540        6.22
    870550        4.76
    870560        4.54
    870570        5.16
    870580         4.3
    870590        4.71
    870600        5.63
    870610        4.06
    870620        4.26
    870630        5.01
    870640        4.89
    870650        5.74
    870660        4.97
    870670         4.7
    870680        4.51
    870690        2.98
    870700        4.47
    870710        5.69
    870720        5.18
    870730        4.73
    870740        4.71
    870750        6.02
    870760        4.72
    870770        4.43
    870780        4.48
    870790        3.83
    870800        5.91
    870810        4.48
    870820        3.06
    870830        5.82
    870840        5.22
    870850        5.11
    870860        5.65
    870870        4.75
    870880        5.06
    870890        4.62
    870900        5.67
    870910        4.36
    870920        5.01
    870930        5.11
    870940        5.34
    870950        5.03
    870960        5.23
    870970        5.93
    870980        5.24
    870990        5.92
    871000        4.05
    871010        5.18
    871020        6.04
    871030        4.23
    871040        4.84
    871050        4.58
    871060        5.01
    871070        5.62
    871080        4.41
    871090        5.41
    871100        4.23
    871110        5.08
    871120        4.53
    871130        5.36
    871140           4
    871150        5.98
    871160        4.31
    871170        6.26
    871180        5.14
    871190        4.78
    871200        4.78
    871210        6.23
    871220        5.34
    871230        4.92
    871240         5.1
    871250        5.34
    871260        3.96
    871270        5.18
    871280        3.09
    871290        3.32
    871300        4.02
    871310        5.68
    871320        3.64
    871330        4.61
    871340        5.67
    871350        5.24
    871360        4.63
    871370         4.1
    871380        3.24
    871390        5.15
    871400           5
    871410        5.55
    871420        4.62
    871430        3.38
    871440        4.91
    871450        4.93
    871460         4.8
    871470        4.99
    871480        4.53
    871490        6.04
    871500        4.55
    871510        5.02
    871520        6.22
    871530        4.19
    871540        5.66
    871550        4.68
    871560        4.68
    871570         3.8
    871580        4.57
    871590         6.3
    871600        4.48
    871610         4.2
    871620        4.77
    871630        4.24
    871640        5.08
    871650        5.87
    871660        3.86
    871670        5.64
    871680        6.17
    871690        5.38
    871700        6.38
    871710        5.77
    871720        5.06
    871730         5.7
    871740        4.52
    871750        4.59
    871760        4.53
    871770        4.58
    871780        4.33
    871790        5.41
    871800        6.01
    871810        5.17
    871820        5.39
    871830        5.07
    871840        6.84
    871850        4.79
    871860        3.82
    871870        3.97
    871880        4.04
    871890        5.07
    871900        5.32
    871910         5.1
    871920         5.5
    871930        5.81
    871940        4.31
    871950        5.52
    871960        4.44
    871970        5.74
    871980         4.1
    871990        4.58
    872000        4.99
    872010        4.84
    872020        4.36
    872030        4.54
    872040        4.21
    872050        4.26
    872060         4.2
    872070        4.44
    872080        5.87
    872090        4.06
    872100        3.91
    872110        5.66
    872120        4.07
    872130        4.51
    872140        3.65
    872150        4.65
    872160        5.44
    872170        4.39
    872180        5.53
    872190        4.02
    872200        3.51
    872210        5.42
    872220        5.71
    872230        5.65
    872240        5.27
    872250        5.07
    872260        4.59
    872270        4.94
    872280        4.66
    872290        3.63
    872300        4.64
    872310        3.64
    872320        4.57
    872330        4.04
    872340        4.84
    872350        6.25
    872360        4.87
    872370         3.9
    872380        5.43
    872390         4.5
    872400        6.89
    872410        4.87
    872420        5.43
    872430        4.35
    872440        4.25
    872450        5.89
    872460        5.32
    872470        5.29
    872480        5.48
    872490        4.77
    872500        4.51
    872510        5.32
    872520        4.36
    872530        4.12
    872540        4.33
    872550        4.02
    872560        3.84
    872570         4.6
    872580        4.32
    872590        5.19
    872600         5.6
    872610        5.06
    872620        5.28
    872630        4.77
    872640        5.03
    872650        3.96
    872660        5.26
    872670        4.13
    872680        4.96
    872690        4.88
    872700        6.75
    872710        5.49
    872720        3.69
    872730        3.25
    872740        5.82
    872750        5.58
    872760         4.7
    872770        4.15
    872780           5
    872790        3.99
    872800        5.58
    872810        4.48
    872820        4.35
    872830        3.48
    872840        4.68
    872850        4.02
    872860        4.83
    872870        4.87
    872880        6.11
    872890        4.27
    872900        3.65
    872910        4.15
    872920        4.76
    872930        3.81
    872940         6.3
    872950        4.85
    872960        3.87
    872970        5.65
    872980        5.03
    872990        5.17
    873000        5.47
    873010        5.58
    873020        4.29
    873030        4.52
    873040        5.25
    873050        5.14
    873060        5.16
    873070        5.81
    873080        5.46
    873090        4.65
    873100        5.26
    873110        5.12
    873120        4.37
    873130        5.21
    873140        5.71
    873150        4.22
    873160        4.94
    873170        4.54
    873180        5.16
    873190        3.66
    873200        3.78
    873210        4.23
    873220        4.85
    873230           4
    873240        4.24
    873250        6.04
    873260        4.66
    873270        3.84
    873280        4.39
    873290        5.24
    873300        4.24
    873310         6.1
    873320        5.01
    873330           6
    873340        4.89
    873350        4.88
    873360        4.98
    873370        6.24
    873380        4.66
    873390        5.27
    873400        4.89
    873410        4.91
    873420        4.89
    873430        6.06
    873440        3.37
    873450        4.71
    873460        5.14
    873470        4.51
    873480        5.06
    873490        5.29
    873500        5.45
    873510        4.77
    873520        5.04
    873530        4.52
    873540        4.67
    873550        4.55
    873560         4.9
    873570        4.34
    873580        3.84
    873590        5.14
    873600        3.72
    873610        5.01
    873620        4.57
    873630        4.31
    873640        4.96
    873650        4.08
    873660        5.46
    873670         3.5
    873680        3.72
    873690        4.73
    873700        4.49
    873710        4.81
    873720        5.15
    873730        4.89
    873740         4.5
    873750        3.88
    873760        3.73
    873770        4.48
    873780        4.46
    873790        3.91
    873800        5.26
    873810        3.53
    873820        4.31
    873830        4.29
    873840        4.15
    873850        4.76
    873860        4.31
    873870        4.24
    873880        4.06
    873890        3.94
    873900        5.37
    873910        6.01
    873920        4.38
    873930        4.01
    873940        5.13
    873950        4.14
    873960        5.09
    873970        4.93
    873980        4.86
    873990        4.85
    874000         4.5
    874010        4.73
    874020        5.26
    874030        4.68
    874040         5.4
    874050        4.18
    874060        6.23
    874070        5.71
    874080        5.22
    874090        4.86
    874100        4.32
    874110        5.27
    874120        4.01
    874130        5.61
    874140        5.48
    874150        3.69
    874160        7.13
    874170        4.64
    874180        4.88
    874190        5.37
    874200        2.96
    874210        3.48
    874220        3.36
    874230        5.25
    874240        4.52
    874250        5.03
    874260        4.35
    874270        3.76
    874280         4.6
    874290        4.78
    874300        4.75
    874310        3.91
    874320        3.61
    874330        3.39
    874340        4.57
    874350        4.76
    874360        4.85
    874370        3.72
    874380        3.66
    874390        3.02
    874400        4.09
    874410        3.87
    874420        4.92
    874430        3.82
    874440        4.54
    874450        4.56
    874460        6.35
    874470        4.27
    874480        4.81
    874490        6.14
    874500        4.08
    874510        3.71
    874520        4.26
    874530        3.67
    874540        4.31
    874550        3.45
    874560        4.54
    874570        3.87
    874580         4.6
    874590        5.34
    874600         4.7
    874610        5.45
    874620        4.58
    874630        5.56
    874640        3.31
    874650        4.78
    874660        4.35
    874670        4.44
    874680        5.01
    874690        3.85
    874700        4.24
    874710        3.72
    874720         4.4
    874730        4.78
    874740        4.53
    874750        4.92
    874760        4.26
    874770        4.59
    874780        4.68
    874790        4.51
    874800        4.21
    874810        4.82
    874820        4.04
    874830        5.82
    874840        4.49
    874850        4.94
    874860         3.5
    874870        4.44
    874880        5.45
    874890        2.59
    874900        4.97
    874910        5.53
    874920        4.53
    874930        5.91
    874940        3.87
    874950        5.45
    874960        4.87
    874970        3.06
    874980        4.66
    874990         4.4
    875000        3.87
    875010        5.22
    875020        4.43
    875030        5.78
    875040        5.11
    875050        4.73
    875060         4.8
    875070        4.97
    875080        4.72
    875090           4
    875100        5.29
    875110        5.53
    875120        4.74
    875130        3.31
    875140        5.16
    875150        4.64
    875160        5.19
    875170         4.2
    875180         4.3
    875190        6.45
    875200         4.5
    875210        4.21
    875220         4.9
    875230        6.34
    875240        6.47
    875250        5.65
    875260        5.16
    875270        6.22
    875280        5.19
    875290        5.71
    875300        5.36
    875310        5.12
    875320        5.82
    875330        4.14
    875340        5.05
    875350        4.28
    875360         5.4
    875370         5.1
    875380         4.9
    875390        5.13
    875400        4.86
    875410        3.28
    875420           6
    875430        6.34
    875440        3.45
    875450        4.96
    875460        5.51
    875470        4.27
    875480        6.49
    875490        4.38
    875500        4.08
    875510        4.38
    875520        4.95
    875530        3.83
    875540        3.82
    875550        4.61
    875560        4.51
    875570        4.03
    875580        4.17
    875590        4.13
    875600        4.85
    875610        4.01
    875620        4.38
    875630        5.21
    875640        5.03
    875650        4.39
    875660        4.07
    875670        4.49
    875680        4.59
    875690        6.06
    875700        5.01
    875710        4.09
    875720        6.07
    875730        5.63
    875740         4.1
    875750        5.04
    875760        4.39
    875770        5.02
    875780        5.71
    875790        5.11
    875800           4
    875810        4.88
    875820        5.18
    875830        4.26
    875840        5.09
    875850        4.09
    875860        4.44
    875870        5.59
    875880        5.31
    875890        4.35
    875900        5.26
    875910        4.99
    875920        5.64
    875930        6.22
    875940        4.93
    875950        5.42
    875960        3.27
    875970        4.62
    875980        5.91
    875990        4.75
    876000        3.56
    876010        4.46
    876020        5.86
    876030        5.39
    876040        5.07
    876050        5.45
    876060        4.99
    876070        4.64
    876080        5.47
    876090        4.83
    876100        5.93
    876110        5.23
    876120        5.11
    876130        4.39
    876140        5.41
    876150        4.26
    876160        4.45
    876170        4.25
    876180        4.57
    876190        4.62
    876200        5.68
    876210         5.2
    876220        3.68
    876230        4.71
    876240        5.41
    876250        3.94
    876260        5.37
    876270        4.75
    876280        4.53
    876290        4.15
    876300        3.75
    876310        3.75
    876320        4.44
    876330        4.16
    876340        4.08
    876350         4.4
    876360        5.48
    876370        3.18
    876380        3.38
    876390        5.36
    876400        5.24
    876410        4.54
    876420        3.93
    876430        4.92
    876440        4.75
    876450        4.21
    876460         4.1
    876470        4.94
    876480        5.76
    876490         5.3
    876500        4.62
    876510         4.2
    876520        3.89
    876530        4.31
    876540        4.33
    876550         5.6
    876560         4.9
    876570         5.1
    876580         4.4
    876590         5.2
    876600        4.38
    876610        3.47
    876620        5.17
    876630        3.15
    876640        5.11
    876650        3.57
    876660        4.32
    876670         4.2
    876680         4.8
    876690        4.02
    876700        4.95
    876710        4.22
    876720        5.25
    876730        4.38
    876740        5.27
    876750        4.77
    876760        5.31
    876770        3.92
    876780         3.1
    876790        5.13
    876800        4.31
    876810        4.81
    876820        3.86
    876830        4.94
    876840        4.47
    876850        4.64
    876860        3.99
    876870        3.41
    876880        3.35
    876890        3.23
    876900        4.82
    876910        5.73
    876920        4.43
    876930        4.83
    876940        4.59
    876950        4.43
    876960         3.4
    876970        4.46
    876980         4.8
    876990        3.93
    877000        5.12
    877010        5.48
    877020        2.85
    877030        5.61
    877040        5.47
    877050         4.6
    877060           4
    877070        5.29
    877080        3.26
    877090        4.42
    877100        4.72
    877110         4.3
    877120         4.2
    877130        4.96
    877140        3.94
    877150        4.91
    877160        4.08
    877170        4.08
    877180         3.9
    877190        4.28
    877200        3.82
    877210         5.1
    877220        5.56
    877230        4.48
    877240        3.58
    877250        4.28
    877260        5.27
    877270        4.26
    877280        4.86
    877290        3.33
    877300        4.18
    877310        5.91
    877320        3.57
    877330        3.54
    877340        4.21
    877350        5.64
    877360         5.2
    877370        4.92
    877380        4.41
    877390        4.23
    877400        5.47
    877410        4.67
    877420         4.2
    877430        4.08
    877440        5.46
    877450        4.94
    877460        5.04
    877470        6.24
    877480         5.5
    877490        5.01
    877500        4.53
    877510        4.25
    877520        4.66
    877530        4.15
    877540        3.61
    877550        5.08
    877560        5.41
    877570        5.16
    877580        5.38
    877590        4.77
    877600         4.5
    877610        3.92
    877620        4.41
    877630        4.89
    877640         4.8
    877650        4.29
    877660        5.21
    877670        4.79
    877680        4.88
    877690        4.68
    877700        5.41
    877710        4.52
    877720           5
    877730        4.59
    877740        4.42
    877750        5.28
    877760        4.35
    877770        4.89
    877780        6.26
    877790        4.91
    877800        3.56
    877810        4.35
    877820        4.19
    877830         3.5
    877840        4.11
    877850         3.2
    877860        3.57
    877870        3.54
    877880        4.57
    877890        3.56
    877900        3.53
    877910        4.09
    877920        3.92
    877930        5.51
    877940        5.78
    877950        4.12
    877960        6.13
    877970        6.55
    877980        5.16
    877990        5.55
    878000         4.6
    878010        4.19
    878020        3.91
    878030        4.31
    878040        5.28
    878050        5.16
    878060        6.48
    878070        5.84
    878080        4.77
    878090        4.99
    878100        4.74
    878110        4.86
    878120        4.96
    878130        4.77
    878140        4.88
    878150        3.91
    878160        4.89
    878170        4.31
    878180         4.3
    878190         4.7
    878200        5.37
    878210        4.06
    878220        5.07
    878230        5.08
    878240        4.97
    878250        5.34
    878260        6.35
    878270        5.09
    878280        5.54
    878290        6.23
    878300        4.42
    878310         5.9
    878320         4.8
    878330        5.71
    878340        4.48
    878350        5.25
    878360        3.47
    878370         4.2
    878380        4.36
    878390        4.69
    878400        5.07
    878410        5.35
    878420        4.12
    878430        4.02
    878440         4.5
    878450         4.9
    878460        5.47
    878470        4.13
    878480        3.52
    878490        3.96
    878500        3.76
    878510        4.91
    878520        4.73
    878530        4.42
    878540        4.25
    878550        4.97
    878560        4.28
    878570        3.87
    878580        4.08
    878590        4.12
    878600        5.05
    878610        4.72
    878620        4.89
    878630        4.12
    878640        4.49
    878650        6.03
    878660        6.18
    878670        4.74
    878680        4.86
    878690        4.73
    878700        3.28
    878710        5.17
    878720        3.37
    878730        4.79
    878740        4.16
    878750        3.53
    878760        4.67
    878770        4.47
    878780        5.61
    878790        5.28
    878800        5.32
    878810        5.33
    878820        4.68
    878830        6.14
    878840        5.14
    878850        4.53
    878860        4.92
    878870        4.04
    878880        5.17
    878890        3.45
    878900        4.65
    878910        4.05
    878920        5.09
    878930         5.4
    878940        4.59
    878950        5.18
    878960        4.52
    878970        3.97
    878980        4.42
    878990        4.53
    879000        4.59
    879010        4.42
    879020         5.3
    879030        4.49
    879040        5.31
    879050        5.44
    879060        4.95
    879070        4.52
    879080        5.19
    879090        4.54
    879100        2.81
    879110        5.89
    879120        4.26
    879130        2.84
    879140        5.56
    879150        4.59
    879160        5.97
    879170        4.18
    879180        4.67
    879190        5.65
    879200        4.81
    879210         3.8
    879220        4.49
    879230        4.44
    879240        4.36
    879250        5.06
    879260        3.61
    879270        4.06
    879280        4.42
    879290        5.16
    879300        4.22
    879310        4.48
    879320        5.34
    879330        5.68
    879340        5.44
    879350        4.38
    879360        4.71
    879370        5.39
    879380        3.32
    879390        4.54
    879400        4.35
    879410        5.43
    879420        4.55
    879430        4.38
    879440        5.17
    879450         4.2
    879460        7.08
    879470        4.61
    879480        4.71
    879490        4.73
    879500        4.31
    879510         4.4
    879520        5.02
    879530        4.81
    879540        4.12
    879550        5.15
    879560        5.63
    879570        5.16
    879580        4.69
    879590        4.84
    879600        4.19
    879610        4.93
    879620        4.69
    879630        4.83
    879640        4.07
    879650        4.68
    879660        5.12
    879670         5.6
    879680        4.06
    879690        5.76
    879700        3.93
    879710        6.45
    879720        4.29
    879730        5.11
    879740        4.36
    879750        6.09
    879760        4.95
    879770        4.05
    879780        4.29
    879790        5.24
    879800        4.73
    879810        4.73
    879820        6.03
    879830        6.73
    879840        5.29
    879850           4
    879860        4.99
    879870        3.61
    879880        5.21
    879890        4.75
    879900        4.79
    879910        4.97
    879920        5.05
    879930        6.07
    879940        5.32
    879950        4.08
    879960        5.76
    879970         5.3
    879980        4.64
    879990        5.56
    880000        4.47
    880010        3.51
    880020        5.32
    880030        4.99
    880040        4.17
    880050        5.54
    880060        3.81
    880070        3.83
    880080        4.16
    880090        5.35
    880100        5.59
    880110        5.47
    880120        7.04
    880130        5.11
    880140        4.57
    880150        6.74
    880160        4.08
    880170        5.06
    880180        4.15
    880190        4.69
    880200        5.55
    880210        4.91
    880220        5.44
    880230        4.71
    880240         3.9
    880250        3.01
    880260        4.96
    880270        3.64
    880280        6.13
    880290        5.42
    880300        4.78
    880310        4.47
    880320        4.85
    880330         5.6
    880340        5.86
    880350        5.59
    880360        4.52
    880370        5.29
    880380        6.49
    880390        5.32
    880400        4.57
    880410        5.28
    880420        6.68
    880430        6.02
    880440        4.34
    880450        5.08
    880460        3.76
    880470        5.48
    880480        5.16
    880490        4.17
    880500        5.62
    880510        5.27
    880520        4.74
    880530         5.3
    880540        4.53
    880550        4.81
    880560        5.36
    880570        5.48
    880580        5.25
    880590        5.41
    880600        4.59
    880610        6.27
    880620        4.73
    880630        4.94
    880640        5.18
    880650        4.95
    880660        6.49
    880670        7.12
    880680        4.25
    880690        3.83
    880700        5.36
    880710         4.9
    880720        4.84
    880730        6.22
    880740         4.4
    880750        5.72
    880760        4.79
    880770        4.34
    880780         4.9
    880790        4.64
    880800        4.44
    880810        4.87
    880820        3.95
    880830        3.48
    880840        4.58
    880850        4.72
    880860        4.69
    880870        5.83
    880880        5.95
    880890        5.04
    880900        5.43
    880910        3.78
    880920        5.24
    880930        5.29
    880940        5.14
    880950        5.37
    880960        5.59
    880970        5.97
    880980        3.54
    880990        5.25
    881000        3.39
    881010        4.24
    881020        4.31
    881030         5.4
    881040        4.54
    881050        3.85
    881060        4.56
    881070        5.41
    881080        5.22
    881090        4.93
    881100        4.79
    881110        5.33
    881120         4.4
    881130        4.82
    881140        5.15
    881150        5.47
    881160        4.49
    881170        4.81
    881180        4.78
    881190        4.79
    881200        5.39
    881210        4.44
    881220        5.96
    881230        4.45
    881240        5.68
    881250        4.77
    881260        4.81
    881270        3.86
    881280        5.46
    881290         4.9
    881300        4.49
    881310         4.5
    881320        4.67
    881330        4.61
    881340        5.18
    881350        3.94
    881360        3.97
    881370        4.88
    881380        4.13
    881390        4.57
    881400        4.41
    881410        3.94
    881420        3.46
    881430        4.99
    881440        4.25
    881450        4.73
    881460        4.51
    881470        4.51
    881480         4.4
    881490        4.54
    881500         4.1
    881510        4.28
    881520        5.71
    881530         4.9
    881540        6.22
    881550        4.93
    881560        3.75
    881570        5.02
    881580        5.08
    881590        4.54
    881600        5.64
    881610        5.24
    881620        4.33
    881630        5.22
    881640           4
    881650        5.41
    881660        5.41
    881670        3.99
    881680         5.3
    881690        4.47
    881700        4.73
    881710        5.48
    881720        4.49
    881730        5.82
    881740        5.13
    881750        4.28
    881760        4.27
    881770        3.53
    881780        4.31
    881790        4.74
    881800        5.03
    881810        5.62
    881820        3.13
    881830        5.97
    881840        4.93
    881850        4.82
    881860        4.53
    881870        5.38
    881880        4.26
    881890        3.91
    881900        4.23
    881910        5.98
    881920         4.6
    881930        4.19
    881940        4.44
    881950        4.35
    881960         5.3
    881970        5.38
    881980        5.93
    881990        4.39
    882000        5.08
    882010        4.65
    882020        5.52
    882030        5.06
    882040         4.5
    882050        4.22
    882060        4.11
    882070        5.21
    882080        5.03
    882090        6.19
    882100        4.08
    882110        4.62
    882120        4.81
    882130        5.95
    882140        4.69
    882150        3.95
    882160        4.86
    882170         5.5
    882180        3.84
    882190        4.46
    882200        4.52
    882210        4.49
    882220        3.54
    882230        3.43
    882240        4.61
    882250        4.36
    882260         3.2
    882270        4.22
    882280        3.55
    882290        4.93
    882300        4.46
    882310        4.58
    882320        4.87
    882330        4.29
    882340        4.81
    882350        4.72
    882360        5.51
    882370         4.5
    882380        5.39
    882390        3.46
    882400        3.82
    882410        4.49
    882420        5.89
    882430        4.94
    882440        3.82
    882450           4
    882460        4.02
    882470        4.54
    882480        3.85
    882490        5.08
    882500         4.8
    882510        4.75
    882520         4.5
    882530        3.53
    882540        5.67
    882550        4.97
    882560         4.8
    882570        3.68
    882580        5.33
    882590        3.59
    882600        5.39
    882610        5.56
    882620        4.06
    882630        4.24
    882640        3.63
    882650        4.24
    882660        6.13
    882670        5.58
    882680        3.07
    882690        4.99
    882700        4.17
    882710         5.4
    882720        5.42
    882730        5.28
    882740        4.65
    882750         4.6
    882760        4.99
    882770        4.86
    882780        3.82
    882790        4.26
    882800        4.61
    882810        5.24
    882820         6.1
    882830        5.29
    882840        4.72
    882850        5.47
    882860        4.92
    882870        4.77
    882880        4.88
    882890        4.87
    882900        4.31
    882910        4.72
    882920        3.84
    882930         4.4
    882940        4.58
    882950        4.19
    882960        4.45
    882970        4.05
    882980        4.56
    882990        4.51
    883000        4.97
    883010        3.59
    883020        4.34
    883030        5.11
    883040        5.26
    883050        2.85
    883060        3.63
    883070        5.24
    883080        4.15
    883090        4.01
    883100         4.1
    883110        3.98
    883120        3.44
    883130        4.37
    883140        4.18
    883150        4.78
    883160        3.82
    883170        4.25
    883180        4.69
    883190        2.39
    883200        4.76
    883210        5.75
    883220        5.17
    883230        6.97
    883240        5.48
    883250        4.37
    883260           4
    883270        4.42
    883280        5.06
    883290        5.22
    883300        4.25
    883310        4.56
    883320        4.81
    883330        4.32
    883340        4.31
    883350        5.65
    883360        4.72
    883370        4.47
    883380        3.66
    883390        4.74
    883400        3.55
    883410        4.28
    883420        4.38
    883430        5.34
    883440        4.46
    883450        4.71
    883460        3.72
    883470        5.31
    883480        5.32
    883490        4.23
    883500        5.89
    883510        5.22
    883520        4.31
    883530        4.27
    883540        4.88
    883550        4.95
    883560        3.17
    883570        3.84
    883580        4.67
    883590        4.58
    883600        4.34
    883610        4.54
    883620         4.3
    883630        4.22
    883640        4.03
    883650        4.85
    883660        4.06
    883670        5.74
    883680        4.68
    883690        5.17
    883700        3.33
    883710        3.32
    883720        4.51
    883730        4.91
    883740        4.96
    883750        5.48
    883760        4.94
    883770        5.08
    883780        3.61
    883790        4.06
    883800        3.67
    883810        3.84
    883820         4.3
    883830        6.52
    883840        6.06
    883850        5.16
    883860        4.77
    883870        4.06
    883880        4.56
    883890         3.1
    883900        4.84
    883910        4.05
    883920        5.64
    883930        6.04
    883940         4.6
    883950        3.15
    883960        3.87
    883970        3.51
    883980        4.62
    883990        4.72
    884000        5.67
    884010        3.98
    884020        4.64
    884030         4.2
    884040        4.93
    884050        4.07
    884060        5.17
    884070        4.67
    884080        4.28
    884090        4.25
    884100        4.96
    884110        5.37
    884120        5.15
    884130        4.67
    884140        3.44
    884150        4.21
    884160        4.63
    884170        4.08
    884180        4.56
    884190        4.99
    884200        4.48
    884210        5.66
    884220        5.41
    884230        4.23
    884240        4.01
    884250        4.35
    884260        4.83
    884270           3
    884280        5.74
    884290         5.1
    884300        6.12
    884310        4.83
    884320        4.95
    884330        4.57
    884340        4.53
    884350        3.91
    884360        3.56
    884370        4.57
    884380        4.52
    884390        3.96
    884400        6.04
    884410        5.19
    884420        4.76
    884430        4.15
    884440        4.43
    884450        4.43
    884460        4.54
    884470        5.31
    884480        3.43
    884490         5.4
    884500        4.79
    884510         4.2
    884520        3.84
    884530        3.78
    884540        4.13
    884550        3.77
    884560        4.22
    884570        3.45
    884580        4.92
    884590        5.03
    884600        5.01
    884610        5.58
    884620        3.38
    884630        4.98
    884640        4.75
    884650        3.62
    884660        4.03
    884670        5.28
    884680        5.28
    884690         4.1
    884700        5.03
    884710        4.15
    884720        3.19
    884730        5.41
    884740         5.5
    884750        5.11
    884760        3.32
    884770        4.45
    884780        5.55
    884790        3.57
    884800        5.04
    884810        4.66
    884820        4.32
    884830        4.23
    884840        4.68
    884850        4.07
    884860        4.73
    884870        5.42
    884880        3.97
    884890        5.76
    884900        5.84
    884910        4.75
    884920        4.12
    884930         5.5
    884940        5.21
    884950        4.16
    884960        4.93
    884970        5.53
    884980        3.76
    884990        4.23
    885000        3.88
    885010        3.89
    885020        5.32
    885030        6.34
    885040        3.41
    885050        2.76
    885060        4.51
    885070        4.19
    885080        4.32
    885090        5.16
    885100        5.84
    885110        3.42
    885120        5.85
    885130        4.44
    885140        3.69
    885150        4.54
    885160        3.88
    885170        4.88
    885180        2.68
    885190           4
    885200        4.48
    885210        5.84
    885220        5.43
    885230        5.21
    885240        4.27
    885250        5.13
    885260        5.25
    885270        4.87
    885280        4.87
    885290        3.85
    885300        4.73
    885310        5.99
    885320        5.89
    885330        2.92
    885340        4.46
    885350        5.66
    885360        4.71
    885370         4.4
    885380        4.84
    885390        3.84
    885400        3.95
    885410        5.09
    885420        4.76
    885430        4.62
    885440        5.97
    885450        6.05
    885460        6.13
    885470        4.75
    885480         4.1
    885490         3.3
    885500        4.64
    885510        3.75
    885520        3.34
    885530        4.26
    885540        5.87
    885550        4.97
    885560        4.35
    885570        3.57
    885580        5.03
    885590        4.04
    885600         3.6
    885610        4.43
    885620        4.03
    885630        5.65
    885640        5.09
    885650        4.85
    885660        5.11
    885670        4.05
    885680        5.41
    885690        4.24
    885700        5.06
    885710        4.25
    885720        3.97
    885730        5.13
    885740        4.13
    885750        5.84
    885760        4.14
    885770        4.52
    885780        4.86
    885790        4.17
    885800        5.04
    885810        4.34
    885820        4.69
    885830        5.04
    885840        4.77
    885850        5.09
    885860        4.88
    885870        4.97
    885880        5.35
    885890        3.94
    885900        5.57
    885910        4.13
    885920        4.55
    885930        4.06
    885940        4.42
    885950        4.23
    885960        3.94
    885970        3.15
    885980        4.03
    885990         4.5
    886000        4.45
    886010        3.71
    886020        5.67
    886030        4.75
    886040        5.76
    886050        5.12
    886060        4.74
    886070        4.68
    886080        3.95
    886090        4.35
    886100        5.91
    886110         4.5
    886120        4.45
    886130        5.36
    886140        5.71
    886150        5.17
    886160        5.16
    886170        5.16
    886180        4.38
    886190        4.06
    886200        4.06
    886210        3.78
    886220        3.86
    886230        3.68
    886240        4.07
    886250         5.1
    886260         6.2
    886270        4.38
    886280        5.28
    886290        4.21
    886300        4.78
    886310        4.44
    886320        4.37
    886330        5.07
    886340        4.59
    886350         4.3
    886360           4
    886370        4.68
    886380        4.89
    886390        5.02
    886400        5.17
    886410        6.62
    886420        4.25
    886430        4.84
    886440        5.62
    886450         4.4
    886460         3.7
    886470        3.62
    886480        4.64
    886490        4.53
    886500        4.43
    886510        3.84
    886520        4.65
    886530        4.32
    886540        4.19
    886550        4.03
    886560        4.06
    886570        3.67
    886580        5.13
    886590        4.16
    886600        5.17
    886610        6.01
    886620        5.88
    886630        3.76
    886640        3.73
    886650        4.32
    886660        6.04
    886670        5.78
    886680         5.7
    886690        4.79
    886700         4.5
    886710        5.28
    886720         3.4
    886730        4.42
    886740        4.25
    886750        4.88
    886760        4.98
    886770        5.77
    886780        5.56
    886790        5.52
    886800        4.24
    886810        5.61
    886820        5.45
    886830        4.81
    886840        4.72
    886850        5.69
    886860        3.77
    886870        5.97
    886880        5.15
    886890        4.81
    886900        4.53
    886910        3.59
    886920        4.63
    886930        5.07
    886940         5.8
    886950        5.42
    886960        5.34
    886970        5.58
    886980        4.35
    886990        4.91
    887000        4.67
    887010        4.86
    887020        5.24
    887030        5.19
    887040        4.51
    887050        4.47
    887060        4.88
    887070        4.52
    887080        4.29
    887090        4.98
    887100        5.93
    887110        5.39
    887120         4.5
    887130        5.02
    887140        4.63
    887150        4.87
    887160        3.33
    887170        4.23
    887180        5.75
    887190        5.85
    887200        6.05
    887210        4.82
    887220        6.01
    887230        4.87
    887240        4.56
    887250        6.25
    887260         5.3
    887270        6.74
    887280        4.97
    887290        3.43
    887300         5.3
    887310        4.31
    887320        4.67
    887330        4.61
    887340        4.06
    887350        4.44
    887360        5.82
    887370        4.09
    887380        4.57
    887390        5.47
    887400        5.14
    887410        4.28
    887420        4.42
    887430        3.85
    887440        5.43
    887450        4.56
    887460        4.68
    887470        5.95
    887480        5.71
    887490        3.88
    887500           5
    887510         3.7
    887520        4.13
    887530        4.37
    887540        5.19
    887550        2.85
    887560        4.68
    887570        4.17
    887580        4.88
    887590        5.81
    887600        4.44
    887610        3.71
    887620        5.13
    887630        3.56
    887640        5.35
    887650        5.08
    887660        4.16
    887670        4.61
    887680        4.33
    887690        5.62
    887700        4.29
    887710        4.36
    887720        4.53
    887730        3.88
    887740        6.65
    887750         3.7
    887760        5.26
    887770        4.02
    887780        4.18
    887790         4.6
    887800        2.92
    887810        5.94
    887820         4.9
    887830        4.84
    887840         4.5
    887850        3.91
    887860        5.25
    887870         4.9
    887880        4.96
    887890         4.5
    887900         4.2
    887910        4.24
    887920        4.75
    887930        5.15
    887940        4.63
    887950        4.65
    887960        4.73
    887970        3.72
    887980         5.2
    887990        4.51
    888000        4.01
    888010        3.44
    888020        4.31
    888030        5.26
    888040        5.23
    888050        4.69
    888060        5.03
    888070        5.23
    888080        3.18
    888090        4.08
    888100        4.76
    888110        5.06
    888120        6.38
    888130        4.55
    888140        3.77
    888150         6.6
    888160        4.19
    888170        5.16
    888180         3.5
    888190        5.08
    888200        5.07
    888210        5.55
    888220        4.84
    888230        5.23
    888240         4.7
    888250        5.77
    888260        3.68
    888270        4.59
    888280         5.5
    888290        4.04
    888300        5.21
    888310        4.46
    888320        5.48
    888330        4.18
    888340        3.97
    888350        5.32
    888360        4.94
    888370           5
    888380        5.26
    888390        3.92
    888400        5.68
    888410        5.07
    888420         4.4
    888430        4.79
    888440        4.92
    888450        5.02
    888460        3.75
    888470        4.45
    888480        4.26
    888490        4.07
    888500         5.4
    888510        4.22
    888520        4.72
    888530        5.22
    888540        4.68
    888550        6.79
    888560        4.58
    888570         5.7
    888580        4.77
    888590        5.22
    888600        4.55
    888610        4.46
    888620        4.46
    888630        4.03
    888640        4.46
    888650        5.95
    888660        4.36
    888670        6.46
    888680        4.92
    888690        4.73
    888700        4.56
    888710        5.09
    888720         5.7
    888730        5.07
    888740         5.3
    888750        4.36
    888760        4.86
    888770        5.71
    888780        4.35
    888790        5.08
    888800        5.13
    888810        5.55
    888820        5.09
    888830        4.75
    888840        4.73
    888850        4.91
    888860        4.39
    888870        5.14
    888880        4.48
    888890        4.51
    888900        4.07
    888910        3.68
    888920        5.14
    888930        5.39
    888940        4.72
    888950        4.96
    888960        5.91
    888970        5.05
    888980        4.89
    888990        4.25
    889000        4.81
    889010        4.73
    889020        5.39
    889030        4.21
    889040        5.56
    889050        6.45
    889060        3.92
    889070        6.08
    889080        5.46
    889090        4.09
    889100        4.26
    889110        6.11
    889120           5
    889130        5.04
    889140         3.9
    889150        4.68
    889160        3.29
    889170        3.79
    889180        5.98
    889190        3.39
    889200        4.89
    889210        4.93
    889220         5.3
    889230        4.39
    889240        5.18
    889250        4.04
    889260        3.95
    889270        3.96
    889280        4.61
    889290        4.95
    889300        4.42
    889310        3.67
    889320        4.22
    889330        4.89
    889340        4.23
    889350        4.48
    889360        4.76
    889370        6.79
    889380        4.94
    889390        4.59
    889400        6.26
    889410        5.26
    889420        4.54
    889430        5.29
    889440        6.51
    889450        4.82
    889460        4.95
    889470        5.24
    889480        4.88
    889490        6.36
    889500        6.57
    889510        5.96
    889520        4.96
    889530        4.98
    889540        5.37
    889550        3.92
    889560        4.43
    889570        5.39
    889580        4.21
    889590        4.44
    889600        5.08
    889610        6.76
    889620        5.61
    889630        4.09
    889640        4.59
    889650        4.24
    889660           4
    889670        4.56
    889680        3.31
    889690        4.47
    889700        5.23
    889710        5.37
    889720        5.66
    889730        4.23
    889740        4.53
    889750        6.06
    889760        4.21
    889770        4.39
    889780        4.63
    889790        3.79
    889800        4.39
    889810         4.1
    889820        4.37
    889830        3.77
    889840        4.96
    889850        4.19
    889860        4.51
    889870        3.51
    889880        4.69
    889890        4.31
    889900        4.41
    889910        4.83
    889920        4.66
    889930        3.93
    889940        3.05
    889950        6.35
    889960        4.67
    889970         5.7
    889980         4.3
    889990        5.19
    890000        4.36
    890010        4.83
    890020        4.46
    890030        4.89
    890040        5.97
    890050        2.76
    890060        4.51
    890070         3.8
    890080        3.92
    890090        4.35
    890100        3.64
    890110        4.94
    890120        4.52
    890130        3.82
    890140        4.51
    890150        5.61
    890160         3.6
    890170        3.75
    890180        4.97
    890190        5.17
    890200        4.54
    890210        4.11
    890220        4.73
    890230        4.59
    890240        3.78
    890250        4.44
    890260        4.28
    890270        4.63
    890280         4.7
    890290        5.25
    890300        5.64
    890310        4.44
    890320        4.35
    890330        5.09
    890340         4.1
    890350        4.71
    890360        4.14
    890370        4.64
    890380        3.22
    890390        4.68
    890400        5.01
    890410        3.16
    890420        4.35
    890430        5.35
    890440         3.8
    890450        5.13
    890460        4.59
    890470        3.91
    890480        4.25
    890490        5.21
    890500        4.91
    890510        3.75
    890520        5.76
    890530        4.21
    890540        4.19
    890550         4.1
    890560        3.99
    890570        4.29
    890580        5.02
    890590         4.4
    890600        6.17
    890610        5.19
    890620        4.94
    890630        3.69
    890640         4.4
    890650        4.85
    890660        4.66
    890670        5.15
    890680        4.82
    890690        4.37
    890700        3.95
    890710        5.28
    890720        4.43
    890730        4.99
    890740        3.92
    890750        5.08
    890760        4.68
    890770        4.21
    890780        5.02
    890790        3.48
    890800        5.55
    890810        4.67
    890820        5.24
    890830        5.75
    890840        3.89
    890850        5.78
    890860        4.39
    890870        5.03
    890880         4.5
    890890        5.73
    890900        3.59
    890910        5.01
    890920        5.12
    890930        5.48
    890940        3.72
    890950        4.53
    890960        5.19
    890970        6.03
    890980        5.07
    890990        4.78
    891000        3.39
    891010        5.05
    891020        4.53
    891030         5.5
    891040        3.29
    891050        4.35
    891060        5.04
    891070        4.06
    891080        4.72
    891090         5.9
    891100        4.23
    891110        3.21
    891120        4.87
    891130        4.54
    891140        4.49
    891150         4.9
    891160        5.82
    891170        4.23
    891180        4.53
    891190        5.06
    891200        5.05
    891210        5.33
    891220        5.18
    891230        4.93
    891240        4.66
    891250        4.93
    891260        4.67
    891270        4.95
    891280        4.15
    891290        5.65
    891300        4.98
    891310        4.99
    891320         4.5
    891330        4.07
    891340        5.23
    891350         3.7
    891360        5.58
    891370        3.93
    891380        4.28
    891390        2.76
    891400        4.44
    891410         5.7
    891420         5.8
    891430        5.48
    891440         5.2
    891450        5.16
    891460        4.98
    891470        5.41
    891480        4.98
    891490        4.49
    891500        4.32
    891510        4.54
    891520        4.86
    891530        4.89
    891540        5.25
    891550        4.31
    891560        4.99
    891570        4.39
    891580        4.74
    891590        5.78
    891600        4.33
    891610        5.68
    891620        4.93
    891630        4.64
    891640        4.85
    891650         4.2
    891660        5.51
    891670        4.56
    891680        3.64
    891690        4.06
    891700        3.68
    891710        4.11
    891720        5.62
    891730        3.52
    891740        5.65
    891750         5.4
    891760        6.24
    891770        4.27
    891780        4.94
    891790         5.6
    891800        5.11
    891810        4.57
    891820        3.86
    891830        4.94
    891840        5.19
    891850        3.01
    891860        5.01
    891870        4.43
    891880        4.95
    891890        4.89
    891900        4.12
    891910        5.85
    891920        3.93
    891930        4.63
    891940        4.06
    891950        4.97
    891960        4.18
    891970        4.54
    891980        3.75
    891990         5.9
    892000         3.4
    892010         4.6
    892020        4.28
    892030        4.49
    892040        5.82
    892050        4.91
    892060        5.23
    892070        5.57
    892080        4.95
    892090        5.78
    892100        4.94
    892110        5.14
    892120        5.28
    892130        4.47
    892140        4.28
    892150        4.13
    892160        4.09
    892170        4.21
    892180        5.95
    892190        4.28
    892200         5.5
    892210        5.09
    892220        5.41
    892230        5.54
    892240        5.19
    892250        4.25
    892260         4.1
    892270        5.75
    892280        5.35
    892290        5.28
    892300        5.66
    892310        4.26
    892320        5.02
    892330        5.16
    892340        5.45
    892350        5.32
    892360        5.75
    892370        4.26
    892380        4.21
    892390        4.62
    892400         4.9
    892410        6.06
    892420        4.37
    892430        4.54
    892440        5.72
    892450        4.39
    892460        4.49
    892470        5.72
    892480        5.29
    892490        4.29
    892500        5.06
    892510        3.79
    892520        4.97
    892530        6.38
    892540        4.36
    892550        5.91
    892560        4.98
    892570        5.91
    892580        4.67
    892590        5.71
    892600        5.36
    892610        5.41
    892620        3.88
    892630        5.66
    892640        5.66
    892650        4.98
    892660        5.57
    892670        5.59
    892680        5.19
    892690        5.13
    892700        4.74
    892710        5.19
    892720        4.88
    892730        4.39
    892740        5.66
    892750        5.51
    892760         5.3
    892770        4.76
    892780        5.12
    892790        4.74
    892800        6.42
    892810        5.45
    892820        6.26
    892830        5.97
    892840        4.66
    892850        4.21
    892860        5.91
    892870        5.35
    892880         4.7
    892890        5.53
    892900        5.12
    892910        4.03
    892920         4.3
    892930        4.81
    892940        4.97
    892950        6.04
    892960         4.5
    892970        5.93
    892980        5.66
    892990         4.8
    893000        5.18
    893010        5.39
    893020        6.57
    893030        5.51
    893040        5.12
    893050        4.21
    893060        4.75
    893070        5.41
    893080        6.01
    893090        5.07
    893100        4.44
    893110        5.37
    893120        4.32
    893130        4.81
    893140        3.51
    893150        4.81
    893160        6.54
    893170        4.95
    893180         5.4
    893190        4.88
    893200        5.26
    893210        3.89
    893220         4.5
    893230        4.43
    893240        5.92
    893250        4.55
    893260        5.38
    893270        5.01
    893280        5.06
    893290        5.02
    893300        3.46
    893310        5.04
    893320        5.26
    893330        5.04
    893340        4.63
    893350        4.28
    893360        4.69
    893370        5.61
    893380        4.76
    893390        5.36
    893400        5.87
    893410        5.19
    893420        5.99
    893430        5.33
    893440        3.79
    893450        5.63
    893460        4.37
    893470        5.61
    893480         4.5
    893490        4.52
    893500        4.61
    893510        4.56
    893520        5.11
    893530        5.61
    893540        5.03
    893550        4.88
    893560           5
    893570        4.08
    893580        3.91
    893590        5.28
    893600        4.75
    893610        5.24
    893620        5.06
    893630        4.96
    893640        4.95
    893650        4.39
    893660        4.16
    893670        3.37
    893680        5.56
    893690        4.06
    893700        5.06
    893710        6.11
    893720        5.22
    893730        3.97
    893740        4.43
    893750        5.35
    893760        5.02
    893770         5.5
    893780        3.84
    893790        5.32
    893800        5.35
    893810        6.13
    893820         5.1
    893830        5.55
    893840        5.18
    893850         3.9
    893860        5.19
    893870        5.09
    893880         5.2
    893890        4.44
    893900         4.6
    893910        4.69
    893920        4.88
    893930        4.54
    893940         5.2
    893950        4.22
    893960        4.41
    893970        3.71
    893980        3.46
    893990        4.13
    894000        5.08
    894010        4.96
    894020        5.12
    894030        4.72
    894040        3.05
    894050        5.32
    894060        5.41
    894070        5.41
    894080         5.2
    894090         4.7
    894100        4.54
    894110         4.5
    894120        4.23
    894130        4.65
    894140        4.53
    894150        3.81
    894160        4.71
    894170        5.62
    894180        3.94
    894190        5.04
    894200        4.37
    894210        4.13
    894220        4.86
    894230        5.57
    894240        5.35
    894250        4.34
    894260        5.57
    894270        3.94
    894280        4.33
    894290        4.74
    894300        5.04
    894310        6.19
    894320        5.05
    894330         3.9
    894340         4.9
    894350        3.78
    894360        4.33
    894370        5.26
    894380        4.17
    894390        5.51
    894400        5.32
    894410        5.54
    894420        5.64
    894430        5.72
    894440        4.62
    894450        5.18
    894460        4.97
    894470        4.97
    894480        6.31
    894490        4.78
    894500        6.32
    894510        4.52
    894520         5.3
    894530        4.72
    894540        4.49
    894550        5.31
    894560        5.39
    894570        4.19
    894580        5.44
    894590        4.48
    894600        5.35
    894610        3.73
    894620        5.62
    894630        5.74
    894640        5.13
    894650        5.72
    894660        4.77
    894670        4.65
    894680         4.5
    894690        5.21
    894700        5.22
    894710        5.11
    894720         4.5
    894730         4.1
    894740        5.51
    894750        5.95
    894760        4.52
    894770           4
    894780        5.08
    894790         3.6
    894800        4.57
    894810        4.48
    894820        4.59
    894830        5.69
    894840        5.65
    894850        4.54
    894860        3.93
    894870        4.25
    894880        4.78
    894890        4.15
    894900        5.98
    894910        4.39
    894920        5.43
    894930        5.02
    894940        5.15
    894950        4.62
    894960        4.72
    894970        5.19
    894980        4.28
    894990        4.68
    895000         3.7
    895010        5.11
    895020        4.26
    895030        3.85
    895040        3.94
    895050        4.47
    895060        5.84
    895070        3.77
    895080        2.75
    895090        2.47
    895100        3.59
    895110        6.01
    895120        4.55
    895130        4.64
    895140        5.44
    895150        5.27
    895160        5.13
    895170         5.5
    895180        5.05
    895190        4.71
    895200        3.56
    895210        4.54
    895220        4.61
    895230        4.59
    895240        4.54
    895250        5.83
    895260        4.63
    895270        5.42
    895280        6.13
    895290        4.13
    895300        5.14
    895310        6.23
    895320        5.65
    895330        4.49
    895340         4.4
    895350           4
    895360        4.04
    895370        5.59
    895380        4.66
    895390        5.52
    895400        4.48
    895410        5.01
    895420        5.08
    895430        5.23
    895440        3.95
    895450        4.53
    895460        3.95
    895470        4.56
    895480        4.56
    895490        5.72
    895500        6.34
    895510        4.63
    895520        4.19
    895530        4.82
    895540        5.76
    895550        4.41
    895560        4.81
    895570        5.19
    895580        6.06
    895590        5.69
    895600        4.32
    895610        3.79
    895620           4
    895630        4.79
    895640        4.32
    895650        4.38
    895660        5.76
    895670        3.66
    895680        5.79
    895690        5.49
    895700        3.79
    895710        4.79
    895720        5.01
    895730         5.3
    895740        4.55
    895750        5.81
    895760        5.46
    895770        5.16
    895780        4.22
    895790        4.53
    895800        5.71
    895810        5.24
    895820        5.26
    895830        5.57
    895840        6.08
    895850        4.13
    895860        4.87
    895870         4.8
    895880        4.46
    895890         5.6
    895900        5.47
    895910        4.72
    895920        3.85
    895930         4.7
    895940        5.18
    895950        5.27
    895960        4.26
    895970        5.14
    895980        4.64
    895990        4.98
    896000        3.81
    896010        5.17
    896020        5.32
    896030        5.86
    896040        5.45
    896050         4.6
    896060        4.68
    896070        4.38
    896080        3.75
    896090         6.6
    896100        5.99
    896110         5.5
    896120        5.26
    896130        5.09
    896140        5.48
    896150        6.22
    896160        5.52
    896170        6.48
    896180        4.89
    896190        4.98
    896200         5.1
    896210        5.44
    896220        4.81
    896230        4.58
    896240        5.58
    896250        4.78
    896260        4.95
    896270        4.37
    896280        4.66
    896290         4.7
    896300        5.13
    896310        4.82
    896320        4.55
    896330        4.12
    896340        6.14
    896350        5.04
    896360         4.6
    896370        5.85
    896380        4.75
    896390        5.32
    896400        4.47
    896410        5.15
    896420        5.15
    896430        5.05
    896440        4.91
    896450        5.08
    896460        4.72
    896470        5.74
    896480        4.23
    896490        5.13
    896500        5.42
    896510        5.16
    896520        4.65
    896530        5.14
    896540        3.92
    896550        5.19
    896560        5.25
    896570        4.16
    896580        3.83
    896590         5.6
    896600        4.57
    896610         3.9
    896620        5.05
    896630        4.54
    896640        5.07
    896650        4.76
    896660        5.54
    896670        6.18
    896680        5.29
    896690        4.51
    896700        5.46
    896710        5.66
    896720        5.76
    896730        4.45
    896740        5.23
    896750        5.84
    896760        4.65
    896770        6.06
    896780        4.76
    896790        5.12
    896800        5.13
    896810        4.34
    896820        5.28
    896830        6.17
    896840        4.88
    896850        4.41
    896860        5.83
    896870         5.4
    896880         4.8
    896890        4.93
    896900        5.34
    896910        5.21
    896920        5.31
    896930           4
    896940         4.3
    896950        5.42
    896960        4.34
    896970        5.25
    896980        6.69
    896990        3.75
    897000        4.82
    897010        4.62
    897020        4.97
    897030        5.03
    897040        3.94
    897050        4.96
    897060        5.37
    897070        4.28
    897080        3.93
    897090        4.86
    897100        4.81
    897110         6.2
    897120        5.61
    897130        4.93
    897140        5.25
    897150        5.89
    897160        4.83
    897170        5.13
    897180         3.9
    897190        5.53
    897200        4.28
    897210        4.24
    897220        4.55
    897230        4.44
    897240        3.67
    897250        5.33
    897260        4.75
    897270        4.69
    897280        5.07
    897290        3.53
    897300        4.79
    897310        5.96
    897320        4.26
    897330        4.85
    897340         4.8
    897350        5.43
    897360        4.36
    897370        4.46
    897380        4.98
    897390        5.74
    897400        4.09
    897410        4.65
    897420        5.04
    897430        5.29
    897440         4.4
    897450        4.28
    897460        5.65
    897470        5.04
    897480        6.13
    897490        3.75
    897500        5.08
    897510        4.55
    897520        4.06
    897530        4.15
    897540        5.89
    897550        4.82
    897560        5.97
    897570        4.81
    897580         5.4
    897590        4.65
    897600        4.65
    897610        5.66
    897620        3.99
    897630        4.69
    897640        3.06
    897650        4.03
    897660        4.01
    897670        5.13
    897680         3.1
    897690        5.66
    897700        3.75
    897710        3.52
    897720        4.57
    897730        3.38
    897740        4.84
    897750        4.57
    897760        3.93
    897770         4.8
    897780        5.19
    897790        4.49
    897800        4.17
    897810        4.59
    897820        3.78
    897830        4.66
    897840        6.07
    897850        5.59
    897860        5.31
    897870        5.43
    897880        4.31
    897890        5.11
    897900        3.85
    897910        5.94
    897920        4.97
    897930        5.77
    897940        4.64
    897950        4.16
    897960        4.78
    897970        4.98
    897980        4.78
    897990        4.28
    898000        5.34
    898010        4.75
    898020        4.18
    898030        4.32
    898040        4.67
    898050        4.46
    898060        5.03
    898070         5.1
    898080        5.83
    898090        4.88
    898100         4.6
    898110        4.33
    898120        5.25
    898130        4.95
    898140        4.15
    898150        6.04
    898160        4.57
    898170        5.64
    898180        5.72
    898190        4.58
    898200        5.29
    898210        5.77
    898220        4.35
    898230        5.45
    898240        4.19
    898250        4.59
    898260        5.17
    898270        5.27
    898280        5.48
    898290        4.94
    898300        6.02
    898310        5.34
    898320        5.49
    898330        4.64
    898340        4.08
    898350        6.28
    898360        5.32
    898370        5.09
    898380        5.35
    898390        5.81
    898400        5.19
    898410        3.91
    898420        4.84
    898430        5.17
    898440         4.5
    898450         5.1
    898460        4.95
    898470        5.23
    898480        5.32
    898490        5.47
    898500        4.01
    898510        4.66
    898520        5.38
    898530        6.25
    898540         5.4
    898550        3.77
    898560        3.93
    898570        3.87
    898580        5.27
    898590        5.61
    898600        6.29
    898610         4.7
    898620         5.5
    898630        4.81
    898640         5.6
    898650        3.78
    898660        5.06
    898670        4.34
    898680        4.84
    898690         4.4
    898700        5.47
    898710        4.14
    898720        5.74
    898730        5.29
    898740        4.23
    898750        4.57
    898760        4.56
    898770        5.35
    898780        5.41
    898790        4.88
    898800        4.65
    898810        4.93
    898820        5.55
    898830        4.84
    898840        6.96
    898850        5.57
    898860        4.79
    898870         5.3
    898880        4.52
    898890        4.69
    898900        4.47
    898910        5.92
    898920        5.59
    898930        5.06
    898940        4.84
    898950        4.65
    898960         5.3
    898970        4.61
    898980        4.68
    898990        4.62
    899000        4.22
    899010        5.31
    899020        3.71
    899030        4.81
    899040        3.35
    899050        6.35
    899060        5.49
    899070        4.95
    899080        4.22
    899090        4.33
    899100        5.28
    899110        4.48
    899120        5.15
    899130        4.73
    899140        4.69
    899150        5.18
    899160        3.96
    899170        5.74
    899180        4.93
    899190        5.12
    899200        6.06
    899210        4.44
    899220        5.39
    899230        4.88
    899240        4.84
    899250        5.77
    899260        5.15
    899270        4.41
    899280        4.72
    899290        5.15
    899300        4.69
    899310        4.24
    899320        3.75
    899330        4.39
    899340        4.75
    899350        4.78
    899360        6.16
    899370        5.53
    899380        6.28
    899390        4.21
    899400         4.6
    899410        4.42
    899420        4.24
    899430        4.81
    899440        4.09
    899450        4.56
    899460        4.53
    899470        5.37
    899480        3.51
    899490        4.23
    899500        3.94
    899510        5.17
    899520        2.71
    899530        4.91
    899540        5.38
    899550        4.97
    899560        5.65
    899570        4.05
    899580        5.39
    899590        4.88
    899600        4.27
    899610           5
    899620        3.71
    899630        4.97
    899640        5.44
    899650        4.84
    899660        5.47
    899670        4.41
    899680        5.89
    899690        4.62
    899700        5.28
    899710        6.42
    899720        4.31
    899730        7.18
    899740        4.67
    899750        5.68
    899760        4.24
    899770         4.7
    899780        4.85
    899790        4.41
    899800        6.31
    899810        6.02
    899820        4.69
    899830        3.56
    899840        5.52
    899850        5.41
    899860        3.91
    899870        4.08
    899880        4.35
    899890        3.87
    899900        5.03
    899910        4.34
    899920        3.65
    899930         5.1
    899940        4.03
    899950        5.59
    899960        4.37
    899970        5.64
    899980        5.74
    899990         6.2
    900000        5.17
    900010        4.62
    900020        5.27
    900030        4.61
    900040        4.29
    900050        4.66
    900060        4.74
    900070        4.35
    900080        4.23
    900090         3.7
    900100        4.99
    900110        5.86
    900120         4.1
    900130        4.41
    900140        6.57
    900150        4.35
    900160        5.24
    900170        5.63
    900180        4.59
    900190        5.74
    900200        4.84
    900210        5.26
    900220        5.83
    900230        3.48
    900240        4.07
    900250        4.96
    900260        5.15
    900270        4.48
    900280        3.53
    900290        5.45
    900300        5.32
    900310        5.58
    900320        5.63
    900330         6.1
    900340        4.95
    900350        3.91
    900360        5.55
    900370        5.93
    900380        5.02
    900390        5.02
    900400        5.65
    900410        6.36
    900420        5.65
    900430        4.38
    900440        4.82
    900450        4.24
    900460        5.07
    900470        3.89
    900480         6.1
    900490        4.88
    900500        4.31
    900510         5.6
    900520        4.64
    900530        4.27
    900540        5.08
    900550        5.18
    900560        5.43
    900570        5.17
    900580        4.99
    900590         4.8
    900600         4.6
    900610        5.72
    900620        4.24
    900630        5.41
    900640        5.25
    900650        4.66
    900660         4.1
    900670        4.98
    900680        4.56
    900690         4.1
    900700        4.24
    900710        5.37
    900720        3.06
    900730        6.29
    900740         4.9
    900750        4.56
    900760        3.91
    900770        4.23
    900780        6.17
    900790        5.19
    900800        5.26
    900810        5.18
    900820         3.8
    900830        4.46
    900840        3.96
    900850        4.63
    900860        4.48
    900870        4.37
    900880        5.73
    900890        4.57
    900900        5.04
    900910         5.6
    900920        4.49
    900930         4.6
    900940         5.9
    900950        5.12
    900960        6.54
    900970        4.87
    900980        4.95
    900990        5.29
    901000        4.63
    901010           5
    901020        5.13
    901030        5.42
    901040        3.98
    901050        5.73
    901060        4.01
    901070        4.35
    901080         5.1
    901090        2.84
    901100        5.08
    901110        5.22
    901120        5.42
    901130        4.82
    901140         3.6
    901150        5.61
    901160        5.05
    901170        3.97
    901180        4.54
    901190        6.22
    901200        5.47
    901210        4.64
    901220         4.6
    901230        4.21
    901240        4.87
    901250        5.79
    901260        3.46
    901270        4.53
    901280        5.49
    901290        5.14
    901300        4.19
    901310        5.34
    901320        4.76
    901330        4.72
    901340         4.2
    901350        4.68
    901360        4.17
    901370        4.99
    901380        5.49
    901390        5.07
    901400        5.13
    901410        4.69
    901420        4.34
    901430        4.16
    901440        3.88
    901450        3.67
    901460        4.79
    901470        5.06
    901480        5.98
    901490        4.78
    901500        3.64
    901510        5.56
    901520         4.6
    901530        4.66
    901540        5.39
    901550        4.98
    901560        4.29
    901570        4.13
    901580        5.55
    901590        4.34
    901600        5.67
    901610        4.88
    901620         5.5
    901630        4.12
    901640        5.47
    901650         4.2
    901660           4
    901670        5.94
    901680         4.4
    901690        4.85
    901700        4.04
    901710        4.29
    901720        5.51
    901730        4.83
    901740        5.57
    901750        4.05
    901760        4.87
    901770         5.5
    901780        4.65
    901790        4.37
    901800        5.26
    901810        5.08
    901820        5.64
    901830        4.19
    901840        3.91
    901850           5
    901860        4.08
    901870        4.94
    901880        5.94
    901890        4.06
    901900         5.2
    901910        4.84
    901920        4.83
    901930        5.41
    901940        5.18
    901950        4.65
    901960        5.11
    901970        5.07
    901980        5.21
    901990        4.26
    902000        4.62
    902010        4.31
    902020        3.71
    902030        5.78
    902040        6.24
    902050        5.04
    902060        4.78
    902070         5.4
    902080        4.55
    902090        4.26
    902100        4.21
    902110        4.63
    902120        5.67
    902130        4.91
    902140        4.52
    902150         3.7
    902160        4.66
    902170        5.03
    902180        4.67
    902190         5.5
    902200        5.55
    902210        4.16
    902220        4.78
    902230        3.86
    902240        6.55
    902250        3.62
    902260        4.71
    902270        5.41
    902280        5.04
    902290        5.13
    902300        5.88
    902310        4.39
    902320        3.62
    902330        5.23
    902340         5.3
    902350        6.02
    902360        4.58
    902370        5.17
    902380        4.43
    902390        4.51
    902400        4.98
    902410        5.28
    902420        4.78
    902430        4.36
    902440        5.13
    902450        4.69
    902460        5.74
    902470        4.46
    902480         4.8
    902490        4.77
    902500         4.2
    902510        4.02
    902520        5.33
    902530         4.9
    902540        4.82
    902550        4.14
    902560        5.54
    902570        4.75
    902580        4.09
    902590        5.01
    902600        4.21
    902610        4.43
    902620        4.73
    902630        4.15
    902640        4.88
    902650        5.36
    902660        4.38
    902670        4.19
    902680        5.53
    902690        5.23
    902700        4.67
    902710        5.23
    902720         4.8
    902730        4.94
    902740        4.95
    902750        4.79
    902760         4.1
    902770        4.23
    902780        5.21
    902790        4.93
    902800        6.04
    902810        4.67
    902820        4.91
    902830        3.73
    902840        5.53
    902850        5.03
    902860        5.48
    902870        5.44
    902880        5.16
    902890        5.92
    902900        5.29
    902910        6.26
    902920        4.28
    902930        4.56
    902940        5.78
    902950        4.31
    902960        5.17
    902970        5.87
    902980        4.19
    902990        4.69
    903000        4.15
    903010        4.59
    903020        5.43
    903030        3.72
    903040        5.56
    903050        4.14
    903060        5.24
    903070        4.87
    903080        4.94
    903090        4.07
    903100        5.54
    903110        4.24
    903120        3.94
    903130           5
    903140        4.64
    903150        5.17
    903160        5.25
    903170         4.7
    903180        5.75
    903190        5.24
    903200         4.8
    903210        5.68
    903220        5.05
    903230        4.95
    903240         5.1
    903250        4.66
    903260        5.83
    903270        6.03
    903280        5.79
    903290        6.11
    903300        4.64
    903310        5.49
    903320        4.63
    903330        4.86
    903340        5.05
    903350        3.64
    903360        4.84
    903370        4.15
    903380        5.12
    903390        5.99
    903400        5.38
    903410        6.07
    903420        5.04
    903430        4.61
    903440        4.54
    903450        3.83
    903460        3.81
    903470        4.11
    903480        5.51
    903490           6
    903500        4.74
    903510        4.37
    903520        4.67
    903530        4.13
    903540        4.03
    903550        4.34
    903560        5.55
    903570        5.42
    903580        5.62
    903590        4.75
    903600        5.29
    903610         4.6
    903620        4.49
    903630        4.09
    903640        4.94
    903650        6.02
    903660        4.77
    903670        4.22
    903680        4.49
    903690        4.25
    903700        4.63
    903710        4.53
    903720         4.2
    903730        4.77
    903740        5.12
    903750        5.09
    903760        5.31
    903770        4.35
    903780        5.24
    903790        4.03
    903800        4.53
    903810        5.12
    903820        4.79
    903830        5.04
    903840         5.1
    903850        5.07
    903860        3.65
    903870        5.23
    903880        5.21
    903890        4.78
    903900        5.98
    903910        5.97
    903920        5.98
    903930        6.28
    903940         4.2
    903950        4.57
    903960        6.18
    903970        5.27
    903980        6.48
    903990        4.74
    904000        5.68
    904010        4.86
    904020        6.34
    904030        5.18
    904040        4.64
    904050        5.56
    904060        5.04
    904070        4.39
    904080        4.07
    904090        4.45
    904100        3.51
    904110        4.42
    904120        4.67
    904130        4.97
    904140         5.1
    904150        4.28
    904160        4.35
    904170        4.63
    904180        5.47
    904190         3.9
    904200        5.71
    904210        4.48
    904220        4.25
    904230        3.89
    904240        4.65
    904250        5.64
    904260        5.02
    904270        4.06
    904280        5.32
    904290        4.29
    904300        4.61
    904310        5.51
    904320        4.19
    904330         5.4
    904340         4.3
    904350        4.94
    904360        4.51
    904370        4.67
    904380        4.03
    904390        4.31
    904400        4.59
    904410        3.46
    904420        5.11
    904430        3.88
    904440        5.79
    904450        5.15
    904460        6.01
    904470        4.79
    904480        4.56
    904490        4.33
    904500        5.89
    904510        4.54
    904520           5
    904530        4.75
    904540        5.19
    904550        5.07
    904560        5.25
    904570        5.17
    904580        4.54
    904590        5.63
    904600        6.08
    904610        4.49
    904620         5.1
    904630        5.57
    904640        5.53
    904650        5.74
    904660        5.63
    904670        4.29
    904680        5.09
    904690        5.15
    904700        4.54
    904710        4.66
    904720         4.2
    904730        4.15
    904740        4.51
    904750        5.74
    904760        4.75
    904770        4.82
    904780        4.76
    904790        5.26
    904800        5.37
    904810        3.51
    904820         4.8
    904830        4.41
    904840        4.22
    904850        4.11
    904860        4.82
    904870        4.78
    904880         4.7
    904890         4.7
    904900        4.68
    904910         4.6
    904920        3.86
    904930        4.12
    904940        4.81
    904950        4.37
    904960        3.76
    904970        3.58
    904980        3.47
    904990        3.64
    905000        4.23
    905010         4.7
    905020        4.75
    905030        4.48
    905040        4.45
    905050        4.23
    905060        4.48
    905070           4
    905080        4.49
    905090        4.58
    905100        4.26
    905110        3.34
    905120        3.66
    905130        5.14
    905140        5.09
    905150         5.4
    905160        5.75
    905170        3.72
    905180        4.83
    905190        4.28
    905200        4.27
    905210        5.14
    905220        5.05
    905230        4.57
    905240        5.45
    905250        4.23
    905260        4.13
    905270        6.06
    905280        3.54
    905290        3.46
    905300        4.36
    905310        4.75
    905320        4.23
    905330        4.91
    905340        3.72
    905350        5.43
    905360        5.22
    905370        4.62
    905380        4.09
    905390        3.38
    905400        5.13
    905410        4.44
    905420         3.8
    905430        5.28
    905440        5.76
    905450        3.93
    905460        3.86
    905470        5.29
    905480        4.03
    905490        4.91
    905500        5.07
    905510        4.85
    905520        4.88
    905530        4.78
    905540        4.76
    905550        4.26
    905560        5.06
    905570         4.1
    905580        3.38
    905590        3.85
    905600           5
    905610        5.98
    905620        4.04
    905630        4.32
    905640        4.35
    905650         4.4
    905660        5.07
    905670        3.91
    905680         6.4
    905690        4.68
    905700           4
    905710        4.94
    905720        5.15
    905730        3.97
    905740        4.58
    905750        5.71
    905760        4.79
    905770        4.32
    905780        4.25
    905790        3.84
    905800        3.89
    905810        5.03
    905820        4.26
    905830        4.28
    905840        4.98
    905850        4.68
    905860        5.69
    905870        4.41
    905880        4.85
    905890        5.24
    905900        3.69
    905910        3.91
    905920        3.73
    905930         4.5
    905940        2.93
    905950         5.1
    905960        5.17
    905970        4.26
    905980        4.37
    905990        5.21
    906000        4.35
    906010        5.13
    906020        4.76
    906030        5.23
    906040        5.39
    906050        3.95
    906060        4.62
    906070        4.43
    906080        4.53
    906090        4.89
    906100        4.73
    906110        5.58
    906120        5.84
    906130        4.64
    906140        6.67
    906150        5.64
    906160        3.73
    906170         4.8
    906180        4.62
    906190        5.57
    906200        4.98
    906210        5.67
    906220         4.3
    906230        5.52
    906240         5.1
    906250        5.01
    906260        5.84
    906270         4.6
    906280        4.79
    906290        5.48
    906300         5.3
    906310         5.9
    906320        4.22
    906330         4.5
    906340        4.44
    906350        4.65
    906360        4.82
    906370        4.42
    906380        5.07
    906390        3.77
    906400         4.4
    906410        4.03
    906420        5.35
    906430        5.52
    906440        4.22
    906450        5.99
    906460        4.82
    906470        5.22
    906480        4.98
    906490        4.26
    906500        5.67
    906510         4.3
    906520        6.13
    906530        4.25
    906540        3.87
    906550        4.99
    906560        4.88
    906570        5.05
    906580        5.56
    906590        5.09
    906600         4.5
    906610        4.68
    906620        4.96
    906630        5.73
    906640        4.61
    906650        5.32
    906660        4.54
    906670        3.94
    906680        5.45
    906690        4.51
    906700         4.7
    906710        4.09
    906720        4.29
    906730        5.19
    906740        4.43
    906750        3.98
    906760        4.13
    906770        5.36
    906780        5.66
    906790        5.04
    906800        4.81
    906810        3.96
    906820         5.2
    906830        4.28
    906840        5.48
    906850        5.17
    906860        5.55
    906870        4.86
    906880        5.05
    906890        5.04
    906900        4.58
    906910        5.91
    906920        4.68
    906930        4.81
    906940        5.08
    906950        4.25
    906960        4.83
    906970        4.27
    906980        4.33
    906990        4.64
    907000        5.18
    907010        5.43
    907020        4.03
    907030        4.91
    907040         4.4
    907050        4.66
    907060        5.55
    907070        4.95
    907080        4.74
    907090        4.78
    907100        5.15
    907110        5.01
    907120        4.37
    907130        4.65
    907140        3.65
    907150        5.16
    907160        5.09
    907170        5.39
    907180        5.62
    907190        4.26
    907200        5.94
    907210        4.88
    907220        4.87
    907230        4.46
    907240        5.08
    907250        4.54
    907260        5.79
    907270        4.43
    907280        4.72
    907290        4.09
    907300        5.74
    907310        5.24
    907320        4.61
    907330        5.11
    907340        6.29
    907350        5.25
    907360        5.12
    907370        5.32
    907380        5.95
    907390        4.33
    907400        5.51
    907410        4.51
    907420        5.56
    907430        4.46
    907440        5.18
    907450        4.98
    907460        4.24
    907470        4.31
    907480           5
    907490        4.67
    907500        5.24
    907510        4.08
    907520        4.23
    907530        5.73
    907540        4.47
    907550        5.29
    907560        6.15
    907570        7.31
    907580        5.98
    907590        4.96
    907600        5.67
    907610         5.4
    907620         5.8
    907630        5.96
    907640         6.2
    907650         5.8
    907660        5.87
    907670        5.44
    907680        5.71
    907690        7.05
    907700        5.56
    907710        4.39
    907720        4.65
    907730        5.31
    907740         6.8
    907750        4.97
    907760        5.15
    907770        5.34
    907780         6.2
    907790        6.58
    907800        6.67
    907810        3.98
    907820        5.57
    907830        5.53
    907840        3.97
    907850        4.84
    907860        4.82
    907870        5.01
    907880        5.13
    907890        3.62
    907900        4.54
    907910        5.39
    907920        4.62
    907930        5.28
    907940        5.56
    907950        4.54
    907960        5.56
    907970        6.99
    907980        4.61
    907990        4.46
    908000        5.13
    908010        4.34
    908020        5.53
    908030         4.2
    908040         4.7
    908050        3.94
    908060        6.21
    908070         4.5
    908080         4.1
    908090        5.41
    908100         5.1
    908110         5.8
    908120        4.16
    908130        6.57
    908140        5.56
    908150        6.13
    908160         6.3
    908170        5.91
    908180        4.22
    908190        4.72
    908200        4.65
    908210        4.39
    908220        6.97
    908230        5.76
    908240        4.49
    908250        5.62
    908260        4.91
    908270        5.08
    908280           5
    908290        4.66
    908300        4.93
    908310        5.88
    908320        4.68
    908330        5.08
    908340        5.24
    908350        5.45
    908360        4.68
    908370        5.77
    908380        5.59
    908390        4.67
    908400        6.28
    908410        5.39
    908420        4.81
    908430        5.01
    908440        4.84
    908450        5.57
    908460        4.26
    908470        5.82
    908480        4.29
    908490        5.05
    908500        5.83
    908510        5.93
    908520        5.17
    908530        5.37
    908540        5.84
    908550        4.25
    908560        4.29
    908570        5.22
    908580        4.78
    908590        5.41
    908600         5.1
    908610           5
    908620        3.94
    908630        5.44
    908640        4.93
    908650        4.45
    908660        4.67
    908670        6.29
    908680        4.31
    908690           6
    908700        4.38
    908710        4.24
    908720        4.65
    908730        6.28
    908740         5.1
    908750        4.05
    908760        5.62
    908770        4.37
    908780        7.19
    908790        4.66
    908800        5.21
    908810        5.22
    908820        4.65
    908830        4.37
    908840        5.26
    908850         6.5
    908860        4.77
    908870        4.42
    908880        6.85
    908890        5.46
    908900        5.62
    908910        3.72
    908920        4.42
    908930        4.98
    908940        4.59
    908950        5.12
    908960        4.41
    908970        5.76
    908980        4.75
    908990        4.73
    909000        5.99
    909010         3.8
    909020        4.96
    909030        4.82
    909040        5.42
    909050        5.46
    909060        5.48
    909070        5.76
    909080        5.86
    909090        5.13
    909100        6.74
    909110        5.26
    909120        5.64
    909130        3.14
    909140        3.85
    909150        6.36
    909160        6.14
    909170        3.83
    909180        4.88
    909190        6.07
    909200        4.73
    909210        4.91
    909220        5.97
    909230         4.8
    909240        4.97
    909250        5.14
    909260        4.93
    909270        4.86
    909280        5.48
    909290        6.04
    909300        4.91
    909310        3.91
    909320        5.28
    909330        6.54
    909340        5.69
    909350        5.56
    909360        5.23
    909370        5.19
    909380        5.35
    909390        5.01
    909400        5.99
    909410        4.37
    909420        5.98
    909430        6.83
    909440        6.28
    909450        6.43
    909460        5.84
    909470        4.74
    909480        6.92
    909490         6.1
    909500        5.74
    909510        5.06
    909520        5.04
    909530        5.39
    909540        4.93
    909550        4.48
    909560        4.91
    909570         4.8
    909580        5.81
    909590        5.15
    909600        4.95
    909610        4.76
    909620        6.36
    909630        4.84
    909640        4.97
    909650        5.19
    909660        4.26
    909670         6.6
    909680        5.06
    909690        5.11
    909700        6.06
    909710        4.53
    909720        4.97
    909730        6.04
    909740        5.17
    909750        4.57
    909760        4.87
    909770        6.17
    909780        4.65
    909790        5.29
    909800        4.97
    909810        5.09
    909820        4.07
    909830        4.88
    909840         5.1
    909850        6.74
    909860         5.1
    909870         5.4
    909880        5.29
    909890        6.45
    909900        4.92
    909910        5.04
    909920        4.08
    909930        5.13
    909940        6.21
    909950        5.62
    909960        6.18
    909970        5.91
    909980        4.67
    909990        5.56
    910000        5.01
    910010        5.69
    910020        5.05
    910030        5.11
    910040        5.48
    910050        4.83
    910060        3.97
    910070        4.61
    910080        5.35
    910090        6.63
    910100        3.81
    910110        6.31
    910120        5.67
    910130        6.64
    910140         4.1
    910150        4.39
    910160        3.96
    910170        4.54
    910180        4.24
    910190        5.38
    910200         5.1
    910210        5.65
    910220         5.5
    910230        4.65
    910240        5.22
    910250         4.5
    910260         4.1
    910270        5.22
    910280        5.31
    910290        4.73
    910300        6.03
    910310        5.58
    910320        4.57
    910330        4.08
    910340        5.28
    910350        4.43
    910360        4.69
    910370        5.89
    910380        4.22
    910390        5.16
    910400        5.65
    910410        5.82
    910420        3.32
    910430        4.75
    910440        5.34
    910450        4.18
    910460        4.61
    910470        4.74
    910480         6.1
    910490        3.29
    910500        4.13
    910510        5.24
    910520        4.92
    910530         4.9
    910540        4.94
    910550        5.26
    910560        5.92
    910570        5.05
    910580        5.51
    910590        5.43
    910600        5.26
    910610        4.73
    910620        4.84
    910630        6.58
    910640        4.57
    910650        6.75
    910660        5.45
    910670        5.75
    910680        5.78
    910690        4.77
    910700        4.96
    910710        5.84
    910720        6.47
    910730        4.13
    910740        5.42
    910750        4.72
    910760        3.82
    910770        5.15
    910780        6.46
    910790        5.22
    910800        4.69
    910810        5.31
    910820        5.85
    910830        5.25
    910840         5.5
    910850        5.27
    910860        6.04
    910870        4.87
    910880        4.36
    910890        5.73
    910900        7.36
    910910        3.42
    910920        4.98
    910930        5.12
    910940        5.46
    910950        4.57
    910960        4.75
    910970        5.98
    910980        4.41
    910990        3.85
    911000        3.97
    911010         4.8
    911020        4.75
    911030         6.4
    911040        5.75
    911050        5.06
    911060        6.76
    911070        5.35
    911080        4.55
    911090        6.01
    911100        4.72
    911110        6.11
    911120        5.78
    911130        5.54
    911140        4.44
    911150        3.76
    911160        4.75
    911170        5.29
    911180        4.69
    911190        5.22
    911200        4.13
    911210        4.42
    911220        4.95
    911230        4.63
    911240        4.62
    911250        4.48
    911260        5.36
    911270        5.07
    911280         4.7
    911290        4.18
    911300        5.04
    911310        5.65
    911320        5.46
    911330        4.51
    911340        5.43
    911350        4.35
    911360           4
    911370        4.28
    911380        5.09
    911390         5.2
    911400        7.38
    911410        4.04
    911420        3.74
    911430        4.13
    911440        4.56
    911450        4.04
    911460         5.9
    911470        5.26
    911480        4.67
    911490        4.85
    911500        4.38
    911510        4.82
    911520        4.91
    911530        3.95
    911540        5.43
    911550        5.39
    911560        4.88
    911570        5.13
    911580        4.96
    911590        5.14
    911600        4.99
    911610        4.81
    911620        4.91
    911630        5.38
    911640        3.48
    911650        5.36
    911660        4.35
    911670        4.47
    911680        4.17
    911690        6.31
    911700        6.11
    911710        4.82
    911720        4.54
    911730        5.45
    911740         6.4
    911750        4.95
    911760        5.63
    911770        4.96
    911780        4.41
    911790         4.1
    911800        4.94
    911810        5.69
    911820        5.03
    911830         4.1
    911840        5.68
    911850        5.17
    911860        4.82
    911870        5.15
    911880        4.99
    911890        5.66
    911900        4.37
    911910        5.24
    911920        4.64
    911930        6.92
    911940        5.12
    911950         6.4
    911960        5.41
    911970        5.93
    911980        6.26
    911990        4.82
    912000        6.38
    912010        5.44
    912020        5.93
    912030        4.84
    912040        6.34
    912050        6.04
    912060        8.18
    912070        4.72
    912080        5.94
    912090        5.58
    912100        4.58
    912110        5.67
    912120        6.47
    912130        5.29
    912140        4.29
    912150        6.29
    912160        4.74
    912170        7.55
    912180        4.89
    912190         4.5
    912200        4.84
    912210        5.56
    912220        5.29
    912230        5.67
    912240        5.76
    912250         5.1
    912260        5.93
    912270        3.52
    912280        3.78
    912290        5.36
    912300        4.28
    912310        4.92
    912320        4.08
    912330        5.26
    912340        6.03
    912350        5.04
    912360        4.71
    912370        3.38
    912380        5.42
    912390        4.85
    912400        4.01
    912410        4.29
    912420        3.83
    912430        4.24
    912440        6.13
    912450        5.07
    912460        5.98
    912470        5.09
    912480         4.4
    912490        5.48
    912500        4.58
    912510        6.11
    912520         4.5
    912530        5.65
    912540        6.79
    912550        3.95
    912560        3.96
    912570        4.53
    912580        5.02
    912590        5.52
    912600        5.49
    912610        4.85
    912620        4.94
    912630         4.3
    912640        5.72
    912650        3.95
    912660        4.64
    912670        5.71
    912680        5.42
    912690        4.72
    912700        4.88
    912710        4.41
    912720        5.37
    912730        4.92
    912740        4.58
    912750        5.07
    912760        5.97
    912770        5.42
    912780        5.35
    912790        5.03
    912800        5.45
    912810        5.32
    912820        5.59
    912830        4.31
    912840        6.05
    912850        4.94
    912860        5.16
    912870        7.03
    912880        5.64
    912890        5.18
    912900        4.72
    912910        4.12
    912920        5.01
    912930        5.96
    912940        5.06
    912950        3.99
    912960        5.23
    912970        4.56
    912980        3.88
    912990        5.04
    913000        5.17
    913010        4.86
    913020        4.55
    913030        4.46
    913040         5.2
    913050        5.51
    913060        4.54
    913070        4.38
    913080        5.02
    913090        5.78
    913100        5.52
    913110        3.72
    913120         6.5
    913130        4.63
    913140         4.8
    913150        4.83
    913160        4.88
    913170        4.03
    913180        4.15
    913190        5.23
    913200        5.08
    913210        6.41
    913220        4.67
    913230        4.68
    913240        4.65
    913250        4.51
    913260        3.83
    913270        5.26
    913280        4.62
    913290        4.64
    913300        5.47
    913310        4.22
    913320         4.5
    913330        5.57
    913340        3.99
    913350         4.5
    913360        4.48
    913370        4.65
    913380         5.2
    913390        4.79
    913400        4.56
    913410        4.52
    913420        4.78
    913430         6.2
    913440        4.23
    913450        4.85
    913460         4.9
    913470        4.98
    913480        4.41
    913490        5.47
    913500        5.32
    913510        5.34
    913520        6.11
    913530        6.17
    913540        5.01
    913550        6.17
    913560        5.87
    913570        3.66
    913580        4.89
    913590        5.27
    913600        4.83
    913610        5.83
    913620         4.3
    913630        5.66
    913640        6.09
    913650        5.23
    913660        5.16
    913670        4.13
    913680        5.21
    913690        4.52
    913700        4.53
    913710        5.98
    913720        7.14
    913730        5.53
    913740        4.61
    913750        4.56
    913760        5.43
    913770        3.95
    913780        4.65
    913790        5.12
    913800        6.31
    913810           7
    913820        5.08
    913830        5.02
    913840        5.88
    913850        5.29
    913860        5.32
    913870        5.75
    913880        6.07
    913890        4.97
    913900        4.67
    913910        4.85
    913920        6.38
    913930        3.95
    913940        5.79
    913950        4.79
    913960        5.67
    913970        4.11
    913980        5.03
    913990        5.18
    914000        5.05
    914010        4.41
    914020        5.05
    914030        5.75
    914040        5.82
    914050        4.73
    914060        5.29
    914070        5.06
    914080        5.72
    914090        6.43
    914100        4.86
    914110        4.55
    914120        5.32
    914130        5.72
    914140         4.3
    914150        5.23
    914160        5.07
    914170        4.61
    914180        4.48
    914190        4.38
    914200        5.92
    914210        5.78
    914220        5.45
    914230        5.44
    914240        5.66
    914250        3.78
    914260         4.4
    914270        4.45
    914280        4.66
    914290        4.48
    914300         5.3
    914310        4.69
    914320        4.87
    914330        4.27
    914340        4.19
    914350        4.96
    914360        4.65
    914370        4.06
    914380        5.22
    914390        4.39
    914400        4.79
    914410        4.77
    914420        4.96
    914430        5.37
    914440        5.46
    914450        5.12
    914460        5.23
    914470         4.6
    914480        5.04
    914490        3.45
    914500        5.48
    914510        3.74
    914520        5.48
    914530        5.82
    914540        4.65
    914550        4.92
    914560         4.3
    914570        5.92
    914580        5.69
    914590        5.83
    914600        5.77
    914610        4.54
    914620        4.27
    914630        4.35
    914640        3.77
    914650        5.43
    914660        4.63
    914670        6.07
    914680        5.56
    914690        3.84
    914700        5.67
    914710        5.49
    914720        5.28
    914730        5.07
    914740         5.6
    914750        5.71
    914760        6.03
    914770        4.85
    914780        4.59
    914790         6.5
    914800        4.45
    914810        4.53
    914820        5.86
    914830        5.53
    914840        5.63
    914850        6.26
    914860        5.28
    914870         6.3
    914880        4.79
    914890        5.67
    914900        6.24
    914910        5.48
    914920        6.12
    914930        5.25
    914940        5.59
    914950        4.88
    914960        6.37
    914970        5.99
    914980        4.88
    914990         4.4
    915000        4.35
    915010        5.55
    915020        5.59
    915030        5.87
    915040        4.22
    915050        4.84
    915060        4.81
    915070        3.68
    915080        3.66
    915090        5.63
    915100        5.61
    915110        6.36
    915120         5.2
    915130        5.38
    915140        5.16
    915150        5.95
    915160         5.4
    915170        5.58
    915180        5.29
    915190         4.7
    915200        7.09
    915210        4.65
    915220        5.09
    915230        5.31
    915240        5.52
    915250        5.84
    915260        7.61
    915270        3.88
    915280        4.68
    915290        5.26
    915300        4.93
    915310         3.9
    915320        5.16
    915330        5.39
    915340        4.26
    915350        6.25
    915360        6.31
    915370        6.11
    915380        5.43
    915390        5.43
    915400        5.64
    915410        5.74
    915420         5.3
    915430        4.77
    915440        4.75
    915450        4.39
    915460         5.6
    915470        4.78
    915480        5.41
    915490        4.82
    915500        5.53
    915510        5.63
    915520        6.05
    915530        5.78
    915540        5.06
    915550        5.73
    915560        4.96
    915570        5.73
    915580           6
    915590        5.15
    915600        6.56
    915610        5.16
    915620        4.42
    915630        4.52
    915640        5.74
    915650         5.7
    915660        5.32
    915670        5.24
    915680        4.33
    915690        5.66
    915700        3.31
    915710        5.89
    915720        5.84
    915730        6.18
    915740        5.52
    915750        5.29
    915760         5.3
    915770        4.65
    915780        5.72
    915790        6.11
    915800        4.41
    915810        5.55
    915820        6.16
    915830        5.39
    915840        5.03
    915850        4.58
    915860        5.01
    915870        4.48
    915880        6.58
    915890        4.77
    915900        4.68
    915910        5.57
    915920         5.2
    915930         6.6
    915940           6
    915950        4.53
    915960        4.42
    915970         4.6
    915980         5.5
    915990        4.35
    916000        5.38
    916010        5.68
    916020        5.21
    916030        5.91
    916040        5.71
    916050        5.04
    916060        6.11
    916070        5.24
    916080        4.95
    916090        5.81
    916100        5.57
    916110        5.06
    916120        4.49
    916130        5.46
    916140        6.42
    916150        4.45
    916160        4.08
    916170        5.55
    916180        4.65
    916190         4.9
    916200        4.65
    916210        4.26
    916220        5.15
    916230        5.65
    916240        6.25
    916250        6.14
    916260        3.82
    916270        5.79
    916280        5.56
    916290        4.97
    916300         4.1
    916310        5.46
    916320         4.9
    916330        6.01
    916340         4.8
    916350        4.63
    916360        4.71
    916370        4.92
    916380         4.5
    916390        4.25
    916400        4.56
    916410        5.95
    916420        4.67
    916430        5.49
    916440        5.17
    916450        4.53
    916460        4.06
    916470        5.85
    916480         3.5
    916490        4.47
    916500        4.54
    916510        4.74
    916520         4.4
    916530        5.51
    916540         6.2
    916550        5.48
    916560        6.43
    916570        5.68
    916580        6.57
    916590        6.49
    916600        5.16
    916610        4.92
    916620        5.33
    916630        5.09
    916640         4.7
    916650        5.35
    916660        5.38
    916670        5.91
    916680        5.07
    916690         5.8
    916700        4.86
    916710        6.56
    916720        6.16
    916730        5.09
    916740        4.61
    916750        5.79
    916760        5.37
    916770         4.8
    916780        4.54
    916790        6.63
    916800        5.29
    916810         5.2
    916820        5.14
    916830        6.03
    916840        5.14
    916850        3.69
    916860        4.21
    916870        5.38
    916880        4.66
    916890        4.12
    916900        4.62
    916910        4.13
    916920        5.47
    916930        5.63
    916940        3.96
    916950        4.87
    916960         4.6
    916970        5.91
    916980        4.77
    916990         4.5
    917000         5.7
    917010        4.19
    917020        4.87
    917030        3.95
    917040        5.66
    917050        6.06
    917060        6.07
    917070        5.08
    917080        3.41
    917090        4.72
    917100        4.66
    917110         5.4
    917120        5.93
    917130        4.68
    917140        4.47
    917150        5.59
    917160        5.19
    917170        4.51
    917180         5.5
    917190        3.43
    917200        4.54
    917210        5.65
    917220        5.36
    917230        4.73
    917240        5.45
    917250        4.01
    917260        5.01
    917270        5.92
    917280        5.32
    917290        5.22
    917300        6.03
    917310        5.41
    917320        4.99
    917330        6.36
    917340        5.09
    917350         4.5
    917360        6.13
    917370        5.22
    917380        5.31
    917390         6.1
    917400         6.2
    917410        4.97
    917420        7.54
    917430        5.26
    917440        5.11
    917450        4.88
    917460         5.3
    917470        4.11
    917480        5.28
    917490        5.42
    917500        5.38
    917510        5.25
    917520        4.89
    917530        5.45
    917540        4.59
    917550        5.84
    917560        4.94
    917570        5.15
    917580        4.59
    917590        3.62
    917600        6.02
    917610        4.75
    917620        5.13
    917630        5.11
    917640        6.04
    917650        4.33
    917660        5.17
    917670        4.71
    917680        5.05
    917690        7.22
    917700        6.26
    917710        5.04
    917720        4.16
    917730        5.61
    917740        4.56
    917750        5.08
    917760        5.72
    917770        5.44
    917780        6.32
    917790        6.17
    917800        5.53
    917810        5.19
    917820        5.31
    917830        4.81
    917840        5.42
    917850        6.04
    917860        4.35
    917870        5.93
    917880        4.35
    917890        5.54
    917900        4.06
    917910        4.96
    917920         5.3
    917930        4.98
    917940         6.4
    917950        5.27
    917960        5.18
    917970        5.41
    917980         5.2
    917990        5.65
    918000        4.85
    918010        3.98
    918020         6.3
    918030        4.29
    918040        6.84
    918050        5.38
    918060        3.93
    918070        5.74
    918080        6.71
    918090        5.66
    918100        5.73
    918110        5.43
    918120        5.91
    918130        4.81
    918140        4.67
    918150           5
    918160        5.72
    918170        3.85
    918180        5.35
    918190        4.76
    918200         5.6
    918210        4.63
    918220        5.43
    918230        4.73
    918240        5.41
    918250        5.78
    918260        4.53
    918270        6.47
    918280        4.98
    918290        5.03
    918300        4.49
    918310         4.9
    918320        5.84
    918330        6.38
    918340        5.07
    918350        6.79
    918360        3.98
    918370        4.82
    918380        4.17
    918390        6.14
    918400        5.96
    918410        5.54
    918420        5.25
    918430        4.78
    918440        4.14
    918450        5.93
    918460         6.1
    918470         4.7
    918480        6.33
    918490        5.29
    918500        4.35
    918510        5.39
    918520        6.08
    918530        5.03
    918540        6.23
    918550        4.18
    918560        5.47
    918570        5.45
    918580        5.41
    918590         4.7
    918600        4.28
    918610        5.13
    918620        4.56
    918630        4.87
    918640        5.36
    918650        5.47
    918660        5.44
    918670        6.79
    918680        7.54
    918690        4.58
    918700        6.53
    918710        4.72
    918720        4.85
    918730        5.14
    918740        3.49
    918750         4.4
    918760        4.34
    918770        4.05
    918780         5.3
    918790        6.13
    918800        5.98
    918810         4.4
    918820        5.53
    918830        4.81
    918840        3.54
    918850        4.98
    918860        5.24
    918870        6.64
    918880        4.72
    918890        6.12
    918900        3.92
    918910        5.02
    918920        3.82
    918930        6.32
    918940        5.04
    918950        5.32
    918960        5.61
    918970        5.76
    918980        4.44
    918990        5.27
    919000        4.13
    919010        5.51
    919020        3.81
    919030        6.11
    919040        4.72
    919050         5.3
    919060        4.94
    919070        5.92
    919080         4.5
    919090        5.13
    919100        5.57
    919110        6.04
    919120        4.88
    919130        4.28
    919140        4.08
    919150        5.39
    919160        5.47
    919170         4.8
    919180        3.61
    919190        3.88
    919200        6.11
    919210         5.2
    919220         3.8
    919230        5.26
    919240        4.69
    919250        5.17
    919260        5.57
    919270        6.21
    919280        5.31
    919290        5.72
    919300        5.51
    919310        5.65
    919320        5.07
    919330        4.46
    919340        5.64
    919350        4.76
    919360        6.19
    919370        5.29
    919380        4.86
    919390        4.32
    919400        5.75
    919410        4.93
    919420        4.32
    919430        4.28
    919440         5.7
    919450        5.02
    919460         5.3
    919470        5.37
    919480        5.37
    919490        3.04
    919500        5.27
    919510        3.76
    919520         4.9
    919530        5.48
    919540         4.4
    919550        6.29
    919560        7.09
    919570        6.12
    919580        5.54
    919590        4.71
    919600        4.86
    919610        6.72
    919620        5.29
    919630        5.23
    919640        5.13
    919650        5.01
    919660        4.57
    919670        5.68
    919680        5.08
    919690        4.24
    919700        4.36
    919710        5.57
    919720        4.59
    919730           6
    919740        4.98
    919750        4.68
    919760        2.88
    919770        5.37
    919780        5.35
    919790        4.99
    919800        5.25
    919810        7.01
    919820        4.66
    919830        4.37
    919840        5.47
    919850        4.32
    919860        4.13
    919870        4.83
    919880        2.87
    919890        6.16
    919900        4.49
    919910        6.11
    919920        5.31
    919930         4.1
    919940        4.41
    919950        4.64
    919960        5.12
    919970        5.58
    919980         3.9
    919990        4.94
    920000        5.25
    920010        4.21
    920020        5.88
    920030        5.08
    920040        5.27
    920050        4.75
    920060        4.41
    920070        5.29
    920080        4.72
    920090         6.5
    920100        5.26
    920110        6.45
    920120        5.01
    920130        4.98
    920140        4.56
    920150        4.68
    920160         4.7
    920170        4.99
    920180        6.52
    920190        5.03
    920200        4.39
    920210        4.23
    920220        4.62
    920230        4.71
    920240        4.54
    920250        3.88
    920260         5.1
    920270        4.56
    920280        5.33
    920290        3.51
    920300        5.69
    920310        7.01
    920320        5.06
    920330        4.37
    920340         4.7
    920350        5.46
    920360        5.16
    920370        4.03
    920380        5.42
    920390        6.31
    920400        4.86
    920410        4.43
    920420        5.05
    920430         4.5
    920440        4.43
    920450        4.53
    920460        4.67
    920470        5.49
    920480        4.81
    920490        6.04
    920500        5.07
    920510        4.76
    920520        5.65
    920530        4.74
    920540        5.03
    920550        5.03
    920560        4.08
    920570        4.21
    920580         5.9
    920590        4.75
    920600        5.18
    920610        4.81
    920620        5.52
    920630        6.15
    920640        4.01
    920650        5.66
    920660        4.96
    920670        4.21
    920680        4.54
    920690        4.87
    920700         4.5
    920710        4.38
    920720        4.88
    920730        4.96
    920740        6.31
    920750        4.28
    920760         5.5
    920770        4.59
    920780        3.15
    920790        5.45
    920800        5.37
    920810        5.13
    920820         4.9
    920830        6.37
    920840         4.2
    920850        4.98
    920860        5.04
    920870        4.35
    920880        5.09
    920890        5.98
    920900        8.07
    920910        4.75
    920920        5.76
    920930        4.97
    920940        6.66
    920950        5.82
    920960        3.64
    920970        4.73
    920980         6.1
    920990        5.95
    921000        4.22
    921010        5.99
    921020        3.94
    921030        4.92
    921040        5.71
    921050        5.26
    921060        5.21
    921070        4.65
    921080        4.49
    921090        6.09
    921100        4.74
    921110        4.69
    921120        4.87
    921130        4.93
    921140        4.99
    921150        4.98
    921160        3.91
    921170        5.56
    921180        4.49
    921190        5.84
    921200        5.78
    921210        5.06
    921220        5.17
    921230        5.34
    921240        4.48
    921250        5.32
    921260        4.47
    921270        5.38
    921280        5.12
    921290        5.01
    921300        4.97
    921310        4.82
    921320        5.73
    921330        4.28
    921340        4.73
    921350        5.47
    921360        5.95
    921370        5.67
    921380        4.48
    921390        5.18
    921400         4.6
    921410        5.88
    921420        5.69
    921430        6.29
    921440        4.33
    921450        4.14
    921460        6.06
    921470        5.48
    921480        5.01
    921490        5.47
    921500        3.58
    921510        4.93
    921520        4.39
    921530        6.09
    921540        4.54
    921550        4.26
    921560        3.39
    921570        5.65
    921580        4.59
    921590        5.97
    921600        5.76
    921610        4.38
    921620        6.27
    921630        3.64
    921640        4.68
    921650        5.52
    921660        5.66
    921670         5.6
    921680        4.28
    921690        3.73
    921700        4.34
    921710        5.41
    921720        5.79
    921730        5.61
    921740        4.38
    921750        5.32
    921760        3.87
    921770        5.28
    921780         6.7
    921790        5.78
    921800        4.08
    921810         4.4
    921820        5.96
    921830        5.22
    921840        5.14
    921850        3.59
    921860        5.56
    921870         4.8
    921880        4.57
    921890        5.16
    921900        5.06
    921910        6.74
    921920        4.56
    921930        4.22
    921940        4.87
    921950        4.96
    921960        4.46
    921970        4.95
    921980        5.06
    921990        4.61
    922000        5.56
    922010        6.04
    922020        6.34
    922030        4.78
    922040        5.87
    922050        5.32
    922060        4.96
    922070        5.23
    922080        4.23
    922090        5.52
    922100        4.77
    922110        4.57
    922120         5.5
    922130         4.3
    922140        5.07
    922150        4.71
    922160        4.47
    922170        4.83
    922180        5.59
    922190        3.93
    922200        5.31
    922210        5.19
    922220        4.56
    922230        5.55
    922240        4.21
    922250        5.64
    922260        5.42
    922270        5.91
    922280        4.32
    922290        5.35
    922300        5.81
    922310        5.93
    922320        4.07
    922330        7.45
    922340        4.19
    922350        5.63
    922360        6.53
    922370        5.26
    922380        5.66
    922390         5.6
    922400        5.32
    922410         5.6
    922420        4.11
    922430        4.92
    922440        3.78
    922450        5.66
    922460         5.8
    922470        5.96
    922480        4.67
    922490         4.8
    922500        5.25
    922510        4.89
    922520        4.56
    922530        4.27
    922540        5.99
    922550        4.91
    922560        4.65
    922570        5.63
    922580        6.47
    922590        4.26
    922600        5.64
    922610        5.91
    922620        5.94
    922630         5.6
    922640        5.36
    922650        5.64
    922660        5.27
    922670        5.64
    922680        5.67
    922690        4.64
    922700        5.47
    922710        4.54
    922720        5.03
    922730        5.67
    922740        5.73
    922750        4.89
    922760        3.66
    922770        5.77
    922780        3.69
    922790        6.01
    922800        4.69
    922810         4.7
    922820        5.79
    922830        4.25
    922840        4.42
    922850        3.33
    922860        4.37
    922870        6.87
    922880         4.6
    922890        4.08
    922900        4.66
    922910        5.46
    922920        4.38
    922930        4.09
    922940        4.85
    922950        5.47
    922960        5.84
    922970        4.75
    922980        4.85
    922990         4.2
    923000        5.44
    923010        4.65
    923020        4.89
    923030        6.57
    923040        5.12
    923050        4.45
    923060        4.61
    923070        5.34
    923080        4.99
    923090        6.42
    923100        5.34
    923110        4.34
    923120        4.47
    923130         3.8
    923140        5.62
    923150        3.54
    923160        5.21
    923170        4.97
    923180        5.35
    923190        5.38
    923200        4.53
    923210        4.77
    923220         4.7
    923230        4.75
    923240        4.54
    923250        5.39
    923260        5.21
    923270        6.57
    923280        5.69
    923290         3.5
    923300        4.63
    923310        5.54
    923320        5.03
    923330        5.44
    923340        5.76
    923350        5.26
    923360        5.66
    923370        3.78
    923380        4.84
    923390         4.9
    923400        6.56
    923410        5.47
    923420        4.18
    923430        5.56
    923440        5.03
    923450        4.96
    923460        4.63
    923470        5.71
    923480        3.64
    923490        5.79
    923500        4.62
    923510        5.02
    923520        5.16
    923530        4.94
    923540        4.63
    923550        4.98
    923560        4.57
    923570         5.1
    923580        5.13
    923590           5
    923600        5.41
    923610        5.73
    923620        5.12
    923630        5.15
    923640        5.46
    923650        4.32
    923660        5.53
    923670        5.29
    923680        5.64
    923690        5.04
    923700         4.1
    923710        5.28
    923720        6.32
    923730        6.75
    923740        7.03
    923750        5.53
    923760        4.33
    923770        5.73
    923780        4.96
    923790        5.75
    923800        5.72
    923810        5.45
    923820        5.13
    923830        5.96
    923840        6.08
    923850        5.68
    923860        4.65
    923870        4.99
    923880        4.96
    923890        5.27
    923900        6.31
    923910        4.12
    923920        5.43
    923930        6.33
    923940        4.75
    923950        4.32
    923960        5.74
    923970        6.24
    923980        5.94
    923990        5.06
    924000        4.73
    924010        5.37
    924020        5.96
    924030        5.68
    924040         4.5
    924050        5.83
    924060        5.98
    924070        4.62
    924080        6.55
    924090        5.24
    924100        3.81
    924110        4.57
    924120        5.46
    924130         4.6
    924140        5.17
    924150         4.8
    924160        4.73
    924170        4.37
    924180         5.6
    924190         6.8
    924200        5.16
    924210        5.93
    924220        4.54
    924230        3.76
    924240        4.94
    924250        5.26
    924260        5.13
    924270        5.83
    924280        4.94
    924290        3.72
    924300        4.62
    924310        4.41
    924320        3.35
    924330        5.33
    924340        4.83
    924350        4.72
    924360        4.26
    924370        6.15
    924380        5.07
    924390        4.76
    924400         4.9
    924410        5.94
    924420        5.14
    924430        5.19
    924440        4.32
    924450        5.01
    924460        4.47
    924470        5.57
    924480        3.87
    924490        4.23
    924500        4.54
    924510        4.42
    924520        5.72
    924530        5.88
    924540        5.44
    924550        4.65
    924560        3.55
    924570        4.81
    924580        5.79
    924590        5.75
    924600        5.13
    924610        5.14
    924620        5.59
    924630        5.14
    924640        5.34
    924650        4.48
    924660        3.92
    924670        4.81
    924680        5.21
    924690        6.12
    924700        5.02
    924710        5.17
    924720        4.55
    924730        5.55
    924740        4.74
    924750        5.01
    924760        4.98
    924770        4.89
    924780        6.48
    924790        3.17
    924800        6.16
    924810        4.29
    924820        5.31
    924830        6.41
    924840        4.39
    924850        5.82
    924860        5.67
    924870        5.31
    924880        5.14
    924890        6.17
    924900        4.84
    924910           5
    924920        5.49
    924930        6.22
    924940        5.15
    924950        5.44
    924960         5.7
    924970        4.06
    924980         4.5
    924990        4.84
    925000        5.12
    925010        5.31
    925020        6.91
    925030        3.97
    925040        5.28
    925050        5.22
    925060        5.03
    925070        4.98
    925080        4.28
    925090         5.2
    925100        4.03
    925110        3.13
    925120        5.04
    925130        4.55
    925140         5.5
    925150        5.63
    925160        4.94
    925170        5.58
    925180        6.21
    925190        5.04
    925200        6.45
    925210        6.15
    925220        5.48
    925230         4.8
    925240        5.92
    925250        5.83
    925260        5.08
    925270        4.78
    925280        4.19
    925290        4.56
    925300        5.08
    925310        5.51
    925320        4.73
    925330        5.94
    925340        5.59
    925350        5.57
    925360        5.72
    925370        4.84
    925380        4.06
    925390        6.25
    925400        5.26
    925410        5.57
    925420        4.92
    925430         4.3
    925440        5.63
    925450        5.22
    925460        5.12
    925470        4.91
    925480        6.03
    925490        5.42
    925500        5.17
    925510        4.93
    925520        6.19
    925530        5.97
    925540        5.25
    925550        6.43
    925560        5.96
    925570        4.61
    925580        5.65
    925590        6.16
    925600        5.42
    925610        5.66
    925620        4.74
    925630        4.96
    925640        3.19
    925650        4.34
    925660        4.23
    925670        4.85
    925680        5.41
    925690        4.77
    925700        5.19
    925710         4.9
    925720        4.76
    925730        5.88
    925740        5.19
    925750        4.09
    925760        4.36
    925770        5.04
    925780        5.06
    925790        3.84
    925800        4.56
    925810        5.65
    925820        3.83
    925830        4.39
    925840        5.54
    925850           6
    925860        6.26
    925870        3.31
    925880         6.3
    925890        4.24
    925900        4.53
    925910        4.07
    925920        3.83
    925930        4.87
    925940        5.67
    925950        4.29
    925960        5.97
    925970        5.18
    925980        5.53
    925990        4.09
    926000        4.56
    926010        4.81
    926020        3.54
    926030        5.77
    926040        5.17
    926050        4.04
    926060        5.34
    926070        5.04
    926080        5.24
    926090        5.45
    926100        5.93
    926110        4.12
    926120        4.48
    926130        5.94
    926140        5.22
    926150        5.28
    926160        4.96
    926170        6.53
    926180        5.76
    926190        6.29
    926200        4.71
    926210        5.49
    926220        5.88
    926230        5.63
    926240        5.77
    926250        5.31
    926260        5.54
    926270        5.32
    926280        4.54
    926290        4.47
    926300        5.31
    926310        4.97
    926320        5.71
    926330        6.37
    926340        6.67
    926350        4.18
    926360        5.01
    926370        6.31
    926380        4.84
    926390         5.5
    926400        3.95
    926410        5.83
    926420        4.75
    926430        4.91
    926440        4.22
    926450        6.84
    926460        5.69
    926470        4.87
    926480        5.16
    926490        5.49
    926500        4.28
    926510        6.31
    926520        5.43
    926530           5
    926540        6.12
    926550        5.03
    926560        5.32
    926570        5.29
    926580        6.01
    926590        4.53
    926600           4
    926610        5.25
    926620        4.22
    926630        4.16
    926640        4.08
    926650        4.73
    926660        5.78
    926670        5.84
    926680        5.53
    926690        5.62
    926700        5.03
    926710        5.93
    926720        6.57
    926730        6.03
    926740        5.11
    926750        5.57
    926760        3.18
    926770        4.46
    926780         6.1
    926790        5.34
    926800        5.72
    926810           5
    926820        7.51
    926830        5.11
    926840        5.33
    926850        4.93
    926860        5.63
    926870        5.06
    926880        5.44
    926890        4.85
    926900        5.46
    926910        4.87
    926920        4.88
    926930        5.66
    926940        5.09
    926950         3.8
    926960        5.67
    926970        5.79
    926980        4.87
    926990        5.96
    927000         5.8
    927010         4.9
    927020        3.47
    927030         5.5
    927040        6.23
    927050        4.23
    927060        5.63
    927070        4.61
    927080        3.82
    927090        5.26
    927100        4.39
    927110        4.55
    927120        5.93
    927130        5.85
    927140        5.47
    927150        4.73
    927160        5.02
    927170        4.63
    927180        5.25
    927190        5.45
    927200        4.41
    927210        5.33
    927220        4.81
    927230        4.93
    927240        5.89
    927250        4.76
    927260        4.36
    927270        4.01
    927280        4.62
    927290        4.94
    927300        3.95
    927310        4.05
    927320        5.56
    927330        2.92
    927340         5.9
    927350        6.62
    927360        4.83
    927370         5.6
    927380         4.5
    927390        5.57
    927400        5.05
    927410        4.72
    927420        5.26
    927430        5.13
    927440        4.56
    927450        6.56
    927460        3.71
    927470        5.26
    927480        5.69
    927490        5.53
    927500        4.94
    927510        6.32
    927520        5.79
    927530        4.79
    927540        5.35
    927550        4.54
    927560        4.66
    927570        4.49
    927580        5.06
    927590        6.26
    927600         5.2
    927610        6.17
    927620        6.48
    927630        6.38
    927640        4.49
    927650        6.35
    927660        4.07
    927670        5.68
    927680        4.15
    927690        5.07
    927700        5.79
    927710        6.01
    927720        5.89
    927730        5.18
    927740        3.87
    927750        4.35
    927760        5.68
    927770        5.29
    927780        3.71
    927790        4.96
    927800        5.79
    927810        4.42
    927820        5.96
    927830        5.22
    927840        5.74
    927850        3.09
    927860        4.24
    927870        6.15
    927880        6.47
    927890        6.52
    927900        6.42
    927910        5.58
    927920        5.43
    927930        5.61
    927940        6.83
    927950        4.67
    927960         5.8
    927970        6.64
    927980        6.84
    927990        5.17
    928000         4.1
    928010        5.19
    928020         5.1
    928030        5.21
    928040        5.51
    928050        5.91
    928060        6.64
    928070        4.77
    928080         5.1
    928090         4.7
    928100        5.53
    928110        6.17
    928120        5.83
    928130        6.34
    928140         6.5
    928150        7.16
    928160         5.1
    928170        6.01
    928180        4.42
    928190        5.01
    928200        5.35
    928210        6.57
    928220        4.41
    928230        4.57
    928240        4.33
    928250        4.57
    928260        5.04
    928270        4.95
    928280           4
    928290        5.71
    928300        5.88
    928310        4.59
    928320        7.46
    928330        6.08
    928340        5.69
    928350        4.79
    928360        4.18
    928370         5.1
    928380        5.49
    928390        5.13
    928400        5.79
    928410        3.94
    928420        5.47
    928430        4.53
    928440         5.5
    928450        5.16
    928460        5.84
    928470        5.42
    928480        5.38
    928490        5.13
    928500        4.55
    928510         6.1
    928520        4.63
    928530         5.3
    928540        6.31
    928550        4.25
    928560        8.53
    928570        5.19
    928580        5.49
    928590        6.57
    928600        5.71
    928610        4.98
    928620        4.73
    928630        5.19
    928640         4.9
    928650        6.56
    928660        4.84
    928670        5.64
    928680        5.66
    928690        4.68
    928700        4.75
    928710        5.84
    928720        5.85
    928730        4.55
    928740        5.42
    928750        5.51
    928760        4.37
    928770        4.51
    928780        4.91
    928790         5.2
    928800        5.04
    928810        4.83
    928820        5.54
    928830        4.84
    928840         5.6
    928850        3.41
    928860        4.88
    928870        4.75
    928880        5.06
    928890        4.84
    928900        5.56
    928910         4.7
    928920         4.5
    928930        4.37
    928940        5.26
    928950        5.48
    928960        3.15
    928970        5.23
    928980        4.74
    928990        5.94
    929000        4.82
    929010        5.66
    929020        4.66
    929030        4.84
    929040        4.29
    929050        5.54
    929060        4.81
    929070        4.92
    929080        3.93
    929090        6.09
    929100        4.89
    929110         3.6
    929120        4.29
    929130        5.41
    929140        5.41
    929150        4.89
    929160        5.91
    929170        5.58
    929180         6.8
    929190        5.25
    929200        5.42
    929210        5.18
    929220        5.46
    929230        3.95
    929240        5.06
    929250        4.05
    929260         3.7
    929270        6.44
    929280        5.75
    929290        5.02
    929300        4.88
    929310        5.63
    929320        4.61
    929330        5.45
    929340        3.26
    929350        5.46
    929360        4.36
    929370         4.5
    929380        5.18
    929390        5.26
    929400        5.75
    929410        3.94
    929420        4.07
    929430        5.22
    929440        3.62
    929450        5.07
    929460        4.83
    929470        4.55
    929480        5.53
    929490        7.66
    929500        4.88
    929510        5.54
    929520        4.59
    929530        5.64
    929540        5.21
    929550        6.29
    929560        4.36
    929570           6
    929580        5.72
    929590        5.16
    929600         4.1
    929610        5.68
    929620        4.93
    929630        5.56
    929640        4.04
    929650        5.93
    929660        5.09
    929670        5.81
    929680         4.2
    929690        6.18
    929700        4.97
    929710        4.66
    929720        6.41
    929730        5.43
    929740        7.31
    929750        4.28
    929760        3.95
    929770        4.47
    929780        5.35
    929790        5.02
    929800        4.84
    929810        4.96
    929820         4.5
    929830        6.61
    929840         4.6
    929850        4.46
    929860        5.33
    929870        5.57
    929880        5.64
    929890        5.14
    929900        4.82
    929910        5.48
    929920        6.01
    929930        6.34
    929940        4.08
    929950        4.99
    929960        3.84
    929970        5.25
    929980        4.24
    929990        5.43
    930000        5.94
    930010        5.36
    930020        4.16
    930030        5.52
    930040        3.81
    930050        4.49
    930060         5.9
    930070        4.84
    930080         5.2
    930090         4.5
    930100        4.99
    930110           4
    930120        5.83
    930130        6.35
    930140        5.94
    930150        3.98
    930160        5.59
    930170        5.24
    930180        4.43
    930190        5.47
    930200         4.4
    930210        4.82
    930220        5.57
    930230        6.04
    930240        4.98
    930250         5.7
    930260        5.34
    930270        5.22
    930280        5.28
    930290        4.32
    930300        5.05
    930310        5.43
    930320        4.75
    930330        4.13
    930340        5.55
    930350        4.72
    930360        4.68
    930370        6.07
    930380        4.87
    930390        5.46
    930400           5
    930410        4.81
    930420        6.06
    930430        6.42
    930440        4.45
    930450        5.77
    930460        5.32
    930470        5.34
    930480        4.48
    930490         5.4
    930500        6.13
    930510        4.68
    930520        6.01
    930530        5.71
    930540        4.95
    930550        5.04
    930560        5.48
    930570        5.78
    930580        4.04
    930590        4.32
    930600        6.63
    930610        4.97
    930620        5.32
    930630        5.38
    930640        6.31
    930650        4.91
    930660        6.41
    930670        5.73
    930680         5.4
    930690        4.48
    930700        4.72
    930710        4.39
    930720        4.42
    930730        5.01
    930740        5.42
    930750         4.8
    930760         5.5
    930770        4.25
    930780        5.57
    930790        4.25
    930800        5.89
    930810        5.28
    930820        4.46
    930830        5.24
    930840        4.18
    930850        6.03
    930860        5.12
    930870         4.5
    930880        5.45
    930890        5.59
    930900        5.73
    930910        6.11
    930920        5.46
    930930        4.97
    930940        5.72
    930950        4.46
    930960        4.63
    930970        5.83
    930980        4.53
    930990        3.95
    931000        4.39
    931010        4.55
    931020        4.28
    931030        4.63
    931040        4.02
    931050        4.91
    931060        5.16
    931070        4.17
    931080        6.76
    931090         5.3
    931100        3.99
    931110        4.35
    931120        5.26
    931130         4.8
    931140        5.65
    931150         6.1
    931160        5.45
    931170        5.51
    931180        5.08
    931190        4.27
    931200        2.94
    931210        4.44
    931220        5.06
    931230        5.32
    931240        5.19
    931250        6.07
    931260        3.68
    931270        5.33
    931280        4.94
    931290        6.24
    931300        6.04
    931310        6.13
    931320         3.9
    931330        5.79
    931340        4.96
    931350        6.26
    931360        6.04
    931370        5.75
    931380        4.55
    931390        4.62
    931400        5.48
    931410        6.43
    931420        5.46
    931430        4.79
    931440        6.04
    931450        4.83
    931460         5.9
    931470        4.19
    931480        4.19
    931490        5.22
    931500        5.95
    931510        4.28
    931520         4.7
    931530        6.41
    931540        6.53
    931550        4.85
    931560        4.21
    931570        6.13
    931580        6.01
    931590        5.35
    931600        4.95
    931610         5.7
    931620        6.18
    931630        6.39
    931640        5.22
    931650        5.01
    931660        6.09
    931670        4.77
    931680        5.75
    931690        5.29
    931700        4.81
    931710        4.05
    931720        5.17
    931730        5.17
    931740        5.78
    931750        5.18
    931760        4.77
    931770         3.8
    931780        4.67
    931790        5.39
    931800        4.89
    931810        4.75
    931820        5.86
    931830        5.19
    931840        5.97
    931850        5.31
    931860        4.72
    931870        4.86
    931880        5.61
    931890        5.46
    931900        5.51
    931910        5.25
    931920        5.28
    931930        5.81
    931940        4.82
    931950        5.28
    931960        5.44
    931970        4.94
    931980        5.75
    931990        3.93
    932000        5.96
    932010        5.29
    932020        4.37
    932030        4.64
    932040        7.74
    932050        4.88
    932060        5.63
    932070        4.91
    932080        4.71
    932090        6.22
    932100        4.27
    932110        4.97
    932120        4.12
    932130        4.46
    932140        6.19
    932150        5.29
    932160        5.22
    932170        5.07
    932180        5.79
    932190        5.77
    932200        4.28
    932210        5.12
    932220        4.99
    932230        5.08
    932240        4.98
    932250        5.45
    932260        5.99
    932270        5.23
    932280        4.84
    932290        4.69
    932300        4.19
    932310         4.1
    932320        4.33
    932330        5.65
    932340           4
    932350        5.15
    932360         4.6
    932370        5.69
    932380        4.77
    932390        4.97
    932400        6.16
    932410        5.49
    932420           7
    932430        4.97
    932440        5.51
    932450        5.32
    932460        5.26
    932470        5.67
    932480         5.7
    932490        4.26
    932500        5.72
    932510        4.68
    932520        6.08
    932530        4.18
    932540        5.13
    932550         4.4
    932560        5.67
    932570        5.52
    932580        4.02
    932590        4.78
    932600        5.08
    932610         4.3
    932620        6.23
    932630        6.05
    932640        4.59
    932650        4.62
    932660        5.44
    932670        4.91
    932680        5.37
    932690        4.88
    932700        5.06
    932710        5.15
    932720        6.06
    932730        4.99
    932740        5.31
    932750        4.42
    932760         5.3
    932770         4.5
    932780        5.12
    932790        5.37
    932800        5.37
    932810        4.54
    932820        5.43
    932830        3.95
    932840         5.7
    932850        4.94
    932860        4.09
    932870        4.69
    932880        5.62
    932890        5.66
    932900        4.56
    932910        5.56
    932920        4.83
    932930        3.83
    932940        5.09
    932950        5.52
    932960        4.37
    932970         5.1
    932980        4.93
    932990        5.63
    933000        4.48
    933010        4.88
    933020         5.3
    933030        4.89
    933040        5.97
    933050        5.19
    933060        4.43
    933070        3.36
    933080         5.3
    933090        4.02
    933100        4.88
    933110        5.88
    933120        3.93
    933130        5.66
    933140        5.53
    933150        5.22
    933160        5.03
    933170        4.81
    933180        5.42
    933190           5
    933200        4.25
    933210        4.98
    933220        4.04
    933230        5.55
    933240        4.55
    933250        6.61
    933260        4.23
    933270        5.69
    933280        5.51
    933290        3.82
    933300        5.11
    933310        4.43
    933320        5.11
    933330        4.76
    933340        5.42
    933350        4.42
    933360        5.82
    933370         4.5
    933380        5.85
    933390        5.93
    933400        6.26
    933410        4.84
    933420        4.99
    933430        5.18
    933440        5.26
    933450        4.09
    933460        4.59
    933470        5.62
    933480        4.46
    933490        5.18
    933500        7.03
    933510        5.19
    933520        3.95
    933530        5.17
    933540           5
    933550        4.85
    933560        4.57
    933570        4.98
    933580        5.24
    933590        4.15
    933600        5.53
    933610        3.94
    933620        5.33
    933630         5.6
    933640        6.44
    933650        3.31
    933660        4.49
    933670        4.53
    933680        4.37
    933690        5.69
    933700        4.22
    933710        4.44
    933720        5.84
    933730        3.86
    933740        3.78
    933750        5.24
    933760        5.27
    933770         5.5
    933780        6.03
    933790        5.13
    933800        5.33
    933810        5.53
    933820        4.84
    933830        4.49
    933840        4.41
    933850        5.08
    933860        5.44
    933870        6.88
    933880        4.26
    933890        4.98
    933900        5.07
    933910        4.77
    933920        4.52
    933930        6.13
    933940        5.25
    933950         5.5
    933960        5.09
    933970        4.59
    933980        5.52
    933990        4.06
    934000        4.66
    934010        5.63
    934020        4.45
    934030        4.29
    934040        5.42
    934050        4.92
    934060        5.39
    934070        5.03
    934080        4.83
    934090        5.34
    934100        5.68
    934110        4.11
    934120        4.52
    934130        3.75
    934140        4.59
    934150        4.98
    934160        5.65
    934170        5.13
    934180        5.54
    934190        5.68
    934200        4.82
    934210        4.98
    934220        6.08
    934230        5.19
    934240        4.33
    934250        3.99
    934260        4.82
    934270        4.48
    934280        5.16
    934290        5.47
    934300        5.26
    934310        3.68
    934320         5.4
    934330        5.92
    934340        6.36
    934350         5.3
    934360        4.26
    934370        5.26
    934380        5.02
    934390        3.58
    934400        7.28
    934410        4.72
    934420        4.14
    934430        5.42
    934440        5.17
    934450        3.97
    934460        4.96
    934470        6.48
    934480        4.66
    934490         5.2
    934500        5.23
    934510        6.04
    934520         6.5
    934530        4.26
    934540        5.73
    934550        5.25
    934560        5.32
    934570        5.45
    934580        5.16
    934590        5.24
    934600        4.72
    934610        5.49
    934620        4.66
    934630        3.54
    934640        5.28
    934650        4.28
    934660        4.94
    934670        5.75
    934680        4.84
    934690        3.97
    934700        6.09
    934710        4.58
    934720        5.48
    934730        5.45
    934740        4.71
    934750        5.22
    934760        5.08
    934770           5
    934780        4.37
    934790        4.37
    934800        3.97
    934810        3.72
    934820        4.22
    934830        4.76
    934840        6.03
    934850        5.14
    934860        4.92
    934870        4.39
    934880        5.49
    934890        5.93
    934900        6.31
    934910        5.57
    934920        5.19
    934930         5.1
    934940        5.23
    934950        5.38
    934960        4.63
    934970        4.92
    934980        4.47
    934990        7.28
    935000        4.75
    935010        4.55
    935020         4.9
    935030         5.2
    935040        5.46
    935050        4.81
    935060        4.44
    935070        6.16
    935080        5.83
    935090        5.21
    935100        7.36
    935110        5.97
    935120        4.82
    935130         4.5
    935140        5.95
    935150        5.55
    935160        5.57
    935170        5.42
    935180        4.29
    935190        7.32
    935200        5.34
    935210           5
    935220        5.79
    935230        5.37
    935240        5.29
    935250        5.81
    935260        5.44
    935270        3.78
    935280        4.95
    935290        5.53
    935300        3.51
    935310        5.42
    935320        4.44
    935330        5.29
    935340        5.88
    935350         5.7
    935360        5.39
    935370        4.02
    935380        4.71
    935390        4.79
    935400        3.25
    935410        4.75
    935420        5.37
    935430        3.82
    935440        4.26
    935450        6.17
    935460        4.33
    935470        5.01
    935480        5.01
    935490        4.74
    935500        5.13
    935510         5.3
    935520        4.78
    935530        5.11
    935540        5.11
    935550        5.04
    935560        4.04
    935570        5.34
    935580        4.46
    935590        4.57
    935600        4.31
    935610        5.55
    935620        5.09
    935630        4.72
    935640        4.44
    935650        6.47
    935660        5.29
    935670        4.95
    935680        4.63
    935690        5.06
    935700        4.54
    935710        4.82
    935720        4.73
    935730        5.53
    935740        4.13
    935750        4.71
    935760         3.5
    935770        5.06
    935780        4.76
    935790        5.18
    935800        3.36
    935810        5.72
    935820        5.42
    935830         5.2
    935840        5.82
    935850        6.06
    935860        5.68
    935870        4.78
    935880         4.5
    935890        5.26
    935900         5.9
    935910        5.11
    935920        6.51
    935930        5.76
    935940        5.14
    935950        5.23
    935960        4.65
    935970        4.68
    935980        5.16
    935990        4.75
    936000        6.37
    936010        4.84
    936020        6.85
    936030        4.19
    936040        4.88
    936050        5.58
    936060        5.36
    936070        5.12
    936080        5.69
    936090         5.7
    936100        5.12
    936110        5.01
    936120        4.48
    936130         6.1
    936140        5.39
    936150        5.57
    936160        4.32
    936170        5.24
    936180        6.19
    936190         4.9
    936200        5.23
    936210        4.88
    936220        5.07
    936230         4.8
    936240         4.4
    936250        4.71
    936260         5.5
    936270        4.82
    936280        5.29
    936290        5.91
    936300        4.83
    936310         4.6
    936320        4.18
    936330        6.06
    936340        4.32
    936350        4.16
    936360        4.29
    936370         5.3
    936380        4.72
    936390        5.09
    936400        5.43
    936410        5.81
    936420        5.41
    936430        4.86
    936440        4.29
    936450        5.38
    936460        5.61
    936470        5.96
    936480        4.93
    936490         5.2
    936500        4.87
    936510        5.14
    936520        5.38
    936530        4.88
    936540        4.61
    936550        4.44
    936560        5.23
    936570        7.01
    936580        4.12
    936590         4.7
    936600           5
    936610        6.39
    936620        6.02
    936630        4.69
    936640        5.15
    936650        4.57
    936660        7.17
    936670        6.44
    936680         5.9
    936690        4.12
    936700        5.02
    936710        4.83
    936720        5.13
    936730        4.58
    936740        4.53
    936750        5.85
    936760        4.47
    936770        5.37
    936780        4.76
    936790        3.83
    936800        6.01
    936810        3.81
    936820        5.49
    936830        4.66
    936840        5.02
    936850        4.79
    936860         4.6
    936870        6.66
    936880        4.88
    936890        6.09
    936900        3.63
    936910        4.37
    936920        5.51
    936930        5.48
    936940        5.84
    936950        4.87
    936960        5.01
    936970        3.64
    936980         4.7
    936990        5.48
    937000        5.17
    937010        4.63
    937020        4.04
    937030        4.16
    937040        4.21
    937050        3.91
    937060        5.13
    937070        4.92
    937080        4.36
    937090        4.67
    937100        5.06
    937110        5.73
    937120        5.12
    937130        4.81
    937140        4.16
    937150        4.75
    937160        6.22
    937170        3.99
    937180        5.47
    937190        4.05
    937200        4.19
    937210         5.4
    937220        6.82
    937230        4.29
    937240        4.78
    937250        4.65
    937260        5.16
    937270         5.5
    937280        5.22
    937290        5.13
    937300        4.93
    937310        3.84
    937320        5.41
    937330        4.17
    937340        5.31
    937350        5.22
    937360        4.23
    937370        3.47
    937380        5.71
    937390        5.88
    937400        3.67
    937410        6.13
    937420        3.87
    937430         4.8
    937440         4.1
    937450        6.24
    937460        4.23
    937470        4.26
    937480        4.53
    937490        6.17
    937500        3.85
    937510        4.36
    937520        6.33
    937530        4.66
    937540        4.65
    937550        5.09
    937560         6.1
    937570         4.4
    937580        5.38
    937590        4.81
    937600         5.5
    937610        4.71
    937620        4.79
    937630        4.88
    937640        5.03
    937650        4.31
    937660        4.09
    937670        4.38
    937680        5.59
    937690         5.6
    937700        4.28
    937710         4.8
    937720        3.84
    937730        4.92
    937740        6.16
    937750        5.26
    937760        4.65
    937770        5.35
    937780        3.82
    937790        4.22
    937800         4.3
    937810        5.25
    937820        4.41
    937830        5.29
    937840        5.29
    937850        4.57
    937860        5.11
    937870        4.29
    937880        5.97
    937890        4.71
    937900        5.05
    937910        5.19
    937920        4.95
    937930        5.14
    937940        4.59
    937950        4.96
    937960        5.57
    937970        5.17
    937980        5.62
    937990        5.67
    938000        5.75
    938010        3.28
    938020         4.1
    938030        5.04
    938040        4.63
    938050        4.83
    938060        3.54
    938070        4.87
    938080        5.25
    938090        4.79
    938100        5.03
    938110        4.91
    938120        5.91
    938130        3.74
    938140        5.16
    938150        5.98
    938160        6.18
    938170        5.13
    938180        6.53
    938190        5.29
    938200        4.82
    938210        4.85
    938220        4.48
    938230         5.8
    938240        5.91
    938250        6.12
    938260        4.42
    938270        6.18
    938280         5.3
    938290         5.7
    938300        4.08
    938310         4.6
    938320        4.62
    938330        5.86
    938340         5.6
    938350        6.01
    938360        5.99
    938370        4.33
    938380        4.79
    938390        5.14
    938400           6
    938410        5.89
    938420        5.56
    938430        4.44
    938440        5.02
    938450         5.5
    938460        5.77
    938470        5.08
    938480        5.08
    938490        4.71
    938500        5.97
    938510         5.8
    938520        4.75
    938530        4.64
    938540        4.09
    938550        3.72
    938560        4.71
    938570        5.01
    938580        5.09
    938590        5.77
    938600        3.64
    938610        5.52
    938620        4.46
    938630        4.82
    938640        6.03
    938650        5.59
    938660        6.08
    938670        4.92
    938680        5.65
    938690         6.5
    938700        4.41
    938710        5.17
    938720        4.71
    938730        5.41
    938740        5.84
    938750        5.75
    938760        6.68
    938770        6.61
    938780         4.8
    938790        6.19
    938800        4.67
    938810        6.33
    938820         5.4
    938830        6.41
    938840        4.74
    938850        4.72
    938860        5.64
    938870        5.63
    938880        4.61
    938890        5.59
    938900        5.21
    938910        5.63
    938920        4.21
    938930        4.81
    938940        4.67
    938950        5.41
    938960        5.73
    938970        5.28
    938980         5.5
    938990        5.24
    939000        4.93
    939010        6.66
    939020        4.61
    939030        3.44
    939040        6.22
    939050        6.07
    939060        4.28
    939070        5.09
    939080        6.13
    939090        4.38
    939100        5.51
    939110        4.51
    939120        5.29
    939130        5.46
    939140        4.74
    939150         4.9
    939160        5.08
    939170        5.66
    939180        4.46
    939190        6.38
    939200        4.91
    939210        4.18
    939220        5.47
    939230         6.3
    939240        5.04
    939250        5.12
    939260        6.63
    939270        5.44
    939280        5.41
    939290         6.7
    939300         5.1
    939310        4.83
    939320        4.94
    939330        3.82
    939340        5.92
    939350        5.03
    939360         4.6
    939370        6.08
    939380        6.19
    939390        6.05
    939400        4.56
    939410         5.2
    939420        3.32
    939430        5.31
    939440        5.71
    939450        5.83
    939460        3.62
    939470        6.22
    939480        4.88
    939490        5.32
    939500        5.05
    939510        5.82
    939520        5.43
    939530        6.45
    939540        4.92
    939550        5.37
    939560        4.81
    939570         5.1
    939580        5.57
    939590        4.29
    939600        4.52
    939610        5.62
    939620         5.1
    939630        5.72
    939640         4.6
    939650        5.42
    939660        4.84
    939670        4.91
    939680        6.03
    939690        4.54
    939700        5.45
    939710        5.89
    939720        3.92
    939730         5.4
    939740        4.82
    939750         6.7
    939760        4.29
    939770        5.91
    939780        4.55
    939790         4.9
    939800        5.65
    939810        5.48
    939820        4.91
    939830        6.17
    939840        4.96
    939850        4.44
    939860        5.49
    939870        4.68
    939880        5.27
    939890        4.44
    939900        4.55
    939910        4.66
    939920        6.25
    939930        5.15
    939940        4.51
    939950        5.28
    939960        4.23
    939970        4.28
    939980        5.47
    939990        6.27
    940000        4.66
    940010        4.56
    940020        4.71
    940030        4.19
    940040        6.26
    940050        5.74
    940060        4.51
    940070         4.8
    940080         5.8
    940090         3.6
    940100           4
    940110        4.66
    940120        4.95
    940130        4.97
    940140        5.16
    940150        4.25
    940160        5.16
    940170        4.88
    940180        4.09
    940190        4.26
    940200        6.53
    940210        6.16
    940220        6.02
    940230        5.13
    940240        5.63
    940250        6.21
    940260        4.53
    940270        5.44
    940280        5.46
    940290        4.97
    940300        5.63
    940310        5.76
    940320        4.54
    940330        6.29
    940340        6.08
    940350        5.72
    940360        4.46
    940370        4.41
    940380           5
    940390        4.26
    940400        6.48
    940410        4.47
    940420        5.04
    940430        5.85
    940440        5.07
    940450        3.94
    940460        5.04
    940470        4.99
    940480        5.13
    940490        5.04
    940500         4.1
    940510        4.08
    940520        5.13
    940530        5.16
    940540        4.54
    940550        4.77
    940560        5.17
    940570        6.35
    940580        4.97
    940590        5.49
    940600        4.88
    940610           6
    940620         4.7
    940630        5.52
    940640         4.8
    940650        4.12
    940660        5.22
    940670        4.12
    940680        6.07
    940690        4.26
    940700        5.67
    940710        4.84
    940720        6.05
    940730        6.05
    940740        4.83
    940750        4.32
    940760        4.78
    940770        5.86
    940780        5.26
    940790        5.44
    940800        5.99
    940810        4.92
    940820         5.7
    940830        4.69
    940840        4.38
    940850         4.1
    940860        5.58
    940870        4.86
    940880        4.14
    940890         3.9
    940900        5.37
    940910         4.4
    940920        4.81
    940930        5.17
    940940        4.67
    940950         4.8
    940960        5.19
    940970        5.74
    940980        5.13
    940990        5.47
    941000         3.8
    941010        5.35
    941020        5.37
    941030        5.53
    941040        4.06
    941050        4.23
    941060        3.61
    941070        5.68
    941080         4.8
    941090           5
    941100        5.12
    941110        5.38
    941120        3.87
    941130        5.31
    941140        4.08
    941150        5.26
    941160        4.74
    941170        4.84
    941180        5.79
    941190        4.04
    941200        5.11
    941210        3.85
    941220        4.89
    941230        4.91
    941240        4.36
    941250        6.14
    941260        4.91
    941270        4.06
    941280        5.41
    941290        3.95
    941300        4.23
    941310        5.14
    941320        4.03
    941330        4.68
    941340        3.94
    941350        4.28
    941360        4.62
    941370        5.28
    941380        5.91
    941390         6.6
    941400        4.18
    941410        4.47
    941420        5.24
    941430        3.84
    941440        4.46
    941450        5.64
    941460        3.42
    941470        4.22
    941480        4.76
    941490        4.82
    941500        3.97
    941510         4.1
    941520        3.96
    941530        4.84
    941540        5.01
    941550        5.93
    941560        4.13
    941570        4.29
    941580        4.46
    941590        5.86
    941600        6.52
    941610        5.02
    941620        4.57
    941630        4.32
    941640        6.31
    941650        5.56
    941660        5.91
    941670        5.25
    941680        4.99
    941690        5.66
    941700        4.93
    941710        5.32
    941720        4.57
    941730        5.01
    941740        5.02
    941750        5.25
    941760        5.03
    941770        5.16
    941780        4.75
    941790        4.46
    941800        4.98
    941810        5.11
    941820        3.44
    941830        5.32
    941840        4.05
    941850        5.42
    941860        5.69
    941870        4.74
    941880        3.75
    941890        4.47
    941900        5.73
    941910        4.37
    941920        4.88
    941930        3.75
    941940        4.11
    941950        4.47
    941960        4.65
    941970        5.37
    941980        5.38
    941990        4.57
    942000        4.14
    942010        5.28
    942020        3.49
    942030        4.32
    942040         5.9
    942050        4.54
    942060        4.67
    942070        3.56
    942080        5.65
    942090        5.48
    942100        4.04
    942110         5.6
    942120        3.98
    942130        4.53
    942140        4.77
    942150        4.55
    942160        4.52
    942170        4.35
    942180        5.17
    942190        5.18
    942200        3.82
    942210        3.97
    942220        5.52
    942230        3.75
    942240        4.36
    942250        4.44
    942260        4.57
    942270        3.64
    942280        4.12
    942290        4.72
    942300        4.53
    942310        5.69
    942320           6
    942330        3.55
    942340        6.69
    942350         3.9
    942360        4.78
    942370        4.25
    942380        4.65
    942390        3.95
    942400        4.65
    942410        4.09
    942420        4.35
    942430        4.21
    942440         4.5
    942450        4.11
    942460        4.65
    942470         4.7
    942480        3.57
    942490        4.66
    942500        6.04
    942510        5.27
    942520        3.83
    942530        5.18
    942540        4.41
    942550        5.03
    942560        3.91
    942570        4.67
    942580        3.95
    942590        3.96
    942600        5.68
    942610        4.17
    942620        4.24
    942630         3.7
    942640        4.32
    942650        4.32
    942660        6.01
    942670        3.89
    942680        5.01
    942690        5.02
    942700        4.55
    942710        4.97
    942720        4.63
    942730        5.92
    942740        4.75
    942750        5.29
    942760        5.59
    942770        4.85
    942780        4.05
    942790        4.41
    942800        4.34
    942810        4.19
    942820           4
    942830        5.19
    942840        5.26
    942850        4.22
    942860        3.75
    942870         3.3
    942880        4.34
    942890        4.18
    942900        5.88
    942910        4.79
    942920        5.58
    942930        4.41
    942940        3.67
    942950        3.83
    942960        3.05
    942970        5.03
    942980        4.73
    942990        4.73
    943000        3.07
    943010        4.03
    943020        4.42
    943030        4.59
    943040        4.13
    943050        4.61
    943060        3.68
    943070        3.91
    943080        3.84
    943090        4.78
    943100        6.35
    943110        4.64
    943120        3.51
    943130        4.36
    943140        4.93
    943150         5.9
    943160         2.4
    943170        4.56
    943180        5.97
    943190        5.79
    943200        4.72
    943210        4.29
    943220         5.1
    943230        5.22
    943240        4.11
    943250        5.24
    943260        5.06
    943270        5.25
    943280         5.3
    943290        5.57
    943300        6.15
    943310        5.12
    943320        4.45
    943330        4.93
    943340        4.97
    943350        4.35
    943360        5.13
    943370        4.73
    943380        4.14
    943390        5.43
    943400        5.17
    943410        4.85
    943420        5.03
    943430        4.46
    943440        4.47
    943450        4.57
    943460        6.44
    943470        4.94
    943480        4.01
    943490         5.6
    943500        5.31
    943510        5.77
    943520        5.02
    943530        5.73
    943540         5.8
    943550        4.44
    943560        5.29
    943570        4.68
    943580        6.35
    943590        5.42
    943600        4.54
    943610        5.56
    943620         4.5
    943630        5.56
    943640        5.87
    943650         4.8
    943660         4.4
    943670        4.16
    943680        3.68
    943690        5.15
    943700        5.19
    943710           5
    943720        3.23
    943730        5.17
    943740        5.29
    943750        5.33
    943760        5.94
    943770        5.67
    943780        4.83
    943790        3.82
    943800        5.79
    943810        7.73
    943820        5.07
    943830        5.01
    943840        5.47
    943850         4.7
    943860        5.29
    943870        5.52
    943880        4.43
    943890        3.95
    943900        6.56
    943910        4.44
    943920        5.99
    943930        5.55
    943940        5.44
    943950        5.11
    943960        5.81
    943970        4.44
    943980        4.74
    943990        6.38
    944000         6.1
    944010        5.56
    944020        3.93
    944030        6.69
    944040        5.61
    944050        5.82
    944060        3.57
    944070           6
    944080        5.35
    944090        4.62
    944100        3.87
    944110        5.09
    944120        4.48
    944130        5.19
    944140         4.6
    944150        5.51
    944160        6.22
    944170         4.5
    944180        4.05
    944190         4.8
    944200        3.81
    944210        5.31
    944220        4.38
    944230        5.07
    944240        5.28
    944250        4.46
    944260        4.45
    944270        5.73
    944280        5.54
    944290        5.04
    944300        4.84
    944310        5.44
    944320        5.08
    944330        5.43
    944340        4.78
    944350        3.96
    944360        5.37
    944370        4.06
    944380        4.61
    944390        7.26
    944400        5.01
    944410        4.42
    944420        5.39
    944430        4.47
    944440        4.85
    944450         4.2
    944460         5.6
    944470        4.57
    944480        4.47
    944490        3.83
    944500        5.04
    944510        4.03
    944520        5.55
    944530        4.67
    944540        3.68
    944550        4.25
    944560        5.55
    944570        4.53
    944580        4.59
    944590        4.12
    944600        4.58
    944610        2.88
    944620        4.59
    944630        3.75
    944640        3.42
    944650        3.83
    944660        4.01
    944670         4.2
    944680        3.67
    944690        3.55
    944700        3.44
    944710        3.94
    944720         5.2
    944730        5.42
    944740        4.37
    944750        3.64
    944760         3.8
    944770        4.42
    944780        4.49
    944790        3.52
    944800        4.03
    944810        3.93
    944820        5.37
    944830        3.35
    944840        4.29
    944850        2.97
    944860         4.1
    944870        3.31
    944880        3.61
    944890        4.03
    944900        3.51
    944910        3.66
    944920        4.42
    944930        3.77
    944940        3.24
    944950        4.49
    944960        4.62
    944970        4.32
    944980        3.69
    944990        4.98
    945000        4.51
    945010        3.59
    945020        4.63
    945030        4.36
    945040        5.11
    945050        4.52
    945060        4.23
    945070        5.05
    945080        4.33
    945090        4.08
    945100        4.14
    945110        3.21
    945120        3.66
    945130         5.6
    945140        4.41
    945150        4.09
    945160        4.04
    945170         4.3
    945180        3.02
    945190        3.53
    945200        3.15
    945210         3.5
    945220        3.44
    945230        4.62
    945240        3.65
    945250         3.4
    945260        3.58
    945270        5.29
    945280        4.67
    945290        4.29
    945300         3.9
    945310        3.95
    945320        4.87
    945330        5.03
    945340         4.7
    945350        3.46
    945360        4.06
    945370        3.16
    945380        3.66
    945390         4.8
    945400        3.89
    945410        4.34
    945420        3.51
    945430        4.13
    945440         4.5
    945450        3.21
    945460        4.89
    945470        5.56
    945480        3.26
    945490        4.54
    945500        4.78
    945510        4.18
    945520        3.69
    945530        5.14
    945540        4.67
    945550        3.58
    945560        3.45
    945570        4.66
    945580        3.62
    945590        4.03
    945600        3.51
    945610        4.24
    945620         5.3
    945630        3.89
    945640        3.68
    945650        3.36
    945660        3.98
    945670        3.92
    945680         4.1
    945690        3.33
    945700        3.05
    945710        4.07
    945720        3.41
    945730        5.11
    945740        4.69
    945750        3.59
    945760        4.51
    945770         4.4
    945780        4.52
    945790        4.45
    945800         4.6
    945810         4.2
    945820        3.84
    945830        4.48
    945840        4.06
    945850        4.57
    945860         4.8
    945870        3.36
    945880        3.84
    945890         4.1
    945900        5.58
    945910        5.38
    945920        4.92
    945930        5.42
    945940        4.29
    945950        4.59
    945960        3.65
    945970        4.94
    945980        3.82
    945990        3.98
    946000        2.69
    946010        4.32
    946020        4.81
    946030        4.69
    946040        3.34
    946050        4.42
    946060        4.11
    946070        4.56
    946080        4.23
    946090        5.48
    946100        5.24
    946110        5.48
    946120         5.2
    946130        4.75
    946140        4.22
    946150         4.2
    946160        6.26
    946170        4.23
    946180        5.04
    946190        5.23
    946200         5.5
    946210        5.63
    946220        5.12
    946230        4.11
    946240        5.77
    946250        5.03
    946260         4.6
    946270         4.9
    946280         4.8
    946290        6.47
    946300        4.72
    946310        5.96
    946320         4.4
    946330        4.82
    946340         4.5
    946350        5.63
    946360        3.66
    946370        6.37
    946380        5.04
    946390        5.21
    946400        3.99
    946410        5.11
    946420        5.69
    946430        5.73
    946440        5.95
    946450        4.17
    946460        6.19
    946470        4.13
    946480        4.51
    946490        5.32
    946500        5.61
    946510        4.54
    946520        5.83
    946530        4.71
    946540         4.1
    946550        4.79
    946560        5.59
    946570        5.05
    946580        4.64
    946590        4.37
    946600        5.76
    946610        5.05
    946620        5.64
    946630        4.07
    946640        4.84
    946650        5.27
    946660        5.06
    946670         5.6
    946680        4.74
    946690        5.91
    946700        6.94
    946710        5.29
    946720        5.26
    946730        5.94
    946740        5.11
    946750         6.3
    946760        4.13
    946770        5.84
    946780        5.15
    946790        3.98
    946800        3.51
    946810        5.09
    946820        4.79
    946830         6.1
    946840        6.47
    946850        5.29
    946860        5.53
    946870        4.37
    946880        5.63
    946890        5.57
    946900        5.57
    946910        4.66
    946920        3.77
    946930        5.65
    946940        5.42
    946950        4.66
    946960        5.95
    946970        5.72
    946980        5.39
    946990        4.52
    947000        5.47
    947010        5.59
    947020        6.01
    947030        5.41
    947040        5.95
    947050        4.35
    947060        4.45
    947070        4.42
    947080        4.81
    947090        5.86
    947100         6.3
    947110        4.71
    947120        4.79
    947130        5.51
    947140        5.47
    947150        4.75
    947160         4.6
    947170         5.6
    947180        4.07
    947190        5.37
    947200        5.34
    947210        6.02
    947220        3.57
    947230        6.16
    947240        5.35
    947250        4.92
    947260        5.73
    947270        4.92
    947280        5.84
    947290        5.88
    947300         5.5
    947310         5.2
    947320        5.77
    947330        5.06
    947340        5.83
    947350        5.57
    947360        4.37
    947370        4.71
    947380        4.92
    947390        6.24
    947400        3.71
    947410        5.15
    947420        5.06
    947430        5.45
    947440        5.38
    947450        5.71
    947460        5.62
    947470        5.04
    947480         5.2
    947490        5.33
    947500        6.03
    947510        6.48
    947520        5.81
    947530        5.24
    947540        6.01
    947550        3.51
    947560         4.8
    947570        4.86
    947580         4.5
    947590        5.94
    947600        4.88
    947610        6.28
    947620        5.91
    947630        4.48
    947640        5.68
    947650        5.95
    947660        6.85
    947670        4.83
    947680        5.61
    947690        4.66
    947700        5.05
    947710        5.72
    947720        4.68
    947730        4.82
    947740        5.71
    947750        4.74
    947760        5.11
    947770        5.86
    947780        5.53
    947790        4.85
    947800        5.14
    947810           5
    947820        4.73
    947830        4.34
    947840        5.15
    947850         4.6
    947860        5.25
    947870        4.44
    947880        5.24
    947890        6.08
    947900        5.25
    947910         4.7
    947920        5.88
    947930        5.35
    947940        4.47
    947950        4.82
    947960        3.84
    947970        5.74
    947980        5.37
    947990        4.65
    948000        4.64
    948010        5.34
    948020         4.3
    948030        4.82
    948040        4.85
    948050        5.59
    948060        4.95
    948070        5.64
    948080        4.24
    948090        3.69
    948100        4.43
    948110        4.93
    948120        5.26
    948130        5.71
    948140        4.96
    948150        5.52
    948160        4.64
    948170        5.47
    948180        3.63
    948190        4.48
    948200        4.53
    948210        3.64
    948220        4.37
    948230        5.33
    948240        4.41
    948250        4.24
    948260        5.04
    948270        4.27
    948280        4.87
    948290        3.98
    948300        5.39
    948310        4.64
    948320        4.81
    948330        3.29
    948340         5.3
    948350        4.86
    948360        5.28
    948370        4.91
    948380         4.2
    948390        4.77
    948400        4.59
    948410        4.83
    948420        5.22
    948430        4.86
    948440        4.04
    948450        4.39
    948460        4.62
    948470        4.11
    948480        4.21
    948490        4.65
    948500        3.96
    948510        4.88
    948520        3.55
    948530         5.5
    948540        5.56
    948550        4.37
    948560        6.64
    948570        3.92
    948580        5.84
    948590        4.23
    948600        5.48
    948610        5.84
    948620        4.66
    948630        4.39
    948640        4.52
    948650        5.85
    948660        4.82
    948670        5.49
    948680        4.89
    948690        5.45
    948700        4.69
    948710        3.83
    948720        5.24
    948730        4.99
    948740        4.47
    948750        4.34
    948760        4.75
    948770        6.23
    948780        4.34
    948790        4.73
    948800        4.71
    948810        3.41
    948820        4.44
    948830        4.53
    948840        5.46
    948850        4.23
    948860        5.18
    948870        5.12
    948880        6.29
    948890        5.39
    948900        4.71
    948910        4.76
    948920        3.99
    948930        4.36
    948940        4.81
    948950        4.51
    948960        4.41
    948970        5.15
    948980        3.56
    948990         4.2
    949000        3.11
    949010        5.41
    949020        3.86
    949030        4.43
    949040        4.03
    949050         4.1
    949060        4.81
    949070        5.23
    949080         5.1
    949090        4.63
    949100        4.89
    949110        5.34
    949120        5.03
    949130        4.18
    949140        5.28
    949150        6.01
    949160        4.85
    949170        3.63
    949180        4.06
    949190        5.11
    949200        4.69
    949210        5.11
    949220         5.6
    949230        4.52
    949240        5.62
    949250        4.12
    949260        5.04
    949270        4.83
    949280        5.22
    949290        5.57
    949300        4.32
    949310         5.8
    949320        4.36
    949330        5.16
    949340         5.8
    949350        4.84
    949360        4.43
    949370        5.08
    949380        5.45
    949390         4.7
    949400        5.18
    949410        5.52
    949420        3.66
    949430        3.82
    949440        5.72
    949450        6.41
    949460         4.6
    949470        5.21
    949480        4.82
    949490        4.68
    949500        5.19
    949510        5.59
    949520        4.81
    949530        4.83
    949540        6.06
    949550        5.09
    949560        5.06
    949570        4.46
    949580        5.06
    949590        4.79
    949600        5.31
    949610        4.86
    949620        5.07
    949630        5.78
    949640        5.68
    949650        4.72
    949660        5.64
    949670        6.12
    949680        5.06
    949690        5.82
    949700        4.45
    949710         5.2
    949720        4.83
    949730        5.63
    949740        4.09
    949750        4.88
    949760        4.78
    949770        4.99
    949780        5.46
    949790         4.8
    949800        5.63
    949810        5.26
    949820        5.14
    949830        4.35
    949840         4.4
    949850        6.14
    949860        4.34
    949870        5.97
    949880        6.01
    949890        5.73
    949900        4.86
    949910        5.15
    949920        3.82
    949930        5.53
    949940        5.14
    949950        4.87
    949960        6.82
    949970        5.85
    949980        5.15
    949990         4.4
    950000        4.73
    950010         4.8
    950020        5.13
    950030        4.32
    950040        4.54
    950050        6.19
    950060        3.75
    950070        4.15
    950080        4.18
    950090        5.48
    950100        5.49
    950110         3.6
    950120        4.39
    950130        2.72
    950140        5.12
    950150        3.91
    950160        3.97
    950170        3.91
    950180        4.31
    950190        5.12
    950200        4.69
    950210        3.89
    950220        4.55
    950230        5.07
    950240        4.28
    950250        4.75
    950260        5.21
    950270        4.84
    950280        5.13
    950290        4.37
    950300        5.34
    950310        5.16
    950320        4.06
    950330        2.75
    950340        5.06
    950350        4.19
    950360         4.5
    950370        5.45
    950380        4.26
    950390        5.21
    950400        5.09
    950410        5.06
    950420        3.91
    950430        4.97
    950440        4.83
    950450        4.01
    950460        4.22
    950470        5.29
    950480        5.47
    950490        4.74
    950500        3.85
    950510        5.75
    950520        4.97
    950530         4.5
    950540         4.8
    950550        4.01
    950560        5.47
    950570        4.88
    950580        4.21
    950590        3.61
    950600        5.05
    950610        4.24
    950620        5.13
    950630        4.56
    950640        5.07
    950650        4.57
    950660        4.96
    950670        5.11
    950680        6.25
    950690        4.58
    950700        5.64
    950710        5.35
    950720        5.59
    950730        3.79
    950740        4.31
    950750        4.63
    950760        5.11
    950770        4.48
    950780        4.58
    950790        4.14
    950800        5.59
    950810         4.7
    950820        4.22
    950830        3.48
    950840        5.09
    950850        4.57
    950860        4.64
    950870        5.53
    950880         4.6
    950890        4.57
    950900        5.34
    950910        4.66
    950920        4.65
    950930         6.4
    950940        5.54
    950950        4.83
    950960        4.65
    950970        5.57
    950980        5.46
    950990         5.8
    951000        4.17
    951010        4.07
    951020        4.35
    951030        4.76
    951040        4.75
    951050        4.92
    951060         5.2
    951070        5.72
    951080        4.43
    951090        5.08
    951100         4.6
    951110        3.86
    951120        5.13
    951130        5.06
    951140         5.3
    951150           5
    951160        5.26
    951170        5.28
    951180         5.7
    951190        5.08
    951200         4.7
    951210        6.42
    951220        5.87
    951230        4.91
    951240         4.4
    951250        5.44
    951260         4.1
    951270        4.58
    951280         4.9
    951290        4.12
    951300        4.83
    951310        3.96
    951320        5.21
    951330        5.56
    951340        4.77
    951350        4.93
    951360         3.7
    951370        4.79
    951380        4.37
    951390        4.81
    951400        5.23
    951410        4.35
    951420        4.69
    951430        6.05
    951440        5.45
    951450        4.57
    951460        3.94
    951470        5.11
    951480         4.5
    951490        4.38
    951500        4.64
    951510        6.16
    951520        3.43
    951530        4.49
    951540         5.8
    951550         4.8
    951560         4.1
    951570        4.55
    951580        5.21
    951590        3.67
    951600        4.82
    951610        4.61
    951620        4.68
    951630        4.81
    951640        5.54
    951650        4.07
    951660        4.94
    951670        4.04
    951680        5.05
    951690        5.82
    951700        4.87
    951710        4.59
    951720         5.6
    951730        4.39
    951740        5.58
    951750        5.88
    951760        5.08
    951770        5.61
    951780        3.86
    951790        4.87
    951800        6.29
    951810        5.43
    951820        5.05
    951830           5
    951840        6.47
    951850        4.51
    951860        4.81
    951870        4.31
    951880        5.71
    951890        4.57
    951900        6.42
    951910        5.12
    951920        4.06
    951930        3.76
    951940        5.76
    951950        4.98
    951960        4.75
    951970        4.31
    951980        5.25
    951990        5.58
    952000        4.66
    952010        5.57
    952020         4.7
    952030           6
    952040        4.44
    952050        5.04
    952060        5.35
    952070        3.48
    952080        5.73
    952090         4.8
    952100        4.66
    952110        5.32
    952120        5.64
    952130        5.05
    952140        5.87
    952150        4.95
    952160        6.04
    952170        5.53
    952180        4.41
    952190        5.46
    952200        4.37
    952210        4.27
    952220        6.05
    952230        4.26
    952240        4.48
    952250        4.96
    952260        5.28
    952270        5.46
    952280         4.9
    952290        5.41
    952300        5.41
    952310        4.71
    952320        4.39
    952330        4.66
    952340        4.72
    952350         4.9
    952360        4.84
    952370        4.31
    952380        4.47
    952390        5.96
    952400         5.5
    952410        4.96
    952420        5.59
    952430         4.9
    952440        5.28
    952450         4.5
    952460        5.21
    952470        5.04
    952480        4.86
    952490        5.24
    952500        5.13
    952510        4.37
    952520        4.67
    952530        4.98
    952540         4.9
    952550         4.5
    952560        4.41
    952570        3.58
    952580        5.29
    952590         5.5
    952600        5.45
    952610        4.83
    952620        5.67
    952630        6.44
    952640        6.96
    952650        4.62
    952660        4.02
    952670        4.88
    952680        5.03
    952690        5.21
    952700        5.53
    952710        5.15
    952720         5.4
    952730        5.11
    952740        6.11
    952750        5.55
    952760        5.25
    952770        5.78
    952780        4.94
    952790        4.53
    952800           5
    952810         5.5
    952820        4.22
    952830        5.03
    952840        5.71
    952850        5.86
    952860        5.41
    952870        5.55
    952880        5.66
    952890        4.58
    952900         7.4
    952910        5.89
    952920        3.04
    952930        4.81
    952940        4.65
    952950        6.13
    952960        5.34
    952970        5.79
    952980        4.15
    952990        4.85
    953000        4.41
    953010         3.3
    953020        6.85
    953030        5.28
    953040        4.18
    953050        5.32
    953060        4.74
    953070        4.92
    953080        5.91
    953090         4.1
    953100        4.73
    953110        4.58
    953120        5.46
    953130         4.1
    953140        5.54
    953150        5.03
    953160        4.23
    953170        4.49
    953180        4.74
    953190        4.33
    953200        4.54
    953210        4.46
    953220        4.73
    953230         3.9
    953240         4.3
    953250        5.33
    953260        4.16
    953270        5.73
    953280        5.55
    953290        4.85
    953300        4.51
    953310        5.95
    953320         3.9
    953330        4.91
    953340        4.73
    953350        4.78
    953360        5.67
    953370        4.23
    953380           5
    953390        4.42
    953400        5.09
    953410        4.78
    953420         4.7
    953430        4.63
    953440        4.84
    953450        5.39
    953460        5.07
    953470        4.77
    953480        4.27
    953490        4.85
    953500        3.63
    953510        6.01
    953520        5.46
    953530         4.2
    953540        4.59
    953550        4.77
    953560        5.12
    953570        5.19
    953580        4.56
    953590           5
    953600        6.52
    953610         4.4
    953620        6.72
    953630        4.74
    953640        5.29
    953650        5.62
    953660        5.15
    953670        4.84
    953680        4.06
    953690        5.39
    953700        5.07
    953710        5.79
    953720        4.19
    953730        5.74
    953740        5.29
    953750        6.41
    953760        4.54
    953770        4.75
    953780        4.69
    953790        5.22
    953800        5.46
    953810        4.33
    953820        5.55
    953830        4.81
    953840        5.37
    953850        5.08
    953860        4.46
    953870        5.27
    953880        4.76
    953890        3.48
    953900        5.03
    953910         4.6
    953920        4.58
    953930        4.22
    953940        4.79
    953950        5.16
    953960        4.68
    953970        4.87
    953980        4.55
    953990        4.49
    954000        4.74
    954010        4.89
    954020        4.36
    954030        4.95
    954040         5.8
    954050        5.04
    954060        4.06
    954070        4.38
    954080         4.7
    954090        4.42
    954100         4.3
    954110        4.73
    954120        5.29
    954130        5.35
    954140        4.48
    954150        5.18
    954160        5.07
    954170        4.14
    954180        5.59
    954190        5.64
    954200           4
    954210        4.58
    954220         4.7
    954230        6.53
    954240        4.13
    954250        4.64
    954260        4.61
    954270        4.19
    954280        5.88
    954290        5.19
    954300        5.14
    954310        4.97
    954320        5.27
    954330        5.61
    954340        5.86
    954350        5.04
    954360        5.66
    954370        4.52
    954380         5.2
    954390        5.09
    954400        4.56
    954410        6.01
    954420         4.7
    954430         3.4
    954440        4.71
    954450        4.42
    954460        5.16
    954470        4.59
    954480        5.64
    954490        5.29
    954500        5.22
    954510        4.33
    954520         5.8
    954530        6.05
    954540        4.94
    954550        6.09
    954560        4.21
    954570        5.33
    954580        6.47
    954590        4.86
    954600        5.42
    954610           5
    954620        5.14
    954630        5.15
    954640        4.05
    954650        4.99
    954660        5.41
    954670        3.51
    954680        4.83
    954690        5.59
    954700         4.8
    954710        6.12
    954720         5.3
    954730        4.75
    954740        5.36
    954750        5.93
    954760        4.46
    954770        4.08
    954780        5.32
    954790        4.85
    954800        5.94
    954810        5.52
    954820        5.94
    954830        4.37
    954840        4.45
    954850        5.59
    954860        7.04
    954870         5.4
    954880        4.26
    954890        5.04
    954900        6.21
    954910        4.95
    954920        5.85
    954930         5.8
    954940        3.93
    954950         5.5
    954960        4.87
    954970        4.33
    954980        5.12
    954990         4.6
    955000        5.72
    955010        4.94
    955020         5.1
    955030        4.47
    955040        5.23
    955050        4.81
    955060        4.83
    955070        4.67
    955080        5.94
    955090        5.64
    955100        4.35
    955110        4.09
    955120        4.92
    955130        3.61
    955140        4.85
    955150        6.13
    955160        4.54
    955170        5.02
    955180        6.16
    955190        7.48
    955200        5.13
    955210        5.21
    955220        5.71
    955230        4.89
    955240        4.86
    955250        4.64
    955260        4.57
    955270        4.07
    955280        5.53
    955290        3.72
    955300        5.02
    955310        4.09
    955320        5.03
    955330         3.7
    955340        5.21
    955350        5.13
    955360        4.26
    955370        5.01
    955380        4.43
    955390        5.36
    955400        4.87
    955410        4.89
    955420        5.77
    955430        5.87
    955440        4.99
    955450        5.11
    955460         5.9
    955470        4.96
    955480        5.04
    955490        4.75
    955500        4.89
    955510        4.78
    955520         5.3
    955530        5.86
    955540        5.73
    955550        3.23
    955560        4.38
    955570        5.87
    955580        4.58
    955590        5.35
    955600        7.29
    955610        4.81
    955620        5.28
    955630        4.47
    955640        5.44
    955650         5.1
    955660        4.75
    955670        5.52
    955680        3.83
    955690        4.34
    955700         5.2
    955710        5.32
    955720        5.67
    955730        4.37
    955740        4.99
    955750        4.26
    955760        5.08
    955770        5.46
    955780        4.12
    955790         4.6
    955800        5.56
    955810         4.7
    955820        6.57
    955830        5.59
    955840        5.76
    955850        5.31
    955860        4.26
    955870        4.74
    955880        4.69
    955890        5.15
    955900        4.92
    955910        4.99
    955920        4.94
    955930        4.65
    955940        5.66
    955950        5.23
    955960        6.21
    955970        5.06
    955980        5.91
    955990        5.43
    956000        4.82
    956010        4.83
    956020        6.78
    956030        4.86
    956040        5.18
    956050        5.71
    956060         3.8
    956070         5.3
    956080        5.62
    956090        5.11
    956100        4.67
    956110        4.45
    956120        5.64
    956130        6.14
    956140        5.23
    956150        5.64
    956160        5.13
    956170         6.5
    956180        4.75
    956190        6.28
    956200        5.76
    956210        5.25
    956220         4.8
    956230        4.39
    956240        4.99
    956250        5.53
    956260        5.55
    956270        4.97
    956280        5.09
    956290         6.3
    956300        5.09
    956310        5.47
    956320         5.7
    956330         5.4
    956340        4.08
    956350        5.31
    956360        4.38
    956370        5.41
    956380        4.21
    956390        6.25
    956400         4.7
    956410        6.99
    956420         7.1
    956430        5.08
    956440        4.73
    956450        5.03
    956460        4.45
    956470        5.41
    956480         5.7
    956490        4.76
    956500        3.58
    956510        5.96
    956520        6.13
    956530        4.92
    956540        5.31
    956550        4.78
    956560         5.9
    956570        4.68
    956580        4.82
    956590        6.52
    956600        5.37
    956610        4.36
    956620        5.77
    956630        5.09
    956640        4.37
    956650        5.42
    956660        6.25
    956670        6.25
    956680        4.72
    956690        4.82
    956700         5.4
    956710        4.97
    956720        4.41
    956730        5.36
    956740        4.47
    956750        5.14
    956760        5.03
    956770        5.41
    956780        4.99
    956790        5.33
    956800        5.36
    956810         4.6
    956820        4.51
    956830        5.02
    956840        4.88
    956850        4.26
    956860        4.36
    956870         6.1
    956880        4.41
    956890        4.52
    956900        4.53
    956910        3.87
    956920        4.08
    956930        4.24
    956940        5.36
    956950        4.43
    956960         5.9
    956970        4.65
    956980        3.87
    956990        4.81
    957000        3.37
    957010        5.87
    957020        4.66
    957030        4.85
    957040        4.93
    957050        4.91
    957060        5.92
    957070        4.49
    957080         5.2
    957090        5.94
    957100        5.97
    957110        5.41
    957120        5.18
    957130        4.54
    957140        3.62
    957150        6.09
    957160         4.4
    957170        5.28
    957180        5.21
    957190         5.2
    957200        5.73
    957210        4.91
    957220        5.25
    957230        5.33
    957240        4.72
    957250        4.57
    957260        5.16
    957270        4.46
    957280        4.64
    957290        5.12
    957300        6.16
    957310        5.02
    957320        3.92
    957330        6.17
    957340         4.5
    957350        4.77
    957360        5.97
    957370        5.16
    957380         4.3
    957390        4.71
    957400        5.92
    957410        4.58
    957420        5.56
    957430        5.47
    957440        4.53
    957450        3.36
    957460        4.64
    957470        4.89
    957480        5.64
    957490        4.68
    957500        5.58
    957510        5.66
    957520        4.85
    957530        5.79
    957540        5.22
    957550        5.28
    957560        4.73
    957570        6.15
    957580         4.8
    957590        3.64
    957600        4.91
    957610        4.97
    957620        5.67
    957630        4.77
    957640        5.01
    957650         4.5
    957660        5.54
    957670        4.64
    957680        5.17
    957690        5.25
    957700        5.11
    957710        4.85
    957720         4.1
    957730         6.4
    957740        4.29
    957750        6.69
    957760        6.64
    957770        6.12
    957780        4.31
    957790         5.5
    957800        4.46
    957810        5.41
    957820        5.65
    957830        4.99
    957840        5.55
    957850        4.21
    957860         4.7
    957870        6.32
    957880        5.22
    957890        5.04
    957900        4.28
    957910        4.88
    957920        5.98
    957930        4.42
    957940        4.86
    957950        5.35
    957960        4.82
    957970         4.5
    957980        4.07
    957990        6.79
    958000        4.77
    958010        5.19
    958020        5.04
    958030        5.41
    958040        5.91
    958050        4.38
    958060        7.03
    958070        5.35
    958080        5.48
    958090        5.26
    958100        4.04
    958110        5.81
    958120        5.47
    958130         6.2
    958140        5.41
    958150        4.11
    958160        4.96
    958170        5.77
    958180        4.86
    958190        5.26
    958200        5.69
    958210        5.55
    958220        5.76
    958230        4.87
    958240        5.65
    958250        5.31
    958260        4.73
    958270        6.54
    958280        4.37
    958290        5.17
    958300        5.29
    958310        4.91
    958320        5.44
    958330        4.61
    958340        4.84
    958350        5.53
    958360        4.71
    958370        6.78
    958380        4.65
    958390        5.59
    958400        5.93
    958410        4.81
    958420        5.61
    958430        5.13
    958440        4.65
    958450        4.08
    958460        4.85
    958470        6.03
    958480        4.44
    958490        4.02
    958500        4.78
    958510        4.48
    958520        4.27
    958530        5.82
    958540        4.15
    958550         5.8
    958560         4.7
    958570        4.59
    958580         4.4
    958590        4.19
    958600        6.24
    958610         4.6
    958620        5.24
    958630        4.31
    958640        4.65
    958650        5.52
    958660        4.36
    958670        5.17
    958680        4.54
    958690        5.19
    958700        5.06
    958710         4.7
    958720        5.01
    958730        5.51
    958740        5.77
    958750        6.03
    958760        6.35
    958770        4.19
    958780        4.89
    958790        6.04
    958800        4.18
    958810         4.2
    958820        5.88
    958830        5.15
    958840         4.9
    958850        4.97
    958860        2.98
    958870        3.91
    958880        5.73
    958890        5.05
    958900         4.8
    958910        4.21
    958920        4.57
    958930        3.96
    958940        6.95
    958950        5.48
    958960        4.39
    958970        4.88
    958980        4.52
    958990        5.05
    959000        6.01
    959010        4.68
    959020        4.63
    959030         3.9
    959040        3.62
    959050        5.62
    959060        3.86
    959070        4.56
    959080        4.11
    959090        5.27
    959100        6.23
    959110        4.78
    959120        5.04
    959130        4.24
    959140        6.38
    959150        5.51
    959160        5.64
    959170        6.92
    959180        5.21
    959190        4.28
    959200         6.2
    959210        5.23
    959220        5.47
    959230         4.9
    959240        6.67
    959250        4.09
    959260        5.64
    959270        5.42
    959280        5.39
    959290        5.48
    959300        5.31
    959310         5.5
    959320        4.45
    959330        5.89
    959340        5.02
    959350        4.92
    959360        3.62
    959370         6.1
    959380        5.29
    959390         4.7
    959400        6.23
    959410        4.53
    959420        5.39
    959430         4.8
    959440        3.92
    959450        6.26
    959460        4.86
    959470        5.49
    959480        5.12
    959490        6.05
    959500         6.3
    959510        5.41
    959520        4.45
    959530        5.33
    959540        4.74
    959550        5.43
    959560        4.79
    959570        4.24
    959580        6.31
    959590        4.34
    959600        5.68
    959610        5.85
    959620        5.59
    959630        4.07
    959640        4.93
    959650        4.49
    959660        7.58
    959670        4.41
    959680        4.36
    959690        5.73
    959700        4.46
    959710        4.87
    959720        4.84
    959730         5.6
    959740        5.42
    959750        5.23
    959760        5.21
    959770        4.22
    959780        5.45
    959790        4.31
    959800        4.29
    959810        4.71
    959820        5.29
    959830        5.47
    959840        5.27
    959850        5.73
    959860        6.29
    959870        4.47
    959880        5.56
    959890        4.88
    959900        7.09
    959910        4.63
    959920        3.77
    959930         4.4
    959940        4.89
    959950        4.83
    959960         6.3
    959970        5.48
    959980        4.48
    959990         5.6
    960000        5.07
    960010           5
    960020        5.22
    960030        4.85
    960040        4.94
    960050         4.5
    960060        5.25
    960070        5.58
    960080        4.33
    960090        4.44
    960100        6.92
    960110        5.81
    960120        4.49
    960130        3.95
    960140        6.04
    960150         4.6
    960160        5.03
    960170        5.75
    960180        4.59
    960190        4.54
    960200        4.94
    960210        4.31
    960220        4.79
    960230        4.68
    960240        4.19
    960250        5.11
    960260        5.35
    960270        4.29
    960280        3.93
    960290        4.86
    960300        4.36
    960310        3.77
    960320        4.78
    960330        5.44
    960340        5.25
    960350        5.63
    960360        5.14
    960370        5.06
    960380        4.38
    960390         4.7
    960400        6.59
    960410        5.51
    960420         6.9
    960430         5.7
    960440        6.27
    960450        6.81
    960460        4.59
    960470        5.71
    960480        5.31
    960490        5.78
    960500        5.11
    960510        4.91
    960520        4.53
    960530        5.29
    960540        5.22
    960550        3.49
    960560        3.81
    960570        5.68
    960580        4.98
    960590        4.79
    960600        4.84
    960610        5.23
    960620        5.29
    960630        4.73
    960640        4.67
    960650        4.41
    960660        5.88
    960670        4.91
    960680         4.3
    960690        4.52
    960700        3.94
    960710        4.47
    960720        4.89
    960730        4.55
    960740        6.12
    960750        4.21
    960760        5.88
    960770        6.09
    960780         4.4
    960790         4.5
    960800        5.41
    960810        5.59
    960820         3.7
    960830        5.22
    960840         3.8
    960850        5.04
    960860        6.01
    960870        4.49
    960880        4.63
    960890        6.62
    960900         4.5
    960910        4.34
    960920        4.49
    960930        3.94
    960940        6.56
    960950        4.59
    960960        4.81
    960970        5.08
    960980        5.48
    960990        4.29
    961000        4.74
    961010        5.64
    961020        4.88
    961030        4.61
    961040         4.1
    961050        4.47
    961060        5.52
    961070        4.59
    961080        5.37
    961090        5.05
    961100        4.89
    961110        5.33
    961120        4.56
    961130        4.64
    961140        4.54
    961150        4.09
    961160        4.78
    961170        4.19
    961180        5.35
    961190        5.77
    961200        5.15
    961210        5.09
    961220        6.23
    961230        5.37
    961240        4.88
    961250         3.8
    961260        5.46
    961270        5.32
    961280         4.5
    961290         5.8
    961300        4.54
    961310        4.66
    961320        3.79
    961330        4.25
    961340        4.78
    961350        4.28
    961360        3.97
    961370        5.63
    961380        4.62
    961390        5.64
    961400        5.21
    961410        4.36
    961420        5.05
    961430        4.51
    961440        4.85
    961450        5.87
    961460        5.22
    961470        4.35
    961480        5.11
    961490        4.99
    961500        4.45
    961510        5.45
    961520        5.78
    961530         4.7
    961540        5.43
    961550        4.77
    961560        5.22
    961570        4.69
    961580        4.41
    961590        5.25
    961600        4.73
    961610        4.33
    961620        5.06
    961630        4.46
    961640        4.17
    961650        6.05
    961660        4.23
    961670        4.57
    961680        5.16
    961690        5.37
    961700        4.51
    961710        4.34
    961720        4.65
    961730        5.29
    961740        6.02
    961750        4.81
    961760        4.87
    961770        5.49
    961780        5.78
    961790        5.35
    961800         4.1
    961810        5.43
    961820        4.43
    961830        5.68
    961840         5.6
    961850        5.06
    961860        4.46
    961870        5.35
    961880        4.08
    961890        5.18
    961900         5.1
    961910        5.26
    961920        4.37
    961930        6.68
    961940         3.6
    961950        4.93
    961960        4.39
    961970        4.82
    961980         4.5
    961990        4.88
    962000        4.37
    962010        4.36
    962020           6
    962030        4.98
    962040           4
    962050        4.47
    962060        4.95
    962070        4.72
    962080        5.09
    962090        4.19
    962100        5.71
    962110        4.85
    962120        4.46
    962130        4.41
    962140        4.33
    962150        4.47
    962160        5.35
    962170        4.79
    962180        5.91
    962190        4.88
    962200        4.86
    962210        6.42
    962220        3.15
    962230        5.21
    962240        4.49
    962250        5.39
    962260        5.06
    962270         5.1
    962280        4.48
    962290        4.88
    962300        5.34
    962310        4.72
    962320        4.36
    962330        3.81
    962340        4.46
    962350        4.37
    962360        4.05
    962370        4.78
    962380        3.29
    962390        4.21
    962400        5.09
    962410        4.71
    962420        5.66
    962430        4.74
    962440        4.86
    962450        5.02
    962460        5.14
    962470        5.96
    962480        4.51
    962490        6.39
    962500        5.95
    962510        6.33
    962520        4.21
    962530        4.89
    962540        4.93
    962550        4.11
    962560        5.05
    962570        5.56
    962580        5.76
    962590        5.39
    962600        5.22
    962610        5.08
    962620        5.46
    962630        4.11
    962640        5.83
    962650        5.79
    962660         4.8
    962670        5.62
    962680        4.61
    962690        5.56
    962700        4.29
    962710        5.69
    962720        4.24
    962730        5.57
    962740        5.79
    962750        4.67
    962760         4.8
    962770        5.45
    962780        4.47
    962790        4.27
    962800        4.33
    962810        3.62
    962820        5.04
    962830        4.85
    962840        4.89
    962850        4.72
    962860         4.8
    962870        4.67
    962880        4.53
    962890        5.62
    962900        5.27
    962910        4.77
    962920        4.18
    962930        3.85
    962940        4.63
    962950        3.76
    962960        4.29
    962970        4.77
    962980        5.25
    962990        4.47
    963000        5.22
    963010         4.6
    963020        4.99
    963030        3.14
    963040        4.05
    963050        5.37
    963060        5.67
    963070        4.72
    963080        4.38
    963090        5.43
    963100        3.99
    963110        4.58
    963120        5.25
    963130        5.58
    963140        4.25
    963150        5.32
    963160        4.89
    963170         5.3
    963180        4.24
    963190        4.21
    963200        5.94
    963210        4.97
    963220         5.2
    963230        5.29
    963240           4
    963250        6.35
    963260        4.36
    963270        4.93
    963280        4.63
    963290        5.36
    963300        4.17
    963310        4.65
    963320        4.66
    963330        5.74
    963340        4.16
    963350        5.87
    963360        5.76
    963370        4.21
    963380        5.67
    963390        5.33
    963400         4.7
    963410        4.92
    963420        3.83
    963430        5.85
    963440         4.1
    963450        4.45
    963460        4.37
    963470        5.42
    963480         5.3
    963490        4.88
    963500        5.18
    963510        5.07
    963520        5.15
    963530        3.89
    963540        4.81
    963550        4.78
    963560        3.79
    963570         5.6
    963580        4.15
    963590        5.19
    963600        5.62
    963610        4.44
    963620        5.18
    963630        5.32
    963640        6.01
    963650        5.12
    963660         5.7
    963670        4.66
    963680        5.63
    963690        5.02
    963700        4.48
    963710        5.55
    963720        5.49
    963730        4.68
    963740        4.02
    963750        4.13
    963760        5.45
    963770        4.96
    963780        4.83
    963790        4.43
    963800        5.98
    963810         5.5
    963820        4.26
    963830        4.44
    963840        5.18
    963850        4.84
    963860        5.09
    963870        4.76
    963880        4.68
    963890        7.61
    963900        5.24
    963910        4.01
    963920         3.7
    963930         5.1
    963940        4.57
    963950        5.09
    963960        4.41
    963970        5.83
    963980        4.92
    963990        4.94
    964000        6.25
    964010         6.1
    964020        4.71
    964030        4.35
    964040        4.45
    964050        4.77
    964060        4.45
    964070        5.07
    964080        3.62
    964090        5.72
    964100        6.11
    964110        4.99
    964120        6.45
    964130        4.42
    964140        3.94
    964150         5.3
    964160        5.13
    964170        4.56
    964180        3.86
    964190        3.69
    964200        3.19
    964210        4.28
    964220        5.97
    964230        4.63
    964240        5.01
    964250        5.37
    964260        4.86
    964270        5.01
    964280        4.82
    964290        7.63
    964300         5.9
    964310        4.83
    964320        5.22
    964330        5.36
    964340        4.44
    964350        4.95
    964360        6.27
    964370        5.13
    964380        3.75
    964390        4.87
    964400        4.93
    964410         3.9
    964420        5.17
    964430        6.79
    964440        5.48
    964450        5.27
    964460        5.34
    964470        5.48
    964480        4.58
    964490        5.33
    964500        6.25
    964510        5.09
    964520        5.38
    964530        5.41
    964540        5.19
    964550        4.71
    964560        7.63
    964570        4.81
    964580        5.68
    964590        6.21
    964600        4.63
    964610        4.04
    964620        4.96
    964630        5.27
    964640        4.81
    964650        5.66
    964660        4.63
    964670        3.83
    964680        5.89
    964690        6.62
    964700        4.95
    964710        6.17
    964720        4.74
    964730        4.53
    964740        5.23
    964750        4.96
    964760        4.66
    964770        5.27
    964780        4.43
    964790        5.06
    964800        5.54
    964810        4.31
    964820        5.01
    964830        4.86
    964840        5.41
    964850        5.09
    964860        4.59
    964870        5.56
    964880        6.57
    964890        4.08
    964900        5.19
    964910        4.35
    964920        4.83
    964930        4.86
    964940        4.92
    964950        6.31
    964960        5.31
    964970        5.32
    964980        5.15
    964990        5.71
    965000        4.11
    965010        4.99
    965020        5.44
    965030        4.93
    965040        4.58
    965050        5.65
    965060        6.35
    965070        4.87
    965080        4.32
    965090        4.41
    965100        4.54
    965110        3.84
    965120        4.05
    965130        4.21
    965140        4.98
    965150        5.13
    965160        5.74
    965170        4.98
    965180        4.64
    965190        4.65
    965200        5.43
    965210        3.94
    965220        5.37
    965230        4.86
    965240        6.89
    965250        4.65
    965260        5.02
    965270        5.98
    965280        4.57
    965290        4.66
    965300        5.47
    965310        4.04
    965320         4.1
    965330        3.83
    965340         6.9
    965350        4.34
    965360        5.06
    965370        5.13
    965380        7.38
    965390        5.75
    965400        5.54
    965410        5.52
    965420        5.23
    965430        4.24
    965440        5.07
    965450        4.48
    965460        4.41
    965470        4.63
    965480        4.53
    965490        3.81
    965500        4.87
    965510        4.92
    965520         4.4
    965530        4.08
    965540        4.73
    965550        4.63
    965560        5.01
    965570        4.45
    965580        4.65
    965590        6.06
    965600        5.35
    965610        3.49
    965620        4.57
    965630        4.09
    965640        4.51
    965650        3.58
    965660        4.19
    965670        5.67
    965680        5.25
    965690        3.94
    965700        4.41
    965710        5.14
    965720         4.7
    965730        6.19
    965740        3.99
    965750        4.73
    965760        3.96
    965770         5.3
    965780        4.23
    965790        4.97
    965800        4.44
    965810        4.68
    965820        4.97
    965830        4.48
    965840        5.95
    965850        4.88
    965860        5.17
    965870        3.68
    965880         6.1
    965890        3.86
    965900        4.56
    965910        3.82
    965920        3.64
    965930        4.27
    965940        4.09
    965950        5.23
    965960        5.44
    965970        4.05
    965980        4.19
    965990        4.74
    966000        6.72
    966010        4.29
    966020        3.48
    966030        4.67
    966040           4
    966050        4.09
    966060        4.52
    966070        4.46
    966080        4.65
    966090         5.1
    966100        4.04
    966110        5.07
    966120        5.22
    966130        5.39
    966140        5.13
    966150        5.27
    966160        4.02
    966170        3.85
    966180         4.2
    966190        3.23
    966200        3.97
    966210        4.69
    966220         5.5
    966230         4.1
    966240        5.14
    966250        4.05
    966260        4.55
    966270        4.08
    966280        5.46
    966290        4.55
    966300        5.07
    966310        4.78
    966320        4.31
    966330        3.58
    966340         4.8
    966350        4.25
    966360        4.23
    966370        4.13
    966380           5
    966390        4.25
    966400           5
    966410        4.71
    966420        5.75
    966430        5.74
    966440        5.57
    966450         5.3
    966460        5.58
    966470        2.57
    966480        4.13
    966490        5.01
    966500        3.72
    966510         5.2
    966520        3.57
    966530        5.01
    966540         5.5
    966550        3.18
    966560        4.86
    966570        6.11
    966580        3.73
    966590        5.59
    966600        5.48
    966610         4.9
    966620        4.38
    966630        4.99
    966640         5.1
    966650        5.19
    966660        5.14
    966670        6.07
    966680        4.84
    966690        4.52
    966700         5.5
    966710           5
    966720        5.37
    966730        5.54
    966740        4.31
    966750        4.94
    966760        4.42
    966770        5.71
    966780        5.83
    966790        5.67
    966800        6.27
    966810        5.17
    966820        4.92
    966830        5.82
    966840        4.78
    966850        4.76
    966860        5.16
    966870        5.33
    966880        5.36
    966890        5.44
    966900        5.98
    966910        4.85
    966920        4.64
    966930        4.49
    966940        4.82
    966950        4.97
    966960        4.55
    966970        5.21
    966980        4.38
    966990        4.91
    967000        5.92
    967010         4.5
    967020         5.2
    967030        5.15
    967040        4.43
    967050        5.85
    967060        6.02
    967070        5.63
    967080        4.97
    967090         5.3
    967100        4.19
    967110         5.7
    967120        4.67
    967130        5.01
    967140        5.55
    967150        4.62
    967160         5.6
    967170        4.96
    967180        5.21
    967190        4.92
    967200        6.37
    967210        5.14
    967220        4.19
    967230        5.98
    967240        3.97
    967250        4.72
    967260         5.1
    967270        6.01
    967280         6.1
    967290         4.9
    967300        5.58
    967310         5.7
    967320        5.47
    967330         5.7
    967340        5.01
    967350        4.88
    967360        4.41
    967370         5.6
    967380        5.27
    967390        5.74
    967400           5
    967410        4.46
    967420        4.89
    967430        5.54
    967440        4.19
    967450        5.24
    967460        4.46
    967470        5.27
    967480        5.22
    967490        5.66
    967500        4.83
    967510        3.98
    967520        5.55
    967530        5.23
    967540        5.38
    967550        3.99
    967560        5.97
    967570        4.87
    967580        5.94
    967590        5.48
    967600        4.39
    967610        4.99
    967620           6
    967630        4.47
    967640        5.89
    967650        5.26
    967660        4.74
    967670        5.58
    967680        6.82
    967690        5.28
    967700        5.12
    967710        4.63
    967720        6.09
    967730        4.98
    967740        4.05
    967750        4.43
    967760        4.75
    967770        4.69
    967780        6.18
    967790        4.72
    967800        5.35
    967810        5.84
    967820        5.41
    967830        5.66
    967840        5.35
    967850        4.47
    967860        3.95
    967870        5.74
    967880        4.54
    967890        4.57
    967900        5.19
    967910        4.18
    967920        4.93
    967930         4.7
    967940         6.1
    967950         4.9
    967960        5.89
    967970        5.85
    967980         4.7
    967990        5.38
    968000        4.82
    968010        5.52
    968020        4.93
    968030        5.71
    968040        5.81
    968050        5.21
    968060        4.77
    968070        5.43
    968080        5.39
    968090         6.2
    968100        6.12
    968110        4.86
    968120        4.98
    968130        5.84
    968140        5.08
    968150        6.58
    968160        5.79
    968170        5.26
    968180        5.55
    968190        4.78
    968200        4.62
    968210        5.45
    968220        4.95
    968230        4.51
    968240        5.28
    968250        4.69
    968260        4.98
    968270        5.61
    968280         4.2
    968290        6.57
    968300        4.65
    968310        4.72
    968320        4.55
    968330        4.88
    968340         5.2
    968350        5.24
    968360        4.69
    968370        4.56
    968380        4.78
    968390        4.72
    968400        4.64
    968410        5.54
    968420        3.79
    968430        4.23
    968440        3.75
    968450        5.64
    968460        5.67
    968470        5.12
    968480        5.03
    968490        4.19
    968500        4.16
    968510        4.82
    968520        3.69
    968530         5.6
    968540         5.4
    968550        5.94
    968560        5.04
    968570        4.17
    968580        4.53
    968590        4.87
    968600        5.45
    968610        7.04
    968620        5.05
    968630        5.24
    968640        5.12
    968650        5.73
    968660        4.29
    968670        5.03
    968680        5.89
    968690        5.51
    968700        4.56
    968710        5.31
    968720        5.45
    968730        5.82
    968740        5.78
    968750         6.2
    968760        4.82
    968770           5
    968780        3.61
    968790        4.41
    968800        6.09
    968810        4.64
    968820         4.5
    968830         5.5
    968840        4.98
    968850        5.04
    968860        5.56
    968870        6.11
    968880        5.48
    968890        4.56
    968900        5.31
    968910        5.84
    968920        3.93
    968930        4.33
    968940        6.63
    968950        3.85
    968960        6.29
    968970        5.69
    968980        4.21
    968990        3.57
    969000        5.28
    969010        4.33
    969020        4.24
    969030        4.72
    969040        4.79
    969050        5.29
    969060        4.43
    969070        4.17
    969080        4.79
    969090         3.9
    969100        4.68
    969110         3.4
    969120        5.65
    969130        4.04
    969140        5.78
    969150        4.17
    969160        5.33
    969170        5.62
    969180        4.76
    969190        5.09
    969200         6.1
    969210        4.53
    969220        3.92
    969230        6.61
    969240        4.32
    969250        5.26
    969260        4.21
    969270        5.27
    969280        4.08
    969290        5.47
    969300        5.04
    969310        4.92
    969320        5.77
    969330        4.98
    969340         6.1
    969350        5.82
    969360        4.53
    969370        5.06
    969380        6.31
    969390        5.07
    969400        6.08
    969410        4.97
    969420        5.82
    969430        5.58
    969440        4.32
    969450        5.02
    969460        4.91
    969470        4.99
    969480        4.51
    969490        4.72
    969500        5.26
    969510        5.27
    969520        6.68
    969530        5.36
    969540        3.98
    969550         4.8
    969560        5.72
    969570        5.51
    969580        6.28
    969590           5
    969600        4.23
    969610        4.39
    969620        4.65
    969630        4.96
    969640        6.02
    969650        4.31
    969660        4.24
    969670         4.6
    969680        5.12
    969690         5.4
    969700        6.57
    969710        4.71
    969720        5.33
    969730        4.47
    969740        4.77
    969750        5.13
    969760        3.66
    969770        4.69
    969780        5.88
    969790         4.9
    969800        4.85
    969810        4.77
    969820        4.64
    969830        3.96
    969840        4.83
    969850        4.82
    969860        6.05
    969870        4.31
    969880        4.38
    969890        4.51
    969900        5.09
    969910        5.43
    969920        5.21
    969930         4.8
    969940         6.2
    969950        5.74
    969960        5.66
    969970        4.23
    969980        4.31
    969990        5.61
    970000        4.88
    970010        5.04
    970020         5.4
    970030        4.66
    970040         6.4
    970050        5.29
    970060        5.09
    970070        5.21
    970080        5.32
    970090        4.34
    970100        5.16
    970110        6.51
    970120        3.84
    970130        4.97
    970140        6.14
    970150         4.1
    970160        4.94
    970170        4.19
    970180         4.6
    970190        5.37
    970200         5.2
    970210        4.82
    970220        4.45
    970230        5.32
    970240        4.99
    970250        4.36
    970260        5.55
    970270        5.85
    970280        5.06
    970290        4.28
    970300        4.57
    970310        4.89
    970320        4.64
    970330        4.33
    970340        5.48
    970350        5.41
    970360        5.31
    970370        5.41
    970380        5.14
    970390        4.87
    970400        5.52
    970410        5.37
    970420        4.97
    970430        4.79
    970440         4.2
    970450        4.55
    970460        5.11
    970470        6.18
    970480        6.14
    970490        5.48
    970500        5.78
    970510         3.8
    970520        5.77
    970530        6.43
    970540        5.42
    970550        5.12
    970560        5.81
    970570        4.53
    970580        5.15
    970590        4.42
    970600        4.62
    970610        5.16
    970620        3.49
    970630        4.16
    970640        6.02
    970650        5.89
    970660        5.53
    970670        5.29
    970680        4.67
    970690        3.93
    970700        4.42
    970710        6.56
    970720         6.1
    970730        5.03
    970740        4.65
    970750        5.41
    970760         5.8
    970770        5.19
    970780        4.69
    970790        6.16
    970800        4.34
    970810        6.45
    970820         6.3
    970830         5.1
    970840        6.36
    970850        4.55
    970860        5.63
    970870        4.61
    970880        5.56
    970890        5.43
    970900        5.96
    970910        4.44
    970920        4.47
    970930        4.37
    970940        4.27
    970950        5.36
    970960        3.73
    970970        5.59
    970980        4.11
    970990        3.87
    971000        3.47
    971010        6.36
    971020        4.47
    971030        4.16
    971040        4.52
    971050        7.13
    971060        5.33
    971070           5
    971080        4.89
    971090        6.61
    971100        4.75
    971110        4.75
    971120        4.74
    971130         5.2
    971140        6.03
    971150        5.15
    971160        4.57
    971170        4.27
    971180        4.54
    971190        5.35
    971200        4.86
    971210        4.68
    971220        4.55
    971230        4.72
    971240        4.65
    971250        5.21
    971260        5.28
    971270        5.87
    971280        5.12
    971290        5.81
    971300        6.68
    971310        4.57
    971320         3.9
    971330         4.3
    971340        5.98
    971350        5.76
    971360        4.69
    971370        5.53
    971380         4.8
    971390        5.35
    971400        6.17
    971410        4.45
    971420        4.86
    971430        5.32
    971440        4.19
    971450        5.36
    971460        4.24
    971470        6.14
    971480        5.41
    971490        3.77
    971500        5.38
    971510        4.96
    971520        5.53
    971530        4.56
    971540        4.61
    971550        5.72
    971560        5.81
    971570        5.35
    971580        5.12
    971590        5.51
    971600        5.07
    971610        5.61
    971620        5.52
    971630         5.1
    971640        5.09
    971650        4.44
    971660        5.51
    971670        4.57
    971680        5.06
    971690        3.82
    971700        5.13
    971710         5.6
    971720        5.03
    971730        5.24
    971740         4.9
    971750        3.84
    971760        4.44
    971770        5.41
    971780        4.99
    971790        4.31
    971800        5.18
    971810        5.65
    971820        6.06
    971830        6.34
    971840         6.6
    971850        3.61
    971860           5
    971870        4.74
    971880        5.71
    971890        4.89
    971900         5.4
    971910        5.74
    971920        4.94
    971930         4.6
    971940        5.48
    971950        3.82
    971960        4.13
    971970        4.02
    971980        6.11
    971990        4.18
    972000        4.26
    972010        4.87
    972020        5.18
    972030        5.77
    972040         4.4
    972050        5.91
    972060        5.68
    972070        6.15
    972080        5.93
    972090        5.23
    972100        5.68
    972110        5.43
    972120        4.76
    972130        5.72
    972140        4.94
    972150        4.85
    972160        4.83
    972170        4.59
    972180        4.64
    972190        5.43
    972200        4.27
    972210        4.53
    972220        5.29
    972230        4.85
    972240        5.92
    972250         5.7
    972260        5.18
    972270         4.7
    972280        5.27
    972290        4.69
    972300        4.96
    972310        5.26
    972320        4.24
    972330        4.29
    972340        4.86
    972350         6.1
    972360        5.25
    972370        4.52
    972380        4.69
    972390        5.54
    972400        4.29
    972410         3.8
    972420        4.29
    972430        5.51
    972440        4.07
    972450        3.62
    972460        4.83
    972470        5.29
    972480        4.95
    972490        4.24
    972500        5.36
    972510        4.52
    972520        5.86
    972530         6.2
    972540        5.41
    972550        4.34
    972560        3.53
    972570        5.01
    972580        6.06
    972590        6.31
    972600        4.84
    972610        4.57
    972620        5.03
    972630        5.93
    972640         6.3
    972650        3.81
    972660        5.87
    972670        5.46
    972680        5.01
    972690        4.88
    972700        4.58
    972710         4.9
    972720        3.51
    972730        3.81
    972740        4.75
    972750        3.72
    972760        5.42
    972770        4.85
    972780        5.09
    972790        5.47
    972800        4.76
    972810        3.31
    972820        5.12
    972830        5.66
    972840        5.01
    972850         5.1
    972860        4.32
    972870        4.34
    972880        5.13
    972890        4.65
    972900        5.35
    972910        6.16
    972920         4.7
    972930        5.43
    972940        4.89
    972950        3.22
    972960        4.61
    972970        5.24
    972980        5.35
    972990        3.83
    973000        5.14
    973010        5.02
    973020        5.45
    973030        5.19
    973040        3.35
    973050        5.28
    973060        5.38
    973070        6.13
    973080        4.91
    973090        5.52
    973100        5.93
    973110        5.33
    973120        5.76
    973130        5.08
    973140        4.07
    973150        4.65
    973160        4.53
    973170        3.64
    973180        4.24
    973190        5.13
    973200         4.6
    973210        5.24
    973220        4.93
    973230        4.07
    973240        4.61
    973250        4.44
    973260        3.84
    973270        5.63
    973280         6.2
    973290        4.73
    973300         4.6
    973310        4.35
    973320        4.39
    973330        4.88
    973340        4.15
    973350         4.9
    973360        4.44
    973370        5.17
    973380        4.79
    973390        5.41
    973400        5.72
    973410        4.78
    973420        5.59
    973430        4.82
    973440        5.52
    973450        5.58
    973460        5.26
    973470         4.9
    973480        4.61
    973490        6.12
    973500        5.46
    973510        5.21
    973520        4.94
    973530        5.44
    973540        4.91
    973550        6.11
    973560         5.9
    973570        5.37
    973580        5.33
    973590        5.42
    973600        5.16
    973610        5.69
    973620         5.9
    973630        5.91
    973640        6.25
    973650        4.54
    973660        5.82
    973670        6.65
    973680         4.5
    973690        4.99
    973700        4.59
    973710        5.04
    973720        4.69
    973730        6.23
    973740        4.71
    973750        4.03
    973760         4.9
    973770        4.51
    973780        3.69
    973790        5.02
    973800        4.67
    973810        5.35
    973820        5.13
    973830        5.59
    973840        4.64
    973850        5.71
    973860        5.36
    973870        3.38
    973880        5.56
    973890        5.08
    973900        4.94
    973910        4.88
    973920        5.33
    973930        4.42
    973940        5.12
    973950        4.49
    973960        4.11
    973970        5.71
    973980        4.55
    973990        5.25
    974000        6.07
    974010           5
    974020         5.1
    974030        6.31
    974040        4.68
    974050        3.87
    974060        5.12
    974070        4.35
    974080        5.59
    974090         5.4
    974100        4.76
    974110        5.37
    974120        5.46
    974130        4.24
    974140        3.56
    974150        5.19
    974160        5.94
    974170        4.63
    974180        5.49
    974190        4.54
    974200        4.83
    974210        4.26
    974220        3.33
    974230        5.35
    974240        5.55
    974250        4.16
    974260        4.19
    974270        4.71
    974280        4.44
    974290        4.86
    974300        4.05
    974310        2.96
    974320        6.88
    974330        4.28
    974340        4.62
    974350        5.31
    974360        4.93
    974370        4.62
    974380        4.04
    974390        4.53
    974400        3.33
    974410        5.31
    974420        5.06
    974430        5.03
    974440           6
    974450        5.01
    974460        5.28
    974470        4.84
    974480        5.71
    974490        4.91
    974500        4.08
    974510        6.29
    974520        5.02
    974530        6.65
    974540        5.13
    974550        6.81
    974560        5.51
    974570        5.27
    974580        5.89
    974590        4.68
    974600        5.65
    974610        5.54
    974620        5.46
    974630        5.41
    974640        4.29
    974650        4.93
    974660        6.03
    974670        5.26
    974680        5.43
    974690        4.59
    974700        5.35
    974710        4.92
    974720        6.01
    974730        3.86
    974740        7.08
    974750        4.83
    974760        3.93
    974770        4.95
    974780        4.05
    974790        5.99
    974800        4.46
    974810        5.67
    974820        5.92
    974830        4.23
    974840        5.26
    974850        5.31
    974860        4.95
    974870        5.15
    974880        5.16
    974890        5.03
    974900        4.88
    974910        5.18
    974920        5.09
    974930        4.44
    974940        6.06
    974950        6.26
    974960        4.19
    974970         5.5
    974980        4.68
    974990        5.81
    975000        4.61
    975010        4.76
    975020        5.88
    975030        4.94
    975040        5.37
    975050        5.59
    975060        4.12
    975070        3.76
    975080        5.49
    975090        4.62
    975100        4.44
    975110        6.37
    975120        5.25
    975130        4.97
    975140        5.53
    975150         4.6
    975160         5.1
    975170        4.94
    975180         3.9
    975190        5.73
    975200        4.42
    975210        3.06
    975220        5.31
    975230        4.52
    975240        5.13
    975250        5.68
    975260        6.43
    975270        6.64
    975280        5.37
    975290           4
    975300        5.35
    975310        4.78
    975320        4.77
    975330        4.99
    975340        3.67
    975350        5.54
    975360        5.46
    975370        5.61
    975380        4.67
    975390         4.5
    975400        4.47
    975410        5.72
    975420        5.34
    975430        5.03
    975440           5
    975450        4.12
    975460         4.7
    975470        5.86
    975480        4.82
    975490        4.78
    975500        4.25
    975510        4.51
    975520        4.48
    975530        5.45
    975540        4.31
    975550        5.31
    975560        5.27
    975570        5.28
    975580        4.11
    975590        5.23
    975600        5.57
    975610        5.03
    975620        4.47
    975630        5.27
    975640        5.47
    975650        4.56
    975660        5.25
    975670        5.75
    975680        4.65
    975690        4.04
    975700        4.09
    975710        5.67
    975720        5.96
    975730        4.98
    975740        5.18
    975750        5.48
    975760        3.93
    975770        4.13
    975780        5.75
    975790        5.48
    975800        5.88
    975810        4.16
    975820        4.73
    975830        4.93
    975840        5.55
    975850        5.36
    975860        5.29
    975870        5.45
    975880        5.52
    975890        5.78
    975900        4.49
    975910        5.94
    975920         4.5
    975930         4.9
    975940        5.51
    975950        5.42
    975960        5.23
    975970        4.84
    975980        4.39
    975990        4.03
    976000        4.72
    976010        5.74
    976020        4.53
    976030        4.75
    976040        4.86
    976050        5.29
    976060        4.19
    976070        4.49
    976080        5.13
    976090         5.1
    976100        4.85
    976110        4.92
    976120        5.48
    976130        5.13
    976140        5.95
    976150        6.04
    976160        5.68
    976170        4.04
    976180        6.09
    976190        4.74
    976200        5.72
    976210        4.57
    976220         4.3
    976230        3.79
    976240        4.98
    976250        3.69
    976260        5.47
    976270        4.99
    976280        4.26
    976290        4.68
    976300        4.54
    976310        3.67
    976320        3.39
    976330        4.66
    976340        5.59
    976350        4.13
    976360        4.33
    976370        4.37
    976380         5.3
    976390         5.1
    976400        4.48
    976410        4.54
    976420        4.92
    976430        5.74
    976440        5.54
    976450        4.31
    976460        5.28
    976470        4.29
    976480        5.49
    976490        4.22
    976500        5.74
    976510        3.91
    976520        4.51
    976530        5.24
    976540         4.8
    976550        3.71
    976560         4.5
    976570        3.75
    976580        4.38
    976590        4.83
    976600        4.01
    976610        4.39
    976620         4.2
    976630        5.06
    976640        5.64
    976650        3.94
    976660        4.87
    976670        4.42
    976680        4.11
    976690        4.55
    976700        4.99
    976710        4.74
    976720        4.39
    976730        3.64
    976740        4.57
    976750        3.97
    976760        5.26
    976770         5.1
    976780        5.34
    976790        5.19
    976800        5.03
    976810        4.77
    976820        5.47
    976830        4.57
    976840        4.72
    976850         4.7
    976860        4.12
    976870        5.35
    976880        5.22
    976890        5.13
    976900        5.84
    976910        4.88
    976920        5.01
    976930        5.24
    976940        3.86
    976950        6.53
    976960        4.56
    976970        5.73
    976980        4.63
    976990        5.29
    977000        4.21
    977010        5.26
    977020        4.46
    977030        4.79
    977040        4.86
    977050        5.55
    977060        4.19
    977070        5.22
    977080        5.09
    977090        5.41
    977100        5.08
    977110        4.67
    977120        4.97
    977130        5.21
    977140        4.43
    977150        5.22
    977160         5.7
    977170        3.81
    977180         2.9
    977190        4.89
    977200        5.72
    977210        4.59
    977220         4.9
    977230        5.38
    977240        4.07
    977250        5.35
    977260        5.25
    977270        5.98
    977280        4.06
    977290        4.01
    977300        5.35
    977310        4.73
    977320        4.88
    977330        4.94
    977340         5.7
    977350        5.79
    977360           5
    977370        4.47
    977380        4.74
    977390        5.09
    977400        4.39
    977410        4.82
    977420        4.99
    977430        4.85
    977440        5.51
    977450        6.35
    977460         4.6
    977470        4.64
    977480         4.5
    977490        4.91
    977500        4.44
    977510         5.2
    977520        5.12
    977530        4.78
    977540        5.98
    977550        5.74
    977560        4.87
    977570        4.97
    977580        4.46
    977590        5.14
    977600        4.57
    977610        4.22
    977620        4.92
    977630        4.18
    977640        4.09
    977650        3.66
    977660        5.87
    977670         3.9
    977680        4.62
    977690        4.23
    977700        3.61
    977710        6.54
    977720        4.14
    977730        4.46
    977740        5.86
    977750        5.14
    977760        5.08
    977770        5.27
    977780        5.87
    977790        5.77
    977800         4.9
    977810        5.45
    977820        4.76
    977830        5.13
    977840         5.8
    977850        6.76
    977860           4
    977870        5.03
    977880        5.33
    977890        4.46
    977900        4.04
    977910        4.83
    977920        4.86
    977930        5.25
    977940        4.71
    977950        5.65
    977960        4.47
    977970        6.57
    977980        5.03
    977990        5.08
    978000        5.91
    978010        5.98
    978020        4.15
    978030        5.25
    978040         4.5
    978050        5.81
    978060           6
    978070        5.67
    978080        4.85
    978090        4.12
    978100        5.12
    978110        4.69
    978120        5.93
    978130        4.19
    978140        5.83
    978150        4.22
    978160         4.9
    978170        6.44
    978180        4.44
    978190         5.1
    978200        5.31
    978210        5.52
    978220        5.15
    978230         4.4
    978240        5.71
    978250        5.09
    978260        4.59
    978270        5.33
    978280        5.84
    978290        6.03
    978300        5.25
    978310         5.3
    978320        3.82
    978330        4.92
    978340        5.32
    978350        4.57
    978360        4.35
    978370        3.81
    978380        5.31
    978390        5.87
    978400        3.94
    978410        5.25
    978420        4.66
    978430        4.99
    978440        4.41
    978450        4.47
    978460        5.28
    978470        4.28
    978480         4.6
    978490        3.87
    978500         5.4
    978510        5.43
    978520        6.03
    978530        3.99
    978540        4.43
    978550        4.93
    978560         4.7
    978570        4.93
    978580         4.6
    978590        4.72
    978600        4.14
    978610        5.65
    978620        5.36
    978630        4.84
    978640        4.88
    978650        4.78
    978660        5.06
    978670        5.76
    978680        4.44
    978690        4.71
    978700        5.66
    978710        6.13
    978720        4.87
    978730        5.05
    978740        4.32
    978750         5.4
    978760        4.91
    978770        4.95
    978780        3.95
    978790        4.87
    978800        5.59
    978810        4.41
    978820        3.68
    978830        5.78
    978840        4.54
    978850        5.36
    978860        5.21
    978870        5.13
    978880        3.93
    978890        4.49
    978900        3.77
    978910        5.27
    978920         6.9
    978930        5.24
    978940        4.52
    978950        4.18
    978960        4.28
    978970        5.73
    978980        5.46
    978990        5.04
    979000        3.75
    979010        4.52
    979020        5.64
    979030        4.57
    979040        6.23
    979050        4.57
    979060        5.03
    979070        5.08
    979080        6.03
    979090        4.75
    979100        4.27
    979110        4.57
    979120        5.88
    979130        3.97
    979140        5.17
    979150        5.51
    979160        4.61
    979170         4.7
    979180        4.98
    979190         5.1
    979200        4.99
    979210        5.44
    979220        4.09
    979230        5.56
    979240         4.6
    979250        3.94
    979260        5.76
    979270        5.79
    979280        5.86
    979290        2.59
    979300           5
    979310        3.57
    979320         5.5
    979330         4.6
    979340        4.38
    979350        3.82
    979360         4.7
    979370        4.57
    979380        4.43
    979390        6.32
    979400        5.66
    979410        5.19
    979420         5.4
    979430        4.11
    979440        5.05
    979450         4.9
    979460        5.09
    979470         4.8
    979480        5.18
    979490        3.94
    979500        4.21
    979510        4.39
    979520        3.93
    979530        4.32
    979540        4.96
    979550        4.44
    979560        3.36
    979570        5.34
    979580        5.08
    979590        6.14
    979600        4.56
    979610        4.29
    979620        5.34
    979630        5.69
    979640         4.6
    979650        5.13
    979660        5.05
    979670        4.73
    979680        4.38
    979690        5.41
    979700        5.39
    979710        2.52
    979720        4.16
    979730        6.22
    979740        5.56
    979750        5.69
    979760        4.44
    979770        5.47
    979780        4.37
    979790        4.65
    979800        5.15
    979810        4.73
    979820        4.68
    979830        5.77
    979840        5.64
    979850        5.85
    979860        4.57
    979870        5.18
    979880        4.32
    979890         5.9
    979900        5.48
    979910        3.93
    979920        5.12
    979930        5.09
    979940        5.19
    979950        4.41
    979960        3.95
    979970        3.01
    979980        5.23
    979990        5.07
    980000        4.01
    980010        4.41
    980020        5.57
    980030        5.43
    980040        4.29
    980050        4.09
    980060         4.5
    980070        4.53
    980080        4.13
    980090        5.16
    980100        4.68
    980110        5.13
    980120        4.42
    980130        4.89
    980140        6.35
    980150        4.03
    980160        4.57
    980170        5.35
    980180        6.36
    980190        5.34
    980200        5.65
    980210        4.31
    980220        5.86
    980230        5.25
    980240        4.63
    980250        4.71
    980260        6.17
    980270        4.96
    980280        3.92
    980290        5.88
    980300         6.3
    980310        3.56
    980320        5.89
    980330        5.33
    980340        3.48
    980350        4.79
    980360        4.83
    980370        5.04
    980380        2.89
    980390        4.26
    980400        3.89
    980410        4.64
    980420        4.96
    980430        4.95
    980440        4.97
    980450         5.5
    980460        4.79
    980470           4
    980480        5.41
    980490        5.71
    980500        3.75
    980510        4.79
    980520        4.71
    980530        4.88
    980540        3.75
    980550        5.79
    980560        4.78
    980570        4.21
    980580        4.79
    980590         4.7
    980600        5.06
    980610        5.06
    980620        5.46
    980630         4.7
    980640         4.1
    980650         4.4
    980660        5.15
    980670         4.6
    980680        5.07
    980690        4.21
    980700        5.22
    980710         4.6
    980720        5.24
    980730        5.58
    980740        5.64
    980750        4.82
    980760        4.97
    980770        5.37
    980780        3.66
    980790        4.11
    980800        4.35
    980810        3.97
    980820        5.38
    980830        4.21
    980840        4.57
    980850        4.13
    980860        4.67
    980870        6.89
    980880        5.12
    980890        5.37
    980900         4.7
    980910        4.98
    980920        4.04
    980930        4.82
    980940        3.91
    980950        4.51
    980960        5.31
    980970         5.1
    980980        5.83
    980990        5.05
    981000        4.91
    981010        5.69
    981020         5.2
    981030        4.26
    981040        4.61
    981050        4.54
    981060        5.69
    981070        4.87
    981080         4.3
    981090        4.72
    981100        5.88
    981110        4.48
    981120        4.75
    981130        5.15
    981140        4.55
    981150        5.89
    981160        4.58
    981170           5
    981180        5.22
    981190        4.97
    981200        5.35
    981210        5.05
    981220        4.18
    981230        4.87
    981240        4.77
    981250        6.03
    981260        5.13
    981270        4.18
    981280         4.9
    981290        4.94
    981300        4.58
    981310        5.81
    981320        5.44
    981330        4.95
    981340           6
    981350        4.26
    981360        4.35
    981370        5.06
    981380         5.4
    981390        6.19
    981400        5.59
    981410        5.33
    981420        4.59
    981430        6.32
    981440        6.13
    981450        5.18
    981460        5.15
    981470        4.93
    981480        4.95
    981490        4.72
    981500         5.4
    981510        5.32
    981520        5.14
    981530        4.46
    981540        3.63
    981550        4.54
    981560        5.29
    981570        5.22
    981580        4.08
    981590        6.24
    981600        3.39
    981610        5.69
    981620        5.16
    981630        4.97
    981640           5
    981650        5.28
    981660        4.36
    981670        5.96
    981680        6.54
    981690        5.35
    981700        4.31
    981710        5.32
    981720        5.46
    981730        4.66
    981740        4.59
    981750        5.33
    981760        6.41
    981770        4.65
    981780        4.52
    981790        5.66
    981800        5.24
    981810        6.23
    981820        4.37
    981830        4.43
    981840        5.43
    981850         3.5
    981860        3.63
    981870        5.54
    981880        5.21
    981890         5.3
    981900        4.48
    981910        4.69
    981920        4.67
    981930        4.51
    981940        4.97
    981950        5.29
    981960        5.37
    981970         5.2
    981980        5.83
    981990        4.51
    982000        4.95
    982010        5.31
    982020        4.88
    982030        4.65
    982040        4.61
    982050        6.27
    982060        4.73
    982070        4.68
    982080        4.13
    982090        4.82
    982100        6.14
    982110        4.13
    982120        4.93
    982130        5.28
    982140        4.37
    982150        5.07
    982160        3.95
    982170        3.67
    982180        5.28
    982190        4.17
    982200        4.16
    982210        4.56
    982220        4.35
    982230        4.33
    982240        6.23
    982250         4.9
    982260        4.08
    982270        3.83
    982280        5.37
    982290        3.91
    982300        4.91
    982310         5.1
    982320        4.41
    982330        4.43
    982340        4.66
    982350        3.68
    982360        5.07
    982370        5.08
    982380        4.39
    982390        3.38
    982400        4.51
    982410        5.86
    982420        5.96
    982430        4.68
    982440        5.05
    982450        4.63
    982460        4.67
    982470        5.29
    982480        5.14
    982490        4.08
    982500        4.34
    982510        5.63
    982520        3.83
    982530        6.72
    982540        4.56
    982550         4.6
    982560         5.2
    982570        5.19
    982580         4.1
    982590        4.49
    982600        5.64
    982610        4.12
    982620        3.87
    982630         6.1
    982640        4.78
    982650        4.04
    982660        4.81
    982670        4.01
    982680        5.54
    982690        4.54
    982700        5.91
    982710        4.86
    982720        5.61
    982730         5.2
    982740        5.04
    982750        5.84
    982760        5.11
    982770        4.24
    982780        5.06
    982790         4.3
    982800        3.95
    982810        4.51
    982820        5.57
    982830        4.09
    982840        4.79
    982850        6.22
    982860         4.3
    982870        4.59
    982880        5.17
    982890        5.21
    982900        6.13
    982910        5.05
    982920        5.75
    982930        4.99
    982940        3.95
    982950        4.86
    982960        5.34
    982970        4.24
    982980        4.15
    982990        5.81
    983000        5.07
    983010        4.33
    983020         4.5
    983030        4.94
    983040        6.41
    983050        4.58
    983060        5.11
    983070         4.7
    983080        5.07
    983090        4.28
    983100        4.08
    983110        5.72
    983120        4.37
    983130        5.15
    983140        4.24
    983150        4.86
    983160        5.86
    983170        4.39
    983180         4.6
    983190        2.79
    983200        6.17
    983210        3.66
    983220        5.43
    983230        4.21
    983240        4.88
    983250        5.47
    983260           6
    983270        5.32
    983280        5.09
    983290        5.42
    983300         6.2
    983310        5.45
    983320        5.25
    983330        3.88
    983340        5.04
    983350        4.97
    983360        4.63
    983370         5.5
    983380        5.47
    983390        5.26
    983400        4.32
    983410        5.02
    983420        5.46
    983430        4.94
    983440        4.58
    983450        4.95
    983460        5.99
    983470        4.37
    983480        4.06
    983490        4.07
    983500         4.6
    983510        5.91
    983520        4.43
    983530        5.41
    983540        6.04
    983550        4.79
    983560        4.98
    983570         4.5
    983580        4.58
    983590        3.94
    983600        5.07
    983610        4.97
    983620         4.8
    983630        5.27
    983640        4.81
    983650         4.7
    983660        3.93
    983670        4.59
    983680        3.97
    983690        5.45
    983700        4.52
    983710        5.21
    983720        4.46
    983730        4.27
    983740        4.57
    983750        4.89
    983760        4.09
    983770        3.74
    983780        5.11
    983790         4.8
    983800        5.61
    983810        5.08
    983820        6.05
    983830        4.99
    983840        4.24
    983850        4.73
    983860        4.08
    983870        5.54
    983880        5.47
    983890        4.65
    983900         5.5
    983910        3.78
    983920        6.24
    983930        5.13
    983940        5.49
    983950        5.95
    983960         4.5
    983970        3.91
    983980        4.31
    983990        3.81
    984000        4.53
    984010        4.97
    984020        4.69
    984030        5.38
    984040        3.93
    984050        5.75
    984060        4.95
    984070        4.46
    984080        4.19
    984090        5.16
    984100        4.38
    984110        3.65
    984120        5.45
    984130        5.22
    984140        5.83
    984150        5.26
    984160        4.14
    984170        5.43
    984180        4.48
    984190        4.61
    984200        3.96
    984210        5.32
    984220        5.16
    984230         6.2
    984240        5.24
    984250         4.6
    984260        4.96
    984270        5.01
    984280        5.56
    984290        5.76
    984300        5.23
    984310        5.94
    984320        5.01
    984330        4.64
    984340        4.25
    984350         3.5
    984360        3.43
    984370        5.89
    984380        5.27
    984390        4.15
    984400        5.31
    984410        5.79
    984420        5.72
    984430        5.27
    984440        5.51
    984450        5.22
    984460        4.55
    984470        3.07
    984480        3.57
    984490        5.95
    984500        5.27
    984510        5.04
    984520         5.1
    984530        4.58
    984540        4.12
    984550        4.94
    984560        4.71
    984570        5.52
    984580        5.68
    984590        4.64
    984600        5.03
    984610        4.66
    984620        5.22
    984630        5.01
    984640        4.52
    984650         5.3
    984660        3.83
    984670        3.96
    984680        3.82
    984690        5.66
    984700        5.13
    984710        4.49
    984720        4.24
    984730        4.93
    984740        5.68
    984750        5.53
    984760        5.07
    984770        4.79
    984780        4.97
    984790        4.08
    984800        5.29
    984810        4.41
    984820        5.17
    984830        5.49
    984840        3.96
    984850        5.22
    984860        5.72
    984870        6.31
    984880        4.14
    984890        3.97
    984900        4.15
    984910        3.78
    984920        4.75
    984930        5.49
    984940        5.02
    984950        4.35
    984960        5.22
    984970        5.13
    984980        3.73
    984990        4.62
    985000        4.74
    985010        3.56
    985020        5.35
    985030        4.78
    985040        4.83
    985050        5.14
    985060        4.78
    985070        6.23
    985080        5.55
    985090         4.5
    985100        6.64
    985110         6.1
    985120        6.11
    985130        5.38
    985140        5.64
    985150        6.09
    985160        5.24
    985170        5.48
    985180        5.04
    985190        5.34
    985200        4.41
    985210        5.29
    985220        4.91
    985230         4.8
    985240        4.48
    985250        5.75
    985260        5.32
    985270        4.12
    985280         5.7
    985290         4.4
    985300        5.88
    985310         6.9
    985320        5.73
    985330        5.72
    985340        4.63
    985350        5.59
    985360        5.55
    985370        5.25
    985380        4.94
    985390        4.96
    985400        7.06
    985410        4.71
    985420        4.53
    985430        6.84
    985440        5.66
    985450        4.65
    985460        4.35
    985470        5.79
    985480        6.17
    985490        4.43
    985500        4.81
    985510        5.31
    985520        5.03
    985530        4.54
    985540        5.57
    985550        5.07
    985560        5.15
    985570        5.49
    985580        4.23
    985590         3.6
    985600         5.1
    985610        5.03
    985620        5.44
    985630        6.62
    985640        5.68
    985650        5.03
    985660        7.62
    985670        5.32
    985680        4.99
    985690        4.62
    985700        4.34
    985710        4.96
    985720        5.14
    985730        4.54
    985740        3.61
    985750        5.42
    985760        4.24
    985770        4.73
    985780        5.09
    985790        5.52
    985800        5.78
    985810        4.58
    985820        4.97
    985830        4.88
    985840        4.04
    985850        6.48
    985860        5.23
    985870        5.09
    985880        5.05
    985890         4.2
    985900        4.57
    985910        4.66
    985920        5.17
    985930        4.92
    985940        4.35
    985950        4.34
    985960        3.95
    985970        5.91
    985980        3.59
    985990        5.29
    986000        5.54
    986010           6
    986020        4.65
    986030        4.68
    986040        4.73
    986050        5.04
    986060        4.22
    986070         5.5
    986080        4.72
    986090        4.92
    986100        4.93
    986110        4.37
    986120        5.95
    986130        5.72
    986140        4.98
    986150        4.36
    986160        4.96
    986170        4.09
    986180        5.05
    986190        4.68
    986200        5.23
    986210        4.04
    986220        5.39
    986230         4.8
    986240        5.92
    986250        5.05
    986260        3.47
    986270        4.66
    986280        5.12
    986290        4.91
    986300        5.55
    986310        4.36
    986320        4.98
    986330        4.82
    986340        4.68
    986350        5.28
    986360           5
    986370        4.98
    986380        6.75
    986390         5.6
    986400        4.48
    986410         4.7
    986420        4.76
    986430        4.16
    986440        4.62
    986450        4.75
    986460        5.72
    986470        4.68
    986480        5.12
    986490        3.65
    986500        6.32
    986510        4.92
    986520        4.79
    986530        4.34
    986540        4.13
    986550        4.98
    986560         4.9
    986570        4.66
    986580        5.31
    986590        4.81
    986600        4.72
    986610        4.99
    986620        5.02
    986630        5.19
    986640        5.67
    986650        4.93
    986660        3.95
    986670        4.04
    986680        4.07
    986690        5.13
    986700        4.21
    986710        5.01
    986720        5.16
    986730        5.27
    986740        5.88
    986750        4.98
    986760        4.85
    986770        4.26
    986780        4.86
    986790        4.25
    986800        4.43
    986810        3.92
    986820        4.66
    986830         4.9
    986840        4.78
    986850        3.41
    986860        5.58
    986870        4.29
    986880        5.44
    986890        4.22
    986900        5.32
    986910        5.33
    986920        5.04
    986930        4.81
    986940        4.91
    986950        4.97
    986960        5.23
    986970         4.8
    986980        3.77
    986990        4.29
    987000        4.47
    987010        5.27
    987020        5.42
    987030        5.58
    987040        4.81
    987050        5.75
    987060        4.84
    987070        5.96
    987080        5.34
    987090        5.33
    987100        5.35
    987110        5.49
    987120        4.65
    987130        5.57
    987140        5.35
    987150        4.96
    987160        4.24
    987170        4.58
    987180        5.36
    987190        4.66
    987200        5.11
    987210        5.39
    987220        5.54
    987230        5.85
    987240        5.11
    987250        5.82
    987260        5.07
    987270        3.83
    987280        5.75
    987290        5.49
    987300        4.99
    987310        3.98
    987320        4.54
    987330        4.02
    987340        4.65
    987350        4.12
    987360        5.01
    987370        3.89
    987380        3.88
    987390         4.6
    987400        4.88
    987410        5.27
    987420        4.26
    987430        4.05
    987440        5.75
    987450        3.82
    987460        4.29
    987470        4.49
    987480         5.5
    987490        5.17
    987500        4.46
    987510        4.34
    987520        4.73
    987530        3.82
    987540        5.26
    987550        5.17
    987560        5.14
    987570        3.99
    987580        5.71
    987590        5.09
    987600        4.52
    987610        4.65
    987620        4.62
    987630           4
    987640        4.64
    987650        4.41
    987660        4.27
    987670        5.11
    987680         6.3
    987690        5.25
    987700         5.3
    987710        4.98
    987720        4.48
    987730        5.22
    987740        5.07
    987750        6.03
    987760        5.15
    987770        3.44
    987780        5.29
    987790        4.64
    987800        4.88
    987810        5.11
    987820        4.54
    987830           5
    987840        4.72
    987850        4.39
    987860        5.82
    987870         4.6
    987880        4.63
    987890        5.16
    987900        5.22
    987910        5.45
    987920        4.45
    987930        4.15
    987940        4.74
    987950        4.51
    987960        5.87
    987970        5.18
    987980        5.54
    987990        4.75
    988000        5.02
    988010        4.45
    988020        4.86
    988030        5.22
    988040        3.99
    988050        5.88
    988060        5.25
    988070        4.39
    988080        5.01
    988090        5.12
    988100        4.67
    988110        5.67
    988120        4.16
    988130        5.59
    988140        5.51
    988150        5.14
    988160        4.84
    988170        4.33
    988180        5.19
    988190        4.97
    988200        6.01
    988210        5.21
    988220        4.06
    988230        5.32
    988240        6.28
    988250        5.35
    988260        4.75
    988270         4.9
    988280        4.64
    988290        4.33
    988300        4.62
    988310        5.73
    988320        4.75
    988330        5.68
    988340        5.79
    988350        5.96
    988360        4.45
    988370        4.32
    988380        4.89
    988390        5.34
    988400        5.05
    988410        5.26
    988420        4.23
    988430        4.86
    988440        6.52
    988450        4.39
    988460        4.85
    988470        4.94
    988480         5.3
    988490        6.45
    988500        5.78
    988510        5.03
    988520        5.57
    988530        5.76
    988540         4.5
    988550        4.03
    988560        5.16
    988570        5.29
    988580        4.85
    988590        3.58
    988600        5.86
    988610        4.94
    988620         5.5
    988630        4.59
    988640        6.68
    988650        5.88
    988660        4.69
    988670        5.78
    988680        5.26
    988690        4.55
    988700         5.6
    988710        5.92
    988720        6.03
    988730        5.84
    988740        5.18
    988750         4.6
    988760        6.39
    988770        7.86
    988780        4.77
    988790        6.16
    988800        3.77
    988810        5.16
    988820         5.9
    988830         6.1
    988840        4.89
    988850         5.8
    988860        6.18
    988870        4.75
    988880        6.17
    988890        4.57
    988900        5.37
    988910        4.29
    988920        4.57
    988930         5.1
    988940        5.89
    988950        5.43
    988960        5.46
    988970        4.04
    988980        5.32
    988990        4.37
    989000        4.25
    989010        4.97
    989020        5.25
    989030        5.04
    989040        4.62
    989050        4.13
    989060        5.42
    989070        5.62
    989080        5.76
    989090        6.08
    989100        4.31
    989110        4.47
    989120        4.53
    989130        4.96
    989140         5.1
    989150        5.47
    989160        4.32
    989170        5.15
    989180        4.31
    989190        6.47
    989200        4.53
    989210        4.35
    989220        5.65
    989230        4.56
    989240        4.84
    989250         4.8
    989260        5.53
    989270        4.61
    989280        4.56
    989290        5.43
    989300        5.38
    989310        5.25
    989320        5.31
    989330        5.34
    989340        4.62
    989350        5.13
    989360        4.43
    989370        5.29
    989380        6.66
    989390        4.04
    989400        4.23
    989410        4.59
    989420        5.93
    989430        6.22
    989440        4.72
    989450        5.05
    989460        6.12
    989470        4.41
    989480           5
    989490        6.39
    989500        4.93
    989510        4.19
    989520        5.53
    989530        4.39
    989540        5.98
    989550        4.77
    989560        4.89
    989570        5.11
    989580        5.82
    989590        5.04
    989600        4.56
    989610         6.1
    989620        5.38
    989630        4.37
    989640        4.45
    989650         4.5
    989660        4.81
    989670        5.28
    989680        5.19
    989690        4.85
    989700        5.13
    989710        4.64
    989720        4.16
    989730        3.85
    989740        3.41
    989750        4.12
    989760        4.86
    989770        3.51
    989780         4.7
    989790        5.81
    989800        4.55
    989810         4.9
    989820        3.42
    989830        4.65
    989840        4.52
    989850        4.63
    989860         5.6
    989870        4.63
    989880        4.33
    989890        5.52
    989900        6.47
    989910        5.22
    989920        5.82
    989930         4.4
    989940         4.9
    989950        5.87
    989960        4.04
    989970        5.21
    989980        5.43
    989990        4.53
    990000        4.79
    990010        5.01
    990020        4.46
    990030        4.54
    990040        4.68
    990050        4.24
    990060        4.63
    990070        4.86
    990080        7.17
    990090        4.27
    990100        5.44
    990110        3.91
    990120        5.45
    990130        5.04
    990140        3.48
    990150        5.13
    990160         4.8
    990170        4.73
    990180        4.73
    990190        3.88
    990200        4.92
    990210        4.91
    990220        3.97
    990230        6.19
    990240        5.13
    990250         5.3
    990260        4.67
    990270        5.63
    990280        5.55
    990290         4.5
    990300        4.54
    990310        5.64
    990320        5.24
    990330        5.07
    990340        4.84
    990350        5.24
    990360        6.93
    990370        5.99
    990380         5.6
    990390        5.17
    990400        4.82
    990410         5.5
    990420        5.09
    990430        5.53
    990440        5.61
    990450        5.22
    990460        5.56
    990470        5.24
    990480        5.74
    990490        5.19
    990500        4.15
    990510        4.81
    990520        4.65
    990530        5.57
    990540        4.81
    990550        3.88
    990560        3.47
    990570        5.43
    990580        4.55
    990590        4.64
    990600        5.91
    990610        4.45
    990620        4.13
    990630        5.56
    990640        5.57
    990650         4.5
    990660        4.61
    990670        5.17
    990680        4.19
    990690        5.17
    990700        3.68
    990710        5.73
    990720        5.18
    990730         5.1
    990740        5.54
    990750        4.08
    990760        5.29
    990770        5.53
    990780        4.65
    990790        5.19
    990800        4.14
    990810        4.48
    990820        3.75
    990830         3.9
    990840        4.74
    990850           5
    990860        4.73
    990870        5.98
    990880        5.18
    990890         5.8
    990900        5.69
    990910           5
    990920        4.81
    990930        4.32
    990940        4.54
    990950        6.21
    990960        4.58
    990970        4.14
    990980         4.4
    990990        4.85
    991000        4.37
    991010        4.49
    991020        4.69
    991030        6.01
    991040        6.33
    991050        4.57
    991060         6.1
    991070        3.84
    991080        4.31
    991090        5.11
    991100        5.53
    991110        5.44
    991120        5.79
    991130        5.73
    991140        5.61
    991150        4.39
    991160        7.27
    991170         4.7
    991180        5.07
    991190        4.72
    991200        4.24
    991210         5.6
    991220        3.79
    991230         4.7
    991240        3.04
    991250        4.86
    991260        4.45
    991270        4.85
    991280        6.29
    991290        4.75
    991300        3.48
    991310        5.24
    991320        4.03
    991330        5.01
    991340        4.66
    991350        5.25
    991360        4.28
    991370        4.17
    991380        4.98
    991390        6.13
    991400        4.95
    991410        4.98
    991420        5.58
    991430        4.48
    991440         5.1
    991450         4.8
    991460        5.37
    991470        4.85
    991480        4.77
    991490        5.64
    991500        5.48
    991510        5.19
    991520        5.25
    991530        6.06
    991540        4.21
    991550        4.77
    991560        4.88
    991570         4.9
    991580        2.52
    991590        4.48
    991600        4.16
    991610        3.73
    991620        3.98
    991630         5.1
    991640        4.75
    991650        4.32
    991660        5.51
    991670        4.14
    991680        4.82
    991690        4.85
    991700        4.33
    991710        4.41
    991720        4.06
    991730        4.01
    991740        4.44
    991750        5.59
    991760        4.87
    991770        4.75
    991780        5.89
    991790        5.39
    991800        3.94
    991810        5.53
    991820        4.44
    991830        5.49
    991840         4.2
    991850        5.88
    991860        5.54
    991870         5.5
    991880           5
    991890        4.84
    991900        6.29
    991910        4.64
    991920        5.61
    991930        5.92
    991940        4.64
    991950        4.61
    991960        3.95
    991970        4.95
    991980        4.95
    991990        5.67
    992000        4.34
    992010        5.09
    992020        5.32
    992030        6.12
    992040        5.44
    992050        5.54
    992060        5.08
    992070        6.87
    992080        4.93
    992090        5.41
    992100        4.87
    992110        5.17
    992120        4.93
    992130        6.52
    992140        5.18
    992150        5.48
    992160        4.75
    992170        3.93
    992180        4.74
    992190        4.62
    992200        5.43
    992210        3.91
    992220        4.01
    992230        5.29
    992240        6.72
    992250        5.57
    992260        4.84
    992270        4.93
    992280        4.54
    992290        5.17
    992300        5.08
    992310        4.74
    992320        6.16
    992330        4.13
    992340         5.2
    992350        4.81
    992360         5.5
    992370        4.82
    992380        5.12
    992390        4.09
    992400        5.08
    992410         4.7
    992420        4.01
    992430        3.83
    992440        3.89
    992450        5.29
    992460        5.75
    992470        4.89
    992480        4.76
    992490        3.87
    992500        3.41
    992510        4.75
    992520        6.23
    992530        4.73
    992540        5.74
    992550        4.96
    992560        4.84
    992570        6.18
    992580        5.01
    992590        5.49
    992600        4.63
    992610        5.51
    992620        4.55
    992630        4.72
    992640        5.53
    992650        5.13
    992660        6.03
    992670        5.01
    992680        5.45
    992690           5
    992700        5.82
    992710        3.64
    992720        4.09
    992730         4.8
    992740        5.04
    992750        5.11
    992760        5.19
    992770        4.31
    992780        4.83
    992790        5.58
    992800        4.39
    992810        4.59
    992820        4.52
    992830        6.21
    992840        5.13
    992850        6.23
    992860        5.85
    992870        4.96
    992880        4.09
    992890        5.37
    992900        4.33
    992910        5.82
    992920         4.7
    992930        5.31
    992940        6.16
    992950        3.69
    992960        4.34
    992970        5.02
    992980        3.46
    992990        4.57
    993000        4.06
    993010        4.63
    993020        5.15
    993030        4.19
    993040        4.63
    993050        5.47
    993060        3.66
    993070        4.09
    993080        4.22
    993090         4.7
    993100        5.77
    993110        5.56
    993120        5.51
    993130        4.91
    993140        3.64
    993150        4.36
    993160        5.84
    993170        4.47
    993180        5.72
    993190        5.32
    993200        4.08
    993210        4.99
    993220        4.84
    993230        4.28
    993240        5.85
    993250        4.78
    993260        5.14
    993270        5.97
    993280        5.51
    993290        3.88
    993300        5.28
    993310        5.49
    993320        4.71
    993330        5.28
    993340        5.08
    993350        4.67
    993360        5.29
    993370         4.7
    993380        6.11
    993390        4.65
    993400         4.9
    993410         4.3
    993420        4.06
    993430        4.81
    993440        4.74
    993450        5.16
    993460        4.91
    993470        4.96
    993480        5.82
    993490        4.46
    993500        4.74
    993510        5.78
    993520        4.17
    993530        3.92
    993540        4.06
    993550        5.08
    993560        5.86
    993570        4.12
    993580        5.43
    993590        4.87
    993600        4.67
    993610        5.32
    993620        4.33
    993630        4.71
    993640        4.99
    993650         5.1
    993660        5.04
    993670        5.13
    993680        6.22
    993690        5.36
    993700        5.48
    993710        5.01
    993720        5.71
    993730        6.39
    993740        4.94
    993750        5.95
    993760        5.13
    993770        5.68
    993780        5.69
    993790        4.66
    993800        5.01
    993810        3.98
    993820        6.62
    993830        5.12
    993840        4.86
    993850           5
    993860        6.45
    993870         4.8
    993880        4.35
    993890         4.8
    993900        5.22
    993910        4.73
    993920        4.41
    993930        5.12
    993940         4.3
    993950        4.03
    993960        4.99
    993970        4.88
    993980        5.24
    993990        5.04
    994000        4.28
    994010        5.84
    994020        3.97
    994030        4.19
    994040        5.16
    994050        5.04
    994060        5.48
    994070        4.29
    994080        3.88
    994090         5.4
    994100        6.05
    994110        4.79
    994120        3.54
    994130        6.63
    994140        4.83
    994150        4.21
    994160        5.75
    994170        6.16
    994180        4.72
    994190         4.8
    994200         5.6
    994210        5.58
    994220        4.26
    994230        5.87
    994240         4.1
    994250        4.77
    994260        4.72
    994270        4.09
    994280        4.32
    994290        4.31
    994300        3.63
    994310        4.68
    994320        6.17
    994330        5.69
    994340        5.72
    994350        6.26
    994360        4.34
    994370        4.95
    994380        3.79
    994390        5.41
    994400        5.98
    994410        4.31
    994420        5.77
    994430        4.63
    994440        4.34
    994450        5.55
    994460        5.21
    994470        4.89
    994480        4.79
    994490         4.8
    994500        6.63
    994510        4.61
    994520        4.36
    994530        5.09
    994540        5.32
    994550        4.82
    994560        5.51
    994570        5.59
    994580        4.43
    994590        4.03
    994600        3.09
    994610        5.06
    994620        5.03
    994630        4.06
    994640        6.58
    994650        5.07
    994660         5.1
    994670        5.13
    994680         5.4
    994690        4.88
    994700        4.26
    994710        5.76
    994720        4.84
    994730        4.77
    994740        5.64
    994750         4.1
    994760        4.29
    994770        4.54
    994780        4.64
    994790        5.59
    994800        5.69
    994810        3.72
    994820        5.06
    994830        4.51
    994840        5.19
    994850        4.31
    994860        3.63
    994870        4.53
    994880        4.82
    994890        5.38
    994900        4.72
    994910        4.63
    994920           4
    994930        4.48
    994940        5.38
    994950        3.81
    994960        4.33
    994970        5.53
    994980        4.55
    994990        4.94
    995000         4.2
    995010        5.19
    995020        4.71
    995030        4.89
    995040        4.05
    995050        4.33
    995060        6.17
    995070        4.81
    995080        4.34
    995090        4.48
    995100        5.16
    995110        5.05
    995120        5.38
    995130        5.44
    995140        5.42
    995150        4.24
    995160         5.7
    995170        5.12
    995180        4.98
    995190        3.97
    995200        4.18
    995210        5.05
    995220        4.42
    995230        5.95
    995240        4.07
    995250        3.85
    995260        6.35
    995270        5.62
    995280        3.99
    995290        4.45
    995300        4.92
    995310        5.42
    995320        6.09
    995330        6.01
    995340        5.39
    995350        3.91
    995360        4.77
    995370         4.2
    995380        4.57
    995390        6.01
    995400        4.54
    995410        5.68
    995420        4.76
    995430        5.87
    995440        4.62
    995450        4.69
    995460        4.41
    995470        4.12
    995480        4.37
    995490         5.5
    995500        4.85
    995510        4.94
    995520        4.61
    995530        4.94
    995540        5.82
    995550        5.12
    995560        5.25
    995570        3.23
    995580        5.06
    995590        4.97
    995600        3.86
    995610        5.97
    995620        3.78
    995630        4.11
    995640        4.84
    995650        4.18
    995660        4.48
    995670        5.24
    995680        5.54
    995690        5.24
    995700        5.05
    995710        4.87
    995720        4.33
    995730           5
    995740        5.08
    995750        4.47
    995760        4.81
    995770        4.31
    995780        5.04
    995790        4.16
    995800         4.6
    995810        4.93
    995820        5.13
    995830        5.17
    995840        4.82
    995850        5.42
    995860        4.18
    995870        5.14
    995880        4.63
    995890        5.24
    995900        4.78
    995910        5.24
    995920        4.41
    995930        5.66
    995940        4.74
    995950        4.02
    995960        6.83
    995970        6.22
    995980        4.64
    995990        4.61
    996000        5.99
    996010        4.82
    996020        5.83
    996030        4.89
    996040        5.08
    996050        4.79
    996060        5.01
    996070        5.23
    996080        6.22
    996090        4.83
    996100        5.51
    996110        3.77
    996120        4.68
    996130        6.26
    996140        4.46
    996150        5.33
    996160        4.45
    996170        4.75
    996180        4.75
    996190        3.66
    996200        5.17
    996210        4.82
    996220        5.96
    996230        5.15
    996240        4.02
    996250        3.17
    996260        4.04
    996270        4.83
    996280        4.96
    996290        4.74
    996300        4.83
    996310        5.66
    996320        5.41
    996330        4.95
    996340        3.94
    996350         4.2
    996360        3.98
    996370        4.33
    996380        5.06
    996390        4.18
    996400        5.66
    996410        4.64
    996420           5
    996430        4.14
    996440        5.05
    996450        3.36
    996460         5.3
    996470        6.07
    996480        4.95
    996490        5.77
    996500        6.11
    996510        4.25
    996520        4.78
    996530        5.41
    996540        4.47
    996550        4.42
    996560        5.02
    996570        4.39
    996580        4.66
    996590        4.74
    996600        4.75
    996610        5.17
    996620        5.46
    996630        5.72
    996640        4.78
    996650        5.67
    996660         6.1
    996670        5.04
    996680        4.05
    996690        4.89
    996700        5.15
    996710        5.48
    996720        5.29
    996730        4.81
    996740         4.3
    996750        5.12
    996760        5.28
    996770         4.8
    996780        5.53
    996790        6.37
    996800        4.11
    996810         5.6
    996820        5.89
    996830         6.7
    996840        4.84
    996850         5.1
    996860        5.03
    996870        5.28
    996880        4.33
    996890        4.49
    996900        4.77
    996910        4.74
    996920        5.13
    996930         5.8
    996940        4.76
    996950        5.36
    996960         3.9
    996970        6.26
    996980         5.5
    996990        5.22
    997000        3.72
    997010         4.7
    997020        2.91
    997030        4.88
    997040        5.39
    997050        5.47
    997060        5.91
    997070        3.61
    997080        5.21
    997090        5.43
    997100        4.03
    997110           5
    997120        3.94
    997130        3.77
    997140        5.18
    997150        4.83
    997160        5.38
    997170        5.52
    997180        4.91
    997190        5.32
    997200        4.16
    997210        5.02
    997220        3.94
    997230        4.53
    997240        5.88
    997250        5.15
    997260        4.37
    997270        3.98
    997280        3.21
    997290        5.86
    997300        5.43
    997310         5.3
    997320        5.04
    997330        4.52
    997340        4.03
    997350        4.92
    997360        4.77
    997370        4.89
    997380        4.09
    997390        3.97
    997400        5.17
    997410        5.08
    997420        4.84
    997430         4.9
    997440        4.84
    997450        4.53
    997460        4.23
    997470        5.86
    997480        4.48
    997490        5.11
    997500        3.09
    997510        4.69
    997520        4.47
    997530        4.53
    997540         4.2
    997550        4.57
    997560        2.81
    997570        4.86
    997580        4.97
    997590        5.98
    997600        4.92
    997610        4.05
    997620        5.66
    997630        5.31
    997640        4.81
    997650        5.57
    997660        4.27
    997670        4.95
    997680        4.83
    997690        5.26
    997700        5.18
    997710        5.64
    997720        5.43
    997730        4.52
    997740        2.96
    997750        5.83
    997760        5.58
    997770         4.8
    997780        4.13
    997790         4.5
    997800        4.22
    997810        5.03
    997820        5.78
    997830        4.07
    997840        4.73
    997850        4.59
    997860         5.6
    997870         4.4
    997880         4.3
    997890        5.03
    997900        5.32
    997910        4.03
    997920        6.07
    997930        4.68
    997940        5.31
    997950        4.42
    997960        5.09
    997970        5.05
    997980        4.18
    997990        6.07
    998000        4.61
    998010        4.51
    998020        6.07
    998030        4.79
    998040         4.9
    998050        5.31
    998060        4.85
    998070        4.63
    998080        5.26
    998090        4.08
    998100        5.72
    998110        4.56
    998120        4.24
    998130        5.75
    998140        5.53
    998150        4.96
    998160        4.85
    998170        5.17
    998180         6.2
    998190        4.41
    998200        4.93
    998210        4.75
    998220        4.76
    998230        5.06
    998240        4.28
    998250        5.96
    998260        4.23
    998270        4.89
    998280        4.09
    998290        3.81
    998300        4.63
    998310        5.27
    998320        4.31
    998330        4.84
    998340        4.94
    998350        5.05
    998360        4.65
    998370        4.87
    998380        4.66
    998390        3.94
    998400        5.61
    998410        4.06
    998420        4.86
    998430        3.61
    998440        5.08
    998450         4.6
    998460        3.32
    998470        4.97
    998480        3.85
    998490        4.25
    998500        3.89
    998510        5.48
    998520        2.31
    998530        3.83
    998540        3.64
    998550        5.64
    998560        4.54
    998570        4.83
    998580         4.8
    998590        5.06
    998600        4.33
    998610        5.52
    998620        5.76
    998630        4.68
    998640        4.51
    998650        5.54
    998660         4.4
    998670         4.5
    998680        5.76
    998690        4.57
    998700        4.77
    998710        5.29
    998720        4.54
    998730         4.6
    998740        4.07
    998750        5.31
    998760        5.23
    998770        5.32
    998780        4.48
    998790        3.93
    998800        5.42
    998810        4.11
    998820        5.85
    998830        4.94
    998840        3.81
    998850        4.72
    998860         4.4
    998870        4.66
    998880        5.04
    998890        5.75
    998900        3.86
    998910         5.2
    998920        5.65
    998930        4.11
    998940        4.76
    998950        4.56
    998960         5.6
    998970        5.62
    998980        5.18
    998990        5.64
    999000        5.04
    999010        4.29
    999020        3.79
    999030        4.81
    999040        3.88
    999050         4.4
    999060        5.28
    999070        5.48
    999080        5.11
    999090        4.85
    999100        5.08
    999110        4.16
    999120        4.94
    999130        4.54
    999140        5.02
    999150        5.81
    999160        4.63
    999170        4.39
    999180        5.07
    999190        4.83
    999200        6.14
    999210        4.64
    999220         4.6
    999230        4.63
    999240        4.73
    999250        4.97
    999260        4.19
    999270        6.17
    999280        4.98
    999290        5.27
    999300        5.52
    999310        4.87
    999320        4.18
    999330        5.45
    999340        5.13
    999350        5.54
    999360        4.21
    999370        5.12
    999380        4.65
    999390        5.07
    999400        3.74
    999410        4.11
    999420         4.5
    999430        4.05
    999440        3.95
    999450        4.25
    999460        4.21
    999470        4.45
    999480        6.23
    999490        3.49
    999500        5.16
    999510        6.31
    999520        6.18
    999530        4.33
    999540        4.49
    999550        4.03
    999560         5.6
    999570         4.5
    999580        3.79
    999590           4
    999600        5.35
    999610        3.61
    999620        5.04
    999630        4.69
    999640        6.28
    999650        4.83
    999660        4.51
    999670        5.45
    999680        4.14
    999690        5.24
    999700        6.12
    999710        4.68
    999720        5.72
    999730        5.83
    999740        4.91
    999750        4.87
    999760         4.7
    999770        5.71
    999780        4.35
    999790        5.46
    999800        5.79
    999810        4.75
    999820        5.25
    999830        5.12
    999840        5.43
    999850        4.27
    999860        5.18
    999870        5.58
    999880        4.21
    999890         4.6
    999900        5.01
    999910        4.77
    999920        4.77
    999930        4.35
    999940        5.59
    999950        6.16
    999960        4.93
    999970        4.97
    999980        4.37
    999990        6.33
     1e+06        4.19
