    750000    0.682378
    750010    0.703498
    750020    0.770856
    750030    0.693359
    750040    0.749259
    750050    0.774396
    750060    0.804703
    750070    0.729769
    750080    0.718467
    750090     0.70356
    750100    0.747257
    750110    0.686777
    750120    0.739922
    750130    0.665468
    750140    0.715308
    750150    0.686075
    750160    0.686678
    750170    0.742839
    750180    0.768028
    750190    0.772146
    750200    0.814487
    750210    0.730679
    750220    0.723203
    750230    0.763894
    750240    0.761626
    750250    0.732448
    750260    0.783687
    750270    0.798344
    750280     0.74792
    750290    0.743247
    750300    0.783056
    750310    0.837134
    750320    0.864649
    750330    0.811789
    750340    0.794099
    750350    0.853662
    750360    0.835655
    750370    0.928146
    750380    0.792026
    750390    0.896493
    750400    0.836053
    750410    0.802124
    750420    0.846932
    750430    0.870936
    750440    0.875826
    750450    0.765361
    750460    0.840109
    750470    0.836739
    750480    0.866594
    750490    0.843954
    750500     0.84725
    750510    0.838829
    750520    0.866282
    750530    0.715401
    750540    0.814502
    750550    0.801031
    750560    0.788054
    750570    0.863958
    750580    0.814845
    750590    0.810441
    750600    0.872959
    750610    0.872584
    750620    0.789324
    750630    0.779475
    750640    0.831424
    750650    0.832064
    750660    0.827569
    750670    0.862367
    750680    0.865197
    750690    0.834013
    750700    0.879791
    750710    0.874494
    750720    0.909075
    750730    0.786403
    750740    0.892965
    750750    0.858797
    750760    0.869644
    750770    0.825958
    750780    0.812016
    750790    0.822678
    750800    0.813286
    750810    0.848335
    750820    0.755666
    750830    0.742084
    750840      0.7487
    750850    0.748673
    750860    0.779021
    750870    0.749988
    750880    0.770707
    750890    0.760489
    750900    0.776971
    750910    0.757385
    750920    0.740541
    750930      0.7357
    750940    0.752538
    750950    0.788903
    750960    0.778993
    750970    0.716751
    750980     0.74167
    750990    0.743121
    751000    0.753044
    751010    0.726731
    751020    0.777327
    751030    0.697192
    751040    0.753129
    751050     0.84262
    751060    0.703122
    751070    0.763642
    751080    0.750084
    751090    0.766858
    751100    0.748978
    751110    0.676306
    751120    0.743963
    751130    0.770096
    751140    0.794107
    751150     0.79613
    751160    0.710893
    751170    0.767026
    751180    0.768146
    751190     0.69553
    751200    0.731679
    751210    0.670511
    751220    0.778317
    751230    0.780416
    751240    0.745237
    751250    0.752911
    751260    0.786248
    751270    0.671539
    751280     0.75378
    751290    0.782955
    751300    0.689217
    751310    0.726696
    751320    0.753417
    751330    0.794554
    751340    0.772089
    751350    0.719822
    751360    0.741252
    751370    0.709344
    751380    0.687019
    751390    0.772494
    751400    0.789268
    751410     0.71892
    751420    0.807008
    751430    0.726273
    751440    0.743265
    751450    0.735277
    751460    0.715905
    751470    0.753033
    751480    0.725901
    751490    0.620197
    751500    0.737564
    751510    0.736862
    751520    0.740937
    751530    0.726049
    751540    0.739666
    751550    0.713359
    751560    0.746161
    751570    0.726669
    751580    0.794633
    751590    0.736042
    751600    0.748476
    751610    0.799012
    751620     0.82573
    751630    0.814173
    751640    0.803908
    751650    0.791832
    751660    0.779624
    751670    0.825876
    751680    0.809488
    751690    0.747931
    751700     0.86527
    751710    0.759494
    751720     0.84028
    751730     0.83356
    751740    0.850278
    751750     0.80392
    751760      0.7701
    751770    0.755022
    751780    0.774012
    751790    0.835941
    751800    0.805072
    751810     0.89152
    751820    0.844642
    751830    0.871036
    751840    0.865016
    751850     0.81232
    751860    0.747402
    751870    0.852914
    751880    0.787495
    751890    0.807911
    751900    0.712089
    751910    0.743404
    751920    0.705656
    751930    0.731659
    751940    0.851469
    751950    0.845882
    751960    0.846595
    751970    0.788689
    751980    0.747046
    751990    0.758657
    752000    0.725724
    752010    0.748683
    752020    0.789433
    752030    0.715043
    752040    0.781082
    752050    0.754113
    752060    0.752319
    752070    0.730618
    752080    0.747914
    752090    0.810789
    752100    0.741559
    752110    0.799896
    752120    0.802581
    752130    0.807453
    752140    0.788832
    752150    0.753541
    752160    0.721967
    752170    0.815739
    752180    0.752541
    752190    0.774555
    752200    0.799044
    752210    0.705536
    752220    0.750153
    752230    0.798968
    752240    0.663151
    752250    0.784831
    752260    0.822201
    752270    0.785125
    752280    0.791494
    752290    0.760683
    752300    0.754317
    752310    0.794147
    752320    0.766156
    752330    0.767227
    752340    0.783885
    752350    0.820881
    752360    0.780737
    752370    0.772858
    752380    0.846394
    752390    0.824289
    752400    0.840394
    752410    0.827304
    752420    0.824333
    752430    0.806231
    752440    0.811203
    752450    0.793472
    752460    0.769386
    752470    0.804957
    752480     0.78961
    752490    0.738534
    752500    0.799853
    752510    0.792932
    752520    0.794732
    752530    0.789574
    752540    0.802766
    752550    0.756218
    752560    0.783382
    752570    0.795322
    752580    0.774452
    752590    0.730978
    752600    0.807454
    752610    0.811062
    752620    0.744891
    752630    0.792321
    752640    0.768262
    752650    0.790589
    752660    0.764646
    752670    0.817165
    752680    0.782564
    752690    0.809246
    752700     0.80571
    752710    0.753953
    752720    0.766785
    752730    0.775786
    752740    0.801525
    752750    0.810156
    752760    0.809566
    752770    0.794058
    752780    0.779252
    752790    0.815838
    752800    0.732638
    752810    0.775204
    752820    0.772449
    752830    0.784471
    752840    0.787574
    752850    0.780684
    752860    0.807396
    752870    0.819885
    752880    0.826199
    752890    0.840556
    752900    0.827561
    752910    0.801059
    752920    0.901657
    752930    0.833389
    752940    0.823517
    752950    0.780911
    752960    0.765392
    752970    0.815911
    752980    0.804861
    752990     0.83689
    753000    0.742152
    753010    0.722108
    753020    0.803039
    753030     0.76776
    753040    0.761012
    753050    0.778433
    753060    0.775506
    753070    0.796896
    753080    0.750042
    753090    0.775297
    753100    0.867654
    753110    0.767207
    753120     0.78393
    753130    0.803036
    753140    0.813856
    753150    0.802248
    753160    0.738119
    753170    0.765249
    753180    0.779273
    753190    0.837152
    753200    0.770094
    753210    0.767415
    753220    0.809683
    753230    0.786944
    753240    0.733258
    753250      0.7908
    753260    0.769735
    753270    0.740209
    753280    0.803348
    753290    0.786622
    753300    0.838761
    753310    0.765004
    753320    0.791457
    753330    0.745876
    753340    0.692605
    753350    0.717076
    753360    0.784575
    753370    0.812719
    753380    0.794132
    753390    0.826574
    753400    0.754158
    753410    0.810239
    753420    0.793488
    753430    0.762517
    753440    0.764996
    753450    0.768356
    753460    0.786198
    753470    0.766094
    753480    0.722323
    753490    0.745363
    753500    0.787262
    753510    0.741171
    753520    0.817851
    753530    0.732996
    753540    0.769288
    753550    0.780735
    753560    0.754899
    753570    0.783263
    753580    0.817378
    753590    0.833284
    753600    0.733471
    753610    0.782451
    753620    0.768759
    753630    0.823901
    753640    0.767768
    753650    0.769158
    753660      0.7831
    753670    0.730532
    753680    0.686446
    753690    0.774268
    753700    0.783116
    753710    0.742946
    753720    0.821938
    753730    0.801128
    753740    0.765718
    753750    0.775009
    753760    0.723206
    753770     0.73674
    753780    0.720995
    753790    0.779863
    753800    0.758929
    753810     0.73091
    753820    0.704745
    753830     0.80021
    753840     0.79633
    753850    0.757734
    753860    0.744784
    753870    0.750503
    753880    0.734531
    753890    0.777562
    753900    0.763575
    753910     0.79497
    753920     0.72647
    753930    0.742741
    753940    0.725867
    753950    0.786336
    753960    0.800297
    753970    0.766064
    753980    0.780326
    753990    0.763076
    754000    0.760725
    754010     0.72215
    754020    0.820492
    754030    0.776468
    754040    0.754055
    754050    0.718375
    754060    0.714592
    754070    0.774433
    754080    0.745841
    754090    0.746724
    754100    0.760706
    754110    0.784631
    754120    0.800133
    754130    0.766391
    754140    0.848525
    754150    0.788145
    754160      0.7714
    754170    0.772957
    754180    0.779214
    754190    0.775367
    754200    0.759262
    754210    0.774068
    754220    0.759764
    754230    0.763734
    754240    0.801642
    754250    0.806341
    754260    0.745447
    754270    0.721129
    754280      0.7715
    754290    0.748516
    754300    0.714413
    754310    0.749328
    754320    0.757895
    754330    0.736157
    754340    0.740981
    754350    0.703142
    754360    0.757121
    754370    0.744965
    754380     0.72068
    754390    0.743025
    754400    0.732472
    754410    0.776809
    754420    0.742078
    754430    0.759912
    754440    0.692234
    754450    0.757187
    754460    0.749907
    754470     0.76495
    754480    0.767228
    754490    0.745334
    754500    0.784541
    754510    0.711038
    754520    0.770304
    754530    0.725637
    754540    0.715054
    754550    0.737686
    754560    0.707429
    754570    0.739749
    754580    0.697383
    754590     0.72677
    754600     0.71806
    754610    0.734368
    754620    0.658434
    754630    0.699891
    754640     0.66204
    754650    0.675168
    754660    0.734465
    754670    0.719524
    754680    0.717349
    754690     0.70953
    754700    0.682863
    754710    0.723889
    754720    0.751616
    754730    0.687588
    754740    0.766297
    754750    0.704826
    754760    0.738248
    754770    0.722183
    754780    0.701448
    754790    0.782793
    754800    0.734814
    754810    0.795076
    754820    0.670282
    754830    0.698736
    754840    0.756101
    754850    0.743403
    754860    0.744482
    754870    0.757941
    754880    0.737102
    754890    0.714514
    754900    0.712552
    754910    0.706615
    754920    0.705441
    754930    0.715554
    754940    0.676823
    754950    0.657045
    754960    0.678169
    754970    0.653745
    754980    0.668868
    754990    0.705701
    755000    0.721871
    755010    0.695711
    755020    0.756725
    755030    0.696982
    755040    0.725325
    755050     0.70676
    755060    0.697051
    755070    0.734545
    755080    0.720261
    755090    0.693859
    755100    0.630082
    755110      0.6633
    755120    0.710266
    755130    0.701218
    755140    0.679229
    755150     0.67234
    755160    0.691204
    755170    0.694458
    755180    0.688829
    755190    0.701442
    755200    0.724661
    755210    0.721304
    755220    0.716492
    755230    0.656724
    755240    0.695306
    755250    0.723974
    755260    0.741156
    755270    0.746869
    755280    0.732805
    755290    0.754728
    755300    0.672083
    755310    0.701946
    755320    0.764989
    755330    0.721844
    755340    0.739543
    755350    0.712079
    755360     0.73281
    755370    0.713011
    755380    0.777421
    755390    0.773447
    755400    0.750892
    755410    0.744946
    755420    0.799465
    755430    0.774764
    755440    0.787249
    755450    0.742792
    755460    0.744809
    755470    0.744389
    755480    0.684018
    755490    0.779866
    755500    0.733003
    755510    0.769899
    755520    0.753744
    755530    0.726771
    755540    0.765565
    755550    0.697557
    755560    0.727312
    755570    0.689573
    755580    0.772862
    755590    0.716917
    755600    0.787192
    755610     0.68542
    755620    0.670546
    755630    0.793316
    755640    0.786806
    755650    0.689872
    755660    0.734541
    755670    0.766827
    755680    0.771664
    755690    0.791326
    755700    0.724698
    755710    0.716002
    755720    0.745212
    755730    0.717964
    755740     0.74355
    755750    0.750727
    755760    0.734572
    755770    0.675777
    755780    0.748078
    755790    0.721148
    755800     0.75276
    755810    0.799383
    755820    0.824443
    755830    0.801375
    755840    0.849829
    755850    0.832026
    755860    0.826261
    755870    0.840684
    755880    0.797611
    755890    0.727867
    755900    0.765878
    755910     0.73919
    755920    0.834312
    755930    0.727926
    755940    0.772334
    755950    0.791044
    755960     0.82408
    755970    0.821552
    755980    0.804567
    755990    0.826469
    756000    0.835118
    756010    0.808174
    756020    0.822049
    756030    0.804016
    756040    0.764811
    756050    0.810746
    756060     0.76829
    756070    0.856027
    756080    0.806885
    756090    0.763257
    756100    0.876366
    756110    0.844393
    756120    0.765777
    756130    0.815871
    756140     0.80132
    756150     0.80782
    756160    0.800094
    756170    0.867414
    756180    0.796957
    756190    0.802464
    756200    0.812748
    756210    0.773748
    756220    0.748352
    756230    0.680446
    756240     0.77129
    756250    0.744615
    756260    0.841695
    756270    0.771271
    756280    0.718232
    756290    0.809501
    756300    0.739736
    756310     0.74128
    756320    0.717762
    756330    0.741455
    756340    0.722866
    756350    0.766041
    756360     0.77535
    756370    0.769734
    756380    0.739551
    756390    0.796283
    756400    0.770414
    756410    0.827091
    756420    0.768062
    756430    0.763045
    756440    0.759209
    756450    0.741428
    756460    0.757619
    756470    0.780863
    756480    0.800496
    756490    0.674246
    756500    0.816441
    756510    0.747146
    756520    0.770397
    756530    0.815272
    756540    0.714177
    756550      0.7399
    756560    0.789216
    756570    0.771147
    756580    0.889437
    756590    0.819635
    756600     0.79035
    756610    0.771413
    756620    0.772436
    756630    0.731922
    756640    0.829811
    756650    0.867373
    756660    0.847854
    756670    0.890448
    756680      0.8426
    756690    0.760547
    756700    0.865037
    756710    0.804392
    756720    0.840548
    756730    0.781541
    756740    0.878199
    756750    0.697512
    756760    0.791033
    756770    0.853437
    756780    0.852496
    756790    0.827715
    756800    0.802367
    756810     0.85202
    756820     0.81758
    756830    0.752792
    756840    0.836214
    756850    0.865243
    756860    0.899241
    756870    0.945253
    756880    0.917362
    756890    0.874981
    756900    0.865915
    756910    0.849413
    756920    0.876118
    756930    0.814844
    756940    0.826616
    756950    0.908079
    756960    0.871534
    756970     0.86643
    756980     0.86554
    756990    0.874367
    757000    0.883382
    757010    0.848476
    757020    0.848506
    757030    0.871225
    757040    0.918583
    757050    0.803445
    757060    0.823199
    757070    0.849943
    757080    0.873033
    757090     0.92087
    757100    0.827954
    757110    0.833686
    757120    0.870918
    757130    0.910384
    757140    0.907359
    757150    0.858116
    757160     0.89571
    757170    0.912348
    757180    0.908223
    757190    0.877216
    757200    0.886583
    757210    0.880259
    757220    0.817273
    757230    0.782815
    757240    0.783577
    757250    0.827883
    757260     0.84845
    757270    0.882043
    757280    0.800378
    757290    0.774519
    757300     0.88237
    757310    0.831519
    757320    0.857519
    757330    0.874868
    757340    0.918318
    757350    0.826702
    757360    0.841788
    757370    0.919085
    757380    0.800651
    757390    0.844427
    757400     0.78942
    757410    0.847409
    757420    0.822374
    757430    0.859874
    757440    0.861181
    757450    0.794473
    757460    0.839226
    757470    0.832431
    757480    0.840199
    757490    0.847525
    757500    0.900476
    757510    0.862767
    757520    0.783819
    757530    0.812868
    757540    0.833006
    757550    0.815558
    757560    0.799323
    757570    0.841588
    757580     0.84307
    757590    0.844553
    757600    0.883006
    757610    0.853882
    757620    0.811142
    757630    0.902113
    757640    0.866404
    757650    0.923329
    757660    0.865407
    757670    0.868123
    757680    0.913645
    757690    0.837834
    757700    0.976724
    757710    0.794615
    757720    0.863178
    757730    0.729531
    757740    0.769669
    757750    0.773168
    757760    0.768061
    757770     0.83356
    757780    0.843417
    757790    0.806513
    757800    0.782668
    757810    0.763548
    757820    0.851524
    757830    0.835064
    757840    0.869374
    757850    0.850054
    757860    0.822866
    757870    0.765847
    757880    0.818459
    757890    0.874004
    757900    0.821807
    757910    0.800719
    757920    0.863977
    757930    0.841396
    757940    0.810352
    757950    0.822339
    757960    0.866719
    757970    0.882008
    757980    0.788015
    757990    0.877497
    758000    0.794712
    758010     0.83878
    758020    0.790066
    758030    0.800301
    758040    0.878138
    758050     0.77945
    758060    0.718925
    758070    0.853631
    758080    0.800041
    758090    0.833069
    758100    0.853244
    758110    0.857985
    758120    0.842774
    758130    0.883564
    758140    0.900512
    758150    0.905944
    758160    0.926838
    758170    0.838796
    758180    0.822282
    758190    0.833508
    758200    0.807228
    758210    0.897511
    758220     0.87002
    758230    0.854375
    758240    0.898666
    758250    0.881854
    758260    0.858549
    758270    0.875264
    758280       0.824
    758290    0.874845
    758300    0.808169
    758310     0.86311
    758320    0.774186
    758330    0.879515
    758340    0.884401
    758350    0.816218
    758360    0.777211
    758370    0.848817
    758380    0.853437
    758390    0.818876
    758400    0.832941
    758410    0.882141
    758420    0.935921
    758430    0.887552
    758440    0.880041
    758450    0.837271
    758460     0.85362
    758470    0.864791
    758480    0.794648
    758490    0.869127
    758500    0.886528
    758510    0.864318
    758520    0.795396
    758530    0.895982
    758540     0.83037
    758550    0.784414
    758560      0.7453
    758570    0.893234
    758580    0.819617
    758590     0.81611
    758600    0.829937
    758610    0.907693
    758620    0.811042
    758630    0.824521
    758640    0.865376
    758650    0.875439
    758660    0.822569
    758670    0.842222
    758680    0.765729
    758690    0.738096
    758700    0.827091
    758710    0.731547
    758720    0.808077
    758730    0.816043
    758740    0.775363
    758750    0.782031
    758760     0.84354
    758770    0.903459
    758780    0.888115
    758790    0.880368
    758800    0.857826
    758810     0.85715
    758820    0.858782
    758830     0.82511
    758840    0.822947
    758850    0.925433
    758860    0.851047
    758870    0.840079
    758880    0.875679
    758890    0.877017
    758900    0.905072
    758910    0.883409
    758920    0.839083
    758930    0.853747
    758940    0.845121
    758950    0.897967
    758960    0.890301
    758970    0.855979
    758980    0.826962
    758990    0.796662
    759000    0.800383
    759010    0.777334
    759020    0.753268
    759030    0.771513
    759040      0.8176
    759050    0.757534
    759060     0.80581
    759070    0.826898
    759080    0.839168
    759090    0.848857
    759100    0.861333
    759110    0.859868
    759120    0.853244
    759130     0.86299
    759140    0.915571
    759150    0.939818
    759160    0.893004
    759170     0.89843
    759180    0.847786
    759190    0.880931
    759200    0.858993
    759210    0.925002
    759220    0.845902
    759230    0.890691
    759240    0.891387
    759250    0.838195
    759260    0.886072
    759270    0.932922
    759280    0.852118
    759290     0.93478
    759300    0.883916
    759310    0.862658
    759320    0.858669
    759330    0.854954
    759340    0.892437
    759350    0.859913
    759360    0.838064
    759370    0.842328
    759380    0.916165
    759390    0.954947
    759400    0.901416
    759410    0.853854
    759420    0.830592
    759430    0.836971
    759440    0.935092
    759450    0.883197
    759460    0.904371
    759470    0.914776
    759480    0.895112
    759490    0.918545
    759500     0.85896
    759510    0.860274
    759520     0.83251
    759530    0.866352
    759540    0.916336
    759550    0.947251
    759560    0.891361
    759570    0.944576
    759580    0.887395
    759590    0.957622
    759600    0.926933
    759610    0.904682
    759620    0.841264
    759630    0.901464
    759640    0.894611
    759650    0.805981
    759660    0.886937
    759670    0.884406
    759680    0.882006
    759690    0.859034
    759700    0.896973
    759710    0.834678
    759720    0.871099
    759730    0.812806
    759740    0.874193
    759750    0.910898
    759760    0.802196
    759770    0.865585
    759780     0.89646
    759790    0.843759
    759800    0.842859
    759810    0.891103
    759820    0.903044
    759830    0.827097
    759840     0.79882
    759850    0.784242
    759860    0.808433
    759870     0.88243
    759880    0.806724
    759890    0.768908
    759900    0.853412
    759910    0.808749
    759920     0.86711
    759930    0.857772
    759940    0.851017
    759950    0.829934
    759960    0.820545
    759970    0.875096
    759980    0.846129
    759990    0.837193
    760000    0.744228
    760010    0.820654
    760020    0.837504
    760030    0.810396
    760040    0.775184
    760050    0.841074
    760060    0.776751
    760070    0.778125
    760080    0.813306
    760090    0.833806
    760100    0.839498
    760110    0.819969
    760120    0.815286
    760130    0.798437
    760140    0.790793
    760150    0.918502
    760160    0.827522
    760170     0.84345
    760180    0.825967
    760190     0.83741
    760200    0.810134
    760210    0.854435
    760220    0.838654
    760230    0.927177
    760240    0.842153
    760250    0.906363
    760260    0.883516
    760270    0.823981
    760280    0.861187
    760290     0.81067
    760300    0.883535
    760310    0.838038
    760320    0.851073
    760330    0.856046
    760340    0.815798
    760350    0.794116
    760360    0.759269
    760370    0.750298
    760380    0.666233
    760390    0.708488
    760400    0.678156
    760410    0.734978
    760420    0.746626
    760430    0.705192
    760440    0.668146
    760450    0.776126
    760460    0.733337
    760470    0.720581
    760480    0.759464
    760490    0.735395
    760500     0.74153
    760510    0.772298
    760520    0.677464
    760530    0.728769
    760540    0.715648
    760550    0.688359
    760560    0.740851
    760570    0.766787
    760580    0.632432
    760590    0.705428
    760600    0.665394
    760610    0.700999
    760620    0.689187
    760630     0.64974
    760640    0.670867
    760650    0.664331
    760660    0.718171
    760670    0.720962
    760680    0.737716
    760690    0.563672
    760700     0.61258
    760710    0.719116
    760720    0.706772
    760730    0.681247
    760740    0.716178
    760750    0.731683
    760760    0.708142
    760770    0.790937
    760780    0.780282
    760790    0.715245
    760800    0.682609
    760810    0.785202
    760820    0.745768
    760830    0.703327
    760840    0.736117
    760850    0.666101
    760860    0.759245
    760870    0.683239
    760880    0.705979
    760890    0.734661
    760900    0.732002
    760910    0.761607
    760920    0.700543
    760930    0.662624
    760940    0.673616
    760950    0.705892
    760960    0.800735
    760970    0.718302
    760980    0.752628
    760990    0.756795
    761000    0.764061
    761010    0.737038
    761020    0.803997
    761030     0.71602
    761040    0.756037
    761050    0.754636
    761060    0.659392
    761070    0.620165
    761080    0.689289
    761090    0.676784
    761100    0.695261
    761110    0.656755
    761120    0.697144
    761130    0.687684
    761140    0.723975
    761150    0.756921
    761160    0.809054
    761170    0.764652
    761180     0.73643
    761190    0.787535
    761200    0.797483
    761210    0.807069
    761220    0.811461
    761230    0.759397
    761240    0.792929
    761250    0.789929
    761260    0.865192
    761270    0.783011
    761280    0.761739
    761290    0.661195
    761300     0.68719
    761310    0.781253
    761320    0.818626
    761330    0.815037
    761340    0.782957
    761350     0.75626
    761360    0.736661
    761370    0.772613
    761380    0.764712
    761390    0.752828
    761400    0.735969
    761410    0.713496
    761420    0.697989
    761430    0.792585
    761440    0.790119
    761450    0.755362
    761460    0.761663
    761470    0.754848
    761480    0.715017
    761490    0.784134
    761500    0.685125
    761510    0.716613
    761520    0.777845
    761530    0.735105
    761540    0.870194
    761550    0.725822
    761560    0.741442
    761570     0.72103
    761580     0.68678
    761590    0.742564
    761600    0.699222
    761610    0.820085
    761620    0.691076
    761630    0.748219
    761640    0.689626
    761650    0.686806
    761660     0.66929
    761670    0.637649
    761680    0.643194
    761690    0.647374
    761700    0.620386
    761710    0.613835
    761720    0.621866
    761730    0.672435
    761740    0.736442
    761750    0.841013
    761760    0.845364
    761770    0.780589
    761780    0.788553
    761790    0.877508
    761800    0.851157
    761810    0.882351
    761820    0.864368
    761830    0.897747
    761840    0.772809
    761850    0.856262
    761860    0.850436
    761870    0.900163
    761880    0.871356
    761890    0.852415
    761900    0.825621
    761910    0.830353
    761920    0.824134
    761930    0.790481
    761940    0.877713
    761950    0.798418
    761960    0.823309
    761970    0.765478
    761980    0.790989
    761990    0.766442
    762000      0.7728
    762010    0.795356
    762020    0.800072
    762030    0.794602
    762040    0.815946
    762050     0.76556
    762060    0.729783
    762070    0.805597
    762080    0.773613
    762090    0.710447
    762100    0.759506
    762110    0.697521
    762120    0.754397
    762130    0.715853
    762140    0.759263
    762150     0.73928
    762160    0.727102
    762170    0.707255
    762180    0.742466
    762190    0.728922
    762200     0.70296
    762210    0.683663
    762220    0.719642
    762230    0.659754
    762240    0.701261
    762250     0.63428
    762260    0.688859
    762270    0.618887
    762280    0.656323
    762290     0.65123
    762300    0.628247
    762310    0.674194
    762320    0.699023
    762330    0.724047
    762340     0.73678
    762350    0.691785
    762360    0.627561
    762370    0.711533
    762380    0.657995
    762390    0.725083
    762400    0.633844
    762410    0.626993
    762420    0.632958
    762430    0.683423
    762440    0.716499
    762450    0.643982
    762460     0.71012
    762470    0.629957
    762480    0.682414
    762490    0.689911
    762500    0.689992
    762510    0.716747
    762520    0.701536
    762530    0.674019
    762540    0.648461
    762550    0.648516
    762560    0.670232
    762570     0.61962
    762580    0.674047
    762590    0.644848
    762600    0.658512
    762610    0.586377
    762620    0.586395
    762630    0.658954
    762640    0.649747
    762650    0.563257
    762660    0.661278
    762670    0.651368
    762680    0.561347
    762690    0.626289
    762700    0.570469
    762710    0.607622
    762720    0.637078
    762730    0.709451
    762740    0.673495
    762750    0.631303
    762760     0.67821
    762770    0.716635
    762780    0.679018
    762790    0.735814
    762800    0.730195
    762810    0.668163
    762820    0.670399
    762830    0.781197
    762840    0.716567
    762850    0.661259
    762860    0.758095
    762870    0.691584
    762880    0.703159
    762890    0.755167
    762900    0.716593
    762910    0.758162
    762920    0.779142
    762930    0.724578
    762940    0.743161
    762950    0.748682
    762960    0.644005
    762970    0.633209
    762980    0.626553
    762990    0.572404
    763000    0.654768
    763010    0.617665
    763020    0.632341
    763030    0.694698
    763040    0.715231
    763050    0.773741
    763060    0.727032
    763070    0.733771
    763080    0.772448
    763090    0.813563
    763100    0.738788
    763110    0.790347
    763120    0.794258
    763130    0.796176
    763140    0.792462
    763150    0.749712
    763160    0.669025
    763170    0.750804
    763180    0.716781
    763190    0.733063
    763200    0.773279
    763210    0.740874
    763220    0.804692
    763230    0.767922
    763240    0.815027
    763250    0.795165
    763260    0.784673
    763270    0.718604
    763280    0.770459
    763290    0.767715
    763300    0.765063
    763310    0.871645
    763320    0.848209
    763330    0.812455
    763340    0.864479
    763350    0.886313
    763360    0.812341
    763370    0.711892
    763380    0.811516
    763390    0.860784
    763400    0.839146
    763410    0.864456
    763420     0.83871
    763430    0.877571
    763440     0.84573
    763450    0.876088
    763460    0.853836
    763470    0.840282
    763480    0.785829
    763490    0.739011
    763500    0.793337
    763510    0.800301
    763520    0.722802
    763530    0.783471
    763540    0.776098
    763550    0.795107
    763560    0.707766
    763570    0.861123
    763580    0.780511
    763590    0.763007
    763600    0.830331
    763610    0.794756
    763620    0.795221
    763630    0.751794
    763640    0.840378
    763650    0.860817
    763660    0.885776
    763670     0.90276
    763680    0.871713
    763690    0.843101
    763700     0.89387
    763710    0.816096
    763720    0.843878
    763730    0.779665
    763740     0.72048
    763750    0.790141
    763760    0.825314
    763770    0.818888
    763780     0.85214
    763790     0.80883
    763800    0.789242
    763810    0.805185
    763820    0.785173
    763830    0.857332
    763840    0.808254
    763850    0.821831
    763860    0.826328
    763870    0.824395
    763880    0.827438
    763890    0.821676
    763900    0.874805
    763910    0.863119
    763920    0.942219
    763930    0.847287
    763940    0.864316
    763950    0.863034
    763960    0.823557
    763970    0.844743
    763980    0.754024
    763990    0.749633
    764000    0.774865
    764010    0.781735
    764020    0.770448
    764030    0.681546
    764040    0.741885
    764050    0.765848
    764060    0.709499
    764070    0.741244
    764080    0.737348
    764090    0.807419
    764100    0.807521
    764110    0.771269
    764120    0.735666
    764130    0.728064
    764140    0.805319
    764150    0.741951
    764160    0.802865
    764170     0.79166
    764180    0.867876
    764190     0.87319
    764200     0.86268
    764210    0.816016
    764220    0.838981
    764230    0.855795
    764240     0.77148
    764250    0.767847
    764260    0.718723
    764270      0.8059
    764280     0.84747
    764290    0.883555
    764300     0.84822
    764310    0.849563
    764320    0.829061
    764330    0.826285
    764340    0.837503
    764350    0.829832
    764360    0.793594
    764370    0.812737
    764380    0.830522
    764390     0.89494
    764400    0.850486
    764410    0.843904
    764420    0.881373
    764430    0.888075
    764440    0.848869
    764450    0.869019
    764460    0.852776
    764470    0.810915
    764480    0.905764
    764490    0.902956
    764500    0.874522
    764510    0.862927
    764520    0.918494
    764530    0.860458
    764540    0.853153
    764550    0.902258
    764560     0.82497
    764570    0.914511
    764580    0.846376
    764590    0.858292
    764600    0.836052
    764610    0.880943
    764620    0.854349
    764630    0.862496
    764640    0.860558
    764650     0.91151
    764660    0.886111
    764670    0.858151
    764680    0.859556
    764690    0.849292
    764700    0.838212
    764710    0.880524
    764720    0.845867
    764730    0.891203
    764740    0.861282
    764750    0.863967
    764760    0.890538
    764770    0.820349
    764780    0.863851
    764790    0.885298
    764800    0.855218
    764810    0.859021
    764820    0.813621
    764830    0.880767
    764840    0.792485
    764850    0.804134
    764860    0.844912
    764870    0.796334
    764880    0.851074
    764890     0.87867
    764900    0.840946
    764910    0.839554
    764920    0.835387
    764930    0.836597
    764940    0.855949
    764950    0.813686
    764960    0.838954
    764970    0.838777
    764980    0.804728
    764990    0.851347
    765000    0.852833
    765010     0.86566
    765020    0.795818
    765030    0.759688
    765040    0.885998
    765050    0.844788
    765060    0.834728
    765070    0.865221
    765080    0.875425
    765090    0.858609
    765100    0.866726
    765110    0.854572
    765120    0.840696
    765130    0.865719
    765140    0.864288
    765150    0.880754
    765160    0.783962
    765170    0.867046
    765180    0.792162
    765190    0.809334
    765200    0.780357
    765210    0.786885
    765220    0.782154
    765230    0.754604
    765240    0.846185
    765250    0.825865
    765260    0.816074
    765270    0.811671
    765280     0.79184
    765290    0.849321
    765300    0.845275
    765310    0.815622
    765320    0.866911
    765330    0.872417
    765340    0.899284
    765350    0.857297
    765360    0.897664
    765370    0.843813
    765380      0.8034
    765390    0.845327
    765400    0.832112
    765410    0.788029
    765420     0.83918
    765430    0.780368
    765440    0.802754
    765450    0.833538
    765460    0.874332
    765470    0.843414
    765480    0.850838
    765490    0.892758
    765500    0.816728
    765510     0.90588
    765520    0.858853
    765530    0.869026
    765540    0.876982
    765550    0.892325
    765560    0.847058
    765570    0.844001
    765580    0.843551
    765590    0.844733
    765600    0.943229
    765610     0.89217
    765620    0.863699
    765630     0.88728
    765640    0.932258
    765650    0.859965
    765660    0.890694
    765670    0.834718
    765680    0.878916
    765690    0.859902
    765700    0.829777
    765710    0.830332
    765720     0.80083
    765730    0.853471
    765740    0.835903
    765750    0.802185
    765760     0.83294
    765770    0.902786
    765780    0.818254
    765790    0.884719
    765800    0.864673
    765810    0.811198
    765820     0.85985
    765830    0.857332
    765840    0.888977
    765850    0.917485
    765860    0.859097
    765870    0.852694
    765880     0.89767
    765890     0.85516
    765900    0.891191
    765910    0.898841
    765920    0.868659
    765930    0.858699
    765940    0.879497
    765950     0.85919
    765960    0.892758
    765970     0.85597
    765980    0.846983
    765990    0.824547
    766000    0.845773
    766010    0.829613
    766020    0.829494
    766030    0.850915
    766040    0.858358
    766050    0.861904
    766060    0.827451
    766070    0.847097
    766080    0.782266
    766090    0.828178
    766100    0.876334
    766110    0.877516
    766120    0.819413
    766130     0.80852
    766140    0.795354
    766150    0.792061
    766160    0.807885
    766170    0.778877
    766180    0.840597
    766190    0.833783
    766200    0.817746
    766210    0.851708
    766220    0.888848
    766230    0.785652
    766240    0.834448
    766250    0.857161
    766260    0.839572
    766270    0.810715
    766280    0.790732
    766290     0.84454
    766300    0.854857
    766310    0.863632
    766320    0.827093
    766330     0.81127
    766340    0.811836
    766350    0.828227
    766360    0.845431
    766370    0.808932
    766380    0.849476
    766390    0.876748
    766400    0.813588
    766410     0.84375
    766420    0.813128
    766430    0.767928
    766440    0.811401
    766450    0.806496
    766460    0.825014
    766470    0.810948
    766480    0.787004
    766490    0.807509
    766500    0.835728
    766510    0.813292
    766520    0.837668
    766530    0.861829
    766540    0.886389
    766550    0.883001
    766560    0.913983
    766570    0.879542
    766580    0.891505
    766590    0.870978
    766600    0.869012
    766610    0.829073
    766620    0.865161
    766630    0.858693
    766640    0.795918
    766650    0.845873
    766660     0.88012
    766670    0.858961
    766680     0.85737
    766690    0.862413
    766700     0.90087
    766710    0.873585
    766720    0.798839
    766730    0.885104
    766740    0.896869
    766750    0.887875
    766760     0.77002
    766770    0.863319
    766780      0.8349
    766790    0.873172
    766800    0.831381
    766810    0.861944
    766820     0.88553
    766830    0.895057
    766840      0.8216
    766850    0.859361
    766860    0.873356
    766870    0.825915
    766880     0.87453
    766890    0.820919
    766900     0.84619
    766910    0.831675
    766920    0.843423
    766930    0.830344
    766940    0.826437
    766950    0.809333
    766960    0.815132
    766970    0.884061
    766980    0.844623
    766990    0.817324
    767000    0.817683
    767010    0.891875
    767020    0.895279
    767030    0.940225
    767040    0.931904
    767050    0.865221
    767060    0.846265
    767070    0.894082
    767080    0.774686
    767090    0.794236
    767100    0.882864
    767110    0.899848
    767120    0.807601
    767130     0.88181
    767140    0.818332
    767150    0.876147
    767160    0.881387
    767170    0.838709
    767180    0.841318
    767190    0.855395
    767200    0.823473
    767210    0.783793
    767220    0.913213
    767230    0.880843
    767240    0.892324
    767250    0.881846
    767260    0.808694
    767270    0.893821
    767280    0.891541
    767290    0.819553
    767300    0.816577
    767310    0.816595
    767320    0.859026
    767330    0.774837
    767340    0.852116
    767350    0.874508
    767360    0.891243
    767370     0.88916
    767380    0.834047
    767390    0.833706
    767400    0.816956
    767410    0.823431
    767420     0.78212
    767430    0.836394
    767440    0.825772
    767450    0.829673
    767460    0.829186
    767470    0.880859
    767480    0.871624
    767490    0.869826
    767500    0.822447
    767510    0.824372
    767520    0.809158
    767530    0.801228
    767540    0.794732
    767550    0.779052
    767560    0.779938
    767570    0.734219
    767580    0.842746
    767590    0.829901
    767600    0.866961
    767610    0.837994
    767620    0.836996
    767630    0.860246
    767640    0.855968
    767650    0.839084
    767660    0.844832
    767670    0.850918
    767680      0.8377
    767690    0.889811
    767700     0.87095
    767710    0.834317
    767720    0.761307
    767730    0.836202
    767740    0.845173
    767750    0.838689
    767760    0.811347
    767770    0.863798
    767780    0.864287
    767790    0.842152
    767800    0.831095
    767810    0.626024
    767820    0.680041
    767830    0.735915
    767840    0.709131
    767850    0.695579
    767860    0.742528
    767870      0.6767
    767880    0.717086
    767890    0.645753
    767900    0.694697
    767910    0.636938
    767920    0.682148
    767930    0.686509
    767940    0.759001
    767950    0.748759
    767960    0.641569
    767970    0.683978
    767980    0.664882
    767990    0.680461
    768000    0.677778
    768010    0.597834
    768020    0.649562
    768030    0.717468
    768040    0.702528
    768050    0.679884
    768060    0.755745
    768070    0.657984
    768080    0.653331
    768090    0.679704
    768100    0.698856
    768110    0.726209
    768120    0.698481
    768130    0.775203
    768140    0.811199
    768150    0.812017
    768160    0.782421
    768170    0.719256
    768180     0.79218
    768190    0.722731
    768200    0.755642
    768210    0.784994
    768220    0.809491
    768230    0.796837
    768240    0.760581
    768250     0.72748
    768260    0.743037
    768270    0.732486
    768280    0.772439
    768290    0.828392
    768300     0.74135
    768310    0.739184
    768320     0.73476
    768330    0.760963
    768340    0.759244
    768350    0.828344
    768360    0.834348
    768370    0.735576
    768380    0.733383
    768390    0.745864
    768400    0.692652
    768410    0.696259
    768420    0.730058
    768430    0.743456
    768440    0.726215
    768450    0.664041
    768460    0.764955
    768470    0.697722
    768480    0.709456
    768490      0.7168
    768500    0.722276
    768510    0.777756
    768520    0.763546
    768530    0.757143
    768540    0.785666
    768550    0.775437
    768560    0.786472
    768570    0.768465
    768580    0.809482
    768590    0.741392
    768600    0.786943
    768610    0.744172
    768620     0.72735
    768630    0.774946
    768640    0.777304
    768650    0.766609
    768660    0.730448
    768670    0.734503
    768680    0.782759
    768690    0.754331
    768700    0.797922
    768710    0.763897
    768720     0.76953
    768730    0.738069
    768740    0.765407
    768750    0.735116
    768760     0.73373
    768770    0.752443
    768780    0.782552
    768790    0.725047
    768800    0.777602
    768810     0.76184
    768820    0.751099
    768830    0.741721
    768840    0.805874
    768850    0.764258
    768860    0.795092
    768870    0.687412
    768880    0.841562
    768890    0.812668
    768900    0.766658
    768910    0.746117
    768920    0.739729
    768930     0.73065
    768940    0.779212
    768950    0.739871
    768960    0.742239
    768970    0.797206
    768980    0.739068
    768990     0.77164
    769000    0.743603
    769010    0.757972
    769020    0.779374
    769030    0.719036
    769040    0.693202
    769050    0.687712
    769060    0.777255
    769070    0.798068
    769080    0.709869
    769090    0.803226
    769100    0.758379
    769110    0.778871
    769120    0.743664
    769130    0.764707
    769140    0.706556
    769150    0.748108
    769160     0.77729
    769170    0.751067
    769180    0.724548
    769190    0.780417
    769200     0.71945
    769210    0.706052
    769220    0.784647
    769230    0.739379
    769240    0.755852
    769250    0.780201
    769260    0.768394
    769270    0.784859
    769280     0.74981
    769290    0.818679
    769300     0.73196
    769310    0.762736
    769320    0.750972
    769330    0.755339
    769340    0.794696
    769350    0.728535
    769360    0.795116
    769370     0.75351
    769380    0.720951
    769390    0.693976
    769400    0.772179
    769410    0.768119
    769420    0.761382
    769430    0.735781
    769440    0.678949
    769450    0.707219
    769460    0.676725
    769470    0.770277
    769480    0.741446
    769490    0.737923
    769500    0.729796
    769510    0.732908
    769520    0.760761
    769530    0.722557
    769540    0.747843
    769550     0.71056
    769560    0.762912
    769570    0.732714
    769580     0.73706
    769590    0.720367
    769600    0.728796
    769610    0.754728
    769620    0.788425
    769630     0.75647
    769640    0.743555
    769650    0.761733
    769660    0.731632
    769670    0.680614
    769680    0.755732
    769690    0.738159
    769700    0.689617
    769710    0.755973
    769720     0.70541
    769730    0.806203
    769740    0.742967
    769750    0.773238
    769760    0.754825
    769770    0.782526
    769780    0.771564
    769790     0.67304
    769800    0.714777
    769810    0.739805
    769820    0.683004
    769830    0.702444
    769840     0.71972
    769850    0.689317
    769860    0.608825
    769870    0.660392
    769880    0.725098
    769890     0.73026
    769900    0.758096
    769910    0.746468
    769920    0.728257
    769930    0.668574
    769940    0.745391
    769950    0.725177
    769960     0.69423
    769970    0.757461
    769980    0.798689
    769990    0.782616
    770000    0.773666
    770010    0.720823
    770020    0.740619
    770030    0.756012
    770040    0.778671
    770050     0.76049
    770060    0.664944
    770070     0.77063
    770080    0.785007
    770090    0.727952
    770100    0.725298
    770110    0.725221
    770120    0.755718
    770130    0.648073
    770140    0.730632
    770150    0.762586
    770160    0.674226
    770170    0.746827
    770180    0.703451
    770190    0.773414
    770200    0.766524
    770210    0.737535
    770220    0.780836
    770230     0.77246
    770240    0.781747
    770250    0.738332
    770260    0.785356
    770270    0.762192
    770280     0.70609
    770290    0.809762
    770300    0.772814
    770310    0.753296
    770320    0.778359
    770330    0.716851
    770340    0.702782
    770350    0.652919
    770360    0.681271
    770370    0.661647
    770380    0.734471
    770390    0.754669
    770400    0.661645
    770410    0.663541
    770420    0.607173
    770430    0.742939
    770440    0.648834
    770450    0.676025
    770460    0.743926
    770470    0.691189
    770480    0.732306
    770490    0.761813
    770500    0.729701
    770510    0.687682
    770520    0.722239
    770530    0.630284
    770540    0.692621
    770550    0.649518
    770560    0.656597
    770570    0.662957
    770580     0.66003
    770590    0.691168
    770600    0.647976
    770610    0.724921
    770620    0.697964
    770630    0.644788
    770640    0.666988
    770650    0.713806
    770660    0.602552
    770670    0.646031
    770680    0.618423
    770690    0.673129
    770700    0.695846
    770710    0.608046
    770720    0.667375
    770730    0.633482
    770740    0.615861
    770750    0.654368
    770760    0.662385
    770770    0.653329
    770780    0.632642
    770790    0.709464
    770800    0.652381
    770810    0.640779
    770820    0.646831
    770830    0.649002
    770840     0.69528
    770850    0.684053
    770860    0.742623
    770870    0.695404
    770880    0.704754
    770890     0.65292
    770900    0.668829
    770910    0.731008
    770920     0.72209
    770930    0.664418
    770940    0.709622
    770950    0.743841
    770960    0.747958
    770970    0.695066
    770980     0.71822
    770990    0.635667
    771000    0.724145
    771010    0.695385
    771020    0.759374
    771030     0.73868
    771040    0.686251
    771050    0.731106
    771060    0.679479
    771070    0.756954
    771080    0.748657
    771090    0.783273
    771100     0.74621
    771110    0.696688
    771120    0.752476
    771130    0.727332
    771140    0.707161
    771150    0.738205
    771160    0.718982
    771170     0.75213
    771180    0.695834
    771190    0.669898
    771200    0.694476
    771210    0.686541
    771220    0.712896
    771230    0.691364
    771240    0.740887
    771250    0.766926
    771260    0.621689
    771270    0.695117
    771280    0.750926
    771290    0.706962
    771300    0.742557
    771310    0.766668
    771320    0.709202
    771330    0.739009
    771340    0.754547
    771350    0.733929
    771360    0.681691
    771370    0.700277
    771380    0.751042
    771390     0.70923
    771400    0.727063
    771410    0.712316
    771420     0.71475
    771430    0.758816
    771440    0.760599
    771450    0.734999
    771460    0.691721
    771470    0.744295
    771480     0.71272
    771490    0.740129
    771500    0.751314
    771510    0.747778
    771520    0.766256
    771530    0.728916
    771540    0.727873
    771550    0.711707
    771560    0.755832
    771570    0.749854
    771580    0.776666
    771590    0.763863
    771600    0.718477
    771610    0.765463
    771620    0.678163
    771630    0.707868
    771640    0.726497
    771650     0.73065
    771660     0.68095
    771670    0.684584
    771680    0.615619
    771690    0.662269
    771700    0.721722
    771710    0.750813
    771720    0.752278
    771730    0.757798
    771740    0.714805
    771750    0.665749
    771760    0.722155
    771770     0.71747
    771780    0.683187
    771790    0.716888
    771800    0.651744
    771810    0.693021
    771820    0.719195
    771830    0.781499
    771840    0.727629
    771850    0.738557
    771860    0.708846
    771870     0.74299
    771880     0.72718
    771890    0.756368
    771900    0.728334
    771910    0.803649
    771920    0.740156
    771930     0.68673
    771940    0.741708
    771950    0.700268
    771960    0.812717
    771970    0.726267
    771980    0.686125
    771990    0.725391
    772000    0.773046
    772010    0.736536
    772020    0.753388
    772030    0.743703
    772040    0.722143
    772050    0.764638
    772060    0.771019
    772070    0.737469
    772080      0.6928
    772090    0.781758
    772100    0.672125
    772110    0.716161
    772120    0.708363
    772130    0.768555
    772140    0.717007
    772150    0.685943
    772160    0.763855
    772170    0.750219
    772180    0.693761
    772190      0.7593
    772200     0.73346
    772210    0.722991
    772220    0.778614
    772230    0.768033
    772240    0.810665
    772250    0.778905
    772260    0.787288
    772270    0.766617
    772280    0.797792
    772290    0.773502
    772300    0.700704
    772310    0.692931
    772320    0.715869
    772330    0.741814
    772340    0.776175
    772350    0.683581
    772360    0.734909
    772370    0.708504
    772380    0.737559
    772390    0.699788
    772400    0.745927
    772410    0.733178
    772420    0.699844
    772430    0.748681
    772440    0.768364
    772450     0.66461
    772460    0.729289
    772470    0.764525
    772480    0.700183
    772490    0.714203
    772500    0.773027
    772510     0.76827
    772520    0.756119
    772530    0.650662
    772540    0.708971
    772550    0.715428
    772560    0.762121
    772570    0.673622
    772580    0.758089
    772590    0.755339
    772600    0.751288
    772610    0.663701
    772620    0.682393
    772630    0.713695
    772640    0.653198
    772650    0.668905
    772660    0.684813
    772670    0.731661
    772680    0.707425
    772690    0.696311
    772700    0.747503
    772710    0.727721
    772720    0.689909
    772730    0.721306
    772740    0.687208
    772750    0.715936
    772760    0.729137
    772770    0.658341
    772780    0.702747
    772790    0.678056
    772800    0.788521
    772810    0.777692
    772820    0.701019
    772830    0.781232
    772840    0.679808
    772850    0.683484
    772860    0.728452
    772870    0.691923
    772880     0.75242
    772890    0.663258
    772900    0.759991
    772910    0.736302
    772920    0.710779
    772930    0.759687
    772940      0.6937
    772950    0.739489
    772960     0.74828
    772970     0.68568
    772980    0.726028
    772990    0.666505
    773000    0.749701
    773010    0.731337
    773020    0.713051
    773030     0.74379
    773040    0.740442
    773050    0.780778
    773060     0.78449
    773070    0.753459
    773080    0.702793
    773090    0.747578
    773100    0.715894
    773110    0.771472
    773120    0.677989
    773130    0.774843
    773140    0.713245
    773150    0.744446
    773160    0.695135
    773170    0.708321
    773180    0.713907
    773190    0.745821
    773200    0.763965
    773210    0.765529
    773220    0.639216
    773230    0.787604
    773240    0.733422
    773250    0.794345
    773260    0.833649
    773270    0.758563
    773280    0.779859
    773290    0.794171
    773300     0.81694
    773310    0.771184
    773320    0.797018
    773330    0.781532
    773340    0.751604
    773350     0.86234
    773360    0.779109
    773370    0.782669
    773380     0.74826
    773390     0.71957
    773400    0.745266
    773410    0.777707
    773420    0.775204
    773430    0.716521
    773440    0.733945
    773450    0.724295
    773460    0.739102
    773470    0.834673
    773480    0.753043
    773490    0.761673
    773500    0.724217
    773510    0.703521
    773520    0.740771
    773530    0.779298
    773540    0.736782
    773550    0.785728
    773560    0.824596
    773570    0.722962
    773580    0.812908
    773590    0.766017
    773600    0.729995
    773610    0.821643
    773620    0.789389
    773630    0.837311
    773640    0.770779
    773650    0.775595
    773660     0.79994
    773670    0.793463
    773680    0.787417
    773690    0.719955
    773700    0.775601
    773710    0.677669
    773720    0.796507
    773730    0.782116
    773740     0.83224
    773750    0.804687
    773760    0.767728
    773770    0.808464
    773780    0.677101
    773790    0.687931
    773800    0.746101
    773810    0.714123
    773820    0.777944
    773830    0.718048
    773840    0.783945
    773850    0.647628
    773860    0.763086
    773870     0.79925
    773880    0.757646
    773890    0.737238
    773900    0.773391
    773910    0.823845
    773920    0.680908
    773930    0.771474
    773940    0.751259
    773950    0.734451
    773960    0.696966
    773970    0.756331
    773980    0.740283
    773990    0.774292
    774000     0.77724
    774010    0.808935
    774020    0.729329
    774030    0.786199
    774040    0.791681
    774050    0.776145
    774060    0.780344
    774070    0.780034
    774080    0.784399
    774090    0.734488
    774100    0.791579
    774110    0.760098
    774120    0.768968
    774130    0.794573
    774140    0.777794
    774150    0.702799
    774160    0.783761
    774170    0.727025
    774180     0.71216
    774190    0.738168
    774200     0.74498
    774210    0.809995
    774220    0.804676
    774230    0.782139
    774240    0.771361
    774250    0.768598
    774260    0.848773
    774270    0.741374
    774280    0.819198
    774290    0.776917
    774300    0.743374
    774310    0.861847
    774320    0.798971
    774330    0.792309
    774340     0.79848
    774350    0.760163
    774360    0.806432
    774370    0.759559
    774380    0.828589
    774390    0.753412
    774400    0.743532
    774410    0.754105
    774420    0.749564
    774430    0.751614
    774440    0.752954
    774450    0.745903
    774460    0.795039
    774470    0.729769
    774480    0.738738
    774490    0.831788
    774500    0.742177
    774510     0.72819
    774520    0.737228
    774530    0.759935
    774540    0.794977
    774550    0.774795
    774560    0.672779
    774570    0.795154
    774580    0.802489
    774590    0.794542
    774600    0.776601
    774610    0.746852
    774620    0.826076
    774630    0.783186
    774640    0.769119
    774650    0.758624
    774660    0.764364
    774670    0.764144
    774680    0.782304
    774690    0.709388
    774700    0.765538
    774710    0.773495
    774720    0.726605
    774730    0.747551
    774740    0.734124
    774750    0.753551
    774760    0.768305
    774770    0.737779
    774780    0.766799
    774790    0.785517
    774800    0.800383
    774810    0.741462
    774820    0.753923
    774830    0.743167
    774840     0.65691
    774850    0.694664
    774860    0.691923
    774870    0.702349
    774880     0.68708
    774890    0.668962
    774900     0.73572
    774910     0.67717
    774920    0.767709
    774930    0.678551
    774940    0.688204
    774950    0.717868
    774960    0.764351
    774970    0.708185
    774980    0.587013
    774990    0.699552
    775000    0.685223
    775010    0.676635
    775020    0.797084
    775030    0.734183
    775040    0.760153
    775050    0.727144
    775060    0.733222
    775070    0.725191
    775080     0.75447
    775090    0.748929
    775100    0.739787
    775110    0.727147
    775120    0.718178
    775130    0.768086
    775140    0.719545
    775150     0.72627
    775160    0.698787
    775170    0.744604
    775180    0.730381
    775190    0.715295
    775200    0.747847
    775210    0.752913
    775220    0.751588
    775230    0.668139
    775240    0.706907
    775250    0.771349
    775260    0.659589
    775270    0.717694
    775280    0.755112
    775290    0.681536
    775300    0.729737
    775310    0.728939
    775320    0.703184
    775330    0.763114
    775340    0.751226
    775350    0.732533
    775360     0.62084
    775370    0.661708
    775380     0.76642
    775390    0.650149
    775400    0.691985
    775410    0.756594
    775420    0.723043
    775430    0.820934
    775440    0.704773
    775450    0.768609
    775460     0.77335
    775470    0.734704
    775480    0.765945
    775490    0.780234
    775500    0.782894
    775510    0.801485
    775520    0.791239
    775530    0.821509
    775540    0.701106
    775550    0.777216
    775560    0.732507
    775570    0.785829
    775580    0.732323
    775590    0.693021
    775600    0.700341
    775610    0.694877
    775620    0.784522
    775630     0.78676
    775640    0.740111
    775650    0.811376
    775660    0.725292
    775670     0.73156
    775680    0.742213
    775690    0.764572
    775700    0.747466
    775710    0.730469
    775720    0.746646
    775730    0.781669
    775740    0.784007
    775750    0.789108
    775760    0.765831
    775770    0.733473
    775780    0.783987
    775790    0.767829
    775800    0.707439
    775810    0.826852
    775820    0.720084
    775830    0.719313
    775840    0.764767
    775850    0.816152
    775860    0.775205
    775870    0.728394
    775880    0.743691
    775890    0.739944
    775900    0.777138
    775910    0.740343
    775920    0.771706
    775930    0.761719
    775940    0.695127
    775950    0.731511
    775960    0.747727
    775970    0.693566
    775980     0.73145
    775990    0.772113
    776000    0.766504
    776010    0.749173
    776020    0.752198
    776030    0.790766
    776040    0.752719
    776050    0.767244
    776060    0.781536
    776070    0.739931
    776080    0.745322
    776090    0.732744
    776100    0.773114
    776110    0.743995
    776120    0.751381
    776130    0.691155
    776140    0.717815
    776150    0.787866
    776160     0.73615
    776170    0.732758
    776180     0.72853
    776190    0.768188
    776200     0.76409
    776210    0.762931
    776220    0.734388
    776230    0.760846
    776240    0.709708
    776250    0.726752
    776260    0.816055
    776270    0.785253
    776280    0.731785
    776290    0.762696
    776300     0.70263
    776310    0.787153
    776320    0.785573
    776330    0.788198
    776340    0.768547
    776350     0.74884
    776360    0.762882
    776370    0.789854
    776380    0.770621
    776390    0.778176
    776400    0.773855
    776410    0.741424
    776420    0.761258
    776430    0.758182
    776440    0.769445
    776450    0.715681
    776460    0.743703
    776470    0.719205
    776480    0.754495
    776490    0.718192
    776500    0.697848
    776510    0.676647
    776520    0.727933
    776530    0.720375
    776540    0.722232
    776550    0.689509
    776560    0.720802
    776570    0.733344
    776580    0.749824
    776590    0.715091
    776600    0.674546
    776610    0.751644
    776620    0.741026
    776630    0.752712
    776640    0.768049
    776650     0.75568
    776660    0.729534
    776670    0.776479
    776680    0.720874
    776690    0.736595
    776700    0.740516
    776710     0.75042
    776720    0.704176
    776730    0.758079
    776740    0.764474
    776750    0.768599
    776760    0.749625
    776770    0.751968
    776780    0.703255
    776790    0.693727
    776800    0.711855
    776810    0.756702
    776820    0.795424
    776830    0.701165
    776840    0.719567
    776850    0.685776
    776860    0.725287
    776870     0.68472
    776880    0.713836
    776890     0.73728
    776900    0.752977
    776910    0.699364
    776920     0.76787
    776930    0.812376
    776940    0.710935
    776950    0.739715
    776960     0.77935
    776970    0.771145
    776980    0.782087
    776990    0.742948
    777000    0.768107
    777010    0.735744
    777020    0.670304
    777030    0.749426
    777040    0.680091
    777050    0.731301
    777060    0.739773
    777070    0.713367
    777080    0.798174
    777090    0.750875
    777100    0.733214
    777110    0.780421
    777120    0.724064
    777130    0.776474
    777140    0.716868
    777150    0.728802
    777160      0.7359
    777170    0.712967
    777180    0.777977
    777190    0.768929
    777200    0.739831
    777210    0.753595
    777220    0.770697
    777230    0.758748
    777240    0.723459
    777250    0.777038
    777260    0.791172
    777270    0.763638
    777280    0.782337
    777290    0.835946
    777300    0.783381
    777310    0.748155
    777320     0.75706
    777330    0.812718
    777340    0.772607
    777350    0.821255
    777360    0.751541
    777370    0.792869
    777380    0.748083
    777390    0.798442
    777400     0.73051
    777410    0.740977
    777420    0.742554
    777430    0.760028
    777440    0.734621
    777450    0.722364
    777460    0.706442
    777470    0.749491
    777480    0.744744
    777490    0.714817
    777500    0.802194
    777510    0.786131
    777520    0.712403
    777530     0.75698
    777540    0.778438
    777550    0.773933
    777560    0.790605
    777570    0.771318
    777580    0.750488
    777590    0.737698
    777600    0.756911
    777610     0.78117
    777620    0.740298
    777630    0.684153
    777640    0.645068
    777650    0.747567
    777660    0.633688
    777670    0.741072
    777680    0.756037
    777690    0.700487
    777700    0.728909
    777710    0.761908
    777720    0.780664
    777730    0.739186
    777740    0.810887
    777750    0.752232
    777760    0.750251
    777770    0.809437
    777780    0.805389
    777790    0.819892
    777800    0.804431
    777810    0.767761
    777820    0.797574
    777830    0.767193
    777840    0.768383
    777850    0.773507
    777860    0.746698
    777870     0.74012
    777880    0.747289
    777890    0.792237
    777900    0.685621
    777910    0.711954
    777920    0.753594
    777930    0.763686
    777940    0.828204
    777950    0.789327
    777960    0.798146
    777970    0.717486
    777980     0.79166
    777990    0.752636
    778000    0.742666
    778010    0.783578
    778020    0.815071
    778030    0.777394
    778040    0.791328
    778050    0.779262
    778060    0.725075
    778070    0.761123
    778080    0.868226
    778090     0.89445
    778100     0.84546
    778110    0.787386
    778120    0.827265
    778130    0.730514
    778140     0.76088
    778150    0.769233
    778160    0.754448
    778170    0.819983
    778180    0.772187
    778190    0.802157
    778200    0.749472
    778210    0.741199
    778220    0.781189
    778230    0.724543
    778240    0.822604
    778250    0.744808
    778260    0.761791
    778270    0.784454
    778280    0.751132
    778290    0.734679
    778300    0.722318
    778310    0.764872
    778320    0.755462
    778330    0.781613
    778340    0.717324
    778350     0.75845
    778360    0.751125
    778370    0.705137
    778380    0.752208
    778390     0.69748
    778400    0.777098
    778410    0.674682
    778420    0.821298
    778430    0.730697
    778440    0.712102
    778450    0.766194
    778460       0.731
    778470    0.773793
    778480    0.801081
    778490    0.765932
    778500     0.74659
    778510    0.712925
    778520     0.76914
    778530    0.723913
    778540    0.681331
    778550    0.683141
    778560     0.79314
    778570    0.740827
    778580    0.800642
    778590    0.676699
    778600    0.785419
    778610    0.784297
    778620    0.770611
    778630    0.770049
    778640    0.812965
    778650    0.726862
    778660    0.772369
    778670    0.833643
    778680      0.8123
    778690    0.709537
    778700    0.751444
    778710    0.760348
    778720    0.808355
    778730    0.742921
    778740    0.738594
    778750    0.741721
    778760     0.76884
    778770    0.731368
    778780    0.751455
    778790    0.729921
    778800    0.786855
    778810    0.795385
    778820    0.784517
    778830    0.717296
    778840    0.746845
    778850    0.768024
    778860    0.735192
    778870    0.795798
    778880       0.764
    778890    0.761265
    778900    0.775891
    778910    0.754813
    778920     0.76451
    778930     0.75641
    778940    0.723572
    778950    0.760931
    778960    0.746684
    778970    0.808415
    778980    0.782701
    778990    0.816858
    779000    0.800112
    779010     0.71464
    779020     0.77751
    779030    0.781528
    779040    0.723933
    779050    0.780465
    779060    0.718387
    779070    0.707752
    779080     0.76688
    779090    0.787585
    779100    0.779202
    779110    0.778863
    779120    0.739756
    779130    0.784395
    779140    0.817774
    779150     0.79618
    779160    0.743995
    779170    0.755659
    779180    0.759728
    779190    0.812061
    779200    0.762868
    779210    0.766763
    779220    0.855107
    779230    0.784227
    779240    0.730069
    779250    0.771637
    779260    0.721541
    779270    0.800868
    779280    0.717883
    779290    0.739931
    779300    0.740523
    779310    0.735103
    779320    0.780482
    779330    0.723953
    779340    0.746491
    779350    0.777188
    779360    0.802442
    779370    0.816193
    779380    0.819993
    779390    0.771218
    779400    0.793321
    779410    0.771587
    779420     0.80044
    779430    0.785396
    779440    0.743353
    779450    0.733239
    779460    0.756508
    779470    0.671414
    779480    0.712017
    779490    0.784204
    779500    0.773911
    779510    0.764073
    779520    0.764257
    779530    0.757083
    779540    0.731968
    779550     0.78086
    779560    0.738727
    779570    0.763614
    779580    0.794429
    779590      0.7735
    779600    0.677669
    779610    0.654235
    779620    0.741209
    779630    0.709169
    779640    0.697326
    779650    0.734139
    779660    0.711113
    779670    0.739547
    779680    0.624283
    779690    0.713446
    779700    0.670331
    779710    0.790065
    779720    0.652853
    779730    0.757779
    779740    0.751052
    779750    0.710259
    779760    0.702636
    779770    0.722298
    779780    0.698471
    779790    0.650077
    779800    0.704794
    779810    0.715255
    779820    0.715885
    779830    0.750974
    779840    0.698361
    779850    0.774467
    779860    0.724607
    779870    0.719636
    779880    0.814977
    779890    0.718498
    779900    0.778301
    779910    0.775034
    779920    0.715545
    779930    0.764298
    779940    0.745254
    779950     0.75153
    779960    0.797974
    779970    0.735682
    779980    0.790882
    779990    0.786423
    780000    0.799279
    780010    0.725771
    780020    0.759726
    780030    0.728072
    780040    0.770974
    780050    0.785291
    780060    0.755308
    780070    0.788976
    780080    0.822325
    780090    0.757477
    780100    0.756367
    780110    0.737274
    780120    0.677893
    780130    0.766428
    780140    0.802073
    780150    0.841443
    780160    0.724924
    780170    0.786836
    780180    0.775378
    780190    0.744266
    780200    0.780922
    780210    0.788286
    780220    0.815791
    780230    0.842718
    780240    0.766996
    780250     0.76738
    780260    0.791318
    780270    0.760166
    780280    0.766316
    780290    0.826792
    780300    0.732386
    780310     0.66968
    780320    0.674479
    780330    0.609551
    780340    0.687595
    780350    0.755096
    780360    0.753518
    780370     0.80053
    780380    0.741963
    780390    0.750273
    780400    0.760284
    780410    0.773528
    780420    0.719179
    780430    0.768501
    780440    0.727608
    780450    0.684415
    780460    0.753127
    780470    0.667392
    780480    0.746607
    780490    0.686627
    780500    0.679259
    780510    0.706853
    780520    0.692087
    780530    0.668042
    780540    0.767639
    780550    0.731628
    780560    0.743756
    780570    0.718862
    780580    0.738537
    780590    0.688043
    780600    0.770007
    780610    0.803722
    780620    0.818294
    780630    0.741353
    780640    0.644662
    780650    0.678447
    780660    0.744096
    780670    0.740531
    780680    0.528142
    780690    0.611557
    780700    0.652417
    780710    0.648573
    780720    0.669275
    780730    0.564451
    780740    0.605528
    780750    0.632361
    780760    0.510631
    780770    0.589712
    780780    0.573596
    780790    0.631507
    780800    0.625438
    780810    0.592895
    780820    0.659237
    780830    0.601837
    780840    0.585536
    780850    0.639009
    780860    0.620031
    780870    0.673681
    780880    0.631155
    780890    0.584971
    780900    0.551905
    780910    0.663442
    780920    0.611808
    780930    0.630706
    780940    0.677492
    780950    0.611964
    780960    0.564288
    780970    0.595968
    780980    0.641535
    780990    0.553027
    781000    0.669355
    781010    0.569058
    781020     0.58326
    781030    0.562845
    781040    0.609887
    781050    0.610429
    781060    0.550391
    781070     0.64355
    781080    0.547337
    781090    0.614013
    781100    0.597115
    781110    0.711278
    781120     0.61374
    781130    0.548443
    781140    0.646954
    781150    0.633325
    781160    0.666404
    781170    0.592559
    781180    0.578188
    781190    0.631967
    781200    0.562703
    781210    0.629905
    781220     0.61716
    781230    0.605082
    781240    0.635823
    781250    0.609629
    781260    0.629247
    781270     0.60044
    781280    0.644028
    781290    0.653722
    781300    0.611964
    781310    0.646442
    781320    0.619144
    781330    0.575749
    781340    0.547666
    781350    0.581368
    781360    0.588539
    781370    0.661317
    781380    0.589041
    781390     0.61308
    781400    0.690102
    781410     0.67276
    781420    0.601836
    781430    0.584692
    781440    0.679847
    781450    0.670235
    781460    0.632543
    781470    0.678313
    781480    0.626726
    781490    0.646293
    781500    0.646574
    781510     0.65379
    781520     0.68377
    781530    0.713645
    781540    0.622434
    781550    0.674013
    781560    0.682513
    781570    0.756836
    781580    0.716206
    781590    0.696768
    781600    0.735927
    781610    0.658253
    781620    0.671802
    781630    0.682153
    781640     0.65695
    781650     0.75316
    781660    0.577318
    781670     0.69518
    781680    0.672101
    781690    0.709539
    781700    0.679929
    781710     0.63772
    781720    0.681128
    781730    0.691199
    781740     0.61472
    781750    0.692493
    781760    0.690489
    781770    0.677565
    781780    0.654508
    781790    0.661114
    781800    0.697698
    781810    0.699181
    781820    0.664612
    781830    0.626213
    781840    0.718094
    781850    0.701552
    781860    0.670202
    781870    0.635704
    781880    0.633786
    781890    0.678105
    781900    0.703764
    781910    0.644579
    781920    0.677085
    781930    0.637017
    781940    0.657691
    781950    0.686631
    781960    0.702434
    781970    0.646978
    781980    0.671087
    781990    0.654494
    782000     0.58298
    782010    0.690241
    782020    0.605579
    782030    0.586794
    782040    0.547625
    782050    0.646886
    782060    0.689514
    782070    0.645793
    782080    0.641087
    782090    0.636228
    782100    0.674959
    782110    0.634553
    782120    0.637075
    782130     0.61524
    782140    0.600196
    782150     0.64803
    782160    0.642583
    782170    0.597866
    782180    0.714093
    782190    0.687258
    782200    0.614536
    782210     0.58821
    782220    0.666089
    782230    0.635368
    782240    0.731444
    782250    0.661195
    782260      0.6462
    782270    0.630452
    782280    0.649544
    782290    0.616685
    782300    0.715785
    782310    0.693185
    782320    0.620504
    782330    0.670924
    782340    0.663647
    782350    0.674163
    782360    0.597622
    782370    0.675798
    782380    0.669453
    782390    0.707002
    782400    0.654616
    782410    0.635231
    782420    0.675395
    782430    0.662778
    782440    0.708735
    782450     0.67577
    782460    0.667096
    782470    0.610854
    782480    0.589074
    782490    0.730079
    782500    0.610665
    782510    0.717859
    782520    0.712313
    782530    0.685611
    782540    0.673016
    782550    0.650506
    782560    0.604356
    782570    0.653039
    782580    0.704989
    782590    0.653676
    782600    0.690469
    782610    0.601963
    782620    0.657269
    782630    0.665557
    782640    0.635793
    782650    0.631095
    782660    0.664292
    782670    0.633982
    782680    0.629812
    782690    0.638762
    782700    0.676484
    782710    0.668821
    782720     0.55619
    782730    0.663758
    782740    0.624234
    782750    0.671568
    782760     0.71193
    782770    0.659731
    782780    0.657023
    782790    0.685688
    782800    0.656041
    782810    0.688144
    782820    0.667313
    782830    0.640981
    782840    0.641082
    782850    0.607129
    782860    0.698417
    782870    0.609963
    782880     0.64114
    782890     0.62333
    782900    0.684543
    782910    0.708408
    782920    0.677247
    782930    0.631169
    782940    0.640341
    782950    0.665328
    782960    0.662239
    782970    0.657197
    782980    0.692794
    782990    0.665382
    783000    0.677653
    783010    0.615902
    783020    0.643713
    783030    0.664108
    783040    0.649204
    783050    0.629204
    783060    0.650404
    783070    0.705767
    783080    0.673775
    783090    0.674321
    783100    0.638741
    783110    0.641893
    783120    0.666716
    783130    0.661926
    783140    0.587491
    783150    0.702022
    783160    0.577469
    783170    0.641605
    783180    0.607891
    783190     0.63466
    783200    0.707887
    783210    0.642663
    783220    0.626017
    783230    0.677366
    783240    0.651124
    783250     0.66841
    783260    0.623249
    783270     0.64557
    783280    0.635988
    783290    0.608085
    783300    0.679148
    783310    0.669248
    783320    0.639156
    783330    0.656599
    783340    0.646945
    783350    0.652163
    783360    0.587009
    783370    0.620202
    783380     0.69411
    783390      0.7255
    783400    0.638519
    783410    0.647719
    783420    0.601826
    783430     0.64678
    783440    0.675444
    783450    0.550707
    783460    0.684054
    783470    0.596739
    783480    0.736999
    783490    0.664963
    783500    0.665449
    783510    0.633441
    783520     0.62151
    783530    0.657057
    783540    0.630073
    783550    0.617384
    783560    0.656851
    783570    0.697682
    783580    0.630443
    783590    0.618997
    783600    0.644694
    783610    0.636094
    783620    0.656371
    783630    0.644164
    783640    0.663861
    783650     0.61965
    783660    0.678423
    783670    0.623003
    783680    0.635065
    783690    0.655962
    783700     0.61888
    783710    0.611914
    783720    0.616535
    783730    0.624387
    783740    0.590509
    783750    0.566489
    783760    0.687029
    783770    0.646074
    783780     0.65213
    783790    0.618534
    783800    0.723689
    783810    0.657256
    783820    0.666058
    783830    0.632721
    783840    0.683771
    783850    0.646415
    783860    0.620847
    783870    0.652454
    783880    0.641116
    783890    0.611363
    783900    0.597712
    783910    0.679148
    783920    0.577318
    783930    0.671588
    783940    0.638135
    783950    0.687046
    783960    0.726315
    783970    0.710926
    783980    0.666073
    783990    0.588951
    784000    0.620749
    784010    0.687045
    784020    0.604415
    784030      0.6272
    784040    0.728127
    784050    0.663848
    784060    0.613079
    784070    0.659193
    784080    0.604324
    784090    0.685611
    784100    0.660515
    784110    0.670237
    784120    0.623978
    784130     0.59651
    784140    0.664025
    784150    0.710994
    784160    0.644431
    784170    0.637489
    784180    0.678559
    784190    0.647185
    784200    0.635579
    784210    0.663661
    784220    0.711606
    784230    0.725193
    784240     0.62712
    784250    0.639159
    784260    0.639098
    784270     0.62638
    784280    0.737021
    784290    0.683303
    784300    0.705769
    784310    0.566907
    784320    0.598935
    784330    0.616187
    784340    0.638601
    784350    0.562138
    784360    0.602385
    784370    0.631545
    784380    0.601873
    784390    0.661965
    784400    0.661423
    784410    0.629972
    784420    0.536021
    784430    0.762004
    784440     0.66957
    784450    0.650686
    784460    0.681377
    784470    0.674964
    784480    0.695482
    784490    0.625254
    784500     0.61982
    784510    0.715733
    784520    0.691836
    784530    0.728101
    784540     0.66297
    784550    0.705193
    784560     0.66492
    784570    0.648339
    784580    0.638848
    784590    0.709822
    784600    0.690326
    784610    0.664239
    784620    0.700607
    784630    0.705219
    784640    0.668379
    784650    0.682151
    784660    0.709887
    784670    0.724636
    784680    0.678796
    784690    0.696855
    784700    0.718594
    784710    0.634701
    784720     0.69754
    784730    0.735082
    784740    0.714606
    784750    0.729123
    784760    0.710325
    784770    0.633284
    784780    0.736019
    784790    0.738951
    784800    0.716276
    784810    0.773483
    784820    0.711127
    784830    0.721726
    784840    0.659633
    784850    0.686662
    784860    0.687629
    784870    0.683551
    784880    0.758017
    784890    0.679444
    784900     0.63331
    784910    0.592268
    784920    0.578798
    784930    0.609592
    784940    0.617278
    784950    0.620338
    784960    0.560503
    784970    0.673505
    784980    0.585473
    784990    0.657102
    785000    0.588022
    785010    0.690492
    785020    0.591773
    785030    0.670066
    785040    0.652257
    785050    0.620466
    785060    0.546855
    785070    0.602329
    785080    0.669419
    785090    0.630736
    785100    0.657951
    785110    0.608841
    785120    0.645277
    785130    0.646856
    785140    0.609501
    785150    0.677988
    785160    0.681037
    785170    0.601926
    785180    0.573131
    785190    0.612217
    785200    0.576048
    785210    0.643065
    785220    0.638402
    785230    0.664904
    785240    0.598225
    785250    0.628899
    785260    0.612725
    785270    0.689532
    785280    0.624624
    785290    0.626394
    785300    0.633897
    785310    0.660894
    785320     0.66155
    785330     0.65204
    785340     0.63693
    785350    0.656154
    785360    0.615128
    785370    0.612495
    785380    0.694967
    785390    0.640158
    785400    0.640248
    785410    0.632394
    785420    0.687335
    785430    0.635112
    785440    0.611385
    785450    0.658411
    785460    0.669286
    785470    0.630293
    785480    0.679609
    785490    0.696033
    785500    0.659869
    785510    0.631528
    785520    0.605513
    785530    0.626388
    785540    0.680255
    785550    0.640182
    785560    0.663731
    785570    0.613966
    785580    0.608014
    785590    0.597169
    785600    0.609303
    785610    0.620923
    785620    0.605116
    785630    0.605746
    785640    0.594766
    785650     0.63443
    785660    0.605333
    785670    0.542354
    785680    0.596115
    785690    0.631342
    785700    0.625005
    785710     0.64531
    785720    0.577209
    785730    0.594124
    785740    0.585265
    785750    0.633966
    785760    0.622268
    785770    0.576953
    785780    0.656492
    785790    0.601424
    785800    0.617225
    785810    0.636959
    785820    0.565463
    785830    0.613594
    785840    0.588819
    785850    0.581223
    785860    0.562468
    785870    0.554941
    785880    0.588567
    785890      0.7139
    785900    0.603635
    785910    0.608797
    785920    0.599259
    785930    0.637789
    785940      0.6505
    785950    0.614109
    785960    0.624137
    785970    0.679301
    785980    0.628346
    785990    0.582613
    786000    0.651824
    786010    0.625068
    786020    0.544842
    786030    0.631082
    786040    0.599306
    786050    0.589765
    786060    0.648564
    786070    0.703444
    786080    0.683264
    786090    0.589131
    786100    0.582174
    786110    0.585621
    786120    0.550379
    786130    0.655831
    786140     0.64293
    786150    0.622933
    786160    0.620245
    786170    0.633618
    786180    0.591789
    786190     0.57947
    786200    0.681547
    786210    0.660953
    786220    0.630368
    786230    0.694242
    786240    0.577417
    786250     0.62338
    786260    0.554901
    786270    0.637254
    786280    0.535389
    786290    0.571788
    786300    0.642049
    786310    0.670107
    786320    0.618332
    786330     0.65255
    786340    0.590992
    786350    0.621068
    786360    0.643398
    786370    0.658464
    786380    0.722509
    786390    0.659792
    786400    0.650413
    786410    0.688623
    786420    0.726998
    786430    0.734674
    786440    0.615219
    786450    0.647501
    786460    0.619772
    786470     0.63916
    786480    0.648238
    786490    0.608201
    786500     0.59871
    786510    0.604621
    786520    0.662332
    786530     0.61348
    786540    0.591131
    786550    0.617981
    786560     0.60695
    786570    0.546524
    786580    0.616043
    786590    0.646673
    786600    0.600537
    786610    0.656842
    786620    0.594979
    786630    0.640942
    786640    0.561371
    786650    0.533189
    786660    0.499596
    786670    0.543453
    786680    0.680782
    786690    0.613893
    786700     0.59017
    786710    0.619286
    786720    0.623225
    786730    0.644121
    786740      0.5398
    786750    0.626568
    786760    0.603618
    786770    0.585039
    786780    0.676893
    786790    0.548454
    786800    0.626926
    786810    0.591964
    786820    0.615952
    786830    0.587787
    786840    0.562156
    786850     0.65965
    786860    0.643846
    786870    0.643604
    786880    0.709562
    786890     0.63203
    786900    0.632324
    786910    0.657522
    786920     0.65957
    786930    0.673903
    786940    0.585219
    786950    0.689468
    786960    0.539085
    786970     0.58403
    786980    0.661013
    786990    0.625954
    787000    0.554188
    787010    0.607732
    787020    0.660461
    787030    0.657579
    787040    0.734461
    787050    0.587116
    787060    0.612635
    787070    0.576653
    787080    0.600854
    787090    0.586192
    787100     0.50114
    787110    0.602602
    787120    0.632061
    787130    0.644346
    787140    0.595384
    787150    0.581042
    787160    0.593493
    787170    0.628663
    787180     0.65556
    787190    0.649018
    787200    0.624889
    787210    0.596511
    787220    0.652614
    787230    0.651361
    787240    0.555424
    787250    0.585857
    787260    0.670992
    787270    0.607553
    787280    0.531633
    787290    0.632638
    787300    0.609474
    787310    0.550021
    787320    0.583587
    787330    0.495845
    787340    0.589439
    787350    0.664876
    787360    0.607506
    787370    0.590885
    787380    0.599813
    787390    0.539644
    787400    0.544687
    787410    0.614721
    787420    0.581185
    787430    0.558461
    787440    0.551988
    787450    0.569053
    787460    0.538508
    787470    0.589873
    787480    0.566745
    787490    0.604279
    787500    0.630238
    787510    0.608748
    787520    0.626066
    787530    0.544345
    787540    0.663213
    787550    0.624146
    787560    0.578587
    787570     0.64426
    787580    0.593636
    787590    0.607644
    787600    0.553508
    787610    0.660934
    787620    0.585474
    787630    0.642214
    787640    0.646655
    787650    0.640397
    787660    0.695403
    787670    0.603341
    787680    0.543693
    787690    0.598576
    787700    0.551687
    787710    0.619009
    787720    0.662229
    787730    0.621582
    787740    0.591776
    787750    0.569083
    787760    0.653711
    787770    0.677481
    787780    0.648501
    787790    0.644453
    787800    0.680652
    787810    0.693701
    787820     0.64835
    787830    0.605171
    787840    0.631481
    787850    0.574569
    787860    0.577881
    787870     0.58796
    787880    0.623864
    787890     0.64046
    787900    0.706177
    787910    0.662711
    787920    0.600245
    787930    0.695014
    787940    0.638652
    787950    0.599123
    787960    0.631201
    787970    0.590768
    787980    0.618296
    787990    0.651217
    788000    0.665564
    788010    0.598094
    788020    0.647305
    788030    0.681887
    788040    0.676686
    788050    0.651307
    788060    0.651726
    788070    0.588253
    788080    0.724062
    788090    0.625651
    788100    0.599195
    788110    0.641084
    788120    0.534744
    788130    0.605233
    788140     0.53712
    788150    0.648735
    788160    0.630543
    788170    0.685555
    788180    0.632058
    788190    0.673601
    788200    0.613148
    788210    0.664143
    788220    0.631092
    788230    0.607363
    788240     0.60613
    788250    0.661025
    788260    0.606936
    788270    0.630045
    788280    0.676943
    788290    0.601049
    788300    0.619822
    788310    0.632696
    788320    0.646745
    788330    0.684825
    788340    0.652893
    788350    0.656153
    788360    0.589608
    788370    0.610645
    788380    0.680385
    788390    0.633545
    788400    0.666296
    788410    0.669123
    788420    0.642724
    788430    0.590699
    788440    0.671084
    788450    0.683153
    788460    0.622315
    788470    0.612002
    788480     0.66267
    788490    0.689726
    788500    0.593602
    788510    0.667601
    788520      0.6466
    788530    0.665298
    788540    0.596267
    788550    0.577045
    788560    0.581494
    788570     0.61766
    788580    0.701309
    788590    0.609718
    788600      0.6328
    788610     0.61278
    788620    0.635242
    788630    0.640615
    788640    0.674571
    788650    0.628486
    788660    0.623152
    788670    0.594301
    788680    0.630514
    788690     0.59971
    788700    0.497223
    788710    0.580818
    788720    0.620736
    788730    0.619357
    788740    0.587931
    788750    0.615001
    788760    0.551991
    788770    0.584351
    788780    0.671851
    788790    0.588225
    788800    0.549457
    788810    0.563812
    788820    0.637032
    788830    0.600722
    788840    0.625211
    788850    0.651889
    788860    0.554202
    788870    0.671913
    788880    0.656453
    788890    0.560119
    788900     0.57289
    788910    0.532294
    788920    0.643113
    788930    0.618422
    788940       0.584
    788950    0.625215
    788960    0.641304
    788970    0.545997
    788980    0.616357
    788990    0.620121
    789000    0.623674
    789010     0.58396
    789020    0.667655
    789030    0.552445
    789040    0.565817
    789050    0.657211
    789060    0.631884
    789070    0.587254
    789080    0.591614
    789090    0.631054
    789100     0.59338
    789110    0.648276
    789120    0.669553
    789130    0.657485
    789140    0.657689
    789150    0.622547
    789160    0.633469
    789170    0.659614
    789180    0.666873
    789190     0.57456
    789200    0.522701
    789210    0.633445
    789220    0.595396
    789230    0.602025
    789240    0.573957
    789250    0.611887
    789260    0.554919
    789270    0.565221
    789280    0.534651
    789290    0.678037
    789300    0.634893
    789310    0.650856
    789320    0.613633
    789330    0.558084
    789340    0.624844
    789350    0.608917
    789360     0.59393
    789370      0.5869
    789380    0.579849
    789390    0.599013
    789400    0.616238
    789410    0.534146
    789420    0.584617
    789430    0.563825
    789440    0.640215
    789450    0.609913
    789460    0.567609
    789470    0.484051
    789480    0.551913
    789490    0.603617
    789500    0.607303
    789510    0.572975
    789520    0.519584
    789530    0.517293
    789540    0.508259
    789550    0.545194
    789560    0.578211
    789570     0.65472
    789580    0.589768
    789590    0.585801
    789600    0.569456
    789610    0.559042
    789620    0.646342
    789630    0.590215
    789640    0.503747
    789650    0.531418
    789660    0.600282
    789670    0.629101
    789680    0.537789
    789690    0.601183
    789700    0.596829
    789710    0.604139
    789720    0.542698
    789730    0.573808
    789740    0.564574
    789750    0.582677
    789760    0.608624
    789770    0.632548
    789780    0.634193
    789790    0.613233
    789800     0.57048
    789810    0.651826
    789820    0.644466
    789830    0.682975
    789840    0.612243
    789850    0.626389
    789860    0.617839
    789870    0.524217
    789880    0.582186
    789890    0.620386
    789900    0.616933
    789910    0.608555
    789920    0.612847
    789930    0.629784
    789940    0.667589
    789950     0.62457
    789960    0.633259
    789970    0.621085
    789980    0.631511
    789990    0.605098
    790000    0.583578
    790010    0.606182
    790020    0.585653
    790030    0.543951
    790040    0.596194
    790050    0.560833
    790060    0.638389
    790070    0.609256
    790080    0.605729
    790090    0.608563
    790100    0.545398
    790110    0.499183
    790120    0.688679
    790130     0.58387
    790140    0.579433
    790150    0.544303
    790160    0.655462
    790170     0.54463
    790180     0.55424
    790190    0.576108
    790200    0.597812
    790210    0.677655
    790220    0.654073
    790230    0.574372
    790240    0.570648
    790250    0.621929
    790260    0.644121
    790270    0.610554
    790280    0.682904
    790290    0.652486
    790300     0.59297
    790310    0.602454
    790320    0.608247
    790330    0.593107
    790340    0.611248
    790350    0.629773
    790360    0.620887
    790370    0.584982
    790380    0.577616
    790390    0.588601
    790400     0.57648
    790410    0.625961
    790420     0.61998
    790430    0.630752
    790440    0.527192
    790450    0.526543
    790460    0.587862
    790470    0.494865
    790480    0.688067
    790490    0.663189
    790500    0.649959
    790510    0.631566
    790520    0.677374
    790530    0.611143
    790540    0.573784
    790550    0.602182
    790560    0.635429
    790570    0.624402
    790580    0.629874
    790590     0.58351
    790600    0.595428
    790610    0.615492
    790620    0.578708
    790630    0.607112
    790640    0.623924
    790650    0.626667
    790660     0.62123
    790670    0.640114
    790680    0.572394
    790690     0.61151
    790700    0.633365
    790710    0.602424
    790720    0.624289
    790730    0.629449
    790740    0.562895
    790750    0.645942
    790760    0.567221
    790770    0.573718
    790780    0.599454
    790790    0.624503
    790800    0.529931
    790810    0.599972
    790820    0.590217
    790830    0.531613
    790840    0.583681
    790850    0.552715
    790860    0.546323
    790870    0.555258
    790880      0.5336
    790890    0.606387
    790900    0.619487
    790910    0.600238
    790920    0.603389
    790930    0.623648
    790940    0.667996
    790950    0.595293
    790960     0.58921
    790970    0.601518
    790980    0.592989
    790990    0.617022
    791000    0.544254
    791010    0.597321
    791020    0.582758
    791030    0.560741
    791040    0.547232
    791050    0.507229
    791060    0.607444
    791070    0.554045
    791080    0.602117
    791090    0.593666
    791100    0.578469
    791110    0.583768
    791120    0.623761
    791130    0.568884
    791140    0.622788
    791150    0.641476
    791160    0.613755
    791170    0.615589
    791180    0.653398
    791190    0.623531
    791200    0.656473
    791210    0.578052
    791220    0.663349
    791230    0.593048
    791240    0.631074
    791250    0.595614
    791260    0.613218
    791270    0.573549
    791280    0.657401
    791290    0.671619
    791300     0.62836
    791310    0.582303
    791320    0.592941
    791330    0.614634
    791340    0.594401
    791350    0.531801
    791360     0.59131
    791370    0.599025
    791380    0.601118
    791390     0.59495
    791400     0.53894
    791410     0.61993
    791420    0.537862
    791430     0.52899
    791440    0.548848
    791450    0.600669
    791460    0.627741
    791470    0.514339
    791480    0.587825
    791490    0.564555
    791500     0.53217
    791510    0.552802
    791520    0.610331
    791530    0.557534
    791540    0.613611
    791550    0.560271
    791560    0.625862
    791570    0.638324
    791580    0.665816
    791590    0.606369
    791600    0.586167
    791610    0.644958
    791620    0.654873
    791630    0.629162
    791640    0.627645
    791650    0.623123
    791660    0.581346
    791670    0.588509
    791680    0.645321
    791690     0.61194
    791700    0.557035
    791710    0.580524
    791720    0.574123
    791730     0.58441
    791740    0.602314
    791750    0.649629
    791760    0.561927
    791770    0.563481
    791780    0.561281
    791790    0.577171
    791800    0.555137
    791810    0.567808
    791820     0.59209
    791830    0.578617
    791840    0.588596
    791850    0.586016
    791860    0.592642
    791870    0.582201
    791880    0.655376
    791890    0.590093
    791900    0.613101
    791910    0.642186
    791920    0.620553
    791930    0.590541
    791940    0.620428
    791950    0.598438
    791960    0.683122
    791970    0.595068
    791980    0.583272
    791990    0.646449
    792000     0.69555
    792010    0.640339
    792020    0.628661
    792030    0.565402
    792040    0.655251
    792050    0.613449
    792060    0.734719
    792070    0.681742
    792080    0.665658
    792090    0.627882
    792100    0.633803
    792110    0.598069
    792120    0.606079
    792130     0.66845
    792140    0.690367
    792150    0.666438
    792160    0.658294
    792170    0.672005
    792180    0.670282
    792190     0.63855
    792200     0.67544
    792210    0.656697
    792220    0.641998
    792230    0.647702
    792240    0.688089
    792250    0.668083
    792260    0.674826
    792270    0.640733
    792280    0.666382
    792290    0.642193
    792300    0.612241
    792310    0.628892
    792320    0.658192
    792330     0.62378
    792340    0.590504
    792350    0.652172
    792360    0.687919
    792370    0.670203
    792380    0.620178
    792390    0.636873
    792400      0.6424
    792410    0.600458
    792420    0.547974
    792430    0.618976
    792440    0.573359
    792450    0.657839
    792460    0.656257
    792470    0.704016
    792480    0.606418
    792490    0.605451
    792500    0.610463
    792510     0.61373
    792520    0.708405
    792530    0.646648
    792540    0.713744
    792550    0.605983
    792560     0.65853
    792570    0.649077
    792580     0.64985
    792590    0.678376
    792600    0.696363
    792610    0.678593
    792620    0.664397
    792630     0.64389
    792640    0.616889
    792650    0.598627
    792660    0.692293
    792670    0.591145
    792680    0.621183
    792690    0.670361
    792700    0.678791
    792710     0.66995
    792720    0.671658
    792730    0.659135
    792740     0.66133
    792750    0.687159
    792760    0.631149
    792770    0.672623
    792780    0.665028
    792790    0.678908
    792800    0.693522
    792810    0.655816
    792820    0.683371
    792830    0.556904
    792840    0.629811
    792850    0.610112
    792860    0.512051
    792870    0.592674
    792880    0.620902
    792890    0.610725
    792900    0.574505
    792910    0.561222
    792920    0.627728
    792930    0.638502
    792940    0.650965
    792950    0.591717
    792960    0.612953
    792970    0.702242
    792980    0.629744
    792990    0.616384
    793000     0.58014
    793010    0.588838
    793020    0.587754
    793030    0.608291
    793040    0.637263
    793050    0.706485
    793060    0.611848
    793070    0.667137
    793080    0.591517
    793090    0.658375
    793100    0.605245
    793110    0.559583
    793120    0.563966
    793130    0.572916
    793140    0.595207
    793150    0.599867
    793160    0.595734
    793170    0.623403
    793180    0.636068
    793190    0.544639
    793200     0.64871
    793210    0.661119
    793220    0.639887
    793230    0.584291
    793240    0.643199
    793250    0.637371
    793260     0.54723
    793270     0.63742
    793280     0.60143
    793290    0.662413
    793300    0.552423
    793310    0.629882
    793320    0.653416
    793330    0.588467
    793340    0.600032
    793350    0.567535
    793360    0.647885
    793370     0.58839
    793380     0.67437
    793390    0.642141
    793400    0.715146
    793410    0.643846
    793420    0.670733
    793430    0.657363
    793440    0.604888
    793450    0.611644
    793460    0.628465
    793470     0.66254
    793480    0.628119
    793490    0.607964
    793500    0.586458
    793510    0.699561
    793520    0.680702
    793530    0.656611
    793540    0.690394
    793550    0.637492
    793560    0.729482
    793570    0.698664
    793580    0.738641
    793590    0.676708
    793600    0.664602
    793610    0.733688
    793620    0.632439
    793630    0.652423
    793640    0.643962
    793650    0.699492
    793660    0.639628
    793670    0.668223
    793680    0.569923
    793690    0.604236
    793700    0.614101
    793710    0.610416
    793720    0.559694
    793730    0.622554
    793740    0.593449
    793750    0.661687
    793760     0.62209
    793770     0.60681
    793780    0.639734
    793790    0.620644
    793800    0.657938
    793810    0.649938
    793820    0.637705
    793830    0.673754
    793840    0.751453
    793850    0.606545
    793860    0.712998
    793870    0.657494
    793880    0.632811
    793890    0.645932
    793900    0.635527
    793910    0.664284
    793920     0.66821
    793930    0.664437
    793940    0.656272
    793950    0.630443
    793960    0.616829
    793970    0.690962
    793980    0.629324
    793990    0.689434
    794000    0.621893
    794010    0.619896
    794020    0.655732
    794030     0.63363
    794040    0.632994
    794050    0.684356
    794060    0.607873
    794070    0.595645
    794080    0.598156
    794090    0.572537
    794100    0.663844
    794110    0.675427
    794120    0.573973
    794130    0.597372
    794140    0.567535
    794150    0.582788
    794160    0.527762
    794170    0.585727
    794180     0.59744
    794190    0.523573
    794200    0.582711
    794210    0.578554
    794220    0.583005
    794230    0.634434
    794240    0.628017
    794250    0.648087
    794260    0.642404
    794270    0.628547
    794280    0.597302
    794290    0.673256
    794300    0.668367
    794310    0.716672
    794320    0.635398
    794330     0.69918
    794340    0.652858
    794350    0.613192
    794360    0.646097
    794370    0.684263
    794380    0.586898
    794390    0.671911
    794400    0.664062
    794410    0.605813
    794420    0.728156
    794430    0.618513
    794440    0.572152
    794450    0.642136
    794460    0.621096
    794470    0.584967
    794480    0.598839
    794490    0.636672
    794500    0.552868
    794510     0.64068
    794520    0.603325
    794530     0.59909
    794540    0.608535
    794550    0.664365
    794560    0.569837
    794570    0.650233
    794580    0.650441
    794590    0.665178
    794600    0.593271
    794610    0.527143
    794620    0.655049
    794630    0.603678
    794640    0.658228
    794650    0.613226
    794660    0.645577
    794670     0.62251
    794680    0.604265
    794690    0.742884
    794700    0.621115
    794710    0.626731
    794720    0.638323
    794730    0.657119
    794740    0.679305
    794750    0.643202
    794760    0.624779
    794770    0.695618
    794780    0.623173
    794790    0.616647
    794800    0.656977
    794810    0.681151
    794820    0.624863
    794830    0.608027
    794840    0.587522
    794850     0.60846
    794860    0.662429
    794870    0.593597
    794880    0.655572
    794890    0.625153
    794900    0.629881
    794910    0.617991
    794920    0.645692
    794930    0.659638
    794940    0.642177
    794950    0.609215
    794960    0.685814
    794970    0.633262
    794980    0.591444
    794990    0.699296
    795000    0.626413
    795010    0.690092
    795020    0.595316
    795030     0.65249
    795040    0.685838
    795050    0.589053
    795060    0.624249
    795070    0.621171
    795080    0.698529
    795090    0.662741
    795100    0.646461
    795110    0.634183
    795120    0.632009
    795130    0.679085
    795140    0.606051
    795150    0.647384
    795160    0.636306
    795170    0.568897
    795180    0.555497
    795190    0.628079
    795200    0.651622
    795210    0.651317
    795220    0.626328
    795230    0.665748
    795240    0.599469
    795250    0.609041
    795260     0.67985
    795270    0.663031
    795280    0.651101
    795290    0.668622
    795300    0.647131
    795310    0.692824
    795320    0.631549
    795330    0.687061
    795340    0.655951
    795350    0.659306
    795360    0.642612
    795370    0.674207
    795380    0.685907
    795390    0.632271
    795400    0.662345
    795410    0.618645
    795420    0.607667
    795430     0.61034
    795440    0.593212
    795450    0.672685
    795460    0.665069
    795470     0.63858
    795480    0.606795
    795490    0.594415
    795500    0.623693
    795510    0.580864
    795520    0.581417
    795530    0.671448
    795540    0.627366
    795550    0.574818
    795560    0.620519
    795570    0.611094
    795580    0.579422
    795590    0.609691
    795600    0.583645
    795610    0.615611
    795620    0.599844
    795630    0.671988
    795640    0.647629
    795650    0.637056
    795660    0.611505
    795670    0.593703
    795680    0.660426
    795690    0.559061
    795700    0.628728
    795710    0.559951
    795720     0.68406
    795730    0.625061
    795740    0.617703
    795750    0.649796
    795760    0.611925
    795770     0.65855
    795780    0.638905
    795790    0.584502
    795800    0.620084
    795810    0.643853
    795820      0.5456
    795830    0.615968
    795840    0.632901
    795850    0.569236
    795860    0.630907
    795870    0.603331
    795880    0.632739
    795890    0.666896
    795900    0.660216
    795910    0.639853
    795920    0.645653
    795930     0.67483
    795940    0.661455
    795950    0.618399
    795960    0.545534
    795970    0.637895
    795980    0.571182
    795990    0.636992
    796000    0.631032
    796010     0.65938
    796020    0.650614
    796030    0.649258
    796040    0.609178
    796050    0.714485
    796060     0.59129
    796070    0.624227
    796080    0.614966
    796090    0.590485
    796100    0.648027
    796110    0.632038
    796120    0.625393
    796130    0.678296
    796140    0.589396
    796150    0.641443
    796160    0.619448
    796170      0.6169
    796180    0.636366
    796190    0.703373
    796200    0.569971
    796210    0.671828
    796220    0.632339
    796230    0.643234
    796240    0.648527
    796250     0.67143
    796260    0.580724
    796270    0.594299
    796280    0.646567
    796290    0.628397
    796300    0.598615
    796310    0.661748
    796320    0.609149
    796330    0.691353
    796340    0.603401
    796350    0.604549
    796360     0.63741
    796370    0.609171
    796380     0.61086
    796390    0.661335
    796400    0.623779
    796410    0.607819
    796420    0.683597
    796430    0.646899
    796440    0.664383
    796450     0.61258
    796460    0.592816
    796470    0.622521
    796480    0.637626
    796490    0.614473
    796500    0.649578
    796510    0.637437
    796520    0.581668
    796530    0.639585
    796540    0.672096
    796550    0.678323
    796560    0.592547
    796570    0.687344
    796580    0.703668
    796590    0.618989
    796600    0.611973
    796610    0.652655
    796620    0.613235
    796630    0.634077
    796640    0.585029
    796650     0.63912
    796660    0.615817
    796670    0.639918
    796680    0.627635
    796690    0.658445
    796700    0.618504
    796710    0.617348
    796720     0.66332
    796730    0.616359
    796740    0.632504
    796750    0.610242
    796760    0.601321
    796770    0.653919
    796780    0.613453
    796790    0.669097
    796800    0.634266
    796810    0.621253
    796820    0.605516
    796830    0.642256
    796840    0.705349
    796850     0.65806
    796860    0.682847
    796870    0.660358
    796880    0.628651
    796890    0.634129
    796900    0.639367
    796910    0.673868
    796920    0.642663
    796930    0.649216
    796940     0.59645
    796950    0.648069
    796960     0.61544
    796970    0.625679
    796980    0.617343
    796990    0.688329
    797000    0.654777
    797010    0.639728
    797020    0.597994
    797030    0.610769
    797040    0.594959
    797050    0.561298
    797060    0.606655
    797070    0.636273
    797080     0.72635
    797090    0.667398
    797100    0.624757
    797110      0.6462
    797120    0.652883
    797130    0.663183
    797140    0.644038
    797150    0.677096
    797160    0.690706
    797170    0.577563
    797180    0.669846
    797190    0.651324
    797200    0.671918
    797210    0.607137
    797220    0.690775
    797230    0.589162
    797240    0.647675
    797250    0.607799
    797260    0.686873
    797270    0.636323
    797280    0.719231
    797290     0.64778
    797300    0.686172
    797310    0.684025
    797320    0.668748
    797330    0.729304
    797340    0.675311
    797350    0.632056
    797360    0.639065
    797370    0.661537
    797380    0.642596
    797390    0.683442
    797400    0.678995
    797410    0.682724
    797420    0.614387
    797430    0.658009
    797440    0.739632
    797450    0.726536
    797460    0.695483
    797470    0.702307
    797480    0.747194
    797490    0.631318
    797500    0.712786
    797510    0.600973
    797520    0.610248
    797530    0.656509
    797540    0.731983
    797550    0.647654
    797560    0.613893
    797570    0.649381
    797580     0.57781
    797590    0.654182
    797600    0.643512
    797610    0.604881
    797620    0.739502
    797630    0.622849
    797640    0.667441
    797650    0.694463
    797660    0.702443
    797670    0.601188
    797680    0.614737
    797690    0.755126
    797700    0.690081
    797710    0.738251
    797720    0.682144
    797730    0.633418
    797740    0.695536
    797750    0.693651
    797760    0.718324
    797770    0.675592
    797780    0.688366
    797790    0.660952
    797800    0.624474
    797810    0.536076
    797820    0.477237
    797830    0.585345
    797840    0.626498
    797850    0.593334
    797860    0.554818
    797870    0.570625
    797880    0.566394
    797890    0.644613
    797900    0.656098
    797910    0.641428
    797920    0.598781
    797930    0.666678
    797940    0.643047
    797950    0.716749
    797960    0.610739
    797970    0.673857
    797980    0.654426
    797990     0.52486
    798000    0.594033
    798010    0.652907
    798020    0.654318
    798030    0.652736
    798040    0.686575
    798050    0.673839
    798060    0.714008
    798070    0.736276
    798080    0.706569
    798090    0.717391
    798100    0.677422
    798110    0.648656
    798120    0.712223
    798130    0.599261
    798140    0.602164
    798150    0.694885
    798160    0.698078
    798170    0.717999
    798180    0.710131
    798190    0.726112
    798200     0.66813
    798210    0.587667
    798220    0.608591
    798230    0.575278
    798240    0.557087
    798250    0.674632
    798260    0.697157
    798270    0.649831
    798280    0.543315
    798290    0.533861
    798300    0.632974
    798310    0.590058
    798320    0.555007
    798330    0.699344
    798340    0.614507
    798350    0.671256
    798360    0.673542
    798370    0.643771
    798380    0.625855
    798390    0.490622
    798400    0.665556
    798410    0.632413
    798420    0.689953
    798430    0.643099
    798440    0.676292
    798450    0.621513
    798460    0.685484
    798470    0.666732
    798480    0.751473
    798490    0.716998
    798500     0.72249
    798510    0.620996
    798520    0.639703
    798530     0.62959
    798540    0.769952
    798550    0.757206
    798560    0.777117
    798570     0.77159
    798580    0.751807
    798590    0.777303
    798600     0.76484
    798610    0.741393
    798620    0.807072
    798630    0.715299
    798640    0.745186
    798650    0.746031
    798660    0.751515
    798670    0.693109
    798680    0.676306
    798690    0.687798
    798700     0.77012
    798710    0.691041
    798720    0.674252
    798730    0.647807
    798740    0.588692
    798750    0.641564
    798760    0.716417
    798770    0.693748
    798780    0.632354
    798790    0.666353
    798800    0.591779
    798810    0.681453
    798820    0.708039
    798830    0.616073
    798840     0.52465
    798850    0.624259
    798860    0.591074
    798870     0.55197
    798880    0.657426
    798890    0.626016
    798900    0.711731
    798910    0.699537
    798920    0.766256
    798930    0.725416
    798940     0.74789
    798950    0.656499
    798960    0.756396
    798970    0.805835
    798980    0.816434
    798990    0.759022
    799000     0.74229
    799010    0.860242
    799020    0.797961
    799030    0.825645
    799040    0.793859
    799050    0.737431
    799060    0.725795
    799070    0.774815
    799080    0.812213
    799090    0.798021
    799100     0.79982
    799110    0.772149
    799120    0.753979
    799130       0.814
    799140    0.727872
    799150    0.746106
    799160    0.790796
    799170    0.717019
    799180    0.730567
    799190    0.801979
    799200    0.705625
    799210    0.792837
    799220     0.70601
    799230    0.698511
    799240    0.716027
    799250    0.760649
    799260    0.744933
    799270    0.706775
    799280    0.740879
    799290    0.727507
    799300    0.670102
    799310    0.781509
    799320    0.760989
    799330    0.778514
    799340    0.759497
    799350    0.753044
    799360    0.760682
    799370     0.71464
    799380    0.682182
    799390    0.783097
    799400    0.754119
    799410    0.751927
    799420    0.800748
    799430    0.784984
    799440    0.760097
    799450    0.836438
    799460    0.760919
    799470    0.739366
    799480    0.748755
    799490    0.775397
    799500    0.781821
    799510    0.812833
    799520    0.765462
    799530    0.743654
    799540    0.758889
    799550    0.736646
    799560    0.681611
    799570    0.798639
    799580    0.752525
    799590    0.731121
    799600    0.810782
    799610    0.755096
    799620     0.77452
    799630    0.800711
    799640    0.714135
    799650    0.723661
    799660    0.771897
    799670    0.762181
    799680    0.841479
    799690    0.774897
    799700    0.802082
    799710    0.829988
    799720    0.757177
    799730    0.738129
    799740    0.732275
    799750    0.752159
    799760    0.700051
    799770    0.758974
    799780    0.744326
    799790    0.724076
    799800    0.774786
    799810    0.739628
    799820     0.73556
    799830    0.790139
    799840    0.814884
    799850    0.706428
    799860    0.701733
    799870    0.696266
    799880    0.707577
    799890    0.714313
    799900    0.655665
    799910    0.750171
    799920    0.697938
    799930    0.700496
    799940    0.637092
    799950    0.659558
    799960     0.69526
    799970    0.646027
    799980    0.546068
    799990    0.547351
    800000    0.614761
    800010    0.636759
    800020    0.769061
    800030    0.701335
    800040    0.762755
    800050    0.758716
    800060    0.764797
    800070    0.798304
    800080     0.73681
    800090    0.747878
    800100     0.76578
    800110    0.738881
    800120    0.795246
    800130    0.774507
    800140    0.830498
    800150    0.740614
    800160    0.749994
    800170    0.765863
    800180    0.753495
    800190    0.761155
    800200    0.758048
    800210    0.683842
    800220    0.720127
    800230    0.642693
    800240    0.643426
    800250    0.810655
    800260    0.724143
    800270    0.678374
    800280    0.667629
    800290    0.716993
    800300    0.715284
    800310    0.647378
    800320    0.625097
    800330    0.704011
    800340    0.736655
    800350    0.737065
    800360    0.665439
    800370    0.689075
    800380    0.665432
    800390    0.684888
    800400    0.662113
    800410     0.69046
    800420    0.697405
    800430      0.6609
    800440    0.649144
    800450    0.645571
    800460    0.670137
    800470    0.735316
    800480    0.728335
    800490    0.769209
    800500    0.758832
    800510    0.702772
    800520    0.741904
    800530    0.744024
    800540    0.683567
    800550     0.70749
    800560    0.743863
    800570    0.712847
    800580    0.737457
    800590    0.736362
    800600    0.740596
    800610    0.731249
    800620    0.767579
    800630    0.741686
    800640    0.747351
    800650    0.765246
    800660    0.735435
    800670    0.765249
    800680    0.763634
    800690    0.730729
    800700    0.751665
    800710    0.735166
    800720    0.791891
    800730    0.759721
    800740    0.795862
    800750    0.798802
    800760    0.798593
    800770    0.733315
    800780     0.76366
    800790    0.709188
    800800    0.677499
    800810    0.771978
    800820    0.705062
    800830    0.725462
    800840    0.714815
    800850    0.696694
    800860    0.750998
    800870    0.735214
    800880    0.783287
    800890    0.676415
    800900    0.776242
    800910    0.763866
    800920    0.779581
    800930    0.820098
    800940    0.770497
    800950    0.708042
    800960    0.776948
    800970     0.70059
    800980    0.758507
    800990    0.767072
    801000    0.694957
    801010    0.744962
    801020    0.735934
    801030    0.756117
    801040    0.772832
    801050    0.703405
    801060    0.760999
    801070    0.787117
    801080    0.857019
    801090     0.81631
    801100    0.750547
    801110    0.722841
    801120    0.701882
    801130    0.785537
    801140    0.751936
    801150     0.77413
    801160    0.779749
    801170     0.76914
    801180    0.774086
    801190    0.754021
    801200    0.713899
    801210    0.775713
    801220    0.790356
    801230     0.79872
    801240    0.730986
    801250    0.757262
    801260    0.743896
    801270    0.792918
    801280    0.745789
    801290    0.782086
    801300     0.73524
    801310    0.807883
    801320    0.783935
    801330    0.756619
    801340    0.744643
    801350     0.75728
    801360    0.694308
    801370    0.772044
    801380     0.73573
    801390    0.682387
    801400    0.791065
    801410     0.81397
    801420    0.704732
    801430    0.711895
    801440    0.732936
    801450    0.824551
    801460    0.729306
    801470     0.74646
    801480    0.680767
    801490    0.738538
    801500    0.741781
    801510     0.68113
    801520     0.68455
    801530    0.792969
    801540    0.783028
    801550     0.70798
    801560    0.712762
    801570    0.732707
    801580    0.737154
    801590    0.733341
    801600    0.787063
    801610    0.714239
    801620     0.81216
    801630    0.796074
    801640    0.748104
    801650    0.782611
    801660    0.791062
    801670    0.764316
    801680     0.74146
    801690    0.724484
    801700    0.720419
    801710    0.747987
    801720    0.775933
    801730    0.801506
    801740    0.784577
    801750    0.798181
    801760    0.732816
    801770    0.757298
    801780    0.729316
    801790    0.743083
    801800    0.763926
    801810    0.715783
    801820     0.70534
    801830    0.771694
    801840    0.714975
    801850    0.747418
    801860    0.727167
    801870    0.772027
    801880    0.703335
    801890    0.733009
    801900    0.795363
    801910    0.715387
    801920    0.766348
    801930    0.719723
    801940    0.744945
    801950    0.789149
    801960    0.699513
    801970    0.745109
    801980    0.724477
    801990    0.701645
    802000    0.750706
    802010     0.72783
    802020    0.719828
    802030    0.814208
    802040    0.746919
    802050    0.738626
    802060    0.713089
    802070    0.739951
    802080    0.715458
    802090     0.66014
    802100    0.707881
    802110    0.749304
    802120    0.738786
    802130    0.761672
    802140    0.747348
    802150    0.720377
    802160    0.781605
    802170    0.712094
    802180    0.687008
    802190    0.803296
    802200    0.677151
    802210    0.694975
    802220    0.628423
    802230    0.705759
    802240    0.621252
    802250     0.56175
    802260    0.624456
    802270     0.59243
    802280    0.661863
    802290    0.705859
    802300    0.733507
    802310     0.61583
    802320    0.704232
    802330    0.621476
    802340    0.668681
    802350    0.627393
    802360    0.648053
    802370    0.634041
    802380    0.575763
    802390    0.663913
    802400    0.658793
    802410    0.670556
    802420    0.606837
    802430    0.656457
    802440    0.683345
    802450    0.630979
    802460    0.573814
    802470    0.674399
    802480     0.64782
    802490    0.553761
    802500     0.63749
    802510    0.521334
    802520    0.664727
    802530    0.660257
    802540    0.699031
    802550    0.615326
    802560    0.624151
    802570     0.60393
    802580     0.58268
    802590    0.663463
    802600    0.687137
    802610    0.621108
    802620    0.614772
    802630    0.691983
    802640    0.745181
    802650    0.591781
    802660     0.63868
    802670    0.658716
    802680    0.634472
    802690    0.610214
    802700    0.695275
    802710    0.637722
    802720    0.645842
    802730    0.593882
    802740     0.62683
    802750    0.711381
    802760    0.692115
    802770    0.647973
    802780    0.693189
    802790    0.660276
    802800    0.723296
    802810    0.664642
    802820     0.62296
    802830    0.584188
    802840    0.654391
    802850    0.602676
    802860    0.779892
    802870    0.613183
    802880    0.643693
    802890    0.648946
    802900    0.732381
    802910    0.691889
    802920    0.656765
    802930    0.657921
    802940    0.685454
    802950    0.588619
    802960    0.646749
    802970      0.6837
    802980     0.61811
    802990    0.704339
    803000    0.701497
    803010     0.65701
    803020    0.663441
    803030    0.646567
    803040    0.708537
    803050    0.722004
    803060    0.776002
    803070    0.669004
    803080    0.641035
    803090    0.664772
    803100    0.732179
    803110    0.666269
    803120     0.62008
    803130    0.586505
    803140    0.618539
    803150    0.673127
    803160    0.705669
    803170    0.702754
    803180      0.6747
    803190    0.675513
    803200    0.708468
    803210    0.632099
    803220    0.640048
    803230    0.709048
    803240     0.73892
    803250    0.688994
    803260    0.728728
    803270    0.647568
    803280    0.688977
    803290    0.602745
    803300    0.649165
    803310     0.68337
    803320    0.632254
    803330    0.677329
    803340    0.680385
    803350    0.588775
    803360    0.676892
    803370    0.642794
    803380    0.712268
    803390    0.608648
    803400    0.600513
    803410     0.67838
    803420    0.534762
    803430    0.600361
    803440    0.615261
    803450    0.669921
    803460    0.639654
    803470     0.66421
    803480    0.658425
    803490    0.627111
    803500    0.671367
    803510    0.674561
    803520    0.697466
    803530    0.730876
    803540    0.619868
    803550    0.629397
    803560    0.639157
    803570    0.526602
    803580    0.519825
    803590     0.66086
    803600    0.647541
    803610    0.630364
    803620    0.625874
    803630    0.595172
    803640    0.565823
    803650    0.542237
    803660    0.655809
    803670    0.619896
    803680    0.570411
    803690     0.59926
    803700    0.576613
    803710    0.623763
    803720    0.620117
    803730    0.642803
    803740    0.550574
    803750    0.588146
    803760    0.592444
    803770    0.584856
    803780     0.53054
    803790    0.518664
    803800    0.573652
    803810    0.628275
    803820    0.553487
    803830    0.650602
    803840     0.63434
    803850    0.687126
    803860    0.699024
    803870    0.634628
    803880    0.631742
    803890    0.669549
    803900    0.674825
    803910    0.607359
    803920    0.661173
    803930    0.582028
    803940    0.589622
    803950    0.617679
    803960    0.625088
    803970    0.648785
    803980    0.621292
    803990    0.669354
    804000     0.60316
    804010    0.669087
    804020    0.585463
    804030    0.531352
    804040    0.587377
    804050    0.695919
    804060    0.595824
    804070     0.62275
    804080    0.687177
    804090    0.650225
    804100    0.676041
    804110    0.625584
    804120    0.632747
    804130    0.670516
    804140    0.692639
    804150    0.606085
    804160    0.606671
    804170    0.640455
    804180    0.626551
    804190    0.680947
    804200    0.656736
    804210    0.709163
    804220    0.743068
    804230    0.670011
    804240     0.63365
    804250    0.672208
    804260    0.635554
    804270    0.647563
    804280    0.602245
    804290    0.576962
    804300    0.617769
    804310    0.710125
    804320    0.629381
    804330    0.714858
    804340    0.626159
    804350    0.637179
    804360    0.616839
    804370    0.681491
    804380    0.654332
    804390    0.617628
    804400    0.565747
    804410    0.650096
    804420    0.599931
    804430     0.65368
    804440    0.640628
    804450    0.709854
    804460    0.617987
    804470    0.617027
    804480    0.646267
    804490    0.701372
    804500    0.613852
    804510    0.740027
    804520    0.695431
    804530    0.745488
    804540    0.616027
    804550    0.659678
    804560     0.64996
    804570    0.646541
    804580    0.669849
    804590    0.663177
    804600    0.700327
    804610    0.708682
    804620    0.619408
    804630    0.640422
    804640    0.631986
    804650    0.670739
    804660    0.650744
    804670    0.637413
    804680    0.668424
    804690    0.664316
    804700    0.704462
    804710    0.600405
    804720    0.708449
    804730    0.663892
    804740    0.618422
    804750    0.607136
    804760    0.649289
    804770     0.58978
    804780    0.642981
    804790    0.671485
    804800    0.625513
    804810    0.663024
    804820    0.659196
    804830    0.618911
    804840     0.67052
    804850    0.651136
    804860    0.716472
    804870    0.647326
    804880    0.740316
    804890    0.733707
    804900    0.686566
    804910    0.587337
    804920    0.698199
    804930    0.666129
    804940    0.653801
    804950    0.602463
    804960    0.687153
    804970     0.63232
    804980    0.646921
    804990    0.683254
    805000    0.566506
    805010    0.607167
    805020    0.559278
    805030     0.66366
    805040    0.602055
    805050    0.674103
    805060    0.664308
    805070    0.706412
    805080     0.71402
    805090    0.678713
    805100    0.682299
    805110    0.590789
    805120    0.627186
    805130    0.731937
    805140    0.556978
    805150    0.706962
    805160    0.652504
    805170    0.557375
    805180    0.647147
    805190     0.59362
    805200    0.552946
    805210    0.689492
    805220    0.606857
    805230    0.553737
    805240    0.573932
    805250    0.549411
    805260    0.627088
    805270    0.714484
    805280    0.562041
    805290    0.588332
    805300    0.650289
    805310    0.728164
    805320    0.764979
    805330    0.761096
    805340    0.680405
    805350    0.826364
    805360    0.741187
    805370    0.734153
    805380      0.7342
    805390    0.767216
    805400    0.738034
    805410    0.671506
    805420    0.624424
    805430    0.669232
    805440    0.781734
    805450    0.770304
    805460    0.701564
    805470    0.753736
    805480    0.761232
    805490    0.670984
    805500    0.789657
    805510     0.71876
    805520    0.753061
    805530    0.756173
    805540    0.797285
    805550    0.802712
    805560     0.81698
    805570    0.728336
    805580    0.750271
    805590      0.7621
    805600     0.74904
    805610    0.743333
    805620    0.782324
    805630    0.800862
    805640    0.714842
    805650    0.726115
    805660    0.784239
    805670    0.717017
    805680     0.77194
    805690    0.771947
    805700    0.725154
    805710    0.754701
    805720    0.767881
    805730    0.758763
    805740    0.695591
    805750    0.682646
    805760    0.696925
    805770    0.740716
    805780    0.768863
    805790    0.686802
    805800     0.73893
    805810    0.745763
    805820    0.752046
    805830     0.76044
    805840    0.794195
    805850    0.742487
    805860    0.760009
    805870    0.746849
    805880    0.792644
    805890    0.779499
    805900    0.748502
    805910    0.779871
    805920    0.801591
    805930    0.795785
    805940    0.808662
    805950    0.767566
    805960    0.738253
    805970    0.780638
    805980    0.719618
    805990    0.769228
    806000    0.752307
    806010    0.710948
    806020    0.719274
    806030    0.728736
    806040    0.733886
    806050    0.773564
    806060    0.770347
    806070    0.743946
    806080    0.733194
    806090    0.801463
    806100    0.771811
    806110    0.774314
    806120    0.801622
    806130    0.797209
    806140    0.778235
    806150    0.793885
    806160    0.774306
    806170    0.798071
    806180    0.776335
    806190    0.793877
    806200    0.750765
    806210    0.729868
    806220    0.792123
    806230    0.742902
    806240    0.804984
    806250    0.758558
    806260    0.723409
    806270    0.711716
    806280    0.741375
    806290     0.69534
    806300    0.631143
    806310      0.6744
    806320    0.744831
    806330    0.723583
    806340    0.748865
    806350    0.736814
    806360    0.703157
    806370    0.688625
    806380     0.69386
    806390    0.641792
    806400    0.736005
    806410    0.736406
    806420    0.757554
    806430    0.789215
    806440    0.818181
    806450    0.773772
    806460    0.717934
    806470    0.721024
    806480    0.755893
    806490    0.776315
    806500    0.749172
    806510    0.750854
    806520     0.78052
    806530     0.77355
    806540    0.747991
    806550    0.736324
    806560    0.803844
    806570    0.725097
    806580    0.689192
    806590    0.740389
    806600    0.688164
    806610    0.712891
    806620    0.768948
    806630    0.720353
    806640    0.719995
    806650    0.747191
    806660    0.739633
    806670    0.738478
    806680    0.718701
    806690    0.769621
    806700    0.758361
    806710    0.732822
    806720    0.747734
    806730    0.733733
    806740    0.749812
    806750    0.717604
    806760    0.691918
    806770    0.786661
    806780    0.756282
    806790    0.735473
    806800    0.748145
    806810    0.728173
    806820    0.771833
    806830    0.753069
    806840    0.764012
    806850    0.728455
    806860    0.739853
    806870    0.763925
    806880    0.801149
    806890    0.792506
    806900    0.774606
    806910     0.78394
    806920    0.739935
    806930    0.755078
    806940    0.787545
    806950    0.752293
    806960    0.808874
    806970    0.753016
    806980    0.744482
    806990    0.717748
    807000    0.804161
    807010     0.74797
    807020    0.777509
    807030    0.798048
    807040      0.7343
    807050    0.651763
    807060    0.697061
    807070    0.776409
    807080    0.775732
    807090    0.702599
    807100     0.65695
    807110    0.769768
    807120    0.704439
    807130    0.699474
    807140    0.716078
    807150    0.754725
    807160     0.75365
    807170    0.752516
    807180    0.725815
    807190    0.713214
    807200    0.667903
    807210    0.775637
    807220    0.778423
    807230     0.75949
    807240    0.664078
    807250     0.75005
    807260    0.714108
    807270     0.71341
    807280     0.72807
    807290    0.728361
    807300    0.735023
    807310    0.717628
    807320    0.701202
    807330    0.763744
    807340    0.687447
    807350    0.758518
    807360    0.736125
    807370    0.784634
    807380    0.683585
    807390    0.705822
    807400    0.758372
    807410    0.722712
    807420    0.720876
    807430    0.751914
    807440    0.717507
    807450    0.707979
    807460    0.790532
    807470    0.722206
    807480    0.740019
    807490    0.738228
    807500    0.777333
    807510    0.762063
    807520    0.760558
    807530    0.741495
    807540    0.710122
    807550    0.706065
    807560    0.812514
    807570    0.730022
    807580    0.753704
    807590    0.770869
    807600    0.767978
    807610     0.76856
    807620    0.735586
    807630    0.771612
    807640    0.810994
    807650    0.786705
    807660    0.788305
    807670    0.818924
    807680    0.771535
    807690     0.77558
    807700    0.822209
    807710     0.70224
    807720    0.638799
    807730    0.737999
    807740    0.770398
    807750    0.771465
    807760    0.719166
    807770    0.746208
    807780    0.713514
    807790     0.75223
    807800    0.690253
    807810     0.72553
    807820    0.735981
    807830    0.750209
    807840    0.741363
    807850    0.656517
    807860    0.729581
    807870    0.726907
    807880    0.747107
    807890    0.735006
    807900    0.777388
    807910    0.794516
    807920    0.772636
    807930    0.773325
    807940    0.767756
    807950    0.779896
    807960     0.75194
    807970    0.707233
    807980     0.70119
    807990    0.734862
    808000    0.699579
    808010    0.741318
    808020    0.750231
    808030    0.766078
    808040    0.754957
    808050    0.670675
    808060    0.795168
    808070    0.724685
    808080    0.767538
    808090    0.754879
    808100    0.761813
    808110    0.704687
    808120    0.808954
    808130    0.758449
    808140    0.745065
    808150    0.725091
    808160    0.712919
    808170    0.721154
    808180    0.740368
    808190    0.765569
    808200    0.760418
    808210    0.773239
    808220     0.76516
    808230    0.768091
    808240    0.700449
    808250    0.750069
    808260    0.774343
    808270    0.750362
    808280    0.753803
    808290    0.755341
    808300    0.793469
    808310    0.847364
    808320    0.692294
    808330    0.761831
    808340    0.734735
    808350    0.792184
    808360    0.776655
    808370    0.746092
    808380    0.812047
    808390    0.794533
    808400    0.755491
    808410    0.799365
    808420    0.762563
    808430    0.819398
    808440    0.803629
    808450    0.763187
    808460    0.758215
    808470     0.79674
    808480    0.759435
    808490    0.762164
    808500    0.665963
    808510    0.721817
    808520    0.676891
    808530    0.689121
    808540    0.701832
    808550    0.775374
    808560    0.712867
    808570    0.719881
    808580    0.665482
    808590    0.675448
    808600    0.725298
    808610    0.820892
    808620    0.705022
    808630    0.796936
    808640    0.761311
    808650    0.803371
    808660    0.798384
    808670    0.837193
    808680    0.748061
    808690    0.766438
    808700    0.791479
    808710    0.799566
    808720    0.749354
    808730    0.710333
    808740    0.791591
    808750    0.825351
    808760    0.795272
    808770    0.759482
    808780    0.796719
    808790    0.805567
    808800    0.813172
    808810    0.747867
    808820    0.760861
    808830    0.830392
    808840    0.732847
    808850    0.795915
    808860    0.784347
    808870    0.719322
    808880    0.754533
    808890    0.744397
    808900    0.796223
    808910    0.768939
    808920    0.718519
    808930     0.78116
    808940    0.809285
    808950    0.782743
    808960    0.663446
    808970    0.693691
    808980    0.683611
    808990     0.71141
    809000    0.741331
    809010     0.74594
    809020    0.769837
    809030    0.734409
    809040    0.763205
    809050    0.814787
    809060    0.766862
    809070    0.747264
    809080    0.773281
    809090    0.763004
    809100    0.802439
    809110    0.807531
    809120    0.788119
    809130    0.781404
    809140    0.811538
    809150    0.777917
    809160     0.80396
    809170    0.753084
    809180     0.79279
    809190    0.791372
    809200    0.743158
    809210    0.735216
    809220    0.769504
    809230    0.725369
    809240    0.710581
    809250    0.756961
    809260    0.691744
    809270    0.744698
    809280    0.688192
    809290    0.735143
    809300    0.736492
    809310     0.77333
    809320    0.746524
    809330    0.789083
    809340    0.776539
    809350    0.805653
    809360    0.800628
    809370    0.758652
    809380    0.793913
    809390    0.767704
    809400    0.768314
    809410    0.798337
    809420    0.758991
    809430    0.752792
    809440     0.77461
    809450    0.831387
    809460    0.779333
    809470    0.753763
    809480    0.741066
    809490    0.766807
    809500    0.794483
    809510    0.727372
    809520    0.744868
    809530    0.761659
    809540    0.771463
    809550    0.741246
    809560    0.750214
    809570    0.648175
    809580    0.722695
    809590     0.74818
    809600    0.735921
    809610    0.781808
    809620    0.759076
    809630    0.749572
    809640    0.740555
    809650    0.787405
    809660    0.735849
    809670    0.813523
    809680    0.695938
    809690    0.751236
    809700    0.761821
    809710    0.750313
    809720    0.650354
    809730    0.706683
    809740    0.727513
    809750    0.692539
    809760    0.671639
    809770    0.650355
    809780    0.669782
    809790    0.605128
    809800    0.693591
    809810    0.719598
    809820    0.792252
    809830     0.68016
    809840    0.781312
    809850    0.790439
    809860    0.786189
    809870    0.741734
    809880    0.653541
    809890    0.724391
    809900    0.686605
    809910     0.72451
    809920    0.711397
    809930    0.736031
    809940    0.768326
    809950    0.730469
    809960    0.669218
    809970    0.769535
    809980    0.767166
    809990    0.754569
    810000    0.721716
    810010    0.625622
    810020    0.782652
    810030    0.690333
    810040    0.710235
    810050    0.669861
    810060    0.725327
    810070    0.745344
    810080    0.682786
    810090    0.755433
    810100    0.728913
    810110    0.714461
    810120    0.686288
    810130    0.675982
    810140    0.734047
    810150     0.76762
    810160    0.786854
    810170     0.77408
    810180    0.706613
    810190    0.746698
    810200    0.719048
    810210    0.774046
    810220    0.767501
    810230    0.713321
    810240    0.758884
    810250    0.765704
    810260    0.691744
    810270    0.748458
    810280    0.757197
    810290    0.723314
    810300    0.748315
    810310    0.711521
    810320    0.790035
    810330    0.708172
    810340    0.790293
    810350    0.773269
    810360    0.722086
    810370    0.729239
    810380    0.763461
    810390      0.7798
    810400    0.683208
    810410    0.756835
    810420    0.798033
    810430    0.713564
    810440    0.691635
    810450    0.751784
    810460    0.748465
    810470    0.776352
    810480    0.746044
    810490     0.80639
    810500    0.732432
    810510    0.769607
    810520    0.778013
    810530    0.775678
    810540    0.774062
    810550    0.773773
    810560    0.787137
    810570    0.820792
    810580    0.775661
    810590    0.735454
    810600    0.791901
    810610    0.778278
    810620    0.740057
    810630    0.776439
    810640    0.765887
    810650    0.751119
    810660    0.757523
    810670    0.765955
    810680    0.710775
    810690    0.679789
    810700    0.694405
    810710    0.742193
    810720    0.783205
    810730    0.763912
    810740    0.774885
    810750     0.76144
    810760    0.738434
    810770    0.789363
    810780    0.796563
    810790    0.774872
    810800    0.821324
    810810    0.802924
    810820    0.746121
    810830    0.743995
    810840    0.765203
    810850    0.731641
    810860    0.737176
    810870    0.764873
    810880    0.798071
    810890    0.802126
    810900    0.841314
    810910    0.763497
    810920    0.761723
    810930    0.701157
    810940    0.763139
    810950    0.766076
    810960    0.742409
    810970    0.793547
    810980    0.734069
    810990    0.703405
    811000    0.678625
    811010    0.765676
    811020    0.756583
    811030    0.776894
    811040     0.73083
    811050    0.725047
    811060     0.69278
    811070    0.794553
    811080     0.73524
    811090    0.739035
    811100    0.782703
    811110    0.758406
    811120    0.779835
    811130    0.789013
    811140    0.720362
    811150      0.7362
    811160    0.771659
    811170    0.776886
    811180    0.792715
    811190    0.753353
    811200    0.783713
    811210    0.700815
    811220    0.733375
    811230    0.743524
    811240    0.733546
    811250     0.70764
    811260    0.729427
    811270    0.748115
    811280    0.699367
    811290    0.718388
    811300    0.744577
    811310     0.66841
    811320    0.646004
    811330    0.709255
    811340    0.792556
    811350    0.756791
    811360    0.768153
    811370    0.786648
    811380    0.775596
    811390    0.748495
    811400    0.702244
    811410    0.683652
    811420    0.731273
    811430    0.710277
    811440    0.766616
    811450    0.777989
    811460    0.728398
    811470    0.744085
    811480    0.790851
    811490    0.766649
    811500    0.699449
    811510    0.772295
    811520     0.79001
    811530    0.763051
    811540    0.836918
    811550    0.792332
    811560    0.819037
    811570    0.725169
    811580    0.760797
    811590    0.794607
    811600    0.745037
    811610    0.783132
    811620    0.740062
    811630     0.73062
    811640    0.688812
    811650    0.668976
    811660    0.755976
    811670    0.730981
    811680    0.710476
    811690    0.772269
    811700    0.706313
    811710    0.758373
    811720    0.769373
    811730    0.650551
    811740    0.698667
    811750    0.728737
    811760     0.69025
    811770    0.714851
    811780    0.718197
    811790    0.731663
    811800    0.716073
    811810     0.64489
    811820    0.705289
    811830    0.716026
    811840    0.678719
    811850    0.789953
    811860    0.767257
    811870    0.679841
    811880    0.704933
    811890    0.654051
    811900    0.675046
    811910    0.770911
    811920    0.705751
    811930    0.709215
    811940     0.72648
    811950    0.779592
    811960    0.749715
    811970    0.745407
    811980    0.716303
    811990     0.67117
    812000    0.692554
    812010    0.762323
    812020     0.75756
    812030    0.741754
    812040     0.72363
    812050    0.702611
    812060    0.738089
    812070    0.678518
    812080    0.744693
    812090     0.73048
    812100    0.729134
    812110    0.748673
    812120     0.71503
    812130    0.701891
    812140     0.67106
    812150    0.734676
    812160    0.736913
    812170    0.739404
    812180    0.725538
    812190    0.755133
    812200    0.654945
    812210    0.757471
    812220    0.760334
    812230    0.798239
    812240     0.73666
    812250    0.767892
    812260    0.792174
    812270     0.72938
    812280    0.752103
    812290    0.750425
    812300    0.745778
    812310    0.804214
    812320    0.742574
    812330    0.673739
    812340    0.731124
    812350     0.79113
    812360    0.768569
    812370    0.743559
    812380    0.646408
    812390    0.743078
    812400    0.716413
    812410    0.722761
    812420    0.752726
    812430    0.721401
    812440    0.702027
    812450    0.654611
    812460    0.635154
    812470    0.658788
    812480    0.766631
    812490    0.685369
    812500    0.714554
    812510    0.767343
    812520    0.677999
    812530    0.718327
    812540    0.666771
    812550    0.667941
    812560    0.600798
    812570    0.659802
    812580    0.675138
    812590     0.63116
    812600    0.656846
    812610    0.613978
    812620    0.616857
    812630    0.595321
    812640    0.618112
    812650    0.605797
    812660     0.57214
    812670    0.619593
    812680    0.604004
    812690    0.571941
    812700    0.613545
    812710    0.573371
    812720    0.564815
    812730    0.629379
    812740     0.61253
    812750    0.690202
    812760    0.716023
    812770    0.592917
    812780    0.620836
    812790    0.660471
    812800    0.542005
    812810    0.668899
    812820    0.584541
    812830    0.653012
    812840    0.665119
    812850    0.700879
    812860    0.732716
    812870    0.696532
    812880    0.716114
    812890    0.631087
    812900    0.651011
    812910    0.647689
    812920    0.648405
    812930    0.613033
    812940    0.623484
    812950    0.570794
    812960    0.554366
    812970    0.586387
    812980    0.715714
    812990    0.612131
    813000     0.58655
    813010    0.569563
    813020    0.627046
    813030    0.636229
    813040    0.574855
    813050    0.603269
    813060    0.690342
    813070    0.660467
    813080    0.625594
    813090    0.640433
    813100     0.67706
    813110    0.609769
    813120     0.63546
    813130    0.628003
    813140    0.582823
    813150    0.613131
    813160    0.592953
    813170    0.635283
    813180      0.7277
    813190     0.64237
    813200     0.68283
    813210    0.660831
    813220    0.640553
    813230    0.612498
    813240    0.629964
    813250    0.584718
    813260    0.598867
    813270    0.572277
    813280     0.52715
    813290    0.647427
    813300    0.668312
    813310    0.664683
    813320    0.636872
    813330    0.682645
    813340    0.622219
    813350    0.597879
    813360    0.654167
    813370    0.574633
    813380     0.64568
    813390    0.739431
    813400    0.675749
    813410    0.653799
    813420    0.623233
    813430    0.637312
    813440    0.694526
    813450    0.607341
    813460    0.595803
    813470    0.724583
    813480     0.67799
    813490    0.672051
    813500    0.689921
    813510    0.764249
    813520    0.725695
    813530    0.744111
    813540    0.600194
    813550    0.625684
    813560    0.649524
    813570     0.63727
    813580    0.590038
    813590     0.69302
    813600    0.680839
    813610    0.615402
    813620    0.687585
    813630    0.682761
    813640    0.650971
    813650    0.664297
    813660    0.686658
    813670    0.663482
    813680    0.628795
    813690    0.677264
    813700    0.686465
    813710    0.644138
    813720    0.697972
    813730    0.620175
    813740    0.686777
    813750    0.584858
    813760    0.670053
    813770    0.654781
    813780    0.654337
    813790    0.691101
    813800    0.659748
    813810    0.731844
    813820    0.688958
    813830    0.768845
    813840    0.673342
    813850    0.662051
    813860    0.628461
    813870    0.717312
    813880    0.701703
    813890     0.64689
    813900    0.674865
    813910    0.652813
    813920    0.627771
    813930    0.672282
    813940    0.745944
    813950    0.700471
    813960    0.734774
    813970    0.664564
    813980    0.703172
    813990    0.721313
    814000    0.729386
    814010    0.741057
    814020    0.700931
    814030      0.7208
    814040    0.715758
    814050    0.669535
    814060    0.698019
    814070    0.715868
    814080    0.735845
    814090    0.652373
    814100    0.618658
    814110    0.665915
    814120    0.672857
    814130    0.650147
    814140    0.688511
    814150    0.672581
    814160    0.710756
    814170    0.709785
    814180     0.62021
    814190    0.672519
    814200    0.682378
    814210    0.674003
    814220    0.691867
    814230    0.660435
    814240    0.670419
    814250    0.686511
    814260    0.709688
    814270    0.640613
    814280    0.702262
    814290    0.806431
    814300    0.697539
    814310    0.689235
    814320    0.716282
    814330    0.698055
    814340    0.691581
    814350    0.692276
    814360    0.675426
    814370    0.669335
    814380    0.642645
    814390    0.648942
    814400    0.739182
    814410    0.716451
    814420    0.711419
    814430    0.686913
    814440    0.705186
    814450    0.638369
    814460    0.686911
    814470    0.712287
    814480     0.63168
    814490    0.686955
    814500    0.647787
    814510    0.646042
    814520     0.71546
    814530    0.692306
    814540    0.696349
    814550    0.730962
    814560    0.677973
    814570    0.790494
    814580    0.707493
    814590    0.720813
    814600    0.645055
    814610    0.706651
    814620    0.739098
    814630    0.718112
    814640     0.74892
    814650    0.756625
    814660    0.698326
    814670    0.722955
    814680    0.783745
    814690    0.724309
    814700    0.730556
    814710    0.734067
    814720    0.730112
    814730    0.747873
    814740    0.692368
    814750    0.760839
    814760    0.719663
    814770     0.70905
    814780     0.67273
    814790    0.761765
    814800    0.717795
    814810    0.689713
    814820    0.728267
    814830    0.685956
    814840    0.749379
    814850    0.726555
    814860    0.750562
    814870    0.743438
    814880    0.660506
    814890    0.795856
    814900    0.732903
    814910    0.715926
    814920    0.747132
    814930    0.714264
    814940    0.695579
    814950    0.682944
    814960    0.710961
    814970    0.710154
    814980    0.577038
    814990    0.565964
    815000    0.595744
    815010    0.674483
    815020    0.644632
    815030    0.621087
    815040    0.589089
    815050    0.630618
    815060    0.639151
    815070    0.573144
    815080    0.592506
    815090    0.563504
    815100    0.621964
    815110    0.649706
    815120    0.630219
    815130    0.635833
    815140    0.666114
    815150    0.632955
    815160    0.641642
    815170    0.572531
    815180    0.640869
    815190    0.663739
    815200    0.573599
    815210     0.59245
    815220    0.593156
    815230    0.551653
    815240    0.662541
    815250    0.553202
    815260    0.611205
    815270    0.578903
    815280    0.589861
    815290    0.603495
    815300    0.595661
    815310    0.654983
    815320    0.540146
    815330    0.614273
    815340    0.640293
    815350    0.596284
    815360    0.577716
    815370    0.607071
    815380    0.535589
    815390    0.602214
    815400    0.500388
    815410    0.636878
    815420    0.569462
    815430    0.575773
    815440    0.557799
    815450    0.605904
    815460    0.621987
    815470    0.624323
    815480    0.655242
    815490     0.62674
    815500    0.644913
    815510    0.650123
    815520    0.659018
    815530     0.65371
    815540    0.607938
    815550    0.622235
    815560    0.654145
    815570    0.697707
    815580    0.656231
    815590    0.609386
    815600    0.568969
    815610    0.641723
    815620    0.640165
    815630    0.614663
    815640    0.598395
    815650    0.648566
    815660    0.650258
    815670    0.623518
    815680    0.590268
    815690     0.61189
    815700     0.63011
    815710    0.680601
    815720    0.603712
    815730    0.618389
    815740    0.630663
    815750    0.653238
    815760    0.619927
    815770    0.682312
    815780    0.636609
    815790     0.65099
    815800    0.642404
    815810    0.676795
    815820    0.614697
    815830    0.567363
    815840    0.611407
    815850    0.651987
    815860    0.621814
    815870    0.659866
    815880    0.634145
    815890    0.629152
    815900    0.654052
    815910     0.66554
    815920    0.605879
    815930     0.61982
    815940    0.628809
    815950    0.627423
    815960    0.567356
    815970    0.551232
    815980    0.563832
    815990    0.546783
    816000    0.578327
    816010    0.575361
    816020    0.632483
    816030    0.632012
    816040    0.683406
    816050    0.583276
    816060    0.587082
    816070    0.614352
    816080    0.619283
    816090    0.662788
    816100      0.5965
    816110    0.603701
    816120     0.59655
    816130     0.57036
    816140    0.682659
    816150    0.697704
    816160    0.661567
    816170    0.590416
    816180    0.608597
    816190    0.600401
    816200     0.58636
    816210    0.663087
    816220    0.581163
    816230    0.618266
    816240    0.642964
    816250    0.635005
    816260    0.708742
    816270    0.627922
    816280    0.667041
    816290     0.62296
    816300    0.555336
    816310    0.591759
    816320    0.638532
    816330    0.568972
    816340    0.634646
    816350    0.685145
    816360    0.656145
    816370    0.659419
    816380    0.658721
    816390    0.632064
    816400     0.64881
    816410     0.60141
    816420    0.558564
    816430    0.566199
    816440    0.553416
    816450    0.663381
    816460    0.616587
    816470    0.601579
    816480    0.600661
    816490    0.624247
    816500    0.626223
    816510    0.633494
    816520    0.601521
    816530    0.634755
    816540    0.685832
    816550    0.681378
    816560    0.557874
    816570    0.643882
    816580    0.653511
    816590    0.588241
    816600    0.600957
    816610    0.656707
    816620    0.535958
    816630    0.599646
    816640    0.604508
    816650    0.609624
    816660    0.585857
    816670    0.672147
    816680    0.638465
    816690    0.594055
    816700    0.650561
    816710    0.600757
    816720    0.635557
    816730    0.582786
    816740    0.601459
    816750    0.602416
    816760     0.58604
    816770    0.631768
    816780    0.604641
    816790    0.610279
    816800    0.601732
    816810    0.575141
    816820    0.626534
    816830    0.672511
    816840    0.599656
    816850    0.727105
    816860    0.676603
    816870    0.618598
    816880    0.566638
    816890     0.62142
    816900    0.587419
    816910    0.619006
    816920    0.635697
    816930    0.586426
    816940    0.583605
    816950    0.592328
    816960    0.603621
    816970    0.610549
    816980    0.595556
    816990    0.586091
    817000    0.586087
    817010    0.625325
    817020    0.607208
    817030    0.606662
    817040    0.610647
    817050    0.658936
    817060    0.585076
    817070    0.575246
    817080    0.593901
    817090    0.577755
    817100    0.574317
    817110    0.631992
    817120    0.601888
    817130    0.589201
    817140    0.602599
    817150    0.620827
    817160    0.651236
    817170    0.608928
    817180    0.582067
    817190    0.612123
    817200    0.566985
    817210    0.672249
    817220    0.666662
    817230    0.644426
    817240    0.659633
    817250    0.603244
    817260    0.613558
    817270    0.617145
    817280    0.606446
    817290    0.659009
    817300    0.679813
    817310    0.636547
    817320    0.626714
    817330    0.700198
    817340    0.710388
    817350    0.633558
    817360    0.682399
    817370    0.717247
    817380    0.711436
    817390     0.65434
    817400    0.641895
    817410    0.606015
    817420     0.63158
    817430    0.658651
    817440    0.728403
    817450    0.694389
    817460     0.65881
    817470    0.766406
    817480    0.642618
    817490    0.703247
    817500    0.651848
    817510    0.668427
    817520    0.702792
    817530    0.665796
    817540    0.625699
    817550    0.634401
    817560    0.617164
    817570    0.669733
    817580    0.656743
    817590    0.660183
    817600    0.652514
    817610    0.658997
    817620    0.647225
    817630    0.669779
    817640    0.681122
    817650    0.624335
    817660    0.623016
    817670    0.616114
    817680    0.657016
    817690     0.69113
    817700    0.693666
    817710    0.681775
    817720     0.62701
    817730     0.65485
    817740    0.626013
    817750    0.676982
    817760    0.646602
    817770    0.664951
    817780    0.628787
    817790    0.725438
    817800    0.697041
    817810    0.650358
    817820    0.607108
    817830    0.664153
    817840    0.612936
    817850    0.645933
    817860    0.670329
    817870    0.687831
    817880    0.703334
    817890    0.645113
    817900    0.676843
    817910    0.671194
    817920    0.644182
    817930    0.669347
    817940    0.614787
    817950    0.707363
    817960    0.611072
    817970    0.657046
    817980    0.688401
    817990     0.67548
    818000    0.682751
    818010    0.652636
    818020    0.697204
    818030    0.603748
    818040    0.706211
    818050    0.661059
    818060     0.63121
    818070    0.653514
    818080    0.715725
    818090    0.680121
    818100    0.653246
    818110    0.666865
    818120    0.650918
    818130    0.744831
    818140    0.676063
    818150    0.685479
    818160    0.692633
    818170    0.704605
    818180    0.708042
    818190    0.694078
    818200    0.667986
    818210    0.674454
    818220    0.661229
    818230    0.662826
    818240    0.724973
    818250    0.696355
    818260     0.66731
    818270    0.674925
    818280    0.705383
    818290    0.713214
    818300    0.711713
    818310    0.659894
    818320    0.681042
    818330    0.613363
    818340    0.670159
    818350     0.66758
    818360    0.658453
    818370    0.699177
    818380     0.65855
    818390    0.718499
    818400    0.696719
    818410    0.706697
    818420    0.683155
    818430    0.768288
    818440     0.79741
    818450    0.727035
    818460    0.748413
    818470    0.781009
    818480    0.769597
    818490    0.784697
    818500    0.609602
    818510    0.715166
    818520    0.665775
    818530    0.633748
    818540    0.725666
    818550    0.726812
    818560    0.653396
    818570    0.684982
    818580    0.641195
    818590    0.663512
    818600    0.680277
    818610    0.657101
    818620    0.624594
    818630    0.595716
    818640    0.694954
    818650    0.694761
    818660    0.591627
    818670    0.691733
    818680    0.669959
    818690    0.654774
    818700     0.60984
    818710    0.667108
    818720     0.64928
    818730    0.683108
    818740    0.648202
    818750    0.624881
    818760    0.650913
    818770    0.664773
    818780    0.702839
    818790    0.656973
    818800    0.705253
    818810    0.648211
    818820    0.608318
    818830    0.644526
    818840    0.676166
    818850    0.682677
    818860    0.649537
    818870    0.670701
    818880    0.725921
    818890    0.697206
    818900    0.553449
    818910    0.653634
    818920    0.632809
    818930    0.620552
    818940    0.602071
    818950    0.614789
    818960    0.735983
    818970    0.708704
    818980    0.630835
    818990    0.627033
    819000    0.524581
    819010     0.61661
    819020     0.62802
    819030    0.637715
    819040     0.81199
    819050    0.746945
    819060    0.739377
    819070    0.696065
    819080    0.672599
    819090    0.683169
    819100    0.697667
    819110    0.657638
    819120    0.630712
    819130    0.722352
    819140    0.625119
    819150    0.595324
    819160    0.680416
    819170    0.598971
    819180    0.645675
    819190     0.57734
    819200     0.63732
    819210    0.666883
    819220    0.629862
    819230    0.684781
    819240    0.689053
    819250    0.649974
    819260    0.691857
    819270    0.731013
    819280    0.703129
    819290     0.67391
    819300    0.698298
    819310    0.652742
    819320    0.710394
    819330    0.635294
    819340    0.637889
    819350    0.658401
    819360    0.652879
    819370    0.699379
    819380    0.676294
    819390    0.679199
    819400     0.70172
    819410    0.664154
    819420    0.715989
    819430    0.666885
    819440    0.653227
    819450    0.647491
    819460    0.690181
    819470    0.692983
    819480    0.689104
    819490    0.686316
    819500     0.70103
    819510    0.650684
    819520    0.631788
    819530    0.659959
    819540    0.652519
    819550    0.592224
    819560    0.654241
    819570    0.659124
    819580    0.671067
    819590    0.660636
    819600    0.682613
    819610    0.701595
    819620    0.674858
    819630    0.678355
    819640    0.716892
    819650    0.662086
    819660    0.690298
    819670    0.714491
    819680    0.727727
    819690    0.730147
    819700    0.668993
    819710    0.727469
    819720    0.714507
    819730    0.748713
    819740    0.721818
    819750    0.745358
    819760     0.68592
    819770    0.702607
    819780    0.693799
    819790    0.713554
    819800    0.688304
    819810    0.684744
    819820     0.72389
    819830     0.69731
    819840    0.739537
    819850    0.730333
    819860    0.713558
    819870    0.735649
    819880    0.700222
    819890    0.732747
    819900    0.786542
    819910    0.750672
    819920    0.718538
    819930    0.696198
    819940    0.727209
    819950    0.773965
    819960    0.746877
    819970    0.739555
    819980    0.691039
    819990    0.734954
    820000    0.712063
    820010    0.683431
    820020    0.746647
    820030    0.686963
    820040    0.725149
    820050    0.719533
    820060    0.707132
    820070    0.730116
    820080    0.696514
    820090    0.730929
    820100    0.796323
    820110    0.675663
    820120    0.667752
    820130    0.711393
    820140    0.735534
    820150    0.648694
    820160    0.714361
    820170    0.729851
    820180    0.714312
    820190    0.684433
    820200    0.711137
    820210    0.733819
    820220    0.667207
    820230    0.721981
    820240    0.661424
    820250    0.629872
    820260    0.664792
    820270    0.678025
    820280    0.713473
    820290    0.698132
    820300    0.630329
    820310    0.779776
    820320     0.67938
    820330     0.70617
    820340    0.688613
    820350     0.68357
    820360    0.683533
    820370    0.665919
    820380    0.691706
    820390    0.697536
    820400    0.718095
    820410    0.691557
    820420    0.653713
    820430    0.711193
    820440    0.735208
    820450     0.67499
    820460    0.670139
    820470    0.725256
    820480    0.695443
    820490     0.64215
    820500    0.664532
    820510    0.687414
    820520    0.730979
    820530    0.711282
    820540    0.722074
    820550    0.815677
    820560    0.748937
    820570    0.728566
    820580    0.704067
    820590     0.74478
    820600     0.81816
    820610    0.748986
    820620    0.813175
    820630    0.809709
    820640    0.756146
    820650    0.765153
    820660      0.7467
    820670    0.705464
    820680    0.711765
    820690    0.694679
    820700    0.705321
    820710    0.688977
    820720    0.652133
    820730    0.744063
    820740     0.65458
    820750    0.684424
    820760     0.68916
    820770    0.697872
    820780    0.731426
    820790    0.798459
    820800    0.707947
    820810    0.771121
    820820    0.704335
    820830    0.767054
    820840     0.71834
    820850    0.709523
    820860    0.670664
    820870    0.693538
    820880    0.710233
    820890     0.70429
    820900    0.668082
    820910    0.709069
    820920    0.716751
    820930    0.620634
    820940    0.659238
    820950    0.693972
    820960    0.729459
    820970    0.701053
    820980    0.682517
    820990    0.738076
    821000     0.73444
    821010    0.709342
    821020    0.674699
    821030    0.681608
    821040    0.672863
    821050    0.708987
    821060     0.70384
    821070    0.705927
    821080    0.724949
    821090    0.747667
    821100    0.726702
    821110    0.683812
    821120    0.718779
    821130    0.679672
    821140    0.715095
    821150    0.742119
    821160    0.618097
    821170    0.577022
    821180    0.641393
    821190    0.601252
    821200    0.632161
    821210    0.656533
    821220    0.590248
    821230    0.636538
    821240    0.604833
    821250     0.58684
    821260    0.671286
    821270    0.672746
    821280    0.641336
    821290    0.652121
    821300    0.590189
    821310    0.659308
    821320    0.575282
    821330    0.663459
    821340    0.562274
    821350    0.587408
    821360     0.63152
    821370    0.643068
    821380    0.596806
    821390    0.600653
    821400    0.650459
    821410    0.644348
    821420    0.576116
    821430     0.60949
    821440    0.599453
    821450     0.67117
    821460      0.5776
    821470    0.654914
    821480    0.575603
    821490    0.555811
    821500    0.595146
    821510    0.506873
    821520     0.57469
    821530     0.59875
    821540    0.654869
    821550    0.660254
    821560    0.592723
    821570    0.661972
    821580    0.634994
    821590    0.608497
    821600    0.603421
    821610     0.64006
    821620    0.637803
    821630    0.598912
    821640    0.639186
    821650    0.657294
    821660    0.665086
    821670    0.658796
    821680    0.635724
    821690    0.629894
    821700     0.61994
    821710    0.567786
    821720    0.528816
    821730    0.588672
    821740    0.636359
    821750    0.622933
    821760     0.60734
    821770    0.549571
    821780    0.574467
    821790    0.543941
    821800    0.594619
    821810    0.539946
    821820    0.634892
    821830    0.609682
    821840    0.611487
    821850    0.628149
    821860    0.622964
    821870    0.670002
    821880    0.632817
    821890     0.62087
    821900     0.59341
    821910    0.549911
    821920    0.525865
    821930    0.481804
    821940    0.565244
    821950    0.564282
    821960    0.496378
    821970    0.525787
    821980    0.569686
    821990    0.552795
    822000     0.61529
    822010    0.601413
    822020    0.538199
    822030    0.552384
    822040    0.521377
    822050     0.55574
    822060    0.471473
    822070    0.550158
    822080    0.603877
    822090    0.585171
    822100    0.618945
    822110    0.538739
    822120    0.626139
    822130    0.587536
    822140    0.616114
    822150    0.623781
    822160    0.603832
    822170    0.559578
    822180     0.59185
    822190    0.643394
    822200    0.654094
    822210    0.605662
    822220    0.647395
    822230    0.651816
    822240    0.632175
    822250    0.649393
    822260    0.589453
    822270     0.61468
    822280    0.648857
    822290    0.552372
    822300    0.544968
    822310    0.587934
    822320    0.507204
    822330    0.530126
    822340    0.597558
    822350    0.536197
    822360    0.574302
    822370    0.579354
    822380    0.515138
    822390     0.65094
    822400      0.5574
    822410    0.551625
    822420    0.527641
    822430    0.602744
    822440    0.597821
    822450    0.635219
    822460    0.598945
    822470    0.629327
    822480    0.531141
    822490    0.626883
    822500    0.638768
    822510    0.628059
    822520    0.674918
    822530    0.649617
    822540    0.669626
    822550    0.642066
    822560    0.649415
    822570    0.621721
    822580    0.609136
    822590    0.682564
    822600    0.661112
    822610    0.579823
    822620    0.591583
    822630    0.577886
    822640    0.698156
    822650     0.60796
    822660    0.603852
    822670    0.634647
    822680     0.62905
    822690    0.594899
    822700    0.615527
    822710    0.599986
    822720    0.616401
    822730    0.655726
    822740    0.657909
    822750    0.674512
    822760    0.582823
    822770    0.664293
    822780    0.611242
    822790    0.609417
    822800    0.657902
    822810    0.611234
    822820    0.639548
    822830    0.600617
    822840    0.571598
    822850    0.605058
    822860    0.658544
    822870    0.709854
    822880    0.625948
    822890    0.623921
    822900    0.634171
    822910    0.654673
    822920    0.625102
    822930    0.546643
    822940    0.623009
    822950    0.599333
    822960    0.561108
    822970    0.585036
    822980    0.500844
    822990    0.532632
    823000    0.625267
    823010    0.593622
    823020    0.671038
    823030    0.587317
    823040    0.627848
    823050    0.605806
    823060    0.581169
    823070    0.623299
    823080    0.648007
    823090     0.67906
    823100    0.716625
    823110    0.687105
    823120    0.648187
    823130    0.592844
    823140    0.581495
    823150    0.590445
    823160    0.593327
    823170     0.68142
    823180     0.61992
    823190    0.628924
    823200    0.681637
    823210    0.628896
    823220    0.682653
    823230     0.68966
    823240    0.667493
    823250    0.661994
    823260    0.561012
    823270    0.619126
    823280    0.639929
    823290    0.676638
    823300    0.699519
    823310    0.676642
    823320    0.688398
    823330     0.64696
    823340    0.666716
    823350    0.621866
    823360    0.652817
    823370     0.63016
    823380    0.645598
    823390    0.511669
    823400    0.527206
    823410    0.687384
    823420    0.636834
    823430     0.66881
    823440    0.636862
    823450    0.581696
    823460    0.577141
    823470     0.58524
    823480    0.617894
    823490    0.635284
    823500    0.640487
    823510    0.717694
    823520    0.667147
    823530    0.633952
    823540    0.592367
    823550    0.634442
    823560    0.616611
    823570    0.639765
    823580    0.558835
    823590    0.544797
    823600    0.642495
    823610    0.617885
    823620    0.616166
    823630    0.668752
    823640    0.641705
    823650     0.64511
    823660    0.644811
    823670     0.61676
    823680    0.662778
    823690    0.630101
    823700    0.657495
    823710    0.620512
    823720    0.611926
    823730    0.622152
    823740    0.656689
    823750    0.674024
    823760    0.632931
    823770      0.6448
    823780    0.643671
    823790    0.663492
    823800    0.703756
    823810    0.675745
    823820    0.638945
    823830    0.628972
    823840    0.649909
    823850    0.596676
    823860    0.640904
    823870    0.640822
    823880    0.566506
    823890    0.638247
    823900    0.619438
    823910    0.654615
    823920    0.680814
    823930    0.648517
    823940    0.657051
    823950    0.614975
    823960    0.652209
    823970    0.690307
    823980    0.650129
    823990    0.628417
    824000    0.655118
    824010    0.688822
    824020    0.630399
    824030    0.675943
    824040    0.665399
    824050    0.641346
    824060    0.665985
    824070    0.643075
    824080    0.688017
    824090    0.667829
    824100    0.645001
    824110    0.678094
    824120    0.664728
    824130     0.66902
    824140    0.697532
    824150    0.660602
    824160    0.662299
    824170    0.685526
    824180    0.691381
    824190    0.635009
    824200    0.613461
    824210    0.608982
    824220    0.656336
    824230    0.660008
    824240    0.651699
    824250    0.691536
    824260    0.629658
    824270    0.627572
    824280    0.626038
    824290    0.662053
    824300     0.61446
    824310    0.682507
    824320    0.606559
    824330    0.695032
    824340    0.710896
    824350     0.63353
    824360    0.673637
    824370    0.676543
    824380    0.652778
    824390     0.68624
    824400    0.642973
    824410    0.639413
    824420    0.664325
    824430    0.657447
    824440    0.679294
    824450    0.608314
    824460    0.627131
    824470    0.685942
    824480    0.692385
    824490    0.602494
    824500    0.753172
    824510    0.669582
    824520    0.639232
    824530    0.715988
    824540    0.641594
    824550    0.617587
    824560    0.630901
    824570    0.657547
    824580    0.665781
    824590    0.693331
    824600    0.695367
    824610    0.709399
    824620    0.679373
    824630    0.711736
    824640    0.768117
    824650    0.759574
    824660    0.671955
    824670    0.623939
    824680    0.685735
    824690     0.63182
    824700    0.619508
    824710    0.672817
    824720    0.683785
    824730    0.675874
    824740      0.6434
    824750    0.710953
    824760    0.698327
    824770    0.707351
    824780    0.602072
    824790    0.619046
    824800    0.698889
    824810    0.664037
    824820    0.680271
    824830    0.684032
    824840      0.6335
    824850    0.609755
    824860    0.673881
    824870    0.564531
    824880    0.638103
    824890    0.673189
    824900    0.619171
    824910    0.644291
    824920    0.638971
    824930     0.64353
    824940    0.646959
    824950    0.708565
    824960    0.723012
    824970    0.581245
    824980    0.649924
    824990    0.673069
    825000    0.635289
    825010     0.69994
    825020    0.636033
    825030     0.57534
    825040    0.601896
    825050    0.640139
    825060    0.616368
    825070    0.636617
    825080    0.587561
    825090    0.619316
    825100    0.664172
    825110    0.602563
    825120    0.598498
    825130    0.651881
    825140    0.623575
    825150     0.64812
    825160     0.67078
    825170    0.656966
    825180    0.564056
    825190    0.604077
    825200    0.659143
    825210    0.664163
    825220    0.636529
    825230    0.669583
    825240    0.624246
    825250    0.628074
    825260     0.59717
    825270    0.690795
    825280    0.619029
    825290    0.628579
    825300    0.560888
    825310    0.625816
    825320    0.621257
    825330    0.574864
    825340    0.636996
    825350    0.645474
    825360    0.631165
    825370    0.657368
    825380     0.60989
    825390    0.646632
    825400    0.672895
    825410    0.630924
    825420    0.585229
    825430    0.682347
    825440    0.643643
    825450    0.632843
    825460    0.635466
    825470    0.629673
    825480    0.624542
    825490    0.644248
    825500    0.642595
    825510     0.65711
    825520    0.646376
    825530    0.605296
    825540    0.596794
    825550    0.684852
    825560    0.746226
    825570    0.622337
    825580    0.667145
    825590    0.674215
    825600    0.615034
    825610    0.664064
    825620    0.672158
    825630    0.664533
    825640    0.669331
    825650    0.734187
    825660    0.614477
    825670    0.745387
    825680    0.654398
    825690    0.653202
    825700    0.611222
    825710    0.640128
    825720    0.664652
    825730    0.677354
    825740    0.591365
    825750    0.663056
    825760    0.630741
    825770    0.598794
    825780    0.642891
    825790    0.661402
    825800    0.599269
    825810    0.568289
    825820     0.57977
    825830    0.647384
    825840    0.638736
    825850    0.683695
    825860    0.691543
    825870    0.663478
    825880    0.637029
    825890    0.690646
    825900    0.610861
    825910     0.64405
    825920    0.574059
    825930    0.603718
    825940    0.569621
    825950    0.702237
    825960    0.583771
    825970     0.61494
    825980    0.640048
    825990    0.607288
    826000    0.599981
    826010     0.58168
    826020    0.618886
    826030    0.549859
    826040    0.647769
    826050    0.622399
    826060    0.662555
    826070     0.63827
    826080     0.66624
    826090     0.56321
    826100    0.606399
    826110    0.629441
    826120    0.576665
    826130    0.660211
    826140     0.72195
    826150    0.684711
    826160    0.601441
    826170    0.638265
    826180    0.632315
    826190    0.678372
    826200    0.656979
    826210    0.636733
    826220    0.657578
    826230    0.633383
    826240    0.627579
    826250    0.658193
    826260    0.631955
    826270    0.627941
    826280    0.605834
    826290    0.697136
    826300    0.677506
    826310    0.607241
    826320    0.587086
    826330     0.63413
    826340     0.63883
    826350    0.638576
    826360     0.68219
    826370    0.652239
    826380    0.685809
    826390    0.654872
    826400    0.583938
    826410    0.616163
    826420    0.699196
    826430    0.679506
    826440    0.630814
    826450    0.646837
    826460    0.612391
    826470    0.600099
    826480    0.637121
    826490    0.691091
    826500    0.667583
    826510    0.625385
    826520    0.615267
    826530    0.586049
    826540    0.602385
    826550    0.547384
    826560    0.640745
    826570    0.612595
    826580    0.662431
    826590    0.581698
    826600     0.62089
    826610    0.558261
    826620    0.597064
    826630    0.592962
    826640    0.617611
    826650    0.545609
    826660    0.636502
    826670    0.588502
    826680    0.643776
    826690    0.617368
    826700    0.597735
    826710    0.616934
    826720    0.633489
    826730    0.591547
    826740    0.612646
    826750    0.576239
    826760    0.542817
    826770    0.595513
    826780    0.571135
    826790    0.622478
    826800    0.636634
    826810    0.628414
    826820    0.703448
    826830    0.628909
    826840    0.605732
    826850    0.618785
    826860     0.58873
    826870    0.592322
    826880    0.557866
    826890     0.60652
    826900    0.549039
    826910    0.632192
    826920    0.594667
    826930    0.634671
    826940    0.560474
    826950    0.605788
    826960    0.632336
    826970    0.594318
    826980     0.63345
    826990    0.586124
    827000      0.5876
    827010    0.585929
    827020    0.484595
    827030    0.605263
    827040    0.604591
    827050    0.533065
    827060    0.568647
    827070    0.591421
    827080    0.556739
    827090    0.579922
    827100    0.591731
    827110    0.626634
    827120    0.569271
    827130    0.633742
    827140    0.617427
    827150     0.52136
    827160    0.497397
    827170    0.550651
    827180    0.501276
    827190    0.526578
    827200    0.541349
    827210    0.482954
    827220    0.568029
    827230    0.484099
    827240    0.550557
    827250    0.535035
    827260    0.609896
    827270    0.489735
    827280    0.502542
    827290    0.539806
    827300     0.56058
    827310    0.553166
    827320    0.560166
    827330    0.562969
    827340    0.534496
    827350    0.593347
    827360    0.639888
    827370    0.688427
    827380    0.601156
    827390     0.69146
    827400    0.627184
    827410    0.639167
    827420    0.599936
    827430    0.702668
    827440    0.666478
    827450    0.704663
    827460    0.704653
    827470    0.747502
    827480    0.630693
    827490    0.598878
    827500    0.591493
    827510    0.623015
    827520     0.60645
    827530    0.585072
    827540    0.613669
    827550    0.646222
    827560    0.511843
    827570    0.630323
    827580     0.62422
    827590    0.583249
    827600    0.586697
    827610     0.68599
    827620    0.577512
    827630    0.617247
    827640    0.658152
    827650    0.623886
    827660    0.625019
    827670    0.558778
    827680    0.687558
    827690    0.692902
    827700    0.697372
    827710    0.663717
    827720    0.587058
    827730    0.697552
    827740    0.634614
    827750    0.627659
    827760    0.676546
    827770    0.647475
    827780    0.554968
    827790    0.660307
    827800    0.608909
    827810    0.653461
    827820    0.626019
    827830    0.648485
    827840    0.648883
    827850    0.632181
    827860    0.610118
    827870    0.569044
    827880    0.573364
    827890    0.612232
    827900    0.617823
    827910    0.626812
    827920     0.59047
    827930    0.655147
    827940    0.624708
    827950    0.553376
    827960    0.639572
    827970    0.643911
    827980    0.596072
    827990    0.607423
    828000    0.705648
    828010    0.632511
    828020    0.638319
    828030    0.651005
    828040    0.622897
    828050    0.625171
    828060    0.637097
    828070    0.594374
    828080    0.611193
    828090    0.602457
    828100    0.586342
    828110    0.619258
    828120    0.576877
    828130    0.495691
    828140    0.615041
    828150    0.607161
    828160    0.535008
    828170    0.584221
    828180    0.584204
    828190    0.615118
    828200    0.621274
    828210    0.667673
    828220    0.589567
    828230    0.524085
    828240    0.524372
    828250    0.591651
    828260    0.526659
    828270    0.528999
    828280    0.612362
    828290    0.559073
    828300    0.611642
    828310    0.566845
    828320    0.593788
    828330    0.554134
    828340    0.660663
    828350    0.583234
    828360    0.621442
    828370    0.582438
    828380    0.632379
    828390    0.593991
    828400    0.680158
    828410    0.652037
    828420    0.726482
    828430    0.634042
    828440    0.717498
    828450    0.638463
    828460    0.678139
    828470    0.666215
    828480    0.693034
    828490    0.701012
    828500     0.69217
    828510    0.702113
    828520    0.660791
    828530     0.68797
    828540    0.684711
    828550    0.628564
    828560    0.670888
    828570    0.682497
    828580    0.699517
    828590    0.687308
    828600     0.63626
    828610    0.627576
    828620    0.558311
    828630    0.661096
    828640    0.666924
    828650     0.69671
    828660    0.582768
    828670     0.62784
    828680    0.605698
    828690    0.630324
    828700    0.629342
    828710     0.69038
    828720    0.648368
    828730    0.591475
    828740    0.714361
    828750    0.619575
    828760    0.624726
    828770    0.585066
    828780    0.646945
    828790    0.659675
    828800    0.590448
    828810    0.553728
    828820    0.658532
    828830    0.667806
    828840    0.638225
    828850    0.693047
    828860    0.657961
    828870    0.668869
    828880    0.628167
    828890    0.634649
    828900    0.700421
    828910    0.661137
    828920    0.623064
    828930    0.694749
    828940    0.673179
    828950    0.660355
    828960    0.677713
    828970    0.655243
    828980    0.655108
    828990    0.712278
    829000    0.575239
    829010    0.582624
    829020    0.606274
    829030    0.666141
    829040    0.628468
    829050    0.552158
    829060    0.675258
    829070    0.591989
    829080    0.550092
    829090    0.586296
    829100    0.676767
    829110    0.703938
    829120    0.691951
    829130    0.712052
    829140     0.57283
    829150    0.669627
    829160    0.638127
    829170    0.710521
    829180    0.610881
    829190    0.702582
    829200    0.658933
    829210    0.628275
    829220    0.635472
    829230    0.613112
    829240    0.592486
    829250    0.654276
    829260    0.626372
    829270    0.664596
    829280    0.617312
    829290    0.639662
    829300     0.59991
    829310    0.583771
    829320    0.650073
    829330       0.578
    829340    0.607942
    829350    0.659937
    829360    0.655697
    829370    0.618552
    829380    0.551854
    829390     0.61119
    829400    0.605822
    829410    0.622472
    829420    0.676887
    829430    0.635923
    829440    0.660424
    829450    0.633734
    829460    0.684807
    829470    0.685927
    829480    0.660099
    829490     0.69231
    829500    0.624084
    829510    0.631723
    829520    0.614628
    829530    0.651388
    829540     0.63172
    829550    0.671642
    829560    0.622989
    829570    0.611634
    829580    0.592565
    829590    0.615274
    829600    0.617598
    829610    0.684549
    829620    0.622022
    829630    0.586633
    829640    0.611042
    829650    0.567076
    829660    0.576244
    829670    0.571838
    829680    0.592136
    829690    0.587982
    829700    0.625223
    829710    0.622188
    829720    0.628705
    829730     0.62178
    829740    0.644152
    829750    0.684949
    829760     0.64174
    829770      0.6824
    829780    0.696692
    829790    0.696476
    829800    0.571992
    829810     0.64338
    829820    0.629449
    829830    0.510828
    829840    0.550285
    829850    0.586962
    829860    0.464163
    829870    0.574328
    829880    0.568522
    829890    0.632588
    829900    0.688147
    829910    0.576236
    829920    0.585961
    829930     0.56601
    829940    0.644233
    829950    0.588389
    829960    0.552517
    829970    0.626562
    829980    0.655818
    829990    0.737452
    830000    0.622835
    830010    0.631877
    830020    0.698447
    830030    0.677352
    830040    0.616549
    830050    0.649002
    830060    0.646599
    830070    0.673986
    830080    0.626792
    830090     0.58819
    830100    0.614141
    830110     0.66486
    830120    0.675131
    830130    0.524797
    830140     0.56828
    830150    0.658734
    830160    0.560479
    830170    0.648082
    830180    0.600262
    830190    0.575285
    830200    0.597027
    830210    0.597664
    830220     0.61107
    830230     0.61909
    830240    0.593186
    830250    0.544862
    830260    0.587191
    830270    0.552632
    830280    0.557962
    830290    0.593054
    830300    0.480298
    830310    0.617655
    830320    0.675425
    830330    0.674283
    830340    0.625849
    830350    0.617405
    830360    0.567093
    830370       0.666
    830380    0.583142
    830390    0.663348
    830400    0.595218
    830410    0.645498
    830420    0.679309
    830430    0.622261
    830440    0.678398
    830450    0.606493
    830460    0.601759
    830470    0.561785
    830480    0.638331
    830490    0.642456
    830500    0.550785
    830510    0.619077
    830520     0.65642
    830530    0.489252
    830540    0.628172
    830550    0.541187
    830560    0.609276
    830570    0.630707
    830580    0.647099
    830590    0.600712
    830600    0.678322
    830610    0.601206
    830620    0.583591
    830630    0.628802
    830640    0.650217
    830650    0.697685
    830660    0.653018
    830670    0.593385
    830680     0.61584
    830690    0.621301
    830700    0.643108
    830710    0.625833
    830720    0.468307
    830730    0.668267
    830740    0.626023
    830750    0.613273
    830760     0.57098
    830770    0.594567
    830780    0.601118
    830790    0.611133
    830800    0.614239
    830810    0.595845
    830820    0.525328
    830830    0.639611
    830840    0.577026
    830850    0.635834
    830860    0.649347
    830870    0.659613
    830880    0.599676
    830890    0.598803
    830900    0.661155
    830910    0.642491
    830920    0.543408
    830930    0.594901
    830940    0.576939
    830950    0.599513
    830960    0.579935
    830970     0.69706
    830980    0.673632
    830990     0.67692
    831000    0.540035
    831010    0.599618
    831020    0.603499
    831030    0.573134
    831040    0.698685
    831050    0.577028
    831060    0.622979
    831070    0.654888
    831080    0.587056
    831090    0.594232
    831100    0.613096
    831110    0.654382
    831120    0.676938
    831130    0.597967
    831140    0.593593
    831150    0.621679
    831160    0.587922
    831170     0.62232
    831180     0.62771
    831190    0.621954
    831200    0.655981
    831210    0.657315
    831220    0.711913
    831230     0.57404
    831240    0.605457
    831250    0.625591
    831260    0.570419
    831270    0.674399
    831280     0.56962
    831290    0.626697
    831300    0.604649
    831310     0.57263
    831320    0.569925
    831330    0.652126
    831340    0.650098
    831350    0.577801
    831360    0.596475
    831370    0.591812
    831380    0.719433
    831390    0.626963
    831400    0.659499
    831410    0.547971
    831420    0.617989
    831430    0.606259
    831440    0.478663
    831450    0.636855
    831460    0.647948
    831470    0.594762
    831480    0.669641
    831490     0.62326
    831500    0.587188
    831510    0.678636
    831520    0.704509
    831530     0.62144
    831540    0.617494
    831550    0.668519
    831560    0.681187
    831570    0.610281
    831580    0.640119
    831590    0.665076
    831600    0.700639
    831610    0.629231
    831620    0.615016
    831630    0.687905
    831640    0.640688
    831650    0.568266
    831660    0.581634
    831670    0.607586
    831680     0.60306
    831690    0.608621
    831700    0.608913
    831710     0.73016
    831720    0.593365
    831730    0.631875
    831740    0.695288
    831750    0.534035
    831760    0.700593
    831770    0.662189
    831780    0.669907
    831790    0.695884
    831800    0.703778
    831810    0.768813
    831820    0.660596
    831830    0.651945
    831840    0.719408
    831850    0.670619
    831860    0.693141
    831870    0.680591
    831880    0.689992
    831890    0.691158
    831900    0.688387
    831910    0.777718
    831920    0.760262
    831930     0.67865
    831940    0.747123
    831950    0.724495
    831960    0.740675
    831970    0.678888
    831980    0.747044
    831990    0.796129
    832000    0.744195
    832010    0.824025
    832020    0.738183
    832030    0.775819
    832040     0.70946
    832050    0.697758
    832060     0.68838
    832070    0.699318
    832080    0.729931
    832090    0.689741
    832100    0.684502
    832110    0.754993
    832120    0.705843
    832130    0.706561
    832140    0.710074
    832150    0.721893
    832160    0.694993
    832170    0.719314
    832180    0.691198
    832190    0.744031
    832200    0.679147
    832210    0.646521
    832220    0.662962
    832230    0.638646
    832240    0.611559
    832250    0.676186
    832260    0.632779
    832270    0.528184
    832280    0.595975
    832290    0.539071
    832300    0.609701
    832310    0.541499
    832320    0.546936
    832330    0.512876
    832340    0.497616
    832350    0.576347
    832360    0.673972
    832370    0.587303
    832380    0.553057
    832390     0.60618
    832400    0.594451
    832410    0.497435
    832420    0.646209
    832430    0.676192
    832440    0.655544
    832450    0.611906
    832460    0.573607
    832470    0.513185
    832480    0.546802
    832490    0.632363
    832500    0.541206
    832510    0.651521
    832520    0.523979
    832530    0.598013
    832540    0.658811
    832550     0.54492
    832560    0.651205
    832570    0.558177
    832580    0.580097
    832590    0.547189
    832600    0.583252
    832610    0.613426
    832620    0.590728
    832630    0.510501
    832640    0.558848
    832650    0.635053
    832660     0.58998
    832670    0.674127
    832680    0.627894
    832690    0.604992
    832700      0.6664
    832710    0.619778
    832720    0.499649
    832730    0.540647
    832740    0.539083
    832750    0.489068
    832760    0.472132
    832770     0.56751
    832780    0.519671
    832790    0.488495
    832800    0.542688
    832810    0.552661
    832820    0.500277
    832830    0.534294
    832840    0.593471
    832850    0.578882
    832860    0.517666
    832870    0.577249
    832880    0.377655
    832890    0.441073
    832900    0.488811
    832910    0.632981
    832920    0.673503
    832930     0.55157
    832940    0.433794
    832950    0.517973
    832960     0.57945
    832970    0.494455
    832980    0.562456
    832990    0.444521
    833000    0.535605
    833010    0.626473
    833020    0.571187
    833030    0.448268
    833040    0.501631
    833050    0.522005
    833060    0.576634
    833070    0.592565
    833080    0.611278
    833090    0.572703
    833100    0.662653
    833110     0.50505
    833120    0.505664
    833130     0.54128
    833140    0.521663
    833150    0.487287
    833160    0.546811
    833170     0.47842
    833180    0.536589
    833190    0.524618
    833200    0.479579
    833210    0.440095
    833220    0.528919
    833230    0.503886
    833240    0.445507
    833250    0.529428
    833260    0.564018
    833270    0.580482
    833280     0.58111
    833290    0.497464
    833300     0.59104
    833310    0.524193
    833320    0.548421
    833330    0.519908
    833340    0.564912
    833350    0.557278
    833360    0.571543
    833370    0.542277
    833380    0.565876
    833390    0.610296
    833400    0.563854
    833410    0.554951
    833420    0.579879
    833430     0.58136
    833440    0.556471
    833450    0.597049
    833460    0.493545
    833470    0.619843
    833480    0.520557
    833490    0.528611
    833500    0.529656
    833510    0.612569
    833520    0.622521
    833530      0.6004
    833540    0.634523
    833550    0.600928
    833560    0.584482
    833570    0.461746
    833580    0.477541
    833590    0.582389
    833600    0.619986
    833610    0.574037
    833620    0.470881
    833630    0.555207
    833640    0.501279
    833650    0.584626
    833660     0.56166
    833670    0.476865
    833680    0.398294
    833690    0.460899
    833700    0.446592
    833710    0.449597
    833720     0.45041
    833730    0.517417
    833740    0.482226
    833750    0.525809
    833760    0.608464
    833770    0.633883
    833780    0.562327
    833790    0.521918
    833800    0.594133
    833810    0.613986
    833820    0.490862
    833830    0.600967
    833840    0.516188
    833850    0.590267
    833860    0.531926
    833870    0.619989
    833880    0.591516
    833890      0.5404
    833900    0.568139
    833910    0.531193
    833920    0.545289
    833930    0.528115
    833940    0.526253
    833950    0.519231
    833960    0.638805
    833970    0.651313
    833980    0.730043
    833990    0.490463
    834000    0.500431
    834010    0.578194
    834020     0.47084
    834030    0.648237
    834040    0.581961
    834050    0.452052
    834060    0.416723
    834070    0.559178
    834080     0.44677
    834090    0.471992
    834100    0.453665
    834110    0.475195
    834120    0.490254
    834130    0.650352
    834140    0.624506
    834150    0.584031
    834160    0.576217
    834170    0.620119
    834180    0.481471
    834190    0.560276
    834200    0.580258
    834210    0.658806
    834220    0.659775
    834230    0.563087
    834240    0.682738
    834250    0.597415
    834260    0.646181
    834270     0.65041
    834280    0.600642
    834290    0.525888
    834300    0.476255
    834310    0.571641
    834320    0.527412
    834330    0.561377
    834340    0.637626
    834350    0.554822
    834360    0.572544
    834370    0.554225
    834380    0.565569
    834390    0.635213
    834400    0.589654
    834410    0.607606
    834420    0.672024
    834430    0.616804
    834440    0.677463
    834450    0.608737
    834460    0.578326
    834470    0.630809
    834480    0.534611
    834490    0.498383
    834500    0.559805
    834510    0.453337
    834520    0.527449
    834530    0.490532
    834540    0.635652
    834550     0.52115
    834560    0.596015
    834570    0.551708
    834580    0.530219
    834590    0.554406
    834600    0.567407
    834610    0.494663
    834620    0.568397
    834630    0.600387
    834640     0.57055
    834650    0.468341
    834660     0.48372
    834670    0.495724
    834680    0.431395
    834690    0.530098
    834700    0.517813
    834710    0.509643
    834720    0.461126
    834730    0.498855
    834740    0.537362
    834750    0.546287
    834760     0.54958
    834770    0.493904
    834780     0.48505
    834790    0.467583
    834800    0.450439
    834810    0.503205
    834820     0.49306
    834830    0.551873
    834840    0.507078
    834850    0.577753
    834860    0.477176
    834870    0.485652
    834880    0.532499
    834890    0.608565
    834900    0.476764
    834910    0.493849
    834920    0.415481
    834930    0.529255
    834940    0.447769
    834950    0.381727
    834960    0.500531
    834970    0.482439
    834980    0.493148
    834990    0.479654
    835000    0.495644
    835010    0.527935
    835020    0.568395
    835030    0.580169
    835040    0.451082
    835050     0.50993
    835060    0.574694
    835070    0.420361
    835080    0.487908
    835090    0.492342
    835100    0.545325
    835110      0.5143
    835120    0.463382
    835130    0.477566
    835140    0.514353
    835150    0.494269
    835160    0.522001
    835170    0.468892
    835180    0.509068
    835190    0.488291
    835200    0.518234
    835210    0.530547
    835220    0.524082
    835230    0.504465
    835240    0.548669
    835250    0.511827
    835260    0.565396
    835270    0.598372
    835280    0.501696
    835290    0.572468
    835300    0.364827
    835310    0.339681
    835320    0.589786
    835330    0.546071
    835340    0.533661
    835350    0.517427
    835360     0.63753
    835370    0.643434
    835380    0.555757
    835390    0.413308
    835400    0.539758
    835410    0.617878
    835420    0.566372
    835430    0.558588
    835440    0.549923
    835450    0.617594
    835460    0.620186
    835470    0.615939
    835480    0.494454
    835490    0.542771
    835500    0.557105
    835510    0.655848
    835520    0.613544
    835530    0.534827
    835540    0.547722
    835550     0.57234
    835560    0.598333
    835570    0.590444
    835580    0.510461
    835590    0.603927
    835600    0.570616
    835610    0.611039
    835620    0.654366
    835630    0.612783
    835640    0.528815
    835650    0.539924
    835660    0.580226
    835670    0.620832
    835680     0.58939
    835690     0.59451
    835700    0.602991
    835710    0.534434
    835720    0.554237
    835730    0.550485
    835740    0.691589
    835750    0.591906
    835760    0.599845
    835770    0.580656
    835780    0.590427
    835790    0.556869
    835800    0.482865
    835810    0.465436
    835820    0.577002
    835830    0.514694
    835840    0.433262
    835850    0.592179
    835860     0.54857
    835870    0.594111
    835880    0.594634
    835890    0.620862
    835900    0.517563
    835910    0.497337
    835920    0.595624
    835930    0.589964
    835940    0.548363
    835950    0.500624
    835960    0.639678
    835970    0.572822
    835980    0.590548
    835990    0.543815
    836000     0.62325
    836010    0.644915
    836020    0.733232
    836030    0.701368
    836040    0.625703
    836050    0.631647
    836060    0.660958
    836070    0.601279
    836080    0.660196
    836090    0.607368
    836100    0.674617
    836110    0.640943
    836120    0.664616
    836130    0.644387
    836140    0.655615
    836150    0.721901
    836160    0.676138
    836170    0.620666
    836180    0.650429
    836190    0.608002
    836200    0.658758
    836210    0.636837
    836220    0.627533
    836230    0.541736
    836240    0.596971
    836250    0.541989
    836260    0.635989
    836270    0.644901
    836280    0.650805
    836290    0.656605
    836300     0.57552
    836310    0.556436
    836320      0.5806
    836330    0.649351
    836340    0.638069
    836350    0.650498
    836360    0.563543
    836370    0.672455
    836380    0.670177
    836390    0.672965
    836400    0.646729
    836410    0.734186
    836420    0.639745
    836430    0.651035
    836440    0.624393
    836450    0.679216
    836460    0.667402
    836470     0.64933
    836480    0.716582
    836490    0.693927
    836500    0.678098
    836510    0.602341
    836520    0.729601
    836530    0.712589
    836540    0.784376
    836550    0.714551
    836560    0.731637
    836570    0.735469
    836580    0.775297
    836590     0.80804
    836600    0.713189
    836610    0.684167
    836620    0.686339
    836630    0.664016
    836640    0.640796
    836650    0.642782
    836660    0.726685
    836670    0.728062
    836680      0.6764
    836690    0.626934
    836700     0.67509
    836710    0.613252
    836720    0.580519
    836730    0.676153
    836740    0.668599
    836750    0.653466
    836760    0.626342
    836770    0.675937
    836780    0.624352
    836790    0.618893
    836800    0.672233
    836810    0.584057
    836820    0.630605
    836830    0.675959
    836840    0.585932
    836850    0.596878
    836860    0.608724
    836870    0.615246
    836880    0.688424
    836890    0.642063
    836900    0.619779
    836910    0.648143
    836920    0.671622
    836930    0.645397
    836940    0.705888
    836950    0.663284
    836960    0.609717
    836970    0.569387
    836980    0.652458
    836990    0.560295
    837000     0.63011
    837010    0.522706
    837020    0.580881
    837030    0.596625
    837040    0.659168
    837050    0.557966
    837060    0.572681
    837070     0.64762
    837080      0.6522
    837090    0.660496
    837100    0.656853
    837110    0.645413
    837120    0.596067
    837130    0.582594
    837140    0.639871
    837150    0.444008
    837160    0.634406
    837170    0.669557
    837180    0.669426
    837190    0.630032
    837200    0.536075
    837210    0.550817
    837220    0.550551
    837230    0.517331
    837240    0.620076
    837250    0.521231
    837260    0.546394
    837270    0.621354
    837280    0.657638
    837290    0.623748
    837300    0.464878
    837310    0.590406
    837320    0.543381
    837330    0.538319
    837340    0.524638
    837350    0.603754
    837360    0.643914
    837370    0.597391
    837380    0.620192
    837390    0.578536
    837400    0.637713
    837410    0.657442
    837420    0.599615
    837430    0.667451
    837440    0.597915
    837450    0.638256
    837460    0.682966
    837470    0.609469
    837480    0.642852
    837490    0.613405
    837500    0.651051
    837510    0.610017
    837520    0.721063
    837530    0.690028
    837540    0.670942
    837550     0.64561
    837560    0.630397
    837570    0.653778
    837580    0.657247
    837590    0.650699
    837600     0.63922
    837610    0.668789
    837620    0.677032
    837630    0.583801
    837640    0.655615
    837650     0.67841
    837660    0.646419
    837670    0.616062
    837680    0.646631
    837690    0.592484
    837700    0.514079
    837710    0.643675
    837720    0.548887
    837730    0.609156
    837740    0.540903
    837750    0.583323
    837760     0.49677
    837770    0.558318
    837780    0.559991
    837790    0.553417
    837800    0.548633
    837810    0.543574
    837820    0.593906
    837830    0.632555
    837840    0.556455
    837850    0.535215
    837860    0.568493
    837870    0.546991
    837880    0.572671
    837890    0.616137
    837900    0.536904
    837910    0.617019
    837920     0.68063
    837930    0.581638
    837940    0.596615
    837950    0.574036
    837960    0.554596
    837970    0.568209
    837980    0.596168
    837990    0.465268
    838000    0.541227
    838010    0.631888
    838020    0.583758
    838030    0.582418
    838040    0.560513
    838050     0.49468
    838060    0.631318
    838070    0.538314
    838080    0.555077
    838090    0.506049
    838100    0.476717
    838110    0.536401
    838120    0.542828
    838130    0.521804
    838140    0.552274
    838150    0.577245
    838160    0.579956
    838170     0.62545
    838180    0.523809
    838190    0.561684
    838200    0.570741
    838210    0.518614
    838220    0.598475
    838230    0.431355
    838240    0.541414
    838250    0.523781
    838260    0.465991
    838270     0.58119
    838280    0.577327
    838290    0.596205
    838300    0.552804
    838310    0.569927
    838320    0.497249
    838330    0.537399
    838340    0.508362
    838350    0.427185
    838360    0.517496
    838370    0.550101
    838380    0.565191
    838390    0.614383
    838400    0.594773
    838410    0.602574
    838420    0.606306
    838430    0.541553
    838440    0.522569
    838450    0.561627
    838460    0.567126
    838470    0.564379
    838480    0.557994
    838490    0.571767
    838500    0.543652
    838510    0.634607
    838520    0.568006
    838530    0.566819
    838540    0.492295
    838550     0.56674
    838560    0.576686
    838570    0.592345
    838580    0.615042
    838590     0.63565
    838600    0.597669
    838610    0.692674
    838620    0.651762
    838630    0.630572
    838640    0.643941
    838650    0.638374
    838660    0.621846
    838670    0.645077
    838680    0.577724
    838690    0.525541
    838700    0.523678
    838710    0.589424
    838720    0.619604
    838730    0.566938
    838740     0.64808
    838750    0.527525
    838760    0.669491
    838770    0.630787
    838780    0.671378
    838790    0.598683
    838800    0.706964
    838810    0.663705
    838820    0.676004
    838830    0.646573
    838840    0.643833
    838850    0.599998
    838860    0.680295
    838870     0.62866
    838880    0.630055
    838890    0.601817
    838900      0.6101
    838910    0.649539
    838920    0.588222
    838930    0.714081
    838940    0.673037
    838950    0.635923
    838960    0.675747
    838970    0.628559
    838980    0.688911
    838990    0.603875
    839000    0.606393
    839010    0.552483
    839020    0.599976
    839030    0.595524
    839040    0.712585
    839050    0.687113
    839060    0.685802
    839070     0.63591
    839080     0.62894
    839090    0.621775
    839100     0.66945
    839110    0.554611
    839120    0.600378
    839130    0.595571
    839140    0.568829
    839150    0.669044
    839160    0.618916
    839170    0.607309
    839180    0.595334
    839190    0.591466
    839200    0.645459
    839210    0.553491
    839220    0.659442
    839230    0.610194
    839240    0.576472
    839250    0.610508
    839260    0.579976
    839270    0.581508
    839280    0.658623
    839290    0.657629
    839300    0.620054
    839310    0.623013
    839320    0.684301
    839330    0.653678
    839340    0.680339
    839350    0.650264
    839360    0.645976
    839370    0.630118
    839380    0.555026
    839390    0.607738
    839400    0.566462
    839410    0.611072
    839420    0.579442
    839430    0.535885
    839440    0.530215
    839450    0.548064
    839460    0.530433
    839470    0.610701
    839480    0.548315
    839490    0.620332
    839500    0.516734
    839510    0.539359
    839520    0.567313
    839530    0.563459
    839540    0.576931
    839550    0.587922
    839560    0.565817
    839570    0.610135
    839580    0.532802
    839590    0.638546
    839600     0.58333
    839610    0.604376
    839620    0.628413
    839630    0.635928
    839640    0.560324
    839650    0.604329
    839660    0.559809
    839670    0.632715
    839680    0.659624
    839690    0.679367
    839700    0.610298
    839710    0.614301
    839720    0.614378
    839730    0.633495
    839740    0.710732
    839750    0.689228
    839760     0.68732
    839770     0.68489
    839780    0.662431
    839790    0.648391
    839800    0.674972
    839810    0.678248
    839820    0.592268
    839830     0.59915
    839840    0.711082
    839850    0.602822
    839860     0.65317
    839870    0.673051
    839880    0.613647
    839890    0.606924
    839900    0.599019
    839910    0.676494
    839920    0.623416
    839930    0.670824
    839940    0.641626
    839950    0.662747
    839960    0.665201
    839970    0.669487
    839980    0.621884
    839990    0.659292
    840000    0.603041
    840010    0.594237
    840020    0.607347
    840030    0.576505
    840040    0.637999
    840050    0.632876
    840060    0.574745
    840070    0.576572
    840080    0.583112
    840090    0.565462
    840100    0.618192
    840110    0.625251
    840120    0.619151
    840130     0.57122
    840140    0.576601
    840150    0.618706
    840160    0.666709
    840170    0.596027
    840180    0.631653
    840190    0.649909
    840200    0.599942
    840210    0.614976
    840220    0.657109
    840230    0.634896
    840240    0.606723
    840250    0.654813
    840260    0.550383
    840270    0.608056
    840280    0.642565
    840290    0.612996
    840300    0.622771
    840310    0.576165
    840320    0.685257
    840330    0.613262
    840340    0.637019
    840350    0.577544
    840360    0.594249
    840370    0.635919
    840380    0.603471
    840390    0.618705
    840400    0.628032
    840410    0.612488
    840420    0.642678
    840430    0.618674
    840440    0.691186
    840450    0.729297
    840460    0.652892
    840470    0.697099
    840480    0.667133
    840490    0.677247
    840500    0.681251
    840510    0.705875
    840520    0.617337
    840530    0.631334
    840540    0.631539
    840550    0.619604
    840560    0.692125
    840570    0.658953
    840580    0.590562
    840590    0.647413
    840600    0.650796
    840610    0.698358
    840620    0.682027
    840630    0.652969
    840640     0.67113
    840650    0.637035
    840660    0.673036
    840670    0.606873
    840680    0.672175
    840690    0.568849
    840700    0.611599
    840710    0.640272
    840720    0.582635
    840730     0.55561
    840740    0.521021
    840750    0.603612
    840760    0.647828
    840770     0.64241
    840780     0.53953
    840790    0.615546
    840800    0.603399
    840810     0.64358
    840820    0.580854
    840830    0.563625
    840840    0.636772
    840850    0.579645
    840860     0.64676
    840870    0.634763
    840880     0.61714
    840890    0.543428
    840900    0.598734
    840910    0.628608
    840920    0.600786
    840930    0.606462
    840940      0.6104
    840950     0.61163
    840960    0.614088
    840970    0.615386
    840980    0.615671
    840990    0.640854
    841000    0.660939
    841010    0.578361
    841020    0.687536
    841030    0.617783
    841040     0.62652
    841050    0.570556
    841060    0.608071
    841070    0.553625
    841080    0.599873
    841090    0.537046
    841100    0.579432
    841110    0.627329
    841120    0.612064
    841130    0.603259
    841140    0.628837
    841150    0.637103
    841160    0.608904
    841170    0.646256
    841180    0.613791
    841190    0.651577
    841200    0.612695
    841210    0.596438
    841220    0.645148
    841230    0.617641
    841240    0.657648
    841250    0.580418
    841260    0.595545
    841270    0.639215
    841280     0.63797
    841290    0.625271
    841300    0.609861
    841310    0.567611
    841320    0.631112
    841330    0.602317
    841340    0.603342
    841350    0.531847
    841360    0.563698
    841370    0.617202
    841380    0.543731
    841390    0.597734
    841400    0.606796
    841410    0.593209
    841420    0.557214
    841430    0.561331
    841440    0.633436
    841450    0.594789
    841460    0.482503
    841470    0.523488
    841480    0.577153
    841490    0.539706
    841500    0.557914
    841510    0.578512
    841520    0.686868
    841530    0.632341
    841540    0.640615
    841550     0.64444
    841560    0.636461
    841570    0.575598
    841580    0.631187
    841590    0.532204
    841600    0.573333
    841610    0.615005
    841620    0.509826
    841630    0.498426
    841640    0.551174
    841650    0.599197
    841660    0.589467
    841670    0.588773
    841680    0.600349
    841690    0.585261
    841700     0.56645
    841710    0.530848
    841720    0.513828
    841730    0.571732
    841740    0.520963
    841750    0.572374
    841760    0.528067
    841770     0.52166
    841780    0.596884
    841790    0.524133
    841800    0.494264
    841810     0.55169
    841820    0.556863
    841830    0.542606
    841840    0.530584
    841850    0.525767
    841860    0.506658
    841870    0.551486
    841880    0.559189
    841890    0.540465
    841900    0.532088
    841910    0.554542
    841920    0.586911
    841930    0.538719
    841940     0.57729
    841950    0.536726
    841960    0.544924
    841970      0.5046
    841980    0.563172
    841990    0.559749
    842000    0.492718
    842010     0.58468
    842020    0.619817
    842030     0.63267
    842040       0.609
    842050    0.645526
    842060     0.58634
    842070    0.583396
    842080    0.591069
    842090    0.612699
    842100    0.611917
    842110    0.577726
    842120    0.594717
    842130    0.565715
    842140    0.581516
    842150    0.678738
    842160    0.597338
    842170    0.683443
    842180     0.63991
    842190    0.617195
    842200    0.618891
    842210    0.592969
    842220    0.573843
    842230    0.571683
    842240    0.613699
    842250    0.582849
    842260     0.62086
    842270    0.645766
    842280    0.607679
    842290    0.579874
    842300    0.628408
    842310    0.595783
    842320    0.603044
    842330    0.566105
    842340    0.635619
    842350    0.543824
    842360     0.62347
    842370    0.640016
    842380    0.529671
    842390    0.685494
    842400    0.633022
    842410     0.55229
    842420    0.522135
    842430    0.571149
    842440    0.590245
    842450    0.559398
    842460    0.563116
    842470     0.56825
    842480    0.598033
    842490    0.517251
    842500    0.541582
    842510    0.550334
    842520    0.589205
    842530    0.586506
    842540    0.583127
    842550    0.629113
    842560    0.635382
    842570    0.568838
    842580    0.630383
    842590    0.591276
    842600    0.604729
    842610    0.572239
    842620    0.568476
    842630    0.575186
    842640     0.54331
    842650    0.611209
    842660    0.575091
    842670    0.612581
    842680    0.661064
    842690    0.616614
    842700    0.614562
    842710    0.643255
    842720    0.652405
    842730    0.665343
    842740    0.720911
    842750    0.742207
    842760    0.665782
    842770    0.626604
    842780    0.672217
    842790    0.633018
    842800    0.547986
    842810    0.645682
    842820     0.68139
    842830    0.649613
    842840    0.631387
    842850    0.660552
    842860    0.643814
    842870    0.572473
    842880    0.649966
    842890    0.687542
    842900    0.679309
    842910    0.646277
    842920    0.586261
    842930      0.6624
    842940    0.682266
    842950    0.666391
    842960    0.644527
    842970    0.700743
    842980    0.638823
    842990    0.644902
    843000    0.684249
    843010     0.57204
    843020     0.62717
    843030    0.722805
    843040    0.682649
    843050    0.639269
    843060    0.636922
    843070    0.723383
    843080    0.635117
    843090    0.668236
    843100     0.66924
    843110    0.630149
    843120    0.676021
    843130    0.636443
    843140    0.631804
    843150    0.655651
    843160    0.667726
    843170    0.682591
    843180    0.536158
    843190    0.694338
    843200    0.692355
    843210    0.637326
    843220    0.651819
    843230    0.631555
    843240    0.551193
    843250    0.630977
    843260    0.664688
    843270    0.622129
    843280    0.707907
    843290    0.697937
    843300    0.677661
    843310    0.555562
    843320    0.625263
    843330    0.609335
    843340    0.646342
    843350    0.581169
    843360    0.607246
    843370    0.667679
    843380    0.669392
    843390    0.623182
    843400    0.637029
    843410    0.722939
    843420      0.6429
    843430     0.68841
    843440    0.749569
    843450    0.613361
    843460    0.629526
    843470    0.575317
    843480    0.653095
    843490    0.567094
    843500    0.664355
    843510    0.684929
    843520    0.630693
    843530    0.618052
    843540    0.609983
    843550    0.617936
    843560    0.587153
    843570    0.538946
    843580    0.571582
    843590    0.568509
    843600    0.552158
    843610    0.555287
    843620    0.622694
    843630    0.583205
    843640    0.581624
    843650    0.639938
    843660     0.59043
    843670      0.5779
    843680    0.544022
    843690    0.637234
    843700    0.551347
    843710    0.558915
    843720    0.529127
    843730    0.605417
    843740    0.588874
    843750    0.584391
    843760      0.6017
    843770    0.633634
    843780    0.685792
    843790    0.648943
    843800    0.604113
    843810    0.628914
    843820    0.643835
    843830     0.67302
    843840    0.643331
    843850    0.614551
    843860    0.666768
    843870    0.676278
    843880    0.639825
    843890    0.620579
    843900    0.621343
    843910    0.637371
    843920    0.660718
    843930    0.644852
    843940    0.627589
    843950    0.659909
    843960    0.651167
    843970    0.700568
    843980    0.637914
    843990    0.582376
    844000    0.598452
    844010    0.611646
    844020     0.64632
    844030    0.632644
    844040    0.653507
    844050    0.640237
    844060    0.624474
    844070    0.703596
    844080    0.682686
    844090    0.703626
    844100    0.665279
    844110    0.653024
    844120    0.662468
    844130    0.651532
    844140    0.626902
    844150    0.685815
    844160    0.622923
    844170    0.633804
    844180    0.633469
    844190    0.585882
    844200    0.553234
    844210    0.593187
    844220    0.604293
    844230    0.671744
    844240    0.623304
    844250    0.623047
    844260    0.596276
    844270    0.582223
    844280    0.723044
    844290    0.625357
    844300    0.644086
    844310    0.641477
    844320    0.673961
    844330    0.647735
    844340    0.628849
    844350    0.635964
    844360    0.627633
    844370    0.660813
    844380    0.673941
    844390    0.650849
    844400    0.648921
    844410    0.636471
    844420     0.65746
    844430    0.655952
    844440    0.572093
    844450    0.629221
    844460    0.642733
    844470    0.676826
    844480     0.65067
    844490    0.629236
    844500    0.659541
    844510    0.667457
    844520     0.67066
    844530    0.681159
    844540    0.661326
    844550    0.647246
    844560    0.633823
    844570    0.640645
    844580    0.640581
    844590    0.612037
    844600    0.557991
    844610     0.62935
    844620    0.609109
    844630    0.673389
    844640    0.604048
    844650    0.639054
    844660    0.662141
    844670    0.543056
    844680    0.660586
    844690    0.661719
    844700    0.663816
    844710    0.684294
    844720    0.617109
    844730    0.593203
    844740    0.624596
    844750    0.591774
    844760    0.599519
    844770     0.58614
    844780    0.581475
    844790    0.620867
    844800    0.646095
    844810    0.602626
    844820    0.639173
    844830    0.625166
    844840    0.623586
    844850    0.619226
    844860    0.641086
    844870    0.669764
    844880    0.681357
    844890     0.63047
    844900    0.635847
    844910    0.612147
    844920    0.553189
    844930    0.645955
    844940    0.661358
    844950    0.605605
    844960    0.640392
    844970    0.662024
    844980     0.61784
    844990    0.602842
    845000    0.631799
    845010     0.59586
    845020    0.625391
    845030    0.655507
    845040     0.66534
    845050     0.64064
    845060    0.695161
    845070    0.608689
    845080    0.630705
    845090    0.650288
    845100    0.620688
    845110    0.669463
    845120    0.625607
    845130    0.669664
    845140    0.556313
    845150    0.590995
    845160    0.613172
    845170    0.576995
    845180    0.624309
    845190    0.554239
    845200    0.616201
    845210     0.62842
    845220    0.721913
    845230    0.669502
    845240    0.689194
    845250    0.592864
    845260    0.661177
    845270    0.593095
    845280       0.621
    845290    0.638903
    845300    0.576578
    845310    0.597057
    845320    0.655908
    845330       0.639
    845340    0.597152
    845350    0.609362
    845360    0.599924
    845370    0.582653
    845380    0.623507
    845390    0.669384
    845400    0.620433
    845410    0.592586
    845420     0.58414
    845430    0.635122
    845440    0.615204
    845450    0.602795
    845460    0.584435
    845470    0.582767
    845480    0.593723
    845490    0.665334
    845500     0.65399
    845510     0.54712
    845520    0.614598
    845530    0.558063
    845540    0.638839
    845550    0.641286
    845560    0.641308
    845570    0.609384
    845580    0.518868
    845590    0.621692
    845600    0.591903
    845610    0.657574
    845620    0.665644
    845630    0.613989
    845640    0.654329
    845650    0.614461
    845660    0.627675
    845670    0.633869
    845680    0.607284
    845690    0.659798
    845700     0.61964
    845710    0.707605
    845720    0.683135
    845730     0.64945
    845740    0.659686
    845750    0.647855
    845760    0.655083
    845770    0.739187
    845780      0.6584
    845790    0.649596
    845800      0.6081
    845810    0.615081
    845820    0.600149
    845830    0.666382
    845840    0.663004
    845850    0.650569
    845860    0.649442
    845870    0.680008
    845880    0.666551
    845890     0.62763
    845900    0.649793
    845910    0.677988
    845920     0.68172
    845930    0.709384
    845940    0.659667
    845950    0.681607
    845960    0.648635
    845970    0.655287
    845980    0.591328
    845990    0.591492
    846000    0.619726
    846010    0.654964
    846020    0.660682
    846030    0.679763
    846040    0.641135
    846050    0.649946
    846060    0.653154
    846070    0.665719
    846080     0.64646
    846090    0.600597
    846100     0.70593
    846110    0.618322
    846120    0.628855
    846130    0.649049
    846140      0.6021
    846150    0.629008
    846160    0.591579
    846170    0.653123
    846180    0.588336
    846190    0.628072
    846200    0.622237
    846210    0.609496
    846220    0.632828
    846230    0.583137
    846240    0.578038
    846250    0.625366
    846260    0.652048
    846270    0.630518
    846280    0.598814
    846290    0.628397
    846300    0.601976
    846310    0.676324
    846320    0.620997
    846330     0.57896
    846340    0.610846
    846350     0.61148
    846360    0.666338
    846370    0.576257
    846380    0.632458
    846390    0.647025
    846400    0.603067
    846410    0.618201
    846420    0.668655
    846430    0.697642
    846440    0.676848
    846450    0.637058
    846460    0.569311
    846470    0.659441
    846480    0.653753
    846490    0.694073
    846500    0.638568
    846510     0.60584
    846520    0.666566
    846530    0.622319
    846540     0.60806
    846550    0.599249
    846560    0.662242
    846570    0.602092
    846580    0.617446
    846590    0.625038
    846600    0.625442
    846610    0.594677
    846620    0.619926
    846630    0.540054
    846640    0.579963
    846650    0.640125
    846660     0.58738
    846670     0.62233
    846680    0.657987
    846690     0.59193
    846700    0.594955
    846710    0.621434
    846720    0.591277
    846730     0.64161
    846740    0.609654
    846750    0.553982
    846760    0.573678
    846770    0.574183
    846780    0.574331
    846790    0.608756
    846800    0.572396
    846810    0.527399
    846820    0.550662
    846830    0.591545
    846840    0.533895
    846850    0.540115
    846860    0.562136
    846870    0.565981
    846880     0.58632
    846890    0.602473
    846900     0.61031
    846910    0.639829
    846920    0.621683
    846930    0.610256
    846940    0.632258
    846950    0.622891
    846960    0.629053
    846970    0.658014
    846980    0.649248
    846990    0.627157
    847000    0.675121
    847010    0.655087
    847020    0.544091
    847030    0.565847
    847040    0.555583
    847050    0.626539
    847060    0.636711
    847070    0.573532
    847080    0.604862
    847090     0.60861
    847100    0.628849
    847110    0.570381
    847120    0.611799
    847130    0.603888
    847140    0.592524
    847150    0.650687
    847160    0.653975
    847170    0.618579
    847180    0.640486
    847190    0.593811
    847200    0.555358
    847210    0.610281
    847220    0.573589
    847230    0.623328
    847240    0.641502
    847250    0.619229
    847260    0.664079
    847270    0.600677
    847280    0.634391
    847290    0.635491
    847300    0.633767
    847310    0.551831
    847320    0.548193
    847330    0.612623
    847340    0.592802
    847350    0.641817
    847360    0.679116
    847370    0.648671
    847380    0.611636
    847390    0.568264
    847400    0.648802
    847410    0.695335
    847420    0.613148
    847430    0.608291
    847440    0.610624
    847450    0.644131
    847460    0.654183
    847470    0.636906
    847480    0.609181
    847490    0.662425
    847500    0.674703
    847510    0.586282
    847520    0.627593
    847530    0.606688
    847540    0.600594
    847550    0.672996
    847560    0.719338
    847570     0.71476
    847580    0.617079
    847590    0.609232
    847600    0.653189
    847610    0.653125
    847620    0.633033
    847630    0.663377
    847640    0.669477
    847650    0.681777
    847660    0.667952
    847670    0.640722
    847680    0.520072
    847690    0.653643
    847700    0.585848
    847710    0.606506
    847720    0.540617
    847730    0.595999
    847740    0.571533
    847750    0.552313
    847760    0.611233
    847770    0.675417
    847780    0.531915
    847790    0.628605
    847800    0.571032
    847810    0.633875
    847820     0.61457
    847830    0.635704
    847840    0.599024
    847850    0.647023
    847860    0.622952
    847870    0.639085
    847880     0.65589
    847890    0.617312
    847900    0.579004
    847910    0.524477
    847920    0.605843
    847930    0.537166
    847940    0.633833
    847950    0.699882
    847960    0.585744
    847970    0.580355
    847980    0.614788
    847990    0.603068
    848000    0.631867
    848010    0.674551
    848020    0.642873
    848030    0.617104
    848040    0.641412
    848050     0.67622
    848060     0.66853
    848070    0.714777
    848080    0.741444
    848090    0.696369
    848100    0.648038
    848110     0.66193
    848120    0.703144
    848130    0.694508
    848140    0.694852
    848150    0.539466
    848160    0.615488
    848170    0.579291
    848180    0.561713
    848190    0.644764
    848200    0.621366
    848210    0.601775
    848220    0.619259
    848230    0.620553
    848240    0.672771
    848250    0.653824
    848260    0.659204
    848270    0.644518
    848280    0.623608
    848290    0.648818
    848300    0.599755
    848310    0.624191
    848320    0.612556
    848330     0.64331
    848340      0.6321
    848350    0.681057
    848360    0.785247
    848370    0.643439
    848380    0.691139
    848390    0.708056
    848400    0.699636
    848410    0.648032
    848420    0.695961
    848430    0.678126
    848440    0.718501
    848450    0.622555
    848460    0.674338
    848470    0.651636
    848480    0.691863
    848490    0.673161
    848500    0.669917
    848510    0.743864
    848520    0.683639
    848530    0.721706
    848540    0.707511
    848550    0.645711
    848560    0.706435
    848570     0.67112
    848580    0.616438
    848590     0.70681
    848600     0.62356
    848610    0.660924
    848620    0.680937
    848630    0.695347
    848640    0.697866
    848650    0.702808
    848660    0.701207
    848670    0.678272
    848680    0.617481
    848690    0.654455
    848700    0.549143
    848710    0.637356
    848720    0.603551
    848730    0.663557
    848740    0.617584
    848750    0.574943
    848760    0.573254
    848770    0.621823
    848780    0.633298
    848790    0.570227
    848800    0.567249
    848810    0.715483
    848820    0.613879
    848830    0.538933
    848840    0.530969
    848850    0.638694
    848860    0.608788
    848870     0.57161
    848880    0.666956
    848890    0.643784
    848900    0.650321
    848910    0.635378
    848920    0.628064
    848930    0.633845
    848940    0.616842
    848950    0.702988
    848960    0.721312
    848970    0.678244
    848980    0.648002
    848990    0.673424
    849000     0.63938
    849010    0.613786
    849020    0.622671
    849030    0.728306
    849040    0.695686
    849050    0.664265
    849060    0.685286
    849070    0.684691
    849080    0.749468
    849090    0.708067
    849100    0.666348
    849110     0.64634
    849120    0.649247
    849130    0.590766
    849140     0.70381
    849150    0.657493
    849160    0.633784
    849170    0.661149
    849180      0.6532
    849190    0.640725
    849200    0.624125
    849210    0.613422
    849220     0.59813
    849230    0.565882
    849240    0.648564
    849250    0.632724
    849260    0.625749
    849270    0.633968
    849280     0.65997
    849290      0.6494
    849300      0.7338
    849310    0.672207
    849320    0.658712
    849330     0.62489
    849340    0.611142
    849350     0.64616
    849360    0.627453
    849370    0.663318
    849380    0.686761
    849390    0.593106
    849400    0.669317
    849410    0.633106
    849420    0.675531
    849430    0.624929
    849440    0.684431
    849450    0.683992
    849460    0.661309
    849470    0.706742
    849480    0.678742
    849490    0.661525
    849500    0.692427
    849510    0.594081
    849520    0.617313
    849530    0.630638
    849540    0.671234
    849550    0.626823
    849560    0.604746
    849570    0.621071
    849580    0.628924
    849590    0.554029
    849600    0.637614
    849610    0.605203
    849620    0.567854
    849630    0.662903
    849640    0.583169
    849650    0.661965
    849660     0.56739
    849670    0.571435
    849680     0.68882
    849690    0.557344
    849700    0.578694
    849710    0.628301
    849720    0.620157
    849730    0.618006
    849740    0.595052
    849750    0.606257
    849760    0.598483
    849770    0.643709
    849780     0.46556
    849790    0.607109
    849800    0.542437
    849810    0.633938
    849820    0.667125
    849830     0.69601
    849840     0.66504
    849850    0.611657
    849860    0.733474
    849870     0.61346
    849880    0.629115
    849890    0.622705
    849900    0.577685
    849910    0.616345
    849920    0.673319
    849930    0.612127
    849940    0.692055
    849950    0.532522
    849960    0.632518
    849970     0.67145
    849980    0.618291
    849990    0.648857
    850000    0.566871
    850010    0.658195
    850020    0.493253
    850030    0.518475
    850040    0.531842
    850050    0.561963
    850060    0.554482
    850070    0.602818
    850080    0.632069
    850090     0.62117
    850100    0.628003
    850110    0.653839
    850120    0.645866
    850130    0.647496
    850140    0.624654
    850150    0.666273
    850160    0.626032
    850170    0.587306
    850180    0.624426
    850190    0.617656
    850200    0.606938
    850210    0.667911
    850220    0.575827
    850230    0.587841
    850240    0.591443
    850250    0.663602
    850260    0.567593
    850270     0.56996
    850280    0.632617
    850290    0.606444
    850300    0.701041
    850310    0.645682
    850320    0.596472
    850330    0.595313
    850340    0.610349
    850350    0.662932
    850360    0.585146
    850370    0.630362
    850380    0.598845
    850390    0.590149
    850400    0.674916
    850410    0.664769
    850420    0.696262
    850430    0.619034
    850440    0.657386
    850450    0.605834
    850460    0.626196
    850470    0.582389
    850480    0.463653
    850490    0.483438
    850500    0.574336
    850510    0.580305
    850520    0.554807
    850530    0.594839
    850540    0.577567
    850550    0.606792
    850560    0.578159
    850570    0.588319
    850580     0.58532
    850590     0.60276
    850600    0.555017
    850610    0.519475
    850620     0.57077
    850630    0.614829
    850640    0.602199
    850650    0.621307
    850660    0.565079
    850670    0.629139
    850680    0.571552
    850690    0.682085
    850700    0.601186
    850710    0.663175
    850720    0.564524
    850730    0.667425
    850740    0.665124
    850750    0.598221
    850760    0.663796
    850770    0.592394
    850780     0.60005
    850790    0.639199
    850800    0.605043
    850810    0.590631
    850820     0.60098
    850830    0.543516
    850840    0.549834
    850850    0.520524
    850860    0.559803
    850870    0.595294
    850880    0.588576
    850890    0.605536
    850900    0.674546
    850910    0.623463
    850920    0.595991
    850930    0.628345
    850940    0.653529
    850950     0.68738
    850960    0.608316
    850970    0.690006
    850980    0.572762
    850990    0.633191
    851000    0.601502
    851010    0.546333
    851020    0.579901
    851030    0.550831
    851040    0.658949
    851050    0.589809
    851060    0.529247
    851070    0.563687
    851080    0.528695
    851090    0.582479
    851100    0.598118
    851110    0.652902
    851120    0.563129
    851130    0.559316
    851140    0.528925
    851150    0.490441
    851160    0.615981
    851170     0.58331
    851180    0.526172
    851190    0.583764
    851200     0.62692
    851210    0.568589
    851220    0.556403
    851230    0.602658
    851240      0.5782
    851250    0.643856
    851260    0.564076
    851270    0.601333
    851280    0.496086
    851290    0.540373
    851300    0.589928
    851310    0.546092
    851320    0.541194
    851330     0.60574
    851340    0.507125
    851350    0.541535
    851360    0.605346
    851370    0.573026
    851380    0.543674
    851390    0.655843
    851400    0.594963
    851410    0.530816
    851420    0.586191
    851430    0.599737
    851440    0.482733
    851450    0.565539
    851460    0.514421
    851470    0.566234
    851480    0.531413
    851490    0.633996
    851500    0.578265
    851510    0.606685
    851520    0.547123
    851530    0.513474
    851540    0.556812
    851550    0.573111
    851560    0.547994
    851570    0.516048
    851580    0.590043
    851590    0.560127
    851600    0.615894
    851610    0.545821
    851620    0.492636
    851630    0.573093
    851640    0.448916
    851650    0.526052
    851660    0.481198
    851670    0.542647
    851680    0.560091
    851690    0.485254
    851700    0.565463
    851710    0.569945
    851720    0.546893
    851730    0.588694
    851740    0.583174
    851750     0.55742
    851760    0.611392
    851770    0.577478
    851780    0.620722
    851790    0.575013
    851800    0.575421
    851810     0.62414
    851820    0.576319
    851830    0.631108
    851840    0.606051
    851850    0.533732
    851860    0.479484
    851870    0.542964
    851880    0.616996
    851890    0.547221
    851900    0.616565
    851910    0.661914
    851920    0.595419
    851930     0.61064
    851940     0.54406
    851950    0.489993
    851960    0.533499
    851970    0.561558
    851980    0.550995
    851990    0.539903
    852000    0.554824
    852010    0.614007
    852020    0.558991
    852030    0.632856
    852040    0.604216
    852050    0.583051
    852060    0.641913
    852070    0.611613
    852080    0.655339
    852090    0.630654
    852100    0.597113
    852110    0.567985
    852120    0.669069
    852130    0.676733
    852140    0.667321
    852150    0.604105
    852160    0.647508
    852170    0.673174
    852180    0.609026
    852190    0.630377
    852200     0.61246
    852210     0.58132
    852220    0.617979
    852230    0.614635
    852240    0.580204
    852250    0.627215
    852260    0.627664
    852270     0.61652
    852280    0.615993
    852290     0.57261
    852300    0.568807
    852310    0.649693
    852320     0.57221
    852330    0.686841
    852340    0.613327
    852350    0.500067
    852360    0.622693
    852370     0.52118
    852380    0.636992
    852390    0.593578
    852400    0.678458
    852410    0.661781
    852420    0.684953
    852430    0.569979
    852440    0.624668
    852450    0.632148
    852460    0.640021
    852470     0.58773
    852480    0.579237
    852490      0.6443
    852500    0.607824
    852510    0.673141
    852520    0.653559
    852530    0.611021
    852540    0.587684
    852550    0.647324
    852560    0.612773
    852570    0.635524
    852580    0.657293
    852590    0.631863
    852600    0.634562
    852610     0.60282
    852620    0.621805
    852630    0.644202
    852640    0.680497
    852650    0.649831
    852660    0.693274
    852670    0.552069
    852680      0.6541
    852690    0.616429
    852700     0.62665
    852710    0.581351
    852720    0.628689
    852730     0.62049
    852740    0.642411
    852750    0.601463
    852760     0.62145
    852770    0.547078
    852780    0.596045
    852790    0.664573
    852800    0.613279
    852810    0.667868
    852820    0.616946
    852830    0.643871
    852840     0.58297
    852850     0.61939
    852860    0.604612
    852870    0.682463
    852880    0.646881
    852890     0.63903
    852900    0.671836
    852910    0.603316
    852920    0.635663
    852930    0.651597
    852940    0.634961
    852950    0.672385
    852960    0.638517
    852970    0.662349
    852980    0.599922
    852990    0.686571
    853000    0.656585
    853010    0.634109
    853020    0.668634
    853030    0.597697
    853040    0.614692
    853050    0.615094
    853060    0.622649
    853070    0.560639
    853080    0.612461
    853090    0.647129
    853100    0.651219
    853110    0.630028
    853120    0.637638
    853130      0.6192
    853140    0.555599
    853150    0.583192
    853160    0.604826
    853170    0.662893
    853180    0.656988
    853190      0.6358
    853200     0.64094
    853210    0.591132
    853220    0.551904
    853230    0.528435
    853240    0.638848
    853250    0.638311
    853260    0.618827
    853270    0.632144
    853280    0.613241
    853290    0.625501
    853300    0.628532
    853310    0.660168
    853320    0.630343
    853330    0.622324
    853340    0.652819
    853350    0.695448
    853360    0.587772
    853370    0.591112
    853380    0.542184
    853390    0.649379
    853400    0.637871
    853410    0.680553
    853420    0.613585
    853430    0.666671
    853440    0.647762
    853450    0.601503
    853460    0.637231
    853470    0.690808
    853480    0.718463
    853490    0.648723
    853500    0.659881
    853510    0.647079
    853520    0.588303
    853530    0.684552
    853540    0.655057
    853550    0.612758
    853560    0.604619
    853570    0.675313
    853580    0.574842
    853590    0.561381
    853600    0.648671
    853610    0.672976
    853620      0.6825
    853630    0.659098
    853640    0.665131
    853650    0.681316
    853660    0.699485
    853670    0.669667
    853680    0.706056
    853690    0.685663
    853700    0.623903
    853710    0.613781
    853720    0.662588
    853730    0.670338
    853740    0.690668
    853750    0.655397
    853760    0.657739
    853770    0.692404
    853780     0.70531
    853790    0.632062
    853800     0.67878
    853810    0.655097
    853820    0.642137
    853830    0.651534
    853840    0.650899
    853850     0.52887
    853860    0.608253
    853870    0.672437
    853880    0.657723
    853890    0.724437
    853900    0.708797
    853910    0.685584
    853920    0.680513
    853930    0.693237
    853940    0.632168
    853950    0.657001
    853960    0.671332
    853970    0.639166
    853980    0.633102
    853990    0.647522
    854000    0.740461
    854010    0.725212
    854020    0.636784
    854030    0.712019
    854040    0.650218
    854050    0.688461
    854060    0.607761
    854070    0.641343
    854080    0.680805
    854090    0.689353
    854100    0.631845
    854110    0.680216
    854120    0.662952
    854130    0.670686
    854140    0.642173
    854150    0.725691
    854160    0.682738
    854170    0.724996
    854180    0.697862
    854190    0.694201
    854200    0.647899
    854210    0.700094
    854220    0.598759
    854230    0.660921
    854240    0.586485
    854250    0.707599
    854260    0.737157
    854270    0.699071
    854280     0.69942
    854290    0.603575
    854300    0.631478
    854310    0.601779
    854320    0.644225
    854330    0.538914
    854340    0.578782
    854350    0.677524
    854360    0.666223
    854370    0.691196
    854380    0.719049
    854390    0.701883
    854400    0.673019
    854410    0.680086
    854420    0.648043
    854430    0.629702
    854440    0.747573
    854450    0.718508
    854460    0.666314
    854470    0.744464
    854480    0.699029
    854490    0.684639
    854500    0.675429
    854510    0.737442
    854520    0.742785
    854530     0.66185
    854540    0.729914
    854550    0.661173
    854560    0.631484
    854570    0.638205
    854580    0.625626
    854590    0.680599
    854600     0.71728
    854610    0.650642
    854620    0.658997
    854630    0.649903
    854640    0.724168
    854650    0.724674
    854660    0.720807
    854670    0.720497
    854680     0.68007
    854690     0.69274
    854700    0.659857
    854710    0.650551
    854720    0.725732
    854730    0.707513
    854740    0.648225
    854750    0.665983
    854760    0.683548
    854770    0.637963
    854780    0.642978
    854790    0.641225
    854800    0.625687
    854810    0.682558
    854820      0.6558
    854830    0.624089
    854840    0.665635
    854850    0.643787
    854860    0.722741
    854870    0.641774
    854880     0.66994
    854890    0.667175
    854900    0.656599
    854910    0.698542
    854920    0.652246
    854930    0.685156
    854940    0.667849
    854950    0.634144
    854960    0.637417
    854970    0.678591
    854980    0.688216
    854990    0.642957
    855000    0.659999
    855010     0.68767
    855020    0.677764
    855030    0.742849
    855040    0.668034
    855050    0.780321
    855060     0.70991
    855070    0.646142
    855080    0.714536
    855090    0.687298
    855100     0.63057
    855110    0.647126
    855120    0.669296
    855130    0.676098
    855140    0.717269
    855150    0.689468
    855160    0.732406
    855170     0.66798
    855180    0.723029
    855190    0.589375
    855200    0.696533
    855210    0.776641
    855220    0.756103
    855230    0.722739
    855240     0.67181
    855250    0.731407
    855260     0.64032
    855270    0.686726
    855280    0.697106
    855290    0.712754
    855300    0.732299
    855310    0.757302
    855320    0.644906
    855330     0.64339
    855340    0.674865
    855350    0.680475
    855360    0.653212
    855370    0.682495
    855380    0.736058
    855390    0.693136
    855400    0.640942
    855410    0.717485
    855420    0.746578
    855430     0.64962
    855440    0.646562
    855450    0.631526
    855460    0.693697
    855470    0.616712
    855480    0.667516
    855490    0.692874
    855500     0.67982
    855510    0.691938
    855520    0.672913
    855530    0.657879
    855540    0.672344
    855550    0.657687
    855560    0.716533
    855570    0.633684
    855580     0.68686
    855590    0.607013
    855600    0.643492
    855610    0.735018
    855620    0.748858
    855630    0.714474
    855640    0.652388
    855650    0.623251
    855660    0.699249
    855670    0.702083
    855680    0.662179
    855690    0.616799
    855700    0.689961
    855710    0.669221
    855720    0.541343
    855730    0.655477
    855740    0.601668
    855750     0.67825
    855760    0.618333
    855770    0.640497
    855780    0.594221
    855790    0.660594
    855800    0.631254
    855810    0.650151
    855820    0.633918
    855830    0.674294
    855840    0.669761
    855850     0.61228
    855860    0.652764
    855870    0.612531
    855880    0.609254
    855890    0.630346
    855900    0.677706
    855910    0.619357
    855920    0.604446
    855930    0.650079
    855940    0.666927
    855950    0.639584
    855960    0.650319
    855970    0.673113
    855980    0.628215
    855990    0.598601
    856000    0.582185
    856010    0.665624
    856020    0.650331
    856030    0.684237
    856040    0.677571
    856050    0.657421
    856060    0.624567
    856070    0.609939
    856080    0.608326
    856090    0.648599
    856100    0.659259
    856110     0.67239
    856120     0.65043
    856130    0.665453
    856140    0.595147
    856150     0.69984
    856160    0.611321
    856170    0.653352
    856180    0.718962
    856190    0.714624
    856200    0.695623
    856210     0.61694
    856220    0.690007
    856230    0.649961
    856240    0.632785
    856250    0.588124
    856260     0.56561
    856270    0.606479
    856280    0.656087
    856290    0.573073
    856300    0.616078
    856310    0.601068
    856320    0.630245
    856330    0.611279
    856340    0.689542
    856350    0.595463
    856360    0.617705
    856370    0.686023
    856380    0.615614
    856390    0.689118
    856400    0.621284
    856410    0.639855
    856420    0.633096
    856430    0.612989
    856440    0.640554
    856450    0.634754
    856460    0.637968
    856470    0.654418
    856480     0.65652
    856490    0.607089
    856500    0.639015
    856510    0.592541
    856520    0.586169
    856530    0.633035
    856540    0.619005
    856550    0.614534
    856560    0.588542
    856570    0.605899
    856580    0.617741
    856590     0.62534
    856600    0.554304
    856610    0.493377
    856620    0.550862
    856630    0.584843
    856640    0.602401
    856650    0.666793
    856660    0.633694
    856670    0.629793
    856680    0.598331
    856690    0.569419
    856700     0.60058
    856710    0.639993
    856720    0.674217
    856730    0.610196
    856740    0.602433
    856750    0.610203
    856760    0.610467
    856770    0.560899
    856780    0.642496
    856790    0.664003
    856800    0.631738
    856810    0.663735
    856820    0.663662
    856830    0.689152
    856840     0.57893
    856850    0.646416
    856860    0.604688
    856870    0.557379
    856880    0.601234
    856890    0.540121
    856900    0.547889
    856910    0.630016
    856920    0.546371
    856930    0.604888
    856940    0.570703
    856950      0.5906
    856960    0.563396
    856970    0.577578
    856980    0.591314
    856990    0.546191
    857000    0.613163
    857010    0.632691
    857020     0.59141
    857030    0.623837
    857040    0.659156
    857050    0.558136
    857060    0.603074
    857070    0.540488
    857080    0.651516
    857090    0.567468
    857100    0.655978
    857110    0.584946
    857120    0.605765
    857130    0.573335
    857140    0.582621
    857150     0.67348
    857160    0.538801
    857170    0.570091
    857180    0.585292
    857190    0.615626
    857200    0.583607
    857210    0.618276
    857220    0.621584
    857230    0.576314
    857240    0.653347
    857250    0.638466
    857260    0.674487
    857270    0.665299
    857280    0.594771
    857290    0.627177
    857300    0.576666
    857310    0.547468
    857320    0.585428
    857330    0.581083
    857340    0.585115
    857350    0.614046
    857360    0.586601
    857370    0.570651
    857380    0.584221
    857390    0.583272
    857400    0.578204
    857410    0.592751
    857420     0.55268
    857430    0.596053
    857440    0.576182
    857450    0.568402
    857460    0.656227
    857470    0.639362
    857480    0.580966
    857490    0.610771
    857500    0.554287
    857510    0.630367
    857520    0.651618
    857530    0.599045
    857540     0.64845
    857550    0.618443
    857560    0.630936
    857570    0.648488
    857580    0.634803
    857590    0.633392
    857600     0.67675
    857610    0.625037
    857620    0.680922
    857630    0.614401
    857640     0.62543
    857650    0.623144
    857660    0.604083
    857670    0.621166
    857680     0.61609
    857690    0.623122
    857700    0.604892
    857710    0.609609
    857720    0.665771
    857730    0.670919
    857740    0.594154
    857750    0.654103
    857760    0.648685
    857770    0.680073
    857780    0.657621
    857790    0.682393
    857800    0.626601
    857810    0.640103
    857820     0.60589
    857830    0.635854
    857840    0.639551
    857850    0.729259
    857860    0.646414
    857870    0.646336
    857880    0.571755
    857890    0.645854
    857900    0.676081
    857910    0.626179
    857920     0.62269
    857930    0.633938
    857940    0.620933
    857950    0.572254
    857960    0.642883
    857970    0.623482
    857980    0.593586
    857990    0.642638
    858000    0.638628
    858010    0.605466
    858020    0.632341
    858030    0.620113
    858040    0.598303
    858050    0.584635
    858060    0.581412
    858070    0.644902
    858080     0.60443
    858090    0.630191
    858100    0.605703
    858110    0.623796
    858120    0.641221
    858130    0.636786
    858140     0.61887
    858150    0.659131
    858160    0.597551
    858170    0.589153
    858180    0.635957
    858190    0.591954
    858200    0.603705
    858210    0.638251
    858220    0.579707
    858230    0.635535
    858240    0.602133
    858250    0.564879
    858260    0.594608
    858270     0.63364
    858280    0.594947
    858290    0.551206
    858300    0.588593
    858310    0.687662
    858320    0.571003
    858330    0.624707
    858340    0.633904
    858350     0.68183
    858360    0.588011
    858370    0.693219
    858380     0.62013
    858390    0.676475
    858400    0.651576
    858410    0.628547
    858420    0.597639
    858430    0.702733
    858440    0.659115
    858450    0.682932
    858460    0.689824
    858470     0.64422
    858480    0.706531
    858490    0.649997
    858500    0.680053
    858510    0.697569
    858520    0.646738
    858530    0.633524
    858540    0.698789
    858550    0.602696
    858560    0.684931
    858570    0.686002
    858580    0.661086
    858590    0.691475
    858600    0.617871
    858610    0.665192
    858620    0.654078
    858630    0.678655
    858640    0.638659
    858650    0.675338
    858660    0.696435
    858670    0.636849
    858680     0.70105
    858690    0.674502
    858700    0.642783
    858710     0.64744
    858720    0.679492
    858730    0.624027
    858740     0.66298
    858750    0.708649
    858760    0.627491
    858770    0.667053
    858780    0.677919
    858790    0.645365
    858800    0.601137
    858810    0.593928
    858820    0.537644
    858830    0.595516
    858840    0.706344
    858850     0.66578
    858860    0.691413
    858870    0.695485
    858880     0.52903
    858890    0.665136
    858900    0.537761
    858910    0.616758
    858920    0.636823
    858930    0.666368
    858940    0.579274
    858950    0.586237
    858960    0.594187
    858970    0.567845
    858980    0.575728
    858990     0.58791
    859000    0.660213
    859010     0.66018
    859020    0.659917
    859030    0.719505
    859040    0.681293
    859050    0.680377
    859060    0.726879
    859070    0.716462
    859080     0.70082
    859090    0.714841
    859100    0.658061
    859110    0.647236
    859120    0.666866
    859130     0.70766
    859140    0.598115
    859150    0.673304
    859160    0.664441
    859170    0.651176
    859180    0.659634
    859190    0.619877
    859200    0.591136
    859210    0.625371
    859220     0.65439
    859230    0.669181
    859240     0.64383
    859250    0.634687
    859260    0.675105
    859270    0.700497
    859280    0.601806
    859290    0.607822
    859300    0.632044
    859310    0.549823
    859320    0.597857
    859330    0.633548
    859340     0.65032
    859350    0.669598
    859360    0.585405
    859370    0.636982
    859380    0.680684
    859390    0.665332
    859400    0.682252
    859410    0.597212
    859420    0.609189
    859430    0.594981
    859440     0.65136
    859450     0.66581
    859460    0.670634
    859470    0.663236
    859480    0.665127
    859490    0.667037
    859500    0.682572
    859510    0.667801
    859520    0.678184
    859530    0.584256
    859540    0.593607
    859550    0.590998
    859560    0.617256
    859570    0.603478
    859580    0.678498
    859590    0.636743
    859600     0.63043
    859610    0.578403
    859620    0.658919
    859630    0.564898
    859640    0.637455
    859650    0.585104
    859660    0.640542
    859670     0.61612
    859680    0.595815
    859690    0.600855
    859700    0.607845
    859710    0.614258
    859720    0.596116
    859730    0.522241
    859740    0.580359
    859750    0.535229
    859760    0.606017
    859770    0.593667
    859780    0.548094
    859790    0.551719
    859800    0.653596
    859810    0.606419
    859820    0.560479
    859830    0.529598
    859840    0.478933
    859850    0.593338
    859860    0.631324
    859870    0.528538
    859880    0.545947
    859890    0.593075
    859900    0.499903
    859910    0.594989
    859920    0.538738
    859930    0.593186
    859940    0.545359
    859950     0.52747
    859960    0.597829
    859970    0.590586
    859980    0.632591
    859990    0.624976
    860000     0.61691
    860010    0.586288
    860020    0.655424
    860030    0.629479
    860040    0.714398
    860050     0.62158
    860060    0.609064
    860070    0.553716
    860080    0.512266
    860090    0.565827
    860100    0.581485
    860110    0.663876
    860120     0.60271
    860130    0.678478
    860140    0.620037
    860150    0.674902
    860160    0.736432
    860170    0.694309
    860180    0.545912
    860190    0.584001
    860200    0.567398
    860210    0.613531
    860220    0.539581
    860230    0.641313
    860240    0.590085
    860250    0.536737
    860260    0.548612
    860270    0.523624
    860280    0.602861
    860290    0.620246
    860300    0.589857
    860310    0.577975
    860320      0.5757
    860330    0.564016
    860340    0.599619
    860350     0.60153
    860360    0.560525
    860370    0.546245
    860380    0.571182
    860390    0.470916
    860400    0.584301
    860410    0.564781
    860420    0.550669
    860430    0.620086
    860440    0.529742
    860450    0.572632
    860460    0.600932
    860470    0.594814
    860480    0.608299
    860490    0.501784
    860500    0.559499
    860510    0.540751
    860520    0.581971
    860530    0.553636
    860540    0.620076
    860550    0.595344
    860560    0.569997
    860570    0.598438
    860580    0.564774
    860590    0.538925
    860600    0.638323
    860610    0.587118
    860620    0.617562
    860630    0.640112
    860640    0.622041
    860650    0.585578
    860660    0.551526
    860670    0.678242
    860680    0.629142
    860690    0.700491
    860700    0.665754
    860710    0.674465
    860720    0.568179
    860730    0.549533
    860740    0.636367
    860750    0.554523
    860760    0.547941
    860770    0.593983
    860780    0.703013
    860790    0.606117
    860800    0.601959
    860810    0.567059
    860820     0.62654
    860830    0.508149
    860840    0.598894
    860850    0.544822
    860860    0.606831
    860870    0.605391
    860880    0.570286
    860890    0.533829
    860900    0.501056
    860910    0.482558
    860920    0.581836
    860930      0.5846
    860940    0.546541
    860950    0.528542
    860960    0.604576
    860970    0.532147
    860980    0.585462
    860990     0.58135
    861000    0.566313
    861010    0.503693
    861020    0.481214
    861030    0.420184
    861040    0.518961
    861050     0.53113
    861060     0.50446
    861070     0.47636
    861080    0.532341
    861090    0.521376
    861100    0.460341
    861110    0.464376
    861120    0.461579
    861130     0.50006
    861140    0.510345
    861150    0.463181
    861160     0.49212
    861170    0.516695
    861180    0.516965
    861190    0.512455
    861200    0.504626
    861210    0.484974
    861220    0.460712
    861230    0.415492
    861240    0.501244
    861250    0.558971
    861260    0.544534
    861270    0.456006
    861280    0.489457
    861290    0.560457
    861300     0.55152
    861310    0.459113
    861320    0.550482
    861330    0.481166
    861340    0.488406
    861350    0.384059
    861360    0.524153
    861370    0.482777
    861380    0.481231
    861390    0.504512
    861400    0.457063
    861410     0.52986
    861420    0.552263
    861430    0.521845
    861440    0.475819
    861450    0.533118
    861460    0.477501
    861470     0.52134
    861480    0.519627
    861490     0.55816
    861500    0.501782
    861510    0.544484
    861520     0.55315
    861530    0.523712
    861540    0.540165
    861550    0.480786
    861560    0.532285
    861570     0.51015
    861580    0.458547
    861590    0.568658
    861600    0.537772
    861610    0.485723
    861620    0.525416
    861630    0.493535
    861640    0.483891
    861650    0.473082
    861660    0.462795
    861670    0.483917
    861680    0.482911
    861690    0.486402
    861700    0.506784
    861710    0.479572
    861720     0.51151
    861730    0.585048
    861740    0.430934
    861750    0.492788
    861760    0.530058
    861770    0.479958
    861780    0.538371
    861790    0.545394
    861800     0.57771
    861810    0.538756
    861820    0.592158
    861830    0.548875
    861840    0.495888
    861850    0.512593
    861860    0.575349
    861870    0.546308
    861880     0.58705
    861890    0.529363
    861900    0.541194
    861910    0.573024
    861920    0.535021
    861930     0.52999
    861940     0.58174
    861950    0.543803
    861960    0.494448
    861970    0.447903
    861980    0.474607
    861990    0.442154
    862000     0.46472
    862010    0.475968
    862020    0.519817
    862030    0.492706
    862040    0.494748
    862050     0.48434
    862060     0.45729
    862070    0.523868
    862080     0.52643
    862090     0.57772
    862100    0.596579
    862110    0.518901
    862120     0.48096
    862130    0.518841
    862140    0.570495
    862150    0.498856
    862160    0.515209
    862170    0.469298
    862180    0.535432
    862190    0.511892
    862200    0.475203
    862210    0.571864
    862220    0.519832
    862230    0.483632
    862240    0.480348
    862250    0.603247
    862260    0.525185
    862270    0.523029
    862280    0.527634
    862290    0.547038
    862300    0.513346
    862310    0.489341
    862320    0.526145
    862330    0.495119
    862340     0.56169
    862350    0.556271
    862360     0.56448
    862370     0.47799
    862380    0.541115
    862390    0.547983
    862400    0.477931
    862410    0.498826
    862420    0.483672
    862430    0.519494
    862440       0.454
    862450    0.531688
    862460    0.522228
    862470    0.615423
    862480    0.530807
    862490    0.577428
    862500    0.554139
    862510    0.572962
    862520    0.513337
    862530    0.535148
    862540    0.515189
    862550    0.544386
    862560    0.568166
    862570    0.518269
    862580     0.50326
    862590    0.532533
    862600    0.500888
    862610    0.519584
    862620    0.451431
    862630    0.521903
    862640    0.531944
    862650    0.522165
    862660    0.495196
    862670    0.510805
    862680    0.485204
    862690    0.514554
    862700    0.497278
    862710    0.455996
    862720     0.46213
    862730    0.503781
    862740    0.467836
    862750    0.531074
    862760    0.526951
    862770    0.476332
    862780    0.478711
    862790    0.510197
    862800    0.503311
    862810    0.479693
    862820    0.533964
    862830     0.44392
    862840    0.559468
    862850    0.506482
    862860    0.493131
    862870    0.524853
    862880     0.55252
    862890    0.480876
    862900    0.541193
    862910    0.435407
    862920     0.47752
    862930    0.485591
    862940    0.438631
    862950    0.460379
    862960    0.492092
    862970    0.517883
    862980    0.496065
    862990    0.561374
    863000    0.457847
    863010    0.504127
    863020    0.561055
    863030    0.543617
    863040    0.502567
    863050    0.482436
    863060    0.537603
    863070    0.458857
    863080    0.394177
    863090    0.524156
    863100    0.543989
    863110    0.553474
    863120    0.588311
    863130    0.475362
    863140      0.5579
    863150    0.544174
    863160    0.533889
    863170    0.532966
    863180    0.549576
    863190    0.612286
    863200    0.531481
    863210    0.488205
    863220    0.501928
    863230    0.433129
    863240    0.491666
    863250    0.510111
    863260    0.471138
    863270    0.493764
    863280    0.509576
    863290    0.473994
    863300    0.510555
    863310    0.523833
    863320    0.476465
    863330    0.576189
    863340    0.438595
    863350    0.541663
    863360     0.52677
    863370    0.547553
    863380    0.557009
    863390    0.556613
    863400    0.486893
    863410    0.525477
    863420    0.547437
    863430    0.593831
    863440    0.530952
    863450    0.470726
    863460    0.524203
    863470    0.478865
    863480    0.513558
    863490    0.464047
    863500    0.519291
    863510    0.530835
    863520    0.481836
    863530    0.556891
    863540    0.435489
    863550    0.469183
    863560    0.490256
    863570    0.518258
    863580    0.529341
    863590    0.536294
    863600    0.535688
    863610    0.460619
    863620    0.513035
    863630    0.550751
    863640    0.471561
    863650    0.528407
    863660     0.56142
    863670    0.574883
    863680    0.570952
    863690    0.562868
    863700    0.560118
    863710     0.55952
    863720    0.619335
    863730    0.543084
    863740    0.574655
    863750    0.520374
    863760    0.580279
    863770    0.571958
    863780    0.625808
    863790    0.552892
    863800    0.582592
    863810    0.517815
    863820    0.565057
    863830    0.524822
    863840    0.590421
    863850    0.543364
    863860    0.476315
    863870    0.550066
    863880    0.481151
    863890    0.492463
    863900    0.490732
    863910    0.632724
    863920    0.547695
    863930    0.483299
    863940    0.608982
    863950    0.534896
    863960      0.4978
    863970    0.546441
    863980    0.485191
    863990    0.476998
    864000    0.524972
    864010    0.545002
    864020    0.497181
    864030    0.539657
    864040    0.524147
    864050    0.551359
    864060    0.539478
    864070    0.537427
    864080    0.573139
    864090    0.484858
    864100    0.575885
    864110    0.559502
    864120    0.535498
    864130    0.568798
    864140    0.548006
    864150    0.509299
    864160    0.618331
    864170     0.49718
    864180    0.529752
    864190    0.554376
    864200    0.592835
    864210    0.590498
    864220    0.591428
    864230    0.562591
    864240     0.47761
    864250    0.576289
    864260     0.57369
    864270    0.580784
    864280    0.631282
    864290    0.531014
    864300    0.568304
    864310    0.560056
    864320    0.613229
    864330    0.503883
    864340    0.607158
    864350    0.593893
    864360    0.578162
    864370    0.583882
    864380    0.613415
    864390    0.637037
    864400     0.68161
    864410    0.594089
    864420    0.542237
    864430    0.549267
    864440    0.539711
    864450    0.548939
    864460    0.585731
    864470    0.515151
    864480    0.554528
    864490      0.5667
    864500    0.571799
    864510    0.591012
    864520    0.532522
    864530    0.597416
    864540    0.539553
    864550    0.567623
    864560    0.581325
    864570    0.638059
    864580    0.516408
    864590    0.532136
    864600    0.595306
    864610    0.515991
    864620    0.646065
    864630    0.593019
    864640     0.62089
    864650    0.606441
    864660    0.570998
    864670    0.548996
    864680    0.601311
    864690    0.623347
    864700    0.622316
    864710    0.541027
    864720    0.640589
    864730    0.602485
    864740    0.579064
    864750    0.498102
    864760    0.610428
    864770    0.580682
    864780    0.580355
    864790    0.657555
    864800    0.558604
    864810    0.596168
    864820    0.574208
    864830    0.569865
    864840    0.576237
    864850    0.595771
    864860    0.636154
    864870    0.557906
    864880    0.593034
    864890    0.585778
    864900    0.578994
    864910    0.609867
    864920    0.614755
    864930    0.529441
    864940    0.598457
    864950    0.583672
    864960    0.565781
    864970    0.580591
    864980    0.595947
    864990    0.556199
    865000    0.612122
    865010     0.57672
    865020    0.691261
    865030    0.562837
    865040    0.610197
    865050    0.591779
    865060    0.583675
    865070    0.530105
    865080    0.446355
    865090    0.547306
    865100    0.663944
    865110    0.579643
    865120    0.646342
    865130    0.616513
    865140     0.63589
    865150    0.587863
    865160     0.66857
    865170     0.56591
    865180    0.614555
    865190    0.641809
    865200     0.60708
    865210    0.624174
    865220    0.606156
    865230     0.65169
    865240    0.699067
    865250    0.678056
    865260    0.585846
    865270    0.554425
    865280    0.523842
    865290    0.484485
    865300    0.515939
    865310    0.527064
    865320    0.609745
    865330    0.544397
    865340    0.532599
    865350    0.575672
    865360    0.466897
    865370    0.533917
    865380    0.464579
    865390    0.603854
    865400    0.445337
    865410    0.484898
    865420    0.402587
    865430    0.505789
    865440     0.46744
    865450    0.416608
    865460     0.42623
    865470    0.457335
    865480    0.416835
    865490    0.518217
    865500    0.470493
    865510    0.477691
    865520    0.530097
    865530    0.539478
    865540    0.536353
    865550    0.484023
    865560    0.519673
    865570    0.511458
    865580    0.543584
    865590    0.474645
    865600    0.493514
    865610    0.508637
    865620    0.495916
    865630    0.539915
    865640    0.564328
    865650    0.605896
    865660    0.515744
    865670    0.510537
    865680     0.50945
    865690    0.523499
    865700    0.607279
    865710    0.493401
    865720     0.48214
    865730    0.545342
    865740     0.59222
    865750    0.564774
    865760    0.625756
    865770     0.56713
    865780    0.573959
    865790    0.653293
    865800    0.570103
    865810    0.529184
    865820    0.572157
    865830    0.543167
    865840    0.519534
    865850    0.489373
    865860    0.499063
    865870    0.447777
    865880    0.576153
    865890    0.586146
    865900    0.613075
    865910    0.500792
    865920    0.406461
    865930    0.529342
    865940    0.522671
    865950    0.500304
    865960     0.46056
    865970    0.522419
    865980     0.51677
    865990    0.631758
    866000     0.47622
    866010    0.483492
    866020    0.461622
    866030     0.45989
    866040    0.397769
    866050    0.537881
    866060    0.556693
    866070    0.528127
    866080    0.491604
    866090    0.542725
    866100    0.456374
    866110    0.557979
    866120    0.576422
    866130    0.562461
    866140    0.597366
    866150    0.513854
    866160    0.481621
    866170    0.479931
    866180    0.504978
    866190    0.539706
    866200     0.54631
    866210    0.502721
    866220    0.420326
    866230    0.521038
    866240    0.518404
    866250    0.601396
    866260    0.495963
    866270    0.508543
    866280    0.533447
    866290    0.504034
    866300    0.567436
    866310    0.579482
    866320    0.514285
    866330    0.500624
    866340    0.533747
    866350    0.529652
    866360    0.559613
    866370    0.567826
    866380    0.570751
    866390    0.568398
    866400    0.493298
    866410    0.555036
    866420    0.606025
    866430    0.498724
    866440    0.621608
    866450    0.631249
    866460    0.621165
    866470    0.580712
    866480    0.619106
    866490    0.554539
    866500    0.571948
    866510     0.55353
    866520    0.534897
    866530     0.60429
    866540    0.457012
    866550    0.569516
    866560    0.524898
    866570    0.560445
    866580    0.582112
    866590    0.527296
    866600    0.616048
    866610    0.604306
    866620    0.565023
    866630     0.65215
    866640    0.524594
    866650    0.550533
    866660    0.616725
    866670     0.56066
    866680    0.558026
    866690    0.635107
    866700    0.577052
    866710    0.552627
    866720    0.588574
    866730     0.62567
    866740    0.684096
    866750     0.54728
    866760    0.597219
    866770    0.564444
    866780    0.591309
    866790    0.575421
    866800    0.671694
    866810    0.600209
    866820    0.664858
    866830    0.591132
    866840    0.586312
    866850    0.611152
    866860    0.605199
    866870    0.604756
    866880    0.585407
    866890    0.553591
    866900    0.606585
    866910    0.525466
    866920    0.567185
    866930    0.517219
    866940    0.518814
    866950    0.504325
    866960     0.51087
    866970    0.501837
    866980    0.538973
    866990    0.626376
    867000    0.595079
    867010     0.59508
    867020    0.655284
    867030    0.590416
    867040    0.585272
    867050    0.610331
    867060    0.595103
    867070    0.559568
    867080    0.559234
    867090    0.482862
    867100    0.638072
    867110    0.532275
    867120    0.558958
    867130    0.600812
    867140    0.614476
    867150     0.56102
    867160    0.575914
    867170    0.590605
    867180    0.571868
    867190    0.540844
    867200    0.611015
    867210     0.50199
    867220    0.534648
    867230    0.515337
    867240     0.52737
    867250    0.487519
    867260    0.614756
    867270    0.458517
    867280    0.490312
    867290    0.371282
    867300    0.446138
    867310    0.554474
    867320    0.547503
    867330      0.5384
    867340    0.533831
    867350    0.524812
    867360    0.526619
    867370    0.514214
    867380    0.634342
    867390    0.498035
    867400    0.545624
    867410     0.55742
    867420    0.535091
    867430    0.620997
    867440    0.552848
    867450    0.433827
    867460     0.50675
    867470    0.615496
    867480    0.485655
    867490    0.614411
    867500    0.544892
    867510    0.649387
    867520    0.607344
    867530    0.604814
    867540    0.504342
    867550    0.510248
    867560    0.629423
    867570    0.602574
    867580    0.492117
    867590    0.545885
    867600    0.622688
    867610    0.570538
    867620    0.499786
    867630    0.614445
    867640    0.566779
    867650    0.609153
    867660    0.598727
    867670    0.603533
    867680    0.588332
    867690    0.493081
    867700     0.61371
    867710    0.603485
    867720    0.562556
    867730      0.5961
    867740    0.615615
    867750    0.538136
    867760    0.567088
    867770    0.525625
    867780    0.597957
    867790     0.65497
    867800     0.69179
    867810    0.572738
    867820    0.566699
    867830    0.539037
    867840    0.601665
    867850    0.586859
    867860    0.584593
    867870    0.566837
    867880    0.629834
    867890    0.470098
    867900    0.493073
    867910    0.462692
    867920    0.552495
    867930    0.491182
    867940    0.477032
    867950    0.484656
    867960    0.454287
    867970    0.567105
    867980    0.556386
    867990    0.539244
    868000    0.540505
    868010    0.532039
    868020    0.581756
    868030     0.49934
    868040    0.564565
    868050    0.590992
    868060    0.556442
    868070      0.5218
    868080     0.47694
    868090    0.491583
    868100    0.552754
    868110    0.499693
    868120    0.532573
    868130     0.48798
    868140    0.486198
    868150    0.534975
    868160    0.528172
    868170    0.522823
    868180    0.576218
    868190    0.510426
    868200    0.517688
    868210     0.56046
    868220    0.608734
    868230    0.513297
    868240    0.542701
    868250     0.60592
    868260    0.533469
    868270    0.561246
    868280    0.583199
    868290    0.611337
    868300    0.607736
    868310    0.550119
    868320     0.54097
    868330    0.600746
    868340    0.580339
    868350    0.548458
    868360    0.522577
    868370    0.612225
    868380    0.578981
    868390    0.499572
    868400    0.455127
    868410    0.542227
    868420    0.575567
    868430    0.565408
    868440    0.563913
    868450    0.496347
    868460    0.576434
    868470    0.527093
    868480    0.568993
    868490    0.581236
    868500    0.598102
    868510    0.608762
    868520    0.565789
    868530    0.713764
    868540    0.633828
    868550    0.657325
    868560    0.652498
    868570    0.652978
    868580    0.628908
    868590    0.667936
    868600     0.71628
    868610    0.672869
    868620    0.635382
    868630    0.717914
    868640    0.634437
    868650    0.675927
    868660    0.691748
    868670    0.679704
    868680       0.636
    868690    0.678444
    868700    0.568071
    868710    0.623775
    868720    0.640997
    868730    0.606142
    868740    0.647841
    868750    0.697284
    868760     0.70366
    868770    0.689048
    868780    0.680081
    868790    0.684019
    868800    0.676113
    868810    0.695083
    868820    0.668613
    868830    0.588907
    868840    0.634863
    868850    0.642072
    868860      0.6312
    868870    0.618308
    868880    0.603201
    868890    0.681939
    868900    0.523528
    868910    0.598834
    868920    0.450614
    868930    0.567674
    868940      0.5586
    868950    0.571128
    868960    0.643836
    868970    0.575258
    868980    0.589801
    868990    0.645789
    869000    0.557478
    869010    0.587271
    869020    0.598204
    869030    0.512988
    869040    0.589526
    869050    0.609416
    869060    0.631267
    869070    0.625748
    869080    0.546875
    869090    0.603911
    869100    0.594587
    869110    0.589392
    869120    0.593265
    869130    0.571731
    869140    0.635668
    869150    0.652122
    869160    0.614466
    869170    0.632279
    869180    0.670407
    869190    0.669441
    869200    0.604659
    869210    0.649695
    869220     0.68608
    869230    0.578948
    869240    0.504276
    869250    0.563817
    869260    0.591812
    869270    0.569074
    869280    0.588594
    869290    0.569361
    869300    0.644139
    869310    0.534432
    869320    0.522244
    869330    0.576703
    869340    0.632441
    869350     0.57098
    869360    0.602735
    869370    0.505415
    869380    0.584042
    869390    0.591942
    869400    0.643307
    869410    0.547306
    869420    0.561642
    869430    0.527552
    869440    0.615872
    869450     0.51627
    869460    0.567851
    869470    0.533687
    869480    0.562276
    869490    0.461737
    869500    0.459793
    869510    0.616094
    869520    0.567514
    869530    0.614722
    869540    0.586928
    869550    0.523336
    869560    0.567502
    869570    0.570492
    869580      0.5615
    869590    0.622292
    869600     0.53519
    869610    0.548963
    869620    0.580352
    869630    0.586345
    869640    0.605099
    869650    0.623106
    869660    0.598019
    869670    0.512399
    869680    0.607449
    869690    0.494479
    869700    0.562382
    869710     0.59272
    869720    0.473042
    869730      0.5146
    869740    0.397817
    869750    0.474046
    869760      0.5871
    869770    0.518374
    869780    0.556366
    869790    0.542625
    869800    0.560121
    869810    0.584045
    869820    0.568293
    869830    0.530906
    869840     0.56003
    869850     0.56631
    869860    0.545309
    869870    0.605406
    869880    0.570432
    869890    0.614623
    869900       0.608
    869910    0.649347
    869920    0.623209
    869930    0.577062
    869940    0.581014
    869950    0.521116
    869960    0.546533
    869970    0.594018
    869980     0.55094
    869990     0.51711
    870000    0.575039
    870010    0.576698
    870020     0.57942
    870030    0.534472
    870040    0.570857
    870050    0.577996
    870060    0.570157
    870070    0.598679
    870080    0.593184
    870090    0.668216
    870100    0.653776
    870110    0.580615
    870120    0.575022
    870130    0.739782
    870140    0.653447
    870150    0.603913
    870160    0.592055
    870170    0.608025
    870180    0.671782
    870190     0.70967
    870200    0.644202
    870210    0.619152
    870220    0.677345
    870230    0.592788
    870240    0.590589
    870250    0.583573
    870260    0.491877
    870270    0.539041
    870280    0.618363
    870290    0.607099
    870300    0.627653
    870310    0.466699
    870320     0.51473
    870330    0.538802
    870340     0.53319
    870350    0.570232
    870360    0.502863
    870370    0.629418
    870380    0.372524
    870390    0.512817
    870400     0.52545
    870410    0.459263
    870420     0.42257
    870430    0.461761
    870440    0.572449
    870450    0.426546
    870460    0.513361
    870470    0.484416
    870480    0.386817
    870490     0.48785
    870500    0.474629
    870510    0.481008
    870520    0.551689
    870530    0.542539
    870540    0.552879
    870550    0.530815
    870560    0.622152
    870570    0.534939
    870580    0.540509
    870590    0.489502
    870600    0.583015
    870610     0.57884
    870620    0.457188
    870630     0.41351
    870640    0.501075
    870650    0.401621
    870660    0.518242
    870670    0.533414
    870680    0.561823
    870690    0.548829
    870700    0.571661
    870710    0.504289
    870720    0.471637
    870730    0.512821
    870740    0.497539
    870750    0.480254
    870760    0.419561
    870770    0.397146
    870780    0.436081
    870790    0.363212
    870800    0.420771
    870810    0.398476
    870820     0.46301
    870830    0.495367
    870840    0.406887
    870850    0.417197
    870860    0.525264
    870870      0.3952
    870880    0.500939
    870890    0.501352
    870900    0.482104
    870910    0.429119
    870920     0.38422
    870930    0.419954
    870940     0.43564
    870950     0.56433
    870960    0.483623
    870970    0.544715
    870980    0.458103
    870990    0.553919
    871000     0.44933
    871010    0.475555
    871020    0.442412
    871030    0.436879
    871040    0.444613
    871050     0.38348
    871060    0.524968
    871070    0.419608
    871080    0.385019
    871090     0.39654
    871100    0.386563
    871110     0.43082
    871120    0.416479
    871130    0.419932
    871140     0.46433
    871150     0.50257
    871160     0.40858
    871170    0.452198
    871180    0.528037
    871190    0.525528
    871200     0.53291
    871210    0.580646
    871220    0.502215
    871230    0.534991
    871240    0.527102
    871250    0.488199
    871260    0.470353
    871270    0.541514
    871280    0.449726
    871290    0.442613
    871300    0.453351
    871310    0.459415
    871320    0.525831
    871330     0.53316
    871340    0.500868
    871350    0.493291
    871360    0.499801
    871370    0.534426
    871380    0.546488
    871390    0.485102
    871400    0.407989
    871410    0.456612
    871420    0.481903
    871430    0.493666
    871440    0.447136
    871450    0.468828
    871460    0.445706
    871470    0.516167
    871480    0.587373
    871490    0.517205
    871500     0.53093
    871510    0.514341
    871520    0.435083
    871530    0.536517
    871540     0.48975
    871550    0.467854
    871560    0.471624
    871570    0.563023
    871580    0.486489
    871590    0.634768
    871600    0.446401
    871610    0.446889
    871620    0.506139
    871630    0.544861
    871640    0.476737
    871650    0.494545
    871660    0.477775
    871670    0.529145
    871680    0.374086
    871690    0.440993
    871700    0.477728
    871710    0.542104
    871720    0.556611
    871730    0.480999
    871740    0.546326
    871750    0.485196
    871760    0.550348
    871770    0.437668
    871780    0.480779
    871790    0.540205
    871800    0.576138
    871810    0.476154
    871820    0.590224
    871830    0.586274
    871840    0.519475
    871850    0.496985
    871860    0.562981
    871870    0.512385
    871880    0.556716
    871890    0.499575
    871900    0.545508
    871910    0.527943
    871920    0.472357
    871930    0.501861
    871940    0.654187
    871950    0.495158
    871960    0.454724
    871970    0.452889
    871980    0.429044
    871990    0.438424
    872000    0.467878
    872010     0.49658
    872020    0.549005
    872030    0.473915
    872040    0.526825
    872050    0.524606
    872060      0.5086
    872070    0.502403
    872080    0.491202
    872090    0.518134
    872100    0.571971
    872110    0.494521
    872120    0.514234
    872130     0.47964
    872140    0.473916
    872150    0.456611
    872160    0.426355
    872170     0.52449
    872180    0.480743
    872190    0.507681
    872200    0.435321
    872210    0.437453
    872220    0.497007
    872230    0.574471
    872240    0.584728
    872250    0.491413
    872260    0.511081
    872270      0.4719
    872280    0.454148
    872290    0.526564
    872300    0.458656
    872310    0.558373
    872320    0.457597
    872330    0.545057
    872340    0.544182
    872350    0.437138
    872360    0.530302
    872370    0.503948
    872380    0.541751
    872390    0.545758
    872400     0.45705
    872410    0.357973
    872420    0.525809
    872430    0.454736
    872440    0.521133
    872450    0.515236
    872460    0.492954
    872470    0.448283
    872480    0.506161
    872490    0.506981
    872500    0.556266
    872510    0.491768
    872520    0.546391
    872530    0.537242
    872540    0.587843
    872550    0.604007
    872560    0.632427
    872570    0.556854
    872580    0.542447
    872590    0.600533
    872600      0.4841
    872610    0.600424
    872620    0.563937
    872630    0.419062
    872640    0.501161
    872650    0.488472
    872660    0.643255
    872670    0.600296
    872680    0.518504
    872690    0.490013
    872700    0.528627
    872710    0.521586
    872720    0.577589
    872730    0.607629
    872740    0.584464
    872750    0.440043
    872760    0.500068
    872770     0.40382
    872780    0.516488
    872790    0.487718
    872800    0.545437
    872810    0.489349
    872820    0.527765
    872830    0.483642
    872840    0.533488
    872850    0.551069
    872860    0.493572
    872870    0.618024
    872880    0.565865
    872890    0.511028
    872900    0.462733
    872910    0.468171
    872920    0.506701
    872930    0.512285
    872940    0.441045
    872950    0.389136
    872960    0.494656
    872970    0.555493
    872980    0.454962
    872990    0.507976
    873000     0.51591
    873010    0.550894
    873020     0.55362
    873030    0.443421
    873040    0.454643
    873050    0.449875
    873060    0.530961
    873070    0.489144
    873080    0.525235
    873090    0.444048
    873100    0.543485
    873110    0.529069
    873120    0.489078
    873130     0.48622
    873140    0.575385
    873150    0.511809
    873160    0.523988
    873170    0.503417
    873180    0.450702
    873190    0.494833
    873200    0.491153
    873210    0.455977
    873220    0.435085
    873230    0.480702
    873240    0.484856
    873250     0.49827
    873260    0.509474
    873270    0.522782
    873280    0.470407
    873290     0.49313
    873300    0.490623
    873310    0.515499
    873320    0.485849
    873330    0.460262
    873340    0.458577
    873350    0.525435
    873360    0.479591
    873370    0.535685
    873380    0.448496
    873390    0.556006
    873400    0.514911
    873410    0.539371
    873420    0.483824
    873430    0.472507
    873440    0.555223
    873450    0.590518
    873460    0.486993
    873470    0.490011
    873480    0.422151
    873490    0.529263
    873500     0.50956
    873510    0.529945
    873520     0.50834
    873530      0.4366
    873540    0.405333
    873550    0.467671
    873560    0.438133
    873570      0.4337
    873580    0.520956
    873590    0.561776
    873600    0.478781
    873610    0.423418
    873620    0.417433
    873630    0.452024
    873640    0.448984
    873650    0.543091
    873660    0.579477
    873670    0.584987
    873680    0.468476
    873690    0.443332
    873700    0.582375
    873710    0.563747
    873720    0.572642
    873730    0.442126
    873740    0.474503
    873750    0.528461
    873760    0.441963
    873770    0.466729
    873780    0.484014
    873790    0.503734
    873800    0.581966
    873810    0.551273
    873820    0.572083
    873830    0.429318
    873840    0.507453
    873850     0.61287
    873860    0.527058
    873870    0.505271
    873880    0.518183
    873890    0.555998
    873900    0.571141
    873910    0.410251
    873920    0.432375
    873930    0.395467
    873940    0.481959
    873950    0.482131
    873960     0.45626
    873970     0.49341
    873980    0.554918
    873990    0.451534
    874000    0.479836
    874010    0.540889
    874020    0.526352
    874030    0.506021
    874040    0.415737
    874050    0.609823
    874060    0.466717
    874070    0.616305
    874080    0.587236
    874090     0.55177
    874100    0.466683
    874110    0.546576
    874120    0.462711
    874130    0.490711
    874140    0.561984
    874150    0.503233
    874160    0.572501
    874170    0.481093
    874180    0.622267
    874190    0.532319
    874200    0.525227
    874210    0.540569
    874220    0.447837
    874230     0.51902
    874240    0.478152
    874250    0.517693
    874260    0.391265
    874270    0.404423
    874280     0.40955
    874290    0.460791
    874300    0.441272
    874310    0.607565
    874320    0.432688
    874330    0.392923
    874340    0.495186
    874350    0.467165
    874360     0.51141
    874370    0.453203
    874380    0.498933
    874390    0.536133
    874400    0.487146
    874410    0.437656
    874420    0.506517
    874430    0.490096
    874440    0.456958
    874450    0.481074
    874460    0.471698
    874470    0.445192
    874480    0.433408
    874490      0.4377
    874500    0.498094
    874510    0.470376
    874520    0.538512
    874530    0.442958
    874540    0.535821
    874550    0.477848
    874560    0.489259
    874570    0.418562
    874580    0.465282
    874590    0.416191
    874600    0.455233
    874610    0.458756
    874620    0.448229
    874630    0.399949
    874640    0.427559
    874650    0.466025
    874660     0.53956
    874670    0.506724
    874680    0.480534
    874690    0.508582
    874700    0.440443
    874710    0.489571
    874720    0.521683
    874730    0.563194
    874740      0.4926
    874750    0.461549
    874760    0.499717
    874770    0.442725
    874780    0.417621
    874790     0.50717
    874800    0.439883
    874810     0.63769
    874820    0.501071
    874830    0.565471
    874840    0.497454
    874850    0.499322
    874860    0.474382
    874870    0.494073
    874880    0.406685
    874890    0.498306
    874900    0.437336
    874910    0.541116
    874920    0.511374
    874930    0.479284
    874940    0.502242
    874950    0.497503
    874960    0.492125
    874970    0.533513
    874980    0.505562
    874990    0.454709
    875000     0.49165
    875010    0.518757
    875020    0.436413
    875030    0.470582
    875040    0.451313
    875050    0.547285
    875060    0.509391
    875070     0.50843
    875080    0.502971
    875090    0.559623
    875100    0.483995
    875110    0.599581
    875120     0.56719
    875130    0.488824
    875140    0.558483
    875150    0.420294
    875160    0.537841
    875170    0.433593
    875180    0.471974
    875190    0.361264
    875200     0.35223
    875210    0.496596
    875220    0.529341
    875230    0.516406
    875240    0.334065
    875250     0.46074
    875260    0.338391
    875270     0.42101
    875280    0.358119
    875290    0.454675
    875300    0.538133
    875310    0.527268
    875320    0.532958
    875330    0.466107
    875340    0.546076
    875350    0.575113
    875360    0.537182
    875370    0.530104
    875380    0.490151
    875390    0.522767
    875400    0.528106
    875410    0.487032
    875420    0.493714
    875430    0.500669
    875440    0.421069
    875450    0.459771
    875460    0.474927
    875470    0.364429
    875480    0.437552
    875490    0.475966
    875500    0.506047
    875510    0.462203
    875520    0.473623
    875530    0.443373
    875540    0.457113
    875550    0.419763
    875560    0.463955
    875570    0.427677
    875580    0.543109
    875590    0.546625
    875600    0.469617
    875610    0.498555
    875620    0.402455
    875630    0.472773
    875640    0.518171
    875650      0.4435
    875660    0.473607
    875670    0.417316
    875680    0.522321
    875690    0.488216
    875700    0.482124
    875710    0.448816
    875720    0.507794
    875730    0.515907
    875740     0.42717
    875750    0.430095
    875760    0.435412
    875770    0.514882
    875780    0.513744
    875790    0.470219
    875800    0.415575
    875810    0.535917
    875820    0.487727
    875830    0.468846
    875840    0.498509
    875850    0.466113
    875860    0.492078
    875870     0.54663
    875880    0.552261
    875890    0.547188
    875900    0.461427
    875910     0.46341
    875920    0.526578
    875930    0.473017
    875940    0.418051
    875950     0.49463
    875960    0.466793
    875970    0.506033
    875980    0.374903
    875990    0.486668
    876000     0.46295
    876010    0.537937
    876020    0.465149
    876030    0.537283
    876040    0.485217
    876050     0.47973
    876060    0.527194
    876070    0.482011
    876080    0.484536
    876090    0.513463
    876100    0.513375
    876110    0.443579
    876120    0.450271
    876130    0.414651
    876140    0.392621
    876150    0.421715
    876160    0.519043
    876170     0.49185
    876180    0.421871
    876190    0.468836
    876200    0.467238
    876210    0.462107
    876220    0.475055
    876230    0.445942
    876240    0.559229
    876250    0.424996
    876260     0.38188
    876270    0.508493
    876280     0.51647
    876290    0.452637
    876300    0.469693
    876310    0.422966
    876320    0.540302
    876330     0.54496
    876340    0.474674
    876350    0.603242
    876360    0.567874
    876370    0.458569
    876380    0.495504
    876390    0.445772
    876400    0.495608
    876410    0.481543
    876420    0.481369
    876430    0.466621
    876440    0.479263
    876450    0.525769
    876460    0.448483
    876470    0.487881
    876480    0.459547
    876490     0.51547
    876500    0.478982
    876510    0.470471
    876520    0.525218
    876530    0.415365
    876540    0.431979
    876550    0.417102
    876560    0.491731
    876570    0.497405
    876580    0.540756
    876590    0.552633
    876600    0.504973
    876610     0.56764
    876620    0.560811
    876630    0.593482
    876640     0.53532
    876650    0.565234
    876660    0.602283
    876670    0.558699
    876680    0.556319
    876690    0.511496
    876700    0.514154
    876710    0.611571
    876720      0.6507
    876730    0.536779
    876740    0.522625
    876750    0.504186
    876760    0.555564
    876770    0.542344
    876780    0.593911
    876790    0.541953
    876800     0.46902
    876810    0.557323
    876820    0.514586
    876830    0.574295
    876840    0.518963
    876850    0.468839
    876860    0.533116
    876870    0.534469
    876880    0.499085
    876890    0.512491
    876900    0.559748
    876910    0.484315
    876920    0.573293
    876930    0.576926
    876940    0.512845
    876950    0.588959
    876960    0.536412
    876970    0.569627
    876980    0.507167
    876990    0.531405
    877000    0.466274
    877010    0.549415
    877020    0.470778
    877030     0.40365
    877040    0.470892
    877050    0.469883
    877060     0.56481
    877070     0.54093
    877080    0.527022
    877090    0.503972
    877100    0.435098
    877110    0.518035
    877120    0.485972
    877130    0.588856
    877140    0.559577
    877150    0.508299
    877160    0.504101
    877170    0.509195
    877180    0.535822
    877190    0.473269
    877200    0.557512
    877210    0.559825
    877220    0.522941
    877230    0.475865
    877240    0.540562
    877250    0.523699
    877260    0.469759
    877270    0.491562
    877280    0.504782
    877290    0.389153
    877300    0.484359
    877310    0.517977
    877320    0.583381
    877330    0.511551
    877340    0.474079
    877350    0.527911
    877360    0.516059
    877370    0.488411
    877380     0.57485
    877390    0.475061
    877400    0.508731
    877410    0.598596
    877420     0.57374
    877430    0.349342
    877440     0.50609
    877450    0.555904
    877460    0.513003
    877470    0.545703
    877480    0.594642
    877490    0.455238
    877500    0.487558
    877510    0.454158
    877520    0.568128
    877530    0.472543
    877540    0.533652
    877550    0.531274
    877560    0.552529
    877570    0.545631
    877580    0.551999
    877590    0.597066
    877600    0.593276
    877610    0.544262
    877620    0.594174
    877630    0.575757
    877640    0.540966
    877650    0.612989
    877660    0.567129
    877670    0.519604
    877680    0.559786
    877690    0.577937
    877700    0.573942
    877710    0.643008
    877720    0.548258
    877730     0.51248
    877740    0.545763
    877750    0.619761
    877760    0.495692
    877770    0.614813
    877780    0.553903
    877790    0.574538
    877800    0.611848
    877810     0.50961
    877820    0.575627
    877830     0.60249
    877840    0.511095
    877850    0.532331
    877860    0.514926
    877870    0.633952
    877880     0.62467
    877890     0.51991
    877900      0.5205
    877910     0.56024
    877920    0.529877
    877930    0.521363
    877940    0.549093
    877950    0.547127
    877960     0.51402
    877970    0.575076
    877980      0.4978
    877990    0.596187
    878000    0.602783
    878010    0.578857
    878020    0.497399
    878030    0.489856
    878040    0.449688
    878050    0.533028
    878060    0.501413
    878070    0.521512
    878080    0.496921
    878090    0.560987
    878100     0.45609
    878110    0.445621
    878120    0.551849
    878130    0.583847
    878140    0.511816
    878150    0.538261
    878160    0.570177
    878170    0.526937
    878180    0.512139
    878190    0.568379
    878200    0.469903
    878210    0.554309
    878220    0.577754
    878230    0.565084
    878240    0.630677
    878250    0.543326
    878260    0.519745
    878270    0.598739
    878280    0.547786
    878290    0.470386
    878300    0.535738
    878310    0.530844
    878320     0.46478
    878330    0.457621
    878340     0.47976
    878350    0.471831
    878360    0.520384
    878370    0.564364
    878380    0.527945
    878390    0.571949
    878400    0.466472
    878410    0.502378
    878420    0.575077
    878430    0.528446
    878440    0.588449
    878450    0.489348
    878460    0.559457
    878470    0.522306
    878480    0.523644
    878490    0.488202
    878500     0.46848
    878510    0.497106
    878520    0.560583
    878530    0.481651
    878540    0.483689
    878550    0.544959
    878560    0.583131
    878570    0.484262
    878580    0.535679
    878590    0.521739
    878600    0.541539
    878610    0.548014
    878620    0.624762
    878630    0.562502
    878640      0.5731
    878650    0.525896
    878660    0.575395
    878670    0.508934
    878680    0.559123
    878690    0.463811
    878700    0.483909
    878710    0.480651
    878720    0.467615
    878730    0.491557
    878740    0.550086
    878750    0.511832
    878760    0.567349
    878770    0.560167
    878780     0.48828
    878790    0.430015
    878800    0.482876
    878810    0.504874
    878820    0.565833
    878830    0.556359
    878840    0.493182
    878850    0.571739
    878860     0.51046
    878870    0.535705
    878880    0.484131
    878890    0.437898
    878900    0.560578
    878910    0.543806
    878920    0.419545
    878930    0.508777
    878940    0.527847
    878950    0.477191
    878960    0.517829
    878970    0.488534
    878980     0.52698
    878990     0.61801
    879000    0.504288
    879010    0.445715
    879020    0.520853
    879030    0.575848
    879040    0.589581
    879050    0.571085
    879060    0.470617
    879070    0.486426
    879080    0.575422
    879090    0.544073
    879100    0.575191
    879110    0.496454
    879120    0.474952
    879130    0.487622
    879140    0.586814
    879150     0.56741
    879160    0.571147
    879170    0.612182
    879180    0.543341
    879190    0.499952
    879200    0.569582
    879210     0.55715
    879220    0.560883
    879230    0.513755
    879240    0.506421
    879250     0.49184
    879260    0.535392
    879270    0.563633
    879280    0.506747
    879290    0.507181
    879300    0.477676
    879310    0.503133
    879320    0.494237
    879330    0.435721
    879340    0.455539
    879350    0.414362
    879360    0.470755
    879370     0.46624
    879380    0.662727
    879390    0.558943
    879400    0.603227
    879410    0.616901
    879420    0.674089
    879430    0.687817
    879440    0.641895
    879450     0.59672
    879460    0.592625
    879470    0.694609
    879480    0.680802
    879490     0.56797
    879500    0.638011
    879510     0.60676
    879520    0.633591
    879530     0.58972
    879540    0.676051
    879550     0.62084
    879560    0.575112
    879570    0.620591
    879580    0.669579
    879590    0.663942
    879600    0.689266
    879610    0.646737
    879620    0.650848
    879630    0.686592
    879640    0.696424
    879650    0.659209
    879660    0.700759
    879670    0.631314
    879680    0.668898
    879690    0.712008
    879700    0.707578
    879710    0.655508
    879720    0.653882
    879730    0.523507
    879740    0.587841
    879750    0.571887
    879760    0.592367
    879770    0.627968
    879780    0.689644
    879790    0.572383
    879800    0.605188
    879810      0.6459
    879820    0.657603
    879830     0.62453
    879840    0.605503
    879850    0.578476
    879860    0.506573
    879870    0.604635
    879880    0.572964
    879890    0.537813
    879900    0.547949
    879910    0.626002
    879920    0.536214
    879930    0.635582
    879940    0.639358
    879950      0.5261
    879960    0.521274
    879970    0.511028
    879980     0.44653
    879990    0.478561
    880000    0.454566
    880010    0.538965
    880020    0.521709
    880030    0.530458
    880040    0.539258
    880050    0.555198
    880060    0.576917
    880070     0.61595
    880080    0.606512
    880090    0.543895
    880100    0.496547
    880110    0.522327
    880120    0.483478
    880130    0.540723
    880140    0.565408
    880150    0.551904
    880160    0.551392
    880170     0.53561
    880180    0.514305
    880190    0.602961
    880200    0.553836
    880210    0.539888
    880220    0.608947
    880230    0.515464
    880240    0.599405
    880250    0.541181
    880260    0.552464
    880270    0.563942
    880280    0.498171
    880290    0.622162
    880300    0.513267
    880310    0.569067
    880320    0.607467
    880330    0.631943
    880340    0.595955
    880350    0.593699
    880360    0.599033
    880370    0.582165
    880380    0.596742
    880390     0.53269
    880400    0.552653
    880410    0.576802
    880420    0.564621
    880430    0.519378
    880440    0.619713
    880450    0.711707
    880460    0.654233
    880470    0.592365
    880480    0.581129
    880490     0.52686
    880500    0.646815
    880510     0.55913
    880520      0.5685
    880530    0.574643
    880540    0.629404
    880550    0.608545
    880560    0.552055
    880570    0.555639
    880580    0.615103
    880590    0.597207
    880600    0.638815
    880610    0.554601
    880620    0.591973
    880630    0.546782
    880640    0.530162
    880650    0.575581
    880660    0.615932
    880670    0.548002
    880680    0.571009
    880690    0.586124
    880700    0.495463
    880710    0.562392
    880720    0.595465
    880730    0.595119
    880740    0.547639
    880750    0.589023
    880760    0.557348
    880770    0.629015
    880780    0.651923
    880790    0.517723
    880800    0.541302
    880810    0.551892
    880820    0.606744
    880830    0.618778
    880840    0.579531
    880850     0.53568
    880860    0.605152
    880870    0.507761
    880880    0.553249
    880890    0.626657
    880900     0.55477
    880910    0.520776
    880920    0.578721
    880930    0.564069
    880940    0.560469
    880950    0.447763
    880960    0.530665
    880970    0.528794
    880980    0.537368
    880990    0.546491
    881000    0.538404
    881010    0.548781
    881020    0.504636
    881030    0.453506
    881040    0.461869
    881050    0.505278
    881060    0.465233
    881070    0.525826
    881080    0.516393
    881090    0.459586
    881100    0.591958
    881110    0.630024
    881120    0.485924
    881130     0.55075
    881140    0.535629
    881150    0.589565
    881160    0.535973
    881170     0.57762
    881180    0.567701
    881190    0.621065
    881200    0.590955
    881210    0.578453
    881220    0.632845
    881230    0.569816
    881240    0.562782
    881250    0.557812
    881260    0.500643
    881270     0.58009
    881280    0.614466
    881290    0.615282
    881300     0.60537
    881310     0.56543
    881320    0.581836
    881330    0.542667
    881340    0.423297
    881350    0.538108
    881360    0.646529
    881370    0.501624
    881380    0.499354
    881390    0.547284
    881400    0.578062
    881410    0.652415
    881420    0.511943
    881430    0.512976
    881440    0.596283
    881450    0.564626
    881460    0.517041
    881470    0.508251
    881480    0.461569
    881490     0.49564
    881500    0.513764
    881510    0.529746
    881520    0.528284
    881530    0.455548
    881540    0.465695
    881550    0.408451
    881560    0.505131
    881570    0.457672
    881580    0.493427
    881590    0.516544
    881600     0.47182
    881610    0.469264
    881620    0.519815
    881630     0.49875
    881640    0.474922
    881650    0.481845
    881660    0.496378
    881670    0.478361
    881680    0.429779
    881690       0.413
    881700    0.470395
    881710    0.508015
    881720    0.468163
    881730    0.464793
    881740    0.478413
    881750     0.47339
    881760    0.534341
    881770    0.515791
    881780    0.450367
    881790    0.490179
    881800    0.484558
    881810    0.524046
    881820     0.42391
    881830    0.479319
    881840    0.470538
    881850    0.488385
    881860    0.470049
    881870      0.4931
    881880    0.416105
    881890    0.371613
    881900    0.502466
    881910    0.518952
    881920    0.566617
    881930    0.464124
    881940    0.551367
    881950    0.475785
    881960     0.56212
    881970    0.438733
    881980     0.47834
    881990    0.528952
    882000    0.576689
    882010    0.454252
    882020    0.470357
    882030    0.491878
    882040    0.527246
    882050    0.427956
    882060    0.386433
    882070    0.392859
    882080    0.483066
    882090     0.47141
    882100    0.489384
    882110     0.42136
    882120    0.491901
    882130    0.471631
    882140    0.456517
    882150    0.521302
    882160    0.443144
    882170    0.519359
    882180    0.529377
    882190    0.516793
    882200    0.456132
    882210    0.502431
    882220    0.501312
    882230      0.4909
    882240    0.494124
    882250     0.45833
    882260    0.411715
    882270    0.386262
    882280    0.429068
    882290    0.386173
    882300    0.523518
    882310    0.472864
    882320    0.453232
    882330    0.403399
    882340    0.500988
    882350    0.500769
    882360    0.584332
    882370    0.504197
    882380     0.53439
    882390    0.525556
    882400    0.528674
    882410    0.498978
    882420    0.384634
    882430    0.453292
    882440    0.459309
    882450    0.479836
    882460    0.483168
    882470    0.476839
    882480    0.514904
    882490    0.438722
    882500    0.537815
    882510    0.609179
    882520    0.484892
    882530    0.500079
    882540    0.535017
    882550     0.41036
    882560    0.492464
    882570    0.423909
    882580    0.487051
    882590    0.478042
    882600    0.483652
    882610    0.460438
    882620    0.517034
    882630    0.548563
    882640    0.437276
    882650    0.424336
    882660    0.492863
    882670    0.505149
    882680    0.431623
    882690    0.523762
    882700    0.453002
    882710    0.425542
    882720    0.488436
    882730    0.495964
    882740    0.476147
    882750    0.511425
    882760    0.489733
    882770      0.4897
    882780    0.465257
    882790    0.490546
    882800    0.521677
    882810     0.42261
    882820    0.475282
    882830    0.493645
    882840     0.48509
    882850    0.521533
    882860    0.551331
    882870    0.456406
    882880    0.515418
    882890     0.44783
    882900    0.535497
    882910    0.438203
    882920    0.442817
    882930    0.403279
    882940    0.446037
    882950    0.439626
    882960    0.515442
    882970    0.540542
    882980    0.521227
    882990     0.52797
    883000    0.572431
    883010     0.66678
    883020     0.67339
    883030    0.688461
    883040    0.634672
    883050    0.603486
    883060    0.652657
    883070    0.585902
    883080    0.653119
    883090    0.648669
    883100    0.602273
    883110    0.605279
    883120    0.576018
    883130    0.567608
    883140    0.716931
    883150    0.620441
    883160    0.654056
    883170    0.632728
    883180    0.713093
    883190    0.633981
    883200    0.668866
    883210    0.755933
    883220    0.708071
    883230    0.673491
    883240    0.719711
    883250    0.734154
    883260    0.701613
    883270    0.720222
    883280    0.618999
    883290    0.623011
    883300    0.660599
    883310    0.729508
    883320    0.636035
    883330    0.720518
    883340    0.723277
    883350     0.70718
    883360    0.728692
    883370    0.682608
    883380    0.706564
    883390    0.611542
    883400    0.649857
    883410    0.639299
    883420    0.644103
    883430    0.635338
    883440    0.680474
    883450     0.60258
    883460    0.657131
    883470     0.64384
    883480    0.690288
    883490    0.637483
    883500    0.545533
    883510     0.60675
    883520    0.666067
    883530     0.71547
    883540    0.603986
    883550    0.563935
    883560    0.622643
    883570    0.720845
    883580    0.656961
    883590     0.65091
    883600    0.666767
    883610    0.718516
    883620    0.738317
    883630    0.723833
    883640    0.714911
    883650    0.732087
    883660    0.636377
    883670    0.687894
    883680    0.715314
    883690    0.617129
    883700    0.727465
    883710    0.681638
    883720    0.699285
    883730     0.66635
    883740      0.6825
    883750     0.68083
    883760    0.664418
    883770    0.652994
    883780    0.707349
    883790    0.643049
    883800    0.657853
    883810    0.663635
    883820    0.647947
    883830     0.67214
    883840    0.625087
    883850    0.612274
    883860      0.5978
    883870    0.667972
    883880    0.682836
    883890    0.691021
    883900     0.61694
    883910    0.612138
    883920    0.668317
    883930    0.639334
    883940    0.650797
    883950    0.658997
    883960    0.690485
    883970    0.579056
    883980    0.698358
    883990    0.693136
    884000    0.624536
    884010    0.697115
    884020    0.618397
    884030    0.623491
    884040    0.662498
    884050    0.696342
    884060     0.62424
    884070     0.64101
    884080    0.631817
    884090    0.620964
    884100    0.670951
    884110    0.577877
    884120    0.588047
    884130    0.553105
    884140    0.669222
    884150    0.625243
    884160    0.675592
    884170    0.601254
    884180    0.652745
    884190    0.624132
    884200    0.628554
    884210    0.693333
    884220    0.654288
    884230    0.663626
    884240    0.656482
    884250    0.737072
    884260    0.674956
    884270    0.607986
    884280    0.661682
    884290    0.671754
    884300    0.663243
    884310    0.635168
    884320    0.701829
    884330    0.636362
    884340    0.655332
    884350    0.638254
    884360    0.648385
    884370    0.601381
    884380    0.685834
    884390    0.696124
    884400     0.56849
    884410    0.621745
    884420    0.656797
    884430     0.65786
    884440    0.694273
    884450    0.602594
    884460    0.605693
    884470    0.615462
    884480    0.633546
    884490    0.544902
    884500    0.597813
    884510    0.605914
    884520    0.665899
    884530    0.661628
    884540    0.673337
    884550    0.636318
    884560    0.652441
    884570    0.567698
    884580    0.688347
    884590    0.639147
    884600    0.664701
    884610    0.599984
    884620    0.703135
    884630    0.622484
    884640    0.646132
    884650    0.638599
    884660    0.666069
    884670    0.644239
    884680    0.654213
    884690    0.652139
    884700    0.695896
    884710    0.648723
    884720    0.639219
    884730    0.616526
    884740    0.605307
    884750    0.607208
    884760    0.639302
    884770    0.647991
    884780    0.618204
    884790     0.57369
    884800    0.609786
    884810     0.58624
    884820    0.631049
    884830    0.707524
    884840    0.660298
    884850    0.645958
    884860    0.619925
    884870    0.590214
    884880    0.705256
    884890    0.690068
    884900    0.639022
    884910    0.670378
    884920    0.682549
    884930    0.677236
    884940    0.649137
    884950    0.691874
    884960     0.66751
    884970    0.657955
    884980    0.724839
    884990    0.623117
    885000    0.618276
    885010    0.593312
    885020    0.753655
    885030    0.640677
    885040    0.655023
    885050    0.655778
    885060    0.692982
    885070    0.673602
    885080    0.700741
    885090    0.671385
    885100    0.680843
    885110    0.639709
    885120    0.713482
    885130    0.566705
    885140    0.551076
    885150    0.593103
    885160    0.639142
    885170    0.624751
    885180    0.654559
    885190    0.645196
    885200    0.673781
    885210    0.644515
    885220    0.686036
    885230    0.479276
    885240    0.658909
    885250    0.648247
    885260    0.648958
    885270    0.618229
    885280    0.591023
    885290    0.698182
    885300    0.629768
    885310    0.687114
    885320    0.588682
    885330    0.651788
    885340    0.692605
    885350    0.626704
    885360    0.534781
    885370    0.671457
    885380    0.649134
    885390     0.65537
    885400    0.643491
    885410    0.596054
    885420    0.628759
    885430    0.643642
    885440    0.651146
    885450    0.668572
    885460    0.710826
    885470    0.639871
    885480    0.675864
    885490    0.711214
    885500    0.624229
    885510    0.697543
    885520     0.67325
    885530    0.667008
    885540    0.673558
    885550    0.734717
    885560    0.650554
    885570    0.671899
    885580    0.701503
    885590    0.664053
    885600    0.612679
    885610    0.682957
    885620    0.673148
    885630    0.662686
    885640    0.640939
    885650    0.613429
    885660    0.712125
    885670    0.687727
    885680     0.70306
    885690    0.705135
    885700    0.679627
    885710    0.676536
    885720    0.667685
    885730    0.717929
    885740    0.648159
    885750    0.742481
    885760    0.647076
    885770    0.675855
    885780     0.67657
    885790    0.688349
    885800     0.66821
    885810    0.624662
    885820     0.64266
    885830    0.649314
    885840    0.634587
    885850    0.614401
    885860    0.685406
    885870    0.685212
    885880    0.683124
    885890    0.598205
    885900    0.626794
    885910    0.661562
    885920    0.592719
    885930     0.64619
    885940    0.654106
    885950     0.63016
    885960    0.689155
    885970    0.625325
    885980    0.579801
    885990    0.645711
    886000    0.658037
    886010     0.68444
    886020    0.691476
    886030    0.691846
    886040    0.682505
    886050    0.718898
    886060    0.721021
    886070    0.673157
    886080     0.72611
    886090    0.691673
    886100    0.685697
    886110    0.726554
    886120    0.764377
    886130    0.724576
    886140     0.70326
    886150     0.73634
    886160    0.662606
    886170    0.687643
    886180    0.710217
    886190    0.716953
    886200    0.682614
    886210    0.700709
    886220    0.685968
    886230     0.70491
    886240    0.770314
    886250    0.683687
    886260    0.735465
    886270    0.678924
    886280    0.739208
    886290    0.685518
    886300    0.733673
    886310    0.666655
    886320    0.668845
    886330    0.701427
    886340    0.700561
    886350    0.702152
    886360    0.672479
    886370    0.653689
    886380    0.711925
    886390    0.756914
    886400    0.751687
    886410    0.664416
    886420    0.752019
    886430    0.683446
    886440    0.667392
    886450    0.730579
    886460    0.728989
    886470    0.673575
    886480    0.803764
    886490    0.740779
    886500    0.688847
    886510    0.732352
    886520    0.631699
    886530    0.716087
    886540     0.72565
    886550    0.663595
    886560    0.672107
    886570    0.740114
    886580    0.687364
    886590     0.72619
    886600    0.719215
    886610    0.688418
    886620    0.708413
    886630     0.69965
    886640    0.723592
    886650    0.715503
    886660    0.708854
    886670    0.722759
    886680    0.651663
    886690    0.686355
    886700    0.735477
    886710    0.673896
    886720    0.692182
    886730    0.746064
    886740    0.678804
    886750    0.716484
    886760    0.699709
    886770    0.683382
    886780    0.653516
    886790    0.675138
    886800     0.72276
    886810    0.744229
    886820    0.751995
    886830    0.723974
    886840    0.722845
    886850    0.731167
    886860    0.746906
    886870    0.779764
    886880    0.714348
    886890    0.694687
    886900    0.696139
    886910    0.715633
    886920    0.695111
    886930    0.745503
    886940    0.645653
    886950    0.690098
    886960    0.722429
    886970    0.668057
    886980    0.693859
    886990    0.748475
    887000     0.71743
    887010    0.693161
    887020    0.665503
    887030    0.774729
    887040    0.698334
    887050    0.735276
    887060     0.70023
    887070    0.690175
    887080    0.712314
    887090    0.717485
    887100    0.688721
    887110    0.673238
    887120    0.687576
    887130    0.652815
    887140    0.689979
    887150     0.71248
    887160     0.68897
    887170    0.706506
    887180    0.683919
    887190    0.727577
    887200    0.728075
    887210    0.731819
    887220    0.748012
    887230    0.687858
    887240    0.694625
    887250    0.691217
    887260    0.714749
    887270    0.734841
    887280    0.657847
    887290    0.676074
    887300    0.752739
    887310    0.688936
    887320    0.662435
    887330    0.657157
    887340    0.694389
    887350      0.6965
    887360    0.684778
    887370    0.703251
    887380    0.699539
    887390    0.717211
    887400    0.608659
    887410    0.723003
    887420     0.64431
    887430    0.701033
    887440     0.68662
    887450    0.717757
    887460     0.67896
    887470    0.697123
    887480    0.763328
    887490    0.621262
    887500    0.670879
    887510    0.706556
    887520    0.736471
    887530     0.73443
    887540    0.796826
    887550    0.695859
    887560    0.631625
    887570    0.674625
    887580    0.703904
    887590    0.655742
    887600    0.664694
    887610    0.617254
    887620    0.645104
    887630    0.697545
    887640    0.708862
    887650    0.665437
    887660    0.694324
    887670    0.634858
    887680    0.710642
    887690      0.6018
    887700    0.679805
    887710    0.743512
    887720    0.704189
    887730    0.701377
    887740    0.763226
    887750    0.658143
    887760     0.73112
    887770    0.676281
    887780    0.659919
    887790    0.654864
    887800     0.70029
    887810    0.629643
    887820    0.587208
    887830    0.734511
    887840    0.666325
    887850    0.749097
    887860    0.718967
    887870    0.686623
    887880     0.76272
    887890    0.733302
    887900    0.645558
    887910    0.736946
    887920    0.741623
    887930    0.691568
    887940     0.67995
    887950    0.664883
    887960    0.650155
    887970    0.678192
    887980    0.675774
    887990    0.715176
    888000    0.737913
    888010    0.731279
    888020    0.721987
    888030    0.690081
    888040    0.691618
    888050     0.68243
    888060    0.730034
    888070    0.669659
    888080    0.680561
    888090    0.692032
    888100    0.621982
    888110    0.689731
    888120    0.661459
    888130    0.659298
    888140     0.69973
    888150    0.731341
    888160    0.682405
    888170    0.650551
    888180    0.662148
    888190    0.727161
    888200    0.664293
    888210    0.658897
    888220    0.646271
    888230    0.720352
    888240    0.728519
    888250    0.719124
    888260    0.559151
    888270    0.658736
    888280    0.646076
    888290    0.662545
    888300    0.646589
    888310    0.702828
    888320    0.683793
    888330    0.662415
    888340     0.68101
    888350    0.711276
    888360    0.725203
    888370    0.731964
    888380    0.678872
    888390    0.651061
    888400    0.750017
    888410    0.699286
    888420    0.722371
    888430     0.72082
    888440    0.710918
    888450    0.675824
    888460    0.706165
    888470    0.690093
    888480    0.668969
    888490    0.595255
    888500    0.660638
    888510    0.633602
    888520    0.697185
    888530    0.661574
    888540    0.640792
    888550    0.668534
    888560    0.703413
    888570    0.687064
    888580    0.723664
    888590     0.70109
    888600    0.632644
    888610    0.711478
    888620      0.6469
    888630     0.73861
    888640    0.701515
    888650    0.756779
    888660    0.736136
    888670    0.683618
    888680    0.722861
    888690    0.635966
    888700    0.687759
    888710    0.670961
    888720    0.636774
    888730    0.692059
    888740    0.652489
    888750    0.713459
    888760     0.67916
    888770    0.658502
    888780    0.699165
    888790    0.722142
    888800    0.709645
    888810    0.674103
    888820    0.662319
    888830    0.687785
    888840     0.68197
    888850     0.67217
    888860    0.722988
    888870    0.684244
    888880    0.697368
    888890    0.711081
    888900    0.683755
    888910    0.653628
    888920    0.662866
    888930    0.663076
    888940    0.693581
    888950    0.732353
    888960    0.689306
    888970    0.646764
    888980     0.75493
    888990    0.709334
    889000    0.681422
    889010    0.752361
    889020    0.723051
    889030    0.671789
    889040    0.720897
    889050    0.728935
    889060    0.645729
    889070    0.743906
    889080    0.701228
    889090    0.692187
    889100    0.713316
    889110    0.701856
    889120    0.715178
    889130    0.686082
    889140    0.710539
    889150    0.710759
    889160    0.731037
    889170    0.681612
    889180    0.712798
    889190    0.674493
    889200    0.709581
    889210    0.655585
    889220    0.724917
    889230    0.697366
    889240    0.674598
    889250     0.71988
    889260    0.680764
    889270    0.719432
    889280    0.657337
    889290    0.731574
    889300     0.72097
    889310    0.728584
    889320     0.75122
    889330    0.695808
    889340    0.683627
    889350    0.760746
    889360     0.67396
    889370     0.65369
    889380    0.701982
    889390    0.657677
    889400    0.627828
    889410    0.686733
    889420    0.636706
    889430    0.710087
    889440    0.700693
    889450    0.703456
    889460    0.604215
    889470     0.65678
    889480     0.68132
    889490    0.637947
    889500    0.630385
    889510    0.668371
    889520      0.6408
    889530    0.729533
    889540     0.66757
    889550    0.709274
    889560    0.644915
    889570    0.710577
    889580    0.653436
    889590    0.679602
    889600    0.644635
    889610    0.692193
    889620    0.644258
    889630    0.604327
    889640     0.65051
    889650     0.63081
    889660    0.707072
    889670    0.686182
    889680    0.661444
    889690    0.741988
    889700    0.752681
    889710    0.656766
    889720    0.758519
    889730    0.775548
    889740    0.723192
    889750    0.735245
    889760    0.696254
    889770     0.71595
    889780    0.664141
    889790    0.713191
    889800    0.706664
    889810    0.729356
    889820    0.679824
    889830    0.663497
    889840    0.692645
    889850    0.787179
    889860    0.788429
    889870    0.709096
    889880    0.656463
    889890    0.641849
    889900    0.659636
    889910    0.666734
    889920    0.690626
    889930    0.665972
    889940    0.694497
    889950    0.737761
    889960    0.694011
    889970    0.626687
    889980    0.629604
    889990    0.687887
    890000    0.630574
    890010     0.71082
    890020    0.667384
    890030    0.704666
    890040    0.703066
    890050    0.688154
    890060    0.754556
    890070    0.738367
    890080    0.737869
    890090    0.704209
    890100    0.706547
    890110    0.669304
    890120    0.762296
    890130    0.738005
    890140    0.695071
    890150    0.696351
    890160    0.680938
    890170    0.725361
    890180    0.719428
    890190    0.714374
    890200    0.718613
    890210    0.671634
    890220    0.694139
    890230    0.746295
    890240    0.669648
    890250    0.658131
    890260    0.687355
    890270    0.646555
    890280    0.716024
    890290    0.799307
    890300    0.752058
    890310    0.672415
    890320    0.663056
    890330    0.687552
    890340    0.772529
    890350    0.740287
    890360    0.656515
    890370    0.724763
    890380    0.759208
    890390     0.71913
    890400    0.648977
    890410    0.674453
    890420    0.704126
    890430    0.679992
    890440    0.651703
    890450    0.712155
    890460    0.661017
    890470     0.72104
    890480    0.746852
    890490    0.663398
    890500    0.665781
    890510    0.644202
    890520    0.694112
    890530     0.72484
    890540    0.741467
    890550     0.72696
    890560    0.707041
    890570    0.703012
    890580    0.718544
    890590    0.737203
    890600     0.68345
    890610    0.740857
    890620     0.62713
    890630    0.659678
    890640    0.650384
    890650     0.74335
    890660    0.710177
    890670    0.715935
    890680    0.626188
    890690    0.711733
    890700    0.692758
    890710    0.755269
    890720    0.718631
    890730    0.808641
    890740    0.767611
    890750    0.740197
    890760    0.779128
    890770     0.71574
    890780    0.682826
    890790    0.758334
    890800    0.786747
    890810    0.722962
    890820    0.694649
    890830    0.660835
    890840    0.732872
    890850     0.66039
    890860    0.695523
    890870    0.747853
    890880    0.763667
    890890    0.666027
    890900    0.721439
    890910    0.709742
    890920    0.678626
    890930     0.75079
    890940    0.724065
    890950     0.67315
    890960    0.669433
    890970    0.688099
    890980    0.739205
    890990    0.748408
    891000    0.788274
    891010    0.744108
    891020    0.815661
    891030    0.802207
    891040    0.792755
    891050    0.766434
    891060     0.75545
    891070    0.707565
    891080    0.754687
    891090    0.707566
    891100    0.780637
    891110    0.758798
    891120    0.687571
    891130    0.716936
    891140    0.769334
    891150    0.691956
    891160    0.713543
    891170    0.723501
    891180    0.728453
    891190    0.737234
    891200    0.712664
    891210    0.698937
    891220    0.755819
    891230    0.698323
    891240    0.793734
    891250    0.756533
    891260    0.773714
    891270    0.777834
    891280    0.769083
    891290    0.765899
    891300     0.68779
    891310    0.695681
    891320    0.760822
    891330    0.747957
    891340     0.68981
    891350     0.69244
    891360    0.743699
    891370    0.752442
    891380    0.727066
    891390    0.726124
    891400    0.708945
    891410    0.729984
    891420    0.706224
    891430    0.641833
    891440     0.72081
    891450    0.721907
    891460     0.73506
    891470     0.76914
    891480    0.670819
    891490    0.720334
    891500    0.597899
    891510    0.710428
    891520    0.707528
    891530    0.741058
    891540    0.711202
    891550    0.711386
    891560    0.701074
    891570     0.73558
    891580    0.768505
    891590    0.690054
    891600    0.722208
    891610    0.656459
    891620    0.706754
    891630    0.762751
    891640    0.728018
    891650    0.706885
    891660    0.735977
    891670    0.738236
    891680    0.767567
    891690     0.72409
    891700    0.772421
    891710    0.743661
    891720    0.704198
    891730      0.7475
    891740    0.708837
    891750    0.710983
    891760    0.749978
    891770    0.680409
    891780    0.714295
    891790     0.71711
    891800    0.778582
    891810    0.742793
    891820    0.721315
    891830    0.772056
    891840    0.774185
    891850    0.747062
    891860    0.746024
    891870    0.708089
    891880    0.743933
    891890    0.730546
    891900    0.726172
    891910    0.776663
    891920     0.77048
    891930    0.700807
    891940    0.720817
    891950    0.761762
    891960    0.708209
    891970    0.794995
    891980    0.745918
    891990    0.792948
    892000    0.743185
    892010      0.7537
    892020     0.72068
    892030    0.721387
    892040    0.709057
    892050    0.705828
    892060    0.714559
    892070    0.793636
    892080    0.755272
    892090    0.707759
    892100    0.695264
    892110    0.766486
    892120    0.672322
    892130    0.716657
    892140    0.648477
    892150    0.652859
    892160    0.774073
    892170    0.691281
    892180    0.838711
    892190    0.751357
    892200    0.702665
    892210    0.654632
    892220    0.752972
    892230    0.727088
    892240    0.614152
    892250    0.707184
    892260    0.716486
    892270    0.728801
    892280    0.719949
    892290    0.722477
    892300    0.765145
    892310    0.760045
    892320      0.7049
    892330    0.663146
    892340    0.712716
    892350    0.617288
    892360    0.718586
    892370    0.730062
    892380    0.699179
    892390    0.707318
    892400    0.772772
    892410    0.764032
    892420    0.678964
    892430    0.747559
    892440    0.725602
    892450    0.665772
    892460    0.721364
    892470    0.658202
    892480    0.714746
    892490    0.678742
    892500    0.687813
    892510    0.714585
    892520     0.70171
    892530    0.710068
    892540    0.685652
    892550    0.655874
    892560    0.747189
    892570    0.688309
    892580    0.672136
    892590    0.660763
    892600    0.683251
    892610    0.660264
    892620    0.673153
    892630    0.689243
    892640    0.638368
    892650    0.656386
    892660     0.75409
    892670    0.795683
    892680    0.751272
    892690    0.803344
    892700    0.773998
    892710     0.72114
    892720    0.770074
    892730    0.739352
    892740    0.775594
    892750    0.745919
    892760    0.751926
    892770    0.726883
    892780    0.659506
    892790    0.685376
    892800    0.791709
    892810    0.783675
    892820    0.787054
    892830    0.780903
    892840    0.723382
    892850    0.810614
    892860    0.735721
    892870    0.725028
    892880    0.766695
    892890    0.758303
    892900     0.81759
    892910    0.754329
    892920    0.746089
    892930    0.738932
    892940     0.71678
    892950    0.723368
    892960    0.695282
    892970    0.760538
    892980    0.768714
    892990    0.747961
    893000    0.841174
    893010    0.751288
    893020    0.754469
    893030    0.771668
    893040    0.747772
    893050    0.782491
    893060    0.746177
    893070     0.83491
    893080    0.773606
    893090    0.804305
    893100    0.726961
    893110     0.67951
    893120    0.812587
    893130    0.721094
    893140     0.70336
    893150    0.658128
    893160    0.567351
    893170    0.665872
    893180    0.663635
    893190    0.603548
    893200    0.794911
    893210      0.7009
    893220    0.764504
    893230    0.728377
    893240    0.752294
    893250     0.72841
    893260    0.725591
    893270    0.634202
    893280     0.70298
    893290     0.72276
    893300    0.669314
    893310    0.684028
    893320     0.70471
    893330    0.791534
    893340    0.692225
    893350    0.657217
    893360    0.786534
    893370    0.781625
    893380    0.722333
    893390    0.725636
    893400    0.743245
    893410     0.68875
    893420    0.719052
    893430    0.702415
    893440     0.73186
    893450    0.750609
    893460    0.741756
    893470    0.756553
    893480      0.6762
    893490     0.76662
    893500    0.833451
    893510    0.717144
    893520    0.812988
    893530    0.787585
    893540    0.728757
    893550    0.756351
    893560    0.798721
    893570    0.687468
    893580    0.739318
    893590    0.706961
    893600    0.777234
    893610    0.789212
    893620    0.805093
    893630    0.755653
    893640    0.802289
    893650    0.758309
    893660    0.757366
    893670    0.786741
    893680    0.798066
    893690    0.671785
    893700    0.780417
    893710    0.761693
    893720    0.724239
    893730    0.713854
    893740    0.720521
    893750    0.694348
    893760    0.715263
    893770    0.739884
    893780    0.699606
    893790    0.620832
    893800     0.75551
    893810    0.709041
    893820    0.715111
    893830    0.783013
    893840      0.8004
    893850    0.769832
    893860    0.806261
    893870    0.803468
    893880    0.775303
    893890    0.787345
    893900     0.75166
    893910     0.68004
    893920    0.760123
    893930    0.690321
    893940    0.741911
    893950    0.790868
    893960    0.783523
    893970    0.734013
    893980    0.738902
    893990    0.774758
    894000    0.675163
    894010    0.731028
    894020    0.626252
    894030    0.790243
    894040    0.750419
    894050    0.734998
    894060    0.778361
    894070    0.771942
    894080    0.687129
    894090    0.674294
    894100    0.674717
    894110    0.744967
    894120     0.66765
    894130    0.743792
    894140    0.737296
    894150    0.596096
    894160    0.682707
    894170    0.753367
    894180    0.654962
    894190    0.747674
    894200    0.765637
    894210    0.784791
    894220    0.762102
    894230    0.704253
    894240     0.71632
    894250    0.705923
    894260    0.722425
    894270    0.692783
    894280    0.625107
    894290    0.668511
    894300    0.699301
    894310    0.750909
    894320    0.774825
    894330    0.695581
    894340    0.638653
    894350    0.662073
    894360    0.699111
    894370    0.746919
    894380    0.702946
    894390    0.692701
    894400    0.741347
    894410    0.713192
    894420    0.692128
    894430    0.737061
    894440    0.777707
    894450    0.718239
    894460    0.786936
    894470    0.713158
    894480    0.703331
    894490    0.824062
    894500    0.801161
    894510    0.826981
    894520    0.720297
    894530    0.808504
    894540    0.786703
    894550    0.834851
    894560    0.780884
    894570    0.783172
    894580    0.802897
    894590    0.754229
    894600    0.789315
    894610    0.799185
    894620    0.812942
    894630    0.807178
    894640    0.823139
    894650    0.788988
    894660    0.735721
    894670    0.796759
    894680    0.766622
    894690    0.814212
    894700    0.764225
    894710    0.744157
    894720    0.755877
    894730    0.804547
    894740    0.716004
    894750    0.704684
    894760    0.724475
    894770     0.69011
    894780    0.767196
    894790    0.826759
    894800    0.736705
    894810     0.76093
    894820    0.722568
    894830    0.767967
    894840    0.780376
    894850    0.790369
    894860    0.770018
    894870    0.810051
    894880    0.799799
    894890    0.729199
    894900    0.771677
    894910    0.794183
    894920    0.742027
    894930     0.72819
    894940    0.812132
    894950    0.742916
    894960    0.777762
    894970    0.813316
    894980     0.78729
    894990    0.772079
    895000    0.759171
    895010    0.780335
    895020    0.795427
    895030    0.823431
    895040    0.794115
    895050    0.800177
    895060    0.779992
    895070    0.767751
    895080    0.797864
    895090    0.760827
    895100    0.733682
    895110    0.737528
    895120    0.735349
    895130    0.711404
    895140     0.71715
    895150    0.720159
    895160    0.698406
    895170     0.72178
    895180    0.712866
    895190    0.746848
    895200     0.78308
    895210     0.76769
    895220    0.782482
    895230    0.786922
    895240    0.800073
    895250    0.692578
    895260     0.74525
    895270    0.727321
    895280    0.708568
    895290    0.758388
    895300    0.674373
    895310     0.61403
    895320    0.732607
    895330    0.691444
    895340     0.75574
    895350    0.792066
    895360    0.751424
    895370    0.716155
    895380    0.787721
    895390    0.680208
    895400    0.770652
    895410    0.759835
    895420    0.787505
    895430    0.749515
    895440    0.741163
    895450    0.669976
    895460     0.67555
    895470    0.716009
    895480    0.744031
    895490    0.729437
    895500    0.752133
    895510    0.765864
    895520    0.792388
    895530    0.755413
    895540    0.728956
    895550    0.825404
    895560    0.738433
    895570    0.723071
    895580    0.660325
    895590    0.723122
    895600    0.709375
    895610    0.737225
    895620     0.70576
    895630     0.66845
    895640    0.693662
    895650    0.691139
    895660    0.702173
    895670    0.728746
    895680     0.75895
    895690    0.693884
    895700    0.745046
    895710    0.714688
    895720    0.690234
    895730     0.75476
    895740    0.583148
    895750    0.698811
    895760    0.698146
    895770    0.766264
    895780    0.690252
    895790    0.817103
    895800    0.734817
    895810    0.721468
    895820    0.718375
    895830    0.677162
    895840    0.735771
    895850    0.673553
    895860    0.737852
    895870    0.671256
    895880    0.750228
    895890    0.701164
    895900    0.775444
    895910    0.764853
    895920    0.833019
    895930    0.761537
    895940    0.710872
    895950    0.742335
    895960    0.645111
    895970    0.752816
    895980    0.723798
    895990    0.709941
    896000    0.742343
    896010    0.795299
    896020    0.784921
    896030    0.754751
    896040    0.717701
    896050    0.720636
    896060    0.758982
    896070    0.707493
    896080     0.71648
    896090    0.721195
    896100    0.749612
    896110    0.773383
    896120    0.758924
    896130    0.698176
    896140    0.713673
    896150    0.636106
    896160    0.693219
    896170    0.720377
    896180    0.743803
    896190    0.721979
    896200    0.650058
    896210    0.701051
    896220    0.799874
    896230    0.732114
    896240    0.663438
    896250    0.753504
    896260    0.707995
    896270     0.74597
    896280    0.736692
    896290    0.691431
    896300    0.767389
    896310    0.678063
    896320    0.694818
    896330    0.685975
    896340    0.715384
    896350    0.559234
    896360    0.709714
    896370    0.746616
    896380    0.741012
    896390    0.692679
    896400    0.713705
    896410    0.675755
    896420     0.67672
    896430     0.68344
    896440    0.601063
    896450    0.739344
    896460    0.757194
    896470    0.739488
    896480    0.755285
    896490    0.723217
    896500    0.695179
    896510    0.756896
    896520    0.719043
    896530    0.711287
    896540    0.623628
    896550    0.701648
    896560    0.742068
    896570    0.676301
    896580    0.668637
    896590    0.741623
    896600    0.720138
    896610    0.774368
    896620    0.678017
    896630    0.763556
    896640    0.755506
    896650    0.732341
    896660    0.731699
    896670    0.727862
    896680    0.704368
    896690    0.698597
    896700    0.711357
    896710    0.725083
    896720    0.721822
    896730    0.721464
    896740    0.743142
    896750    0.776552
    896760    0.732312
    896770     0.78039
    896780    0.739382
    896790    0.760786
    896800    0.789367
    896810    0.691088
    896820    0.723745
    896830    0.742789
    896840     0.75308
    896850    0.752692
    896860    0.755664
    896870    0.781591
    896880    0.769501
    896890    0.723698
    896900     0.73232
    896910    0.734064
    896920    0.716172
    896930    0.790907
    896940    0.756194
    896950    0.804234
    896960    0.745302
    896970    0.754284
    896980    0.706594
    896990    0.741441
    897000     0.79116
    897010    0.800556
    897020    0.680146
    897030    0.713198
    897040    0.821084
    897050    0.742159
    897060    0.718486
    897070    0.653461
    897080    0.715361
    897090    0.729043
    897100    0.641786
    897110    0.738062
    897120    0.743621
    897130    0.812604
    897140    0.746847
    897150    0.812974
    897160    0.768207
    897170    0.703661
    897180    0.737207
    897190     0.71995
    897200    0.741087
    897210    0.712172
    897220    0.770811
    897230    0.725919
    897240    0.705138
    897250    0.702749
    897260    0.768426
    897270    0.803831
    897280    0.697755
    897290    0.772814
    897300     0.77137
    897310    0.660113
    897320    0.682186
    897330    0.715222
    897340    0.711277
    897350    0.664349
    897360    0.751046
    897370    0.741822
    897380    0.791416
    897390    0.799058
    897400    0.693198
    897410    0.808023
    897420    0.752173
    897430    0.814609
    897440    0.779961
    897450    0.796713
    897460    0.699847
    897470    0.731254
    897480    0.734893
    897490    0.713173
    897500    0.757038
    897510    0.736394
    897520    0.752539
    897530     0.74325
    897540    0.764775
    897550    0.771721
    897560    0.785639
    897570     0.83011
    897580     0.71465
    897590    0.762917
    897600    0.733407
    897610    0.782209
    897620    0.705348
    897630    0.798595
    897640    0.772934
    897650    0.764907
    897660    0.753244
    897670    0.760703
    897680    0.832343
    897690     0.76182
    897700    0.741266
    897710    0.670191
    897720    0.776066
    897730    0.760621
    897740    0.723232
    897750    0.793748
    897760    0.802508
    897770    0.765374
    897780    0.754714
    897790    0.727541
    897800     0.77282
    897810    0.822716
    897820    0.756646
    897830    0.724212
    897840    0.715819
    897850    0.748412
    897860    0.774406
    897870    0.793132
    897880    0.786046
    897890    0.742568
    897900    0.793995
    897910    0.721567
    897920    0.813886
    897930    0.735374
    897940    0.770363
    897950    0.756239
    897960    0.763856
    897970    0.765168
    897980    0.744174
    897990    0.798238
    898000    0.789537
    898010    0.743382
    898020    0.744615
    898030    0.700973
    898040    0.767594
    898050    0.778248
    898060    0.715227
    898070    0.754453
    898080    0.730029
    898090    0.792852
    898100    0.778144
    898110    0.808958
    898120    0.773573
    898130    0.769248
    898140    0.738162
    898150    0.703981
    898160    0.684222
    898170    0.730569
    898180      0.7444
    898190    0.762658
    898200    0.810582
    898210    0.645468
    898220    0.752199
    898230    0.683851
    898240    0.727339
    898250    0.766389
    898260    0.801791
    898270    0.677871
    898280    0.742356
    898290    0.659586
    898300    0.695486
    898310    0.775671
    898320    0.737979
    898330    0.749435
    898340    0.684999
    898350    0.744659
    898360    0.741376
    898370    0.729599
    898380    0.762744
    898390     0.80052
    898400     0.70154
    898410    0.729857
    898420    0.735713
    898430    0.733581
    898440    0.752829
    898450     0.72128
    898460    0.735045
    898470     0.66045
    898480    0.777643
    898490    0.764572
    898500    0.763228
    898510    0.754814
    898520    0.734928
    898530    0.732904
    898540    0.771339
    898550    0.739309
    898560    0.719799
    898570     0.77263
    898580    0.769713
    898590    0.735999
    898600     0.78517
    898610    0.717758
    898620    0.763923
    898630    0.766919
    898640    0.742493
    898650    0.777817
    898660    0.806108
    898670    0.740561
    898680    0.795931
    898690    0.811861
    898700    0.795026
    898710      0.7425
    898720    0.784752
    898730    0.718423
    898740    0.827512
    898750    0.728205
    898760     0.80684
    898770    0.806839
    898780    0.736672
    898790    0.791849
    898800    0.718245
    898810    0.759834
    898820    0.738797
    898830    0.733204
    898840    0.738936
    898850    0.741376
    898860    0.703565
    898870    0.762745
    898880    0.835455
    898890    0.765037
    898900     0.74588
    898910    0.735844
    898920    0.798771
    898930    0.773638
    898940    0.763025
    898950    0.776723
    898960    0.788779
    898970    0.771966
    898980    0.755595
    898990    0.779011
    899000    0.764774
    899010    0.724793
    899020    0.704495
    899030    0.718441
    899040    0.658064
    899050    0.676273
    899060    0.704713
    899070    0.683887
    899080    0.624656
    899090    0.673857
    899100     0.68277
    899110    0.639012
    899120    0.719706
    899130    0.761149
    899140    0.706031
    899150    0.695946
    899160    0.706187
    899170    0.693695
    899180    0.690559
    899190    0.688437
    899200    0.585518
    899210     0.58265
    899220    0.731011
    899230    0.711498
    899240    0.637207
    899250    0.691514
    899260    0.715095
    899270    0.723815
    899280     0.67496
    899290    0.688831
    899300    0.661543
    899310    0.670658
    899320    0.686267
    899330    0.671392
    899340    0.660429
    899350    0.739932
    899360    0.693425
    899370    0.687317
    899380    0.670916
    899390       0.714
    899400    0.752367
    899410    0.713973
    899420    0.697139
    899430    0.667508
    899440    0.711442
    899450    0.701607
    899460    0.686006
    899470    0.713169
    899480    0.718187
    899490    0.746585
    899500    0.765105
    899510    0.717893
    899520     0.73309
    899530    0.765002
    899540    0.658387
    899550    0.699871
    899560    0.703894
    899570    0.735893
    899580     0.72933
    899590    0.718082
    899600    0.732573
    899610    0.724433
    899620    0.726138
    899630    0.774871
    899640    0.764351
    899650    0.645934
    899660    0.664859
    899670    0.684352
    899680    0.674975
    899690    0.691351
    899700     0.62041
    899710    0.719423
    899720    0.733294
    899730    0.662629
    899740    0.715457
    899750    0.684136
    899760    0.740773
    899770    0.690088
    899780    0.651368
    899790    0.737091
    899800    0.739187
    899810    0.711409
    899820    0.712202
    899830     0.64647
    899840    0.584451
    899850    0.661897
    899860     0.67316
    899870    0.676189
    899880    0.714304
    899890    0.721161
    899900    0.767701
    899910     0.75431
    899920    0.629785
    899930    0.700528
    899940    0.708756
    899950    0.693957
    899960    0.758342
    899970    0.778567
    899980    0.715056
    899990    0.713428
    900000    0.637429
    900010    0.705669
    900020    0.700861
    900030    0.743662
    900040    0.718986
    900050    0.764564
    900060    0.760122
    900070    0.763683
    900080    0.705656
    900090    0.720107
    900100    0.702447
    900110    0.743323
    900120    0.621414
    900130    0.686641
    900140     0.76901
    900150    0.711833
    900160    0.729188
    900170    0.763385
    900180    0.744247
    900190     0.78152
    900200    0.732079
    900210    0.814914
    900220    0.769843
    900230    0.785401
    900240    0.743409
    900250    0.805203
    900260    0.778179
    900270    0.815935
    900280    0.814806
    900290    0.753766
    900300    0.815933
    900310    0.752692
    900320     0.82171
    900330    0.789681
    900340    0.818116
    900350    0.815953
    900360    0.796104
    900370    0.825842
    900380    0.740621
    900390    0.727742
    900400    0.731474
    900410    0.774345
    900420    0.729853
    900430     0.80132
    900440    0.772801
    900450    0.808664
    900460    0.767308
    900470    0.719199
    900480    0.741119
    900490    0.735973
    900500    0.756549
    900510    0.776494
    900520    0.766412
    900530      0.7431
    900540     0.76583
    900550    0.766108
    900560    0.736325
    900570     0.79214
    900580    0.731535
    900590    0.753929
    900600     0.66123
    900610    0.749275
    900620    0.823702
    900630    0.756202
    900640     0.72762
    900650    0.815392
    900660    0.784556
    900670    0.774011
    900680    0.750919
    900690    0.788419
    900700    0.750419
    900710    0.780472
    900720    0.764393
    900730    0.821782
    900740    0.788395
    900750      0.7375
    900760    0.737034
    900770    0.767943
    900780    0.711113
    900790    0.774267
    900800    0.769582
    900810    0.734565
    900820    0.722121
    900830    0.718933
    900840    0.703687
    900850    0.778898
    900860    0.725816
    900870    0.771568
    900880    0.770683
    900890     0.76865
    900900    0.745564
    900910    0.733686
    900920    0.823894
    900930    0.780358
    900940    0.764034
    900950    0.685038
    900960    0.691543
    900970    0.737418
    900980    0.733505
    900990    0.767495
    901000    0.718794
    901010    0.683466
    901020    0.698316
    901030    0.708117
    901040    0.753583
    901050    0.734517
    901060    0.771809
    901070    0.762376
    901080    0.774151
    901090    0.765213
    901100    0.812998
    901110     0.74774
    901120     0.73252
    901130    0.617047
    901140    0.672783
    901150    0.661041
    901160    0.729982
    901170    0.718529
    901180    0.609163
    901190    0.721418
    901200    0.708081
    901210    0.756012
    901220    0.660018
    901230    0.757803
    901240    0.672821
    901250    0.706836
    901260    0.771201
    901270    0.678149
    901280    0.698459
    901290    0.672751
    901300    0.713172
    901310    0.782689
    901320    0.674777
    901330    0.676362
    901340     0.74206
    901350    0.641498
    901360    0.704907
    901370    0.670306
    901380    0.666399
    901390    0.699246
    901400    0.672259
    901410    0.681943
    901420    0.713553
    901430    0.675831
    901440    0.690479
    901450    0.736351
    901460    0.623512
    901470     0.69868
    901480    0.673761
    901490    0.653143
    901500    0.703463
    901510    0.599572
    901520     0.67382
    901530    0.654718
    901540    0.703783
    901550     0.65365
    901560    0.636785
    901570    0.654549
    901580    0.617618
    901590     0.64912
    901600    0.617116
    901610    0.713887
    901620    0.592903
    901630    0.609269
    901640    0.753111
    901650    0.721758
    901660    0.803126
    901670    0.688083
    901680     0.72981
    901690    0.730817
    901700    0.680831
    901710     0.70484
    901720    0.750534
    901730    0.711616
    901740    0.721711
    901750    0.652671
    901760    0.636436
    901770    0.697777
    901780     0.65992
    901790     0.74517
    901800    0.729854
    901810    0.738105
    901820    0.697532
    901830    0.722528
    901840    0.677489
    901850    0.768625
    901860    0.775631
    901870    0.702802
    901880    0.556678
    901890    0.626521
    901900    0.563684
    901910    0.551016
    901920     0.57938
    901930    0.557722
    901940    0.582396
    901950    0.513781
    901960    0.608867
    901970    0.589604
    901980      0.6179
    901990    0.632515
    902000     0.60542
    902010    0.643059
    902020    0.588023
    902030    0.649619
    902040    0.703138
    902050    0.677635
    902060    0.673059
    902070    0.742145
    902080    0.726168
    902090    0.613793
    902100    0.624355
    902110    0.610946
    902120    0.637227
    902130    0.608356
    902140    0.686076
    902150     0.77868
    902160    0.655394
    902170    0.596858
    902180    0.642784
    902190    0.616395
    902200    0.627799
    902210    0.615573
    902220    0.636309
    902230    0.604114
    902240    0.623864
    902250    0.617805
    902260     0.51992
    902270    0.628586
    902280     0.63056
    902290    0.705232
    902300     0.50089
    902310    0.606158
    902320    0.597103
    902330    0.671302
    902340    0.615683
    902350    0.695807
    902360    0.618014
    902370    0.637224
    902380    0.662106
    902390    0.645468
    902400    0.689465
    902410    0.665303
    902420    0.627479
    902430     0.66264
    902440    0.633581
    902450    0.701785
    902460    0.726712
    902470    0.701138
    902480    0.682849
    902490    0.602795
    902500    0.649178
    902510     0.67278
    902520    0.733991
    902530    0.667888
    902540    0.668558
    902550    0.783716
    902560    0.558472
    902570    0.541727
    902580    0.557515
    902590    0.424953
    902600    0.473834
    902610    0.581261
    902620    0.655627
    902630    0.556864
    902640     0.60286
    902650    0.519731
    902660    0.532918
    902670    0.537494
    902680    0.545983
    902690    0.600743
    902700    0.507828
    902710    0.669377
    902720    0.542071
    902730    0.525128
    902740    0.560203
    902750    0.531296
    902760    0.553463
    902770    0.640979
    902780    0.566647
    902790    0.579623
    902800    0.623285
    902810    0.589147
    902820    0.602533
    902830    0.581416
    902840    0.586108
    902850    0.602573
    902860    0.513616
    902870    0.548675
    902880    0.623281
    902890    0.550861
    902900    0.482576
    902910    0.523858
    902920    0.588644
    902930    0.533443
    902940     0.56095
    902950    0.620725
    902960    0.567372
    902970    0.544508
    902980    0.583539
    902990    0.562507
    903000    0.658331
    903010     0.57595
    903020    0.543277
    903030    0.527358
    903040    0.628807
    903050    0.550562
    903060    0.599668
    903070    0.579378
    903080    0.639718
    903090    0.612761
    903100    0.634568
    903110    0.734228
    903120    0.701275
    903130    0.707324
    903140    0.673221
    903150    0.719431
    903160    0.621751
    903170    0.585209
    903180      0.5699
    903190    0.652297
    903200    0.660358
    903210    0.684598
    903220    0.672785
    903230    0.639267
    903240     0.60351
    903250    0.636614
    903260    0.593649
    903270    0.576894
    903280    0.587707
    903290    0.591176
    903300    0.510078
    903310    0.538775
    903320    0.565095
    903330    0.639653
    903340    0.632975
    903350    0.587952
    903360    0.647873
    903370    0.575904
    903380    0.658399
    903390    0.672216
    903400    0.614296
    903410    0.646008
    903420    0.677016
    903430    0.644274
    903440    0.586822
    903450    0.662615
    903460    0.590584
    903470    0.659148
    903480    0.646784
    903490    0.644317
    903500    0.640876
    903510    0.650614
    903520     0.61324
    903530    0.611456
    903540     0.65424
    903550    0.575162
    903560    0.665153
    903570    0.738694
    903580    0.654405
    903590    0.677802
    903600    0.643078
    903610    0.641716
    903620    0.684154
    903630    0.638154
    903640    0.710957
    903650    0.685281
    903660    0.645063
    903670    0.752059
    903680    0.677923
    903690    0.660679
    903700      0.6795
    903710    0.668384
    903720    0.687737
    903730    0.679501
    903740    0.601498
    903750    0.703968
    903760    0.706972
    903770    0.699239
    903780    0.692911
    903790     0.69385
    903800    0.724945
    903810    0.762281
    903820    0.704271
    903830     0.63142
    903840    0.643151
    903850    0.782835
    903860    0.686862
    903870    0.678951
    903880    0.637953
    903890    0.658995
    903900    0.620573
    903910    0.708418
    903920     0.61771
    903930    0.550841
    903940    0.619373
    903950    0.636537
    903960    0.594114
    903970    0.665069
    903980    0.608105
    903990    0.633038
    904000    0.652944
    904010    0.611353
    904020    0.586987
    904030    0.631643
    904040    0.631573
    904050    0.726657
    904060    0.650738
    904070    0.679547
    904080     0.65598
    904090    0.667811
    904100    0.702337
    904110    0.710571
    904120    0.682501
    904130    0.663057
    904140    0.711401
    904150    0.675435
    904160     0.71615
    904170    0.657171
    904180     0.68642
    904190    0.671408
    904200    0.658501
    904210    0.578661
    904220    0.688565
    904230    0.743497
    904240    0.681931
    904250    0.685687
    904260    0.697886
    904270    0.658243
    904280     0.65273
    904290    0.705561
    904300    0.741286
    904310    0.708384
    904320    0.710339
    904330    0.616443
    904340    0.620328
    904350     0.59796
    904360    0.630248
    904370    0.639408
    904380    0.672112
    904390    0.710125
    904400      0.6962
    904410    0.688552
    904420    0.658626
    904430    0.686358
    904440    0.696465
    904450    0.632242
    904460    0.655447
    904470    0.743442
    904480    0.636525
    904490    0.652638
    904500    0.520132
    904510    0.700998
    904520    0.710375
    904530    0.718682
    904540    0.682972
    904550    0.592839
    904560    0.674182
    904570    0.670391
    904580    0.653749
    904590    0.743597
    904600    0.706353
    904610    0.743648
    904620    0.735072
    904630     0.68217
    904640    0.685272
    904650    0.703018
    904660    0.744569
    904670    0.697994
    904680    0.726889
    904690    0.716728
    904700    0.723644
    904710    0.681955
    904720    0.683381
    904730    0.617151
    904740    0.683727
    904750    0.706608
    904760    0.597323
    904770    0.629719
    904780    0.669079
    904790    0.732906
    904800    0.716937
    904810    0.726176
    904820    0.621947
    904830    0.615327
    904840    0.626983
    904850    0.612288
    904860    0.621287
    904870    0.664332
    904880    0.645914
    904890    0.694953
    904900    0.681095
    904910    0.701165
    904920    0.603876
    904930    0.652451
    904940    0.685363
    904950     0.56802
    904960    0.653511
    904970    0.646721
    904980    0.716653
    904990     0.66496
    905000    0.683847
    905010    0.651347
    905020    0.670787
    905030    0.634659
    905040    0.602214
    905050     0.56401
    905060    0.639728
    905070    0.696185
    905080    0.683553
    905090    0.641335
    905100    0.664478
    905110    0.636966
    905120    0.663326
    905130    0.678923
    905140    0.644688
    905150    0.681072
    905160    0.617584
    905170    0.699341
    905180      0.7033
    905190    0.686124
    905200    0.630934
    905210    0.729022
    905220    0.601743
    905230    0.681718
    905240    0.670073
    905250    0.631529
    905260    0.616771
    905270    0.625988
    905280    0.652816
    905290    0.632631
    905300    0.595199
    905310    0.620223
    905320    0.701456
    905330     0.66188
    905340    0.714721
    905350    0.609071
    905360    0.666321
    905370    0.699852
    905380    0.670804
    905390    0.722466
    905400    0.726463
    905410    0.739242
    905420    0.689756
    905430    0.672625
    905440    0.667536
    905450    0.733009
    905460    0.622448
    905470     0.66762
    905480    0.785051
    905490    0.627821
    905500    0.721984
    905510    0.625802
    905520    0.668914
    905530    0.663476
    905540    0.600127
    905550    0.641905
    905560    0.689964
    905570    0.546117
    905580    0.622413
    905590    0.609957
    905600    0.639488
    905610    0.626632
    905620     0.68512
    905630    0.704741
    905640    0.717531
    905650    0.678256
    905660    0.733995
    905670    0.640329
    905680    0.713785
    905690    0.677904
    905700      0.6968
    905710    0.724304
    905720    0.652228
    905730    0.706416
    905740    0.714257
    905750      0.6977
    905760    0.743437
    905770    0.724475
    905780    0.721615
    905790    0.760341
    905800    0.642445
    905810    0.694689
    905820    0.647301
    905830    0.672287
    905840    0.594588
    905850     0.70524
    905860    0.670577
    905870     0.70337
    905880    0.712216
    905890    0.665718
    905900    0.683466
    905910    0.674575
    905920    0.671621
    905930    0.681996
    905940    0.734232
    905950    0.761447
    905960    0.648278
    905970    0.712677
    905980    0.672326
    905990    0.611382
    906000     0.73524
    906010    0.692727
    906020    0.715338
    906030    0.640618
    906040    0.588167
    906050    0.623766
    906060    0.703488
    906070    0.668154
    906080    0.675203
    906090    0.652194
    906100    0.673051
    906110    0.637153
    906120    0.659737
    906130    0.649033
    906140    0.685686
    906150    0.697577
    906160    0.624534
    906170    0.653448
    906180    0.697802
    906190      0.6381
    906200    0.659435
    906210    0.788771
    906220    0.724573
    906230    0.690412
    906240    0.654691
    906250    0.710728
    906260    0.688132
    906270    0.669616
    906280    0.676109
    906290    0.663543
    906300     0.66361
    906310    0.625295
    906320    0.657017
    906330    0.676658
    906340    0.674219
    906350    0.706242
    906360    0.648125
    906370    0.621634
    906380    0.687231
    906390    0.734334
    906400    0.661873
    906410    0.592233
    906420    0.644624
    906430    0.697213
    906440    0.635145
    906450    0.628726
    906460    0.642116
    906470    0.684193
    906480    0.645967
    906490    0.696846
    906500    0.645091
    906510      0.6348
    906520    0.657823
    906530    0.636275
    906540    0.603311
    906550    0.661664
    906560    0.702822
    906570    0.693045
    906580    0.660535
    906590    0.629621
    906600    0.663826
    906610    0.584003
    906620    0.665456
    906630    0.671169
    906640    0.651034
    906650    0.640561
    906660    0.606392
    906670    0.634628
    906680    0.644886
    906690    0.638291
    906700    0.688951
    906710    0.669465
    906720    0.639753
    906730    0.623419
    906740    0.696541
    906750    0.689142
    906760    0.678075
    906770     0.65717
    906780    0.679147
    906790    0.701854
    906800    0.671499
    906810    0.701122
    906820    0.658579
    906830    0.675141
    906840    0.719953
    906850    0.686358
    906860    0.772244
    906870    0.615411
    906880    0.698847
    906890    0.664365
    906900    0.657048
    906910    0.666528
    906920    0.598005
    906930     0.61375
    906940    0.678821
    906950    0.717413
    906960    0.678562
    906970    0.715325
    906980    0.668804
    906990    0.708348
    907000      0.6991
    907010    0.712729
    907020    0.713059
    907030    0.631168
    907040    0.644572
    907050    0.673433
    907060    0.652162
    907070     0.74591
    907080    0.591029
    907090    0.736792
    907100    0.694755
    907110    0.700274
    907120    0.662475
    907130     0.68891
    907140    0.678627
    907150    0.709669
    907160    0.658578
    907170    0.710024
    907180    0.671556
    907190    0.578437
    907200    0.778338
    907210     0.62905
    907220    0.620829
    907230    0.700608
    907240    0.658313
    907250    0.668115
    907260    0.642903
    907270    0.623055
    907280    0.641003
    907290    0.714882
    907300     0.69913
    907310    0.678097
    907320    0.647117
    907330    0.640893
    907340    0.665892
    907350    0.634992
    907360    0.645541
    907370    0.601648
    907380    0.677574
    907390    0.599469
    907400    0.623684
    907410    0.620203
    907420    0.634511
    907430    0.625452
    907440    0.604562
    907450    0.611839
    907460    0.670758
    907470    0.679461
    907480     0.71787
    907490    0.662853
    907500    0.648869
    907510     0.61862
    907520    0.616356
    907530    0.590103
    907540    0.641581
    907550    0.625812
    907560     0.66126
    907570    0.646955
    907580     0.60329
    907590    0.674677
    907600    0.623682
    907610    0.617332
    907620    0.659794
    907630    0.697611
    907640    0.536219
    907650    0.659274
    907660    0.648444
    907670    0.653726
    907680    0.665484
    907690     0.64931
    907700    0.646918
    907710    0.691898
    907720    0.665912
    907730    0.654565
    907740    0.622068
    907750    0.696871
    907760    0.673956
    907770    0.669871
    907780    0.701872
    907790    0.744033
    907800    0.727773
    907810    0.688623
    907820    0.702704
    907830    0.716503
    907840    0.703269
    907850    0.650166
    907860    0.628907
    907870    0.692257
    907880    0.664537
    907890    0.643091
    907900    0.675343
    907910     0.65972
    907920    0.686255
    907930    0.636353
    907940     0.63761
    907950     0.60514
    907960    0.605751
    907970    0.617288
    907980    0.645621
    907990    0.653972
    908000    0.580006
    908010    0.615716
    908020    0.553297
    908030    0.595537
    908040    0.641777
    908050    0.633578
    908060    0.608868
    908070    0.664306
    908080    0.650095
    908090    0.720101
    908100    0.648923
    908110    0.682778
    908120    0.552279
    908130    0.626757
    908140    0.683916
    908150    0.661063
    908160    0.655649
    908170    0.664035
    908180     0.69995
    908190    0.663466
    908200    0.758336
    908210    0.694222
    908220    0.697217
    908230    0.655218
    908240    0.728056
    908250    0.635676
    908260    0.641152
    908270    0.671611
    908280    0.682725
    908290    0.727781
    908300    0.692531
    908310    0.663496
    908320    0.633997
    908330    0.657714
    908340    0.658153
    908350    0.579854
    908360    0.672836
    908370    0.684215
    908380    0.648982
    908390    0.648004
    908400    0.676906
    908410    0.627101
    908420    0.657373
    908430    0.672014
    908440    0.672386
    908450    0.628962
    908460    0.620019
    908470    0.638738
    908480    0.663311
    908490    0.692586
    908500    0.609797
    908510    0.637202
    908520    0.636024
    908530    0.648165
    908540    0.645085
    908550    0.674836
    908560    0.619848
    908570    0.676449
    908580    0.626632
    908590    0.659753
    908600     0.72455
    908610    0.679868
    908620    0.736093
    908630    0.623395
    908640    0.650529
    908650    0.641301
    908660    0.667792
    908670    0.631701
    908680    0.670497
    908690    0.680617
    908700    0.624361
    908710    0.637833
    908720    0.656706
    908730    0.600882
    908740    0.660301
    908750    0.619137
    908760    0.597165
    908770    0.670568
    908780    0.724901
    908790    0.662615
    908800    0.747752
    908810    0.654817
    908820     0.64994
    908830    0.628293
    908840     0.68287
    908850    0.639671
    908860    0.633327
    908870    0.639084
    908880    0.641914
    908890    0.581251
    908900    0.651528
    908910    0.575572
    908920    0.485168
    908930    0.560922
    908940    0.589307
    908950    0.587091
    908960    0.580424
    908970    0.641963
    908980    0.647401
    908990    0.601695
    909000    0.646398
    909010    0.614012
    909020    0.611705
    909030    0.590689
    909040    0.622867
    909050     0.61153
    909060    0.550667
    909070    0.538912
    909080    0.642579
    909090    0.602927
    909100    0.635929
    909110    0.636075
    909120     0.68386
    909130    0.580898
    909140    0.624447
    909150    0.570586
    909160    0.565379
    909170    0.594744
    909180    0.570395
    909190    0.576346
    909200    0.560183
    909210    0.662331
    909220    0.662678
    909230    0.652284
    909240    0.607631
    909250    0.616651
    909260     0.67705
    909270    0.636839
    909280    0.658461
    909290    0.631733
    909300    0.581646
    909310    0.694214
    909320    0.611748
    909330    0.560298
    909340    0.544394
    909350     0.57676
    909360    0.621271
    909370    0.712594
    909380    0.647343
    909390    0.645185
    909400     0.63264
    909410    0.600687
    909420    0.591152
    909430    0.635797
    909440    0.662348
    909450    0.572509
    909460    0.618866
    909470    0.591124
    909480     0.64654
    909490    0.678753
    909500    0.591971
    909510    0.581348
    909520    0.626291
    909530    0.604704
    909540    0.694836
    909550    0.581253
    909560    0.667212
    909570    0.616402
    909580    0.644272
    909590    0.733037
    909600    0.636201
    909610     0.62161
    909620    0.593843
    909630    0.637512
    909640    0.700196
    909650    0.659231
    909660    0.635542
    909670    0.555965
    909680     0.67095
    909690    0.736089
    909700    0.511008
    909710    0.563463
    909720    0.593828
    909730    0.607986
    909740    0.667205
    909750    0.616042
    909760    0.696352
    909770    0.659934
    909780    0.645306
    909790    0.557407
    909800    0.573073
    909810    0.713516
    909820    0.710442
    909830    0.609295
    909840    0.642391
    909850    0.636871
    909860    0.640483
    909870    0.623536
    909880    0.672949
    909890    0.625126
    909900    0.594658
    909910    0.679232
    909920     0.66513
    909930    0.670834
    909940    0.635816
    909950    0.650708
    909960    0.552387
    909970    0.628068
    909980     0.58198
    909990    0.590889
    910000    0.562651
    910010    0.611626
    910020    0.679567
    910030    0.524559
    910040    0.621207
    910050    0.570239
    910060    0.622374
    910070    0.648219
    910080    0.625259
    910090    0.622885
    910100    0.668654
    910110    0.612824
    910120    0.608663
    910130    0.625686
    910140    0.620455
    910150    0.608936
    910160    0.640571
    910170    0.661209
    910180    0.605045
    910190    0.654772
    910200    0.693184
    910210     0.72415
    910220    0.623338
    910230    0.598907
    910240    0.581807
    910250    0.564604
    910260    0.615705
    910270    0.646446
    910280    0.667801
    910290    0.639199
    910300      0.6182
    910310    0.675803
    910320    0.653992
    910330    0.623124
    910340    0.689207
    910350    0.656017
    910360     0.65153
    910370    0.669489
    910380    0.673694
    910390    0.708372
    910400    0.719877
    910410    0.607227
    910420    0.604187
    910430    0.644394
    910440    0.702552
    910450    0.677636
    910460    0.638802
    910470    0.633816
    910480     0.66994
    910490    0.701555
    910500    0.635607
    910510    0.671458
    910520    0.659177
    910530     0.64844
    910540    0.609928
    910550    0.628211
    910560    0.648123
    910570    0.650526
    910580    0.688132
    910590    0.636576
    910600    0.754014
    910610    0.661837
    910620    0.743495
    910630    0.666431
    910640    0.657838
    910650    0.745634
    910660    0.729607
    910670    0.683906
    910680    0.699401
    910690    0.674405
    910700    0.717064
    910710    0.667177
    910720    0.621856
    910730    0.667472
    910740    0.692848
    910750    0.665884
    910760    0.656459
    910770    0.653351
    910780    0.660435
    910790     0.64678
    910800     0.65118
    910810     0.67409
    910820    0.687671
    910830     0.61318
    910840    0.633031
    910850    0.631726
    910860    0.681875
    910870    0.699234
    910880    0.656312
    910890    0.629973
    910900     0.68842
    910910    0.610472
    910920    0.607454
    910930    0.623305
    910940    0.681335
    910950    0.635653
    910960    0.626848
    910970    0.637558
    910980    0.549031
    910990    0.620189
    911000    0.649028
    911010    0.599606
    911020    0.646518
    911030    0.647242
    911040    0.666933
    911050    0.655659
    911060    0.654037
    911070    0.663499
    911080    0.616226
    911090    0.644616
    911100    0.650532
    911110    0.743411
    911120    0.651072
    911130    0.635959
    911140    0.654883
    911150    0.658779
    911160    0.700624
    911170    0.703322
    911180    0.580753
    911190    0.616471
    911200    0.628464
    911210    0.661669
    911220    0.643103
    911230     0.61994
    911240    0.664851
    911250     0.69901
    911260    0.599538
    911270    0.627155
    911280    0.627901
    911290    0.615915
    911300    0.645667
    911310    0.679339
    911320    0.618628
    911330    0.623326
    911340    0.611183
    911350    0.631309
    911360    0.623303
    911370     0.58325
    911380    0.667252
    911390    0.648195
    911400    0.608073
    911410    0.631342
    911420     0.62467
    911430    0.681661
    911440    0.649515
    911450     0.68808
    911460    0.589778
    911470     0.63552
    911480    0.654918
    911490    0.635337
    911500    0.632555
    911510    0.724277
    911520    0.625976
    911530    0.680514
    911540    0.573337
    911550    0.636662
    911560    0.627251
    911570     0.63297
    911580    0.604419
    911590    0.624192
    911600    0.609581
    911610    0.681216
    911620     0.61148
    911630    0.713605
    911640    0.664187
    911650    0.695672
    911660    0.641081
    911670    0.622068
    911680    0.621533
    911690    0.595239
    911700    0.655648
    911710    0.592237
    911720    0.626687
    911730    0.660787
    911740    0.630684
    911750    0.610861
    911760    0.644807
    911770    0.605046
    911780    0.591195
    911790     0.66605
    911800    0.673434
    911810    0.644962
    911820    0.623917
    911830    0.636685
    911840      0.5691
    911850    0.610054
    911860    0.624873
    911870    0.709786
    911880    0.613059
    911890    0.703192
    911900    0.652396
    911910     0.66736
    911920    0.659882
    911930    0.685579
    911940    0.652992
    911950    0.652636
    911960    0.660752
    911970    0.609233
    911980    0.645115
    911990     0.68335
    912000    0.673201
    912010    0.679329
    912020    0.685617
    912030    0.690943
    912040    0.665373
    912050    0.674098
    912060    0.643269
    912070    0.602337
    912080    0.659696
    912090    0.675823
    912100    0.646442
    912110    0.683144
    912120    0.652925
    912130    0.630436
    912140    0.648403
    912150    0.660743
    912160    0.689583
    912170    0.610889
    912180    0.607917
    912190    0.585043
    912200     0.60689
    912210    0.630582
    912220     0.64536
    912230    0.637257
    912240     0.65313
    912250    0.662217
    912260    0.700379
    912270    0.700509
    912280    0.713316
    912290    0.614835
    912300    0.602742
    912310    0.641793
    912320    0.623233
    912330    0.634645
    912340    0.631581
    912350    0.597963
    912360    0.651769
    912370    0.634666
    912380    0.691963
    912390     0.55756
    912400    0.581408
    912410    0.582841
    912420    0.635655
    912430    0.602033
    912440    0.582865
    912450    0.627433
    912460    0.691906
    912470    0.549476
    912480    0.541596
    912490    0.613445
    912500    0.624478
    912510    0.646269
    912520    0.660578
    912530    0.671318
    912540     0.69421
    912550    0.665193
    912560     0.64197
    912570    0.636876
    912580    0.631624
    912590    0.646172
    912600     0.61055
    912610    0.628306
    912620    0.553514
    912630    0.640041
    912640    0.628288
    912650    0.555193
    912660    0.621075
    912670    0.657914
    912680    0.725896
    912690    0.600015
    912700    0.592037
    912710    0.569551
    912720     0.59516
    912730    0.712054
    912740    0.614729
    912750    0.571108
    912760    0.676062
    912770    0.670184
    912780    0.671557
    912790    0.571764
    912800    0.681092
    912810     0.66015
    912820    0.607698
    912830    0.648703
    912840    0.616516
    912850    0.667174
    912860    0.647707
    912870    0.674897
    912880    0.635205
    912890     0.63021
    912900    0.632827
    912910    0.602254
    912920    0.601595
    912930    0.625895
    912940    0.596334
    912950    0.669315
    912960    0.702321
    912970    0.582667
    912980    0.579289
    912990    0.644752
    913000    0.658695
    913010    0.590807
    913020    0.573161
    913030    0.585967
    913040     0.61396
    913050     0.65576
    913060    0.676576
    913070    0.615024
    913080    0.637241
    913090    0.607058
    913100    0.661144
    913110    0.639516
    913120    0.649224
    913130    0.629917
    913140     0.59898
    913150    0.606214
    913160    0.689543
    913170     0.72847
    913180    0.654152
    913190     0.56862
    913200    0.614449
    913210    0.614874
    913220     0.60261
    913230    0.657403
    913240    0.682995
    913250    0.659697
    913260    0.631205
    913270    0.656253
    913280    0.589903
    913290     0.64946
    913300    0.639954
    913310     0.59652
    913320    0.591217
    913330    0.613111
    913340    0.637881
    913350    0.651399
    913360    0.653787
    913370    0.618005
    913380    0.606173
    913390    0.650802
    913400    0.634958
    913410    0.662082
    913420    0.558601
    913430    0.561115
    913440    0.577815
    913450    0.558062
    913460    0.578895
    913470    0.630948
    913480    0.590358
    913490    0.623717
    913500     0.63544
    913510    0.625283
    913520    0.612122
    913530    0.564999
    913540    0.629725
    913550    0.586361
    913560    0.580123
    913570    0.637136
    913580     0.56826
    913590    0.618262
    913600    0.646017
    913610    0.629578
    913620    0.636783
    913630    0.627436
    913640    0.637748
    913650    0.687593
    913660    0.652113
    913670    0.590482
    913680    0.589777
    913690     0.62065
    913700     0.60959
    913710    0.602268
    913720    0.643067
    913730    0.581231
    913740    0.660288
    913750    0.666201
    913760    0.640989
    913770    0.625897
    913780    0.586248
    913790    0.676796
    913800    0.614448
    913810    0.635916
    913820    0.704441
    913830     0.66866
    913840    0.670964
    913850     0.76158
    913860    0.655826
    913870    0.694929
    913880    0.697681
    913890     0.70476
    913900    0.670834
    913910    0.676062
    913920    0.752264
    913930    0.796596
    913940    0.747015
    913950    0.690335
    913960     0.69539
    913970      0.6695
    913980    0.669789
    913990    0.666083
    914000    0.645654
    914010    0.657676
    914020    0.662771
    914030    0.612124
    914040    0.683505
    914050    0.626673
    914060     0.57474
    914070    0.622364
    914080    0.648667
    914090    0.644337
    914100    0.660918
    914110    0.608081
    914120    0.663612
    914130    0.546298
    914140    0.712932
    914150    0.679383
    914160    0.582842
    914170    0.624469
    914180    0.744298
    914190    0.664777
    914200    0.639343
    914210    0.601895
    914220    0.583273
    914230    0.656607
    914240    0.671287
    914250    0.651695
    914260    0.651486
    914270    0.590173
    914280    0.675002
    914290    0.665324
    914300    0.649523
    914310    0.659887
    914320    0.642503
    914330    0.664625
    914340    0.605252
    914350     0.67124
    914360    0.649007
    914370    0.611447
    914380    0.623776
    914390    0.611287
    914400    0.628579
    914410    0.624319
    914420    0.689369
    914430    0.583459
    914440    0.660849
    914450    0.655624
    914460    0.632093
    914470    0.680616
    914480    0.618903
    914490    0.589368
    914500    0.642067
    914510    0.684133
    914520    0.673048
    914530    0.671311
    914540     0.66242
    914550    0.641135
    914560    0.618583
    914570    0.697375
    914580    0.652651
    914590     0.57036
    914600    0.651133
    914610    0.715649
    914620    0.681643
    914630    0.678981
    914640    0.750226
    914650     0.72758
    914660    0.710367
    914670    0.692176
    914680    0.655377
    914690    0.664257
    914700    0.610208
    914710    0.682878
    914720    0.641707
    914730    0.612618
    914740    0.709692
    914750    0.695452
    914760    0.596215
    914770    0.553594
    914780    0.551806
    914790    0.581625
    914800    0.636979
    914810    0.589029
    914820    0.700678
    914830    0.751983
    914840    0.708229
    914850     0.69158
    914860    0.689498
    914870    0.716308
    914880     0.65768
    914890    0.667753
    914900    0.629341
    914910    0.739587
    914920    0.747352
    914930    0.608148
    914940     0.68503
    914950    0.693409
    914960    0.647989
    914970    0.655618
    914980    0.699215
    914990    0.625556
    915000    0.605541
    915010    0.691451
    915020    0.673834
    915030    0.652694
    915040    0.650541
    915050    0.743396
    915060    0.716466
    915070    0.644981
    915080     0.71396
    915090    0.627907
    915100    0.636918
    915110    0.736515
    915120    0.679963
    915130    0.627066
    915140    0.643569
    915150     0.66445
    915160    0.633334
    915170      0.6563
    915180    0.602629
    915190    0.570252
    915200    0.565457
    915210    0.668549
    915220    0.665937
    915230    0.647018
    915240    0.649062
    915250    0.742538
    915260    0.670113
    915270     0.66046
    915280    0.706096
    915290     0.65201
    915300    0.659841
    915310    0.716863
    915320    0.761262
    915330    0.752736
    915340    0.644064
    915350    0.708455
    915360     0.67966
    915370    0.731614
    915380    0.721307
    915390    0.726189
    915400    0.722617
    915410    0.691906
    915420    0.724277
    915430    0.702649
    915440    0.707697
    915450     0.68552
    915460    0.678039
    915470    0.742403
    915480    0.692071
    915490    0.718882
    915500    0.702628
    915510    0.645025
    915520     0.57335
    915530    0.587398
    915540    0.672374
    915550    0.640753
    915560    0.582541
    915570    0.581896
    915580    0.670127
    915590    0.661453
    915600    0.672036
    915610    0.684217
    915620    0.683667
    915630    0.582019
    915640    0.606516
    915650    0.674505
    915660    0.692634
    915670    0.656666
    915680     0.68759
    915690    0.746858
    915700    0.703954
    915710    0.681468
    915720    0.745236
    915730    0.596302
    915740    0.718876
    915750    0.680798
    915760    0.672833
    915770    0.696541
    915780    0.666932
    915790    0.699585
    915800    0.726695
    915810    0.703586
    915820    0.720327
    915830    0.731336
    915840    0.716296
    915850     0.72192
    915860    0.640827
    915870    0.638275
    915880     0.74456
    915890    0.721164
    915900    0.657448
    915910    0.715589
    915920    0.709983
    915930    0.669666
    915940    0.640503
    915950    0.693124
    915960    0.669316
    915970    0.675929
    915980     0.59835
    915990    0.679944
    916000    0.742225
    916010    0.737904
    916020    0.678902
    916030    0.707004
    916040    0.658297
    916050    0.659148
    916060    0.665706
    916070    0.645959
    916080    0.666556
    916090    0.729728
    916100     0.59586
    916110    0.702371
    916120    0.573754
    916130     0.61183
    916140    0.667646
    916150      0.6549
    916160    0.651395
    916170    0.557171
    916180     0.50778
    916190     0.59629
    916200     0.72002
    916210    0.609365
    916220    0.651151
    916230     0.62609
    916240    0.661117
    916250    0.651345
    916260    0.619531
    916270    0.620163
    916280     0.70646
    916290    0.673145
    916300    0.586159
    916310    0.646164
    916320    0.685716
    916330    0.670593
    916340    0.636611
    916350    0.654462
    916360    0.639862
    916370    0.660075
    916380    0.670348
    916390    0.594188
    916400     0.67626
    916410    0.693569
    916420    0.681428
    916430    0.655325
    916440    0.601818
    916450    0.612515
    916460    0.685253
    916470    0.631402
    916480     0.62271
    916490    0.611103
    916500    0.735884
    916510     0.65058
    916520    0.648391
    916530    0.627584
    916540    0.654478
    916550    0.636775
    916560    0.675658
    916570    0.682876
    916580    0.706077
    916590    0.650904
    916600    0.653329
    916610    0.629737
    916620    0.607809
    916630    0.617597
    916640    0.693378
    916650    0.555992
    916660    0.680637
    916670    0.646673
    916680     0.63416
    916690     0.64652
    916700    0.679203
    916710    0.654225
    916720    0.673793
    916730    0.683106
    916740    0.602266
    916750    0.648623
    916760    0.649521
    916770    0.646977
    916780    0.596883
    916790    0.590124
    916800    0.607254
    916810     0.60622
    916820    0.669286
    916830    0.675519
    916840    0.613911
    916850    0.680542
    916860    0.662847
    916870    0.650207
    916880     0.64398
    916890    0.636674
    916900    0.627763
    916910    0.695821
    916920     0.61076
    916930    0.615641
    916940    0.607446
    916950    0.649758
    916960    0.620176
    916970    0.636233
    916980    0.637881
    916990    0.596998
    917000    0.606444
    917010    0.537494
    917020      0.5699
    917030    0.641732
    917040    0.588474
    917050    0.606271
    917060    0.541277
    917070    0.561611
    917080    0.546315
    917090    0.637731
    917100     0.62952
    917110    0.687952
    917120    0.575419
    917130    0.569071
    917140    0.649744
    917150    0.564809
    917160    0.599829
    917170    0.614542
    917180     0.58769
    917190    0.640582
    917200    0.605403
    917210     0.60474
    917220    0.651639
    917230    0.587456
    917240     0.53241
    917250    0.603947
    917260    0.649028
    917270    0.634566
    917280    0.582477
    917290    0.562858
    917300    0.618633
    917310    0.641085
    917320     0.59249
    917330    0.579723
    917340    0.568377
    917350     0.66153
    917360    0.639233
    917370    0.692444
    917380    0.653989
    917390    0.670107
    917400    0.621854
    917410    0.572295
    917420    0.643884
    917430    0.714483
    917440    0.727094
    917450     0.68929
    917460    0.566453
    917470    0.601477
    917480    0.673665
    917490    0.700517
    917500    0.660156
    917510    0.669355
    917520    0.723206
    917530    0.647937
    917540    0.659696
    917550    0.605142
    917560    0.630153
    917570    0.659133
    917580    0.715031
    917590    0.620901
    917600    0.593897
    917610    0.624136
    917620    0.525488
    917630    0.576071
    917640    0.590659
    917650    0.583872
    917660     0.60828
    917670    0.631822
    917680    0.665791
    917690    0.571573
    917700    0.634104
    917710     0.58251
    917720    0.595757
    917730    0.587184
    917740    0.671966
    917750    0.603867
    917760    0.645423
    917770    0.656656
    917780    0.530185
    917790    0.587474
    917800    0.609987
    917810    0.594034
    917820    0.729833
    917830    0.649268
    917840    0.642255
    917850    0.556698
    917860    0.575019
    917870     0.57145
    917880    0.585748
    917890    0.615562
    917900     0.55938
    917910    0.547095
    917920    0.577981
    917930    0.576623
    917940    0.632312
    917950    0.604157
    917960    0.527575
    917970    0.558575
    917980    0.562786
    917990     0.55363
    918000    0.507864
    918010     0.60027
    918020    0.589173
    918030    0.555303
    918040    0.602535
    918050    0.528675
    918060    0.629915
    918070      0.5754
    918080    0.529496
    918090    0.514776
    918100    0.560213
    918110     0.68381
    918120    0.569679
    918130    0.603679
    918140    0.617232
    918150    0.637638
    918160    0.626595
    918170    0.684768
    918180    0.647367
    918190    0.631043
    918200    0.582477
    918210     0.60882
    918220    0.632063
    918230    0.713761
    918240    0.605265
    918250    0.610762
    918260    0.605104
    918270    0.601212
    918280    0.593381
    918290    0.673202
    918300    0.568132
    918310    0.672605
    918320    0.612901
    918330    0.593415
    918340    0.607369
    918350    0.599244
    918360     0.63994
    918370    0.642635
    918380    0.588695
    918390    0.582232
    918400    0.591275
    918410    0.603601
    918420    0.610655
    918430    0.658134
    918440    0.656555
    918450    0.673082
    918460     0.60741
    918470    0.651863
    918480    0.606442
    918490    0.640556
    918500    0.605425
    918510    0.607537
    918520    0.547965
    918530    0.552154
    918540    0.658108
    918550    0.592078
    918560    0.607146
    918570     0.65933
    918580     0.62945
    918590    0.615543
    918600    0.607757
    918610    0.599927
    918620    0.571956
    918630    0.617701
    918640    0.660833
    918650    0.664667
    918660    0.702879
    918670    0.678273
    918680    0.682606
    918690    0.591626
    918700     0.59921
    918710    0.619033
    918720    0.656782
    918730    0.715419
    918740    0.676639
    918750    0.574488
    918760    0.633049
    918770    0.619064
    918780    0.638086
    918790    0.649638
    918800    0.543594
    918810    0.493089
    918820    0.571924
    918830    0.568212
    918840     0.50781
    918850    0.545973
    918860     0.54836
    918870    0.623671
    918880    0.586567
    918890    0.625633
    918900     0.68889
    918910    0.612582
    918920    0.587442
    918930    0.679028
    918940    0.615145
    918950    0.666712
    918960    0.692699
    918970     0.66144
    918980    0.605765
    918990    0.641353
    919000    0.675366
    919010    0.541608
    919020    0.517448
    919030    0.540667
    919040    0.583812
    919050    0.616198
    919060    0.558702
    919070    0.633215
    919080    0.630898
    919090    0.541639
    919100    0.579859
    919110     0.60112
    919120    0.552993
    919130    0.518641
    919140    0.520939
    919150    0.549657
    919160    0.551356
    919170    0.627037
    919180    0.641781
    919190    0.558199
    919200    0.562802
    919210     0.53708
    919220    0.648698
    919230    0.681965
    919240    0.571401
    919250    0.491864
    919260    0.585705
    919270    0.655498
    919280    0.484035
    919290    0.504544
    919300    0.608514
    919310    0.526763
    919320    0.563338
    919330      0.5718
    919340    0.614198
    919350    0.652015
    919360    0.492987
    919370    0.602845
    919380    0.607437
    919390    0.590291
    919400    0.645428
    919410     0.58897
    919420    0.557039
    919430    0.458127
    919440    0.579564
    919450    0.493863
    919460    0.562385
    919470    0.567535
    919480    0.618015
    919490    0.509844
    919500     0.53414
    919510    0.537445
    919520    0.657843
    919530    0.730102
    919540    0.554212
    919550    0.577929
    919560    0.597784
    919570     0.56793
    919580    0.621218
    919590    0.654034
    919600    0.674536
    919610    0.569632
    919620     0.56382
    919630     0.52753
    919640    0.560996
    919650    0.551854
    919660    0.607557
    919670    0.580868
    919680    0.593618
    919690    0.617482
    919700    0.622447
    919710    0.638258
    919720    0.633125
    919730    0.634527
    919740    0.595204
    919750    0.574013
    919760    0.647584
    919770    0.583143
    919780    0.672927
    919790    0.630548
    919800    0.647925
    919810    0.686633
    919820    0.675411
    919830    0.607223
    919840    0.616941
    919850    0.693885
    919860    0.627351
    919870    0.697703
    919880    0.741091
    919890    0.678984
    919900    0.683941
    919910    0.694187
    919920    0.749881
    919930    0.625898
    919940    0.672237
    919950     0.69996
    919960    0.678019
    919970    0.702634
    919980    0.608927
    919990    0.620511
    920000    0.655556
    920010    0.703945
    920020    0.632089
    920030    0.677162
    920040    0.638517
    920050    0.739517
    920060    0.630098
    920070    0.664329
    920080    0.642463
    920090     0.65982
    920100    0.626205
    920110    0.564051
    920120    0.610844
    920130    0.649894
    920140    0.606336
    920150     0.68174
    920160    0.633008
    920170    0.589981
    920180    0.648453
    920190    0.634089
    920200    0.598727
    920210    0.618472
    920220    0.586481
    920230     0.68223
    920240    0.661552
    920250    0.717279
    920260    0.617355
    920270    0.670591
    920280    0.683828
    920290    0.682041
    920300    0.715854
    920310    0.640855
    920320    0.601703
    920330    0.684438
    920340    0.684103
    920350    0.673194
    920360    0.703707
    920370    0.740901
    920380    0.735124
    920390    0.725604
    920400    0.692957
    920410    0.702386
    920420    0.678532
    920430    0.712895
    920440    0.701145
    920450    0.710736
    920460    0.662662
    920470    0.613749
    920480    0.735447
    920490    0.643478
    920500    0.693169
    920510    0.652977
    920520    0.698835
    920530    0.677421
    920540    0.658643
    920550    0.709929
    920560    0.733105
    920570    0.615319
    920580    0.670491
    920590    0.657527
    920600    0.591386
    920610    0.659543
    920620    0.714516
    920630    0.626954
    920640    0.654958
    920650    0.591629
    920660    0.640498
    920670     0.61726
    920680    0.700366
    920690    0.692805
    920700    0.658382
    920710    0.614705
    920720     0.61248
    920730    0.702925
    920740    0.673206
    920750     0.68723
    920760     0.69104
    920770    0.678609
    920780    0.672982
    920790    0.697854
    920800    0.682702
    920810    0.644882
    920820    0.650861
    920830     0.63343
    920840    0.593574
    920850    0.557998
    920860    0.603037
    920870    0.746371
    920880    0.652793
    920890    0.588628
    920900    0.666918
    920910    0.663185
    920920    0.685093
    920930    0.636542
    920940    0.701124
    920950    0.660073
    920960    0.714706
    920970     0.57671
    920980    0.677751
    920990    0.640592
    921000    0.704228
    921010    0.636887
    921020     0.64482
    921030    0.556385
    921040    0.658672
    921050    0.574771
    921060    0.678561
    921070    0.677064
    921080     0.68147
    921090    0.624953
    921100    0.674347
    921110    0.632268
    921120      0.6644
    921130    0.581734
    921140    0.614337
    921150    0.630552
    921160     0.58597
    921170    0.702919
    921180    0.649695
    921190    0.671465
    921200    0.614167
    921210    0.633939
    921220    0.707378
    921230    0.679203
    921240    0.667099
    921250    0.692723
    921260    0.641631
    921270    0.701111
    921280    0.670356
    921290    0.601586
    921300    0.683982
    921310    0.635164
    921320     0.67023
    921330    0.701227
    921340    0.711084
    921350    0.647428
    921360     0.60667
    921370    0.678564
    921380    0.698772
    921390    0.709007
    921400    0.703874
    921410    0.701869
    921420    0.712455
    921430    0.709264
    921440    0.609629
    921450    0.648706
    921460    0.731545
    921470    0.663033
    921480    0.629778
    921490    0.616121
    921500    0.648323
    921510    0.591324
    921520    0.636653
    921530    0.564539
    921540    0.644781
    921550    0.731107
    921560    0.641095
    921570    0.687197
    921580    0.671708
    921590    0.637176
    921600    0.695948
    921610    0.666012
    921620    0.679301
    921630    0.690117
    921640    0.670674
    921650    0.695208
    921660    0.725229
    921670    0.672482
    921680     0.69696
    921690    0.646186
    921700    0.627092
    921710    0.659683
    921720    0.747487
    921730    0.646404
    921740    0.662372
    921750     0.63785
    921760    0.746506
    921770    0.700675
    921780    0.643725
    921790    0.679882
    921800    0.616267
    921810    0.630523
    921820    0.647496
    921830    0.657258
    921840    0.705559
    921850    0.747389
    921860    0.688672
    921870    0.665496
    921880    0.661267
    921890     0.66696
    921900    0.639235
    921910    0.646853
    921920    0.593851
    921930    0.675935
    921940    0.601783
    921950    0.670426
    921960    0.722557
    921970    0.679953
    921980    0.634375
    921990    0.699721
    922000    0.635902
    922010    0.594221
    922020    0.648369
    922030    0.675044
    922040    0.683486
    922050     0.52444
    922060    0.605835
    922070    0.621137
    922080    0.639479
    922090    0.613701
    922100    0.664285
    922110    0.615853
    922120    0.629203
    922130    0.677398
    922140    0.711965
    922150    0.690634
    922160    0.659265
    922170    0.632919
    922180    0.663251
    922190     0.63351
    922200    0.632209
    922210    0.680039
    922220    0.632529
    922230    0.634385
    922240    0.674986
    922250    0.676209
    922260    0.658738
    922270    0.632571
    922280    0.658995
    922290     0.63325
    922300    0.649793
    922310    0.570279
    922320    0.658653
    922330    0.635291
    922340    0.642852
    922350    0.630546
    922360    0.635286
    922370    0.597391
    922380    0.557682
    922390    0.607623
    922400    0.613568
    922410    0.636491
    922420    0.673344
    922430    0.635669
    922440    0.635606
    922450      0.6651
    922460    0.665829
    922470    0.603778
    922480    0.643925
    922490    0.706461
    922500    0.590569
    922510    0.558729
    922520    0.615977
    922530    0.644828
    922540    0.672766
    922550    0.568483
    922560    0.622304
    922570     0.59613
    922580    0.599469
    922590    0.562538
    922600    0.642189
    922610    0.691199
    922620    0.554087
    922630    0.618254
    922640    0.686834
    922650    0.643685
    922660    0.570555
    922670    0.637406
    922680     0.63878
    922690    0.663638
    922700    0.665759
    922710    0.595143
    922720    0.671698
    922730    0.624264
    922740     0.59239
    922750    0.626296
    922760    0.670442
    922770    0.605569
    922780    0.656806
    922790    0.698542
    922800    0.711223
    922810    0.648458
    922820    0.737717
    922830    0.618049
    922840    0.637281
    922850     0.64161
    922860    0.654114
    922870    0.663403
    922880     0.62644
    922890    0.686606
    922900    0.685743
    922910    0.645272
    922920    0.702741
    922930    0.668018
    922940    0.608134
    922950    0.657289
    922960    0.655529
    922970    0.729315
    922980    0.624654
    922990    0.694399
    923000    0.675808
    923010    0.666118
    923020    0.616142
    923030    0.651689
    923040    0.722667
    923050    0.701488
    923060    0.607798
    923070    0.632747
    923080    0.669262
    923090    0.648508
    923100    0.643471
    923110    0.630935
    923120    0.668686
    923130     0.67774
    923140    0.668684
    923150    0.633098
    923160    0.593059
    923170    0.631814
    923180    0.573183
    923190    0.668109
    923200    0.701145
    923210     0.54258
    923220    0.542905
    923230    0.651023
    923240    0.668049
    923250    0.584393
    923260     0.68646
    923270    0.560983
    923280    0.729631
    923290    0.684451
    923300    0.685222
    923310    0.714763
    923320    0.692049
    923330     0.66585
    923340    0.675013
    923350    0.658362
    923360    0.658635
    923370    0.619837
    923380    0.605971
    923390    0.628363
    923400    0.706672
    923410    0.649012
    923420    0.688738
    923430    0.671325
    923440    0.658943
    923450    0.641714
    923460     0.58573
    923470    0.652902
    923480    0.591019
    923490    0.689437
    923500    0.659964
    923510    0.698313
    923520    0.703734
    923530    0.733563
    923540      0.6745
    923550    0.689178
    923560    0.673746
    923570     0.68124
    923580    0.648715
    923590    0.638466
    923600    0.674145
    923610    0.665227
    923620     0.67121
    923630    0.615357
    923640    0.610453
    923650    0.584801
    923660    0.678172
    923670    0.644564
    923680    0.558994
    923690    0.646368
    923700    0.537647
    923710     0.59875
    923720    0.587598
    923730    0.548881
    923740    0.582099
    923750    0.636248
    923760    0.652814
    923770    0.568926
    923780     0.55394
    923790    0.598977
    923800    0.555222
    923810    0.625371
    923820    0.547165
    923830    0.599754
    923840    0.620932
    923850    0.549755
    923860    0.619009
    923870    0.570859
    923880     0.63549
    923890    0.654308
    923900    0.558172
    923910    0.605389
    923920    0.542545
    923930    0.570641
    923940    0.560263
    923950    0.615008
    923960    0.537149
    923970     0.54696
    923980    0.616577
    923990    0.599033
    924000    0.581676
    924010    0.509879
    924020    0.590213
    924030    0.567517
    924040    0.515322
    924050     0.55767
    924060     0.57136
    924070    0.633818
    924080     0.58526
    924090    0.617353
    924100    0.537873
    924110    0.557189
    924120    0.566382
    924130    0.547342
    924140    0.635843
    924150    0.578617
    924160    0.636559
    924170    0.584397
    924180    0.570835
    924190     0.57511
    924200     0.61577
    924210    0.666769
    924220    0.655827
    924230    0.600822
    924240    0.563639
    924250     0.58754
    924260    0.557023
    924270    0.574976
    924280    0.597596
    924290     0.60534
    924300    0.568133
    924310    0.585629
    924320    0.585732
    924330     0.59987
    924340    0.622695
    924350    0.531122
    924360    0.598233
    924370    0.547886
    924380    0.598927
    924390    0.561507
    924400    0.525608
    924410    0.606591
    924420    0.586792
    924430    0.656899
    924440    0.617928
    924450    0.606388
    924460    0.610316
    924470    0.665741
    924480    0.616341
    924490    0.606401
    924500    0.647422
    924510    0.680938
    924520    0.674508
    924530      0.6095
    924540    0.635331
    924550    0.619807
    924560    0.459234
    924570    0.657943
    924580    0.598902
    924590    0.595263
    924600    0.574211
    924610    0.668639
    924620    0.622057
    924630    0.605628
    924640     0.55213
    924650    0.560298
    924660    0.545856
    924670    0.591287
    924680    0.620167
    924690    0.533021
    924700    0.579341
    924710    0.580059
    924720    0.499373
    924730    0.684853
    924740    0.649907
    924750    0.621865
    924760    0.580418
    924770    0.562106
    924780    0.623563
    924790    0.609351
    924800     0.58968
    924810    0.597186
    924820     0.72916
    924830    0.714946
    924840    0.574608
    924850    0.577525
    924860     0.61524
    924870    0.629779
    924880    0.572942
    924890    0.678219
    924900     0.66906
    924910    0.588674
    924920    0.654223
    924930    0.726187
    924940    0.641464
    924950    0.679819
    924960    0.654592
    924970    0.618764
    924980    0.603249
    924990    0.624565
    925000    0.723723
    925010    0.531398
    925020    0.608192
    925030    0.586251
    925040    0.578535
    925050    0.624839
    925060    0.671197
    925070    0.668331
    925080    0.661734
    925090    0.632534
    925100    0.645785
    925110    0.606941
    925120    0.609629
    925130    0.486795
    925140    0.581492
    925150    0.619142
    925160    0.565034
    925170    0.644041
    925180    0.609998
    925190    0.677571
    925200    0.631131
    925210    0.684383
    925220    0.625747
    925230    0.689108
    925240    0.602268
    925250    0.637747
    925260    0.675565
    925270    0.569342
    925280    0.593942
    925290    0.595677
    925300    0.607056
    925310    0.626475
    925320     0.63586
    925330    0.656537
    925340    0.642369
    925350    0.656476
    925360    0.634358
    925370    0.653525
    925380    0.619374
    925390    0.663337
    925400    0.698478
    925410    0.681543
    925420    0.643149
    925430     0.60372
    925440     0.61996
    925450     0.57861
    925460    0.622543
    925470    0.697873
    925480    0.615068
    925490    0.655617
    925500       0.713
    925510    0.636733
    925520    0.600017
    925530    0.663581
    925540    0.677415
    925550    0.654668
    925560     0.68703
    925570    0.674115
    925580    0.589434
    925590    0.642059
    925600    0.635488
    925610    0.598064
    925620    0.617345
    925630    0.551668
    925640    0.545935
    925650     0.58735
    925660    0.603873
    925670     0.60263
    925680    0.603008
    925690    0.624134
    925700     0.62369
    925710    0.584335
    925720    0.564352
    925730    0.589668
    925740    0.667157
    925750    0.552345
    925760    0.598403
    925770     0.61384
    925780    0.550162
    925790     0.53311
    925800    0.586295
    925810    0.602733
    925820     0.58487
    925830    0.614231
    925840    0.644902
    925850    0.672124
    925860    0.653963
    925870    0.611379
    925880    0.625531
    925890    0.678729
    925900    0.616271
    925910    0.614115
    925920    0.589498
    925930    0.665288
    925940    0.644294
    925950    0.616583
    925960     0.56575
    925970    0.582078
    925980    0.509037
    925990    0.655094
    926000     0.70121
    926010    0.647549
    926020     0.69531
    926030    0.513567
    926040    0.528811
    926050      0.5705
    926060    0.575817
    926070    0.537627
    926080      0.5618
    926090    0.593049
    926100     0.55054
    926110     0.61664
    926120    0.575806
    926130    0.612084
    926140    0.633754
    926150    0.628295
    926160    0.626008
    926170    0.567203
    926180    0.578013
    926190    0.550805
    926200    0.606143
    926210    0.585176
    926220    0.471225
    926230    0.612953
    926240    0.597925
    926250    0.606254
    926260    0.518454
    926270    0.603425
    926280    0.625035
    926290    0.527304
    926300    0.537405
    926310    0.578734
    926320    0.557649
    926330    0.622095
    926340    0.605416
    926350    0.619029
    926360    0.565377
    926370    0.614483
    926380    0.624742
    926390    0.581011
    926400    0.589155
    926410    0.582189
    926420    0.631437
    926430     0.59322
    926440    0.552753
    926450    0.606497
    926460    0.580786
    926470    0.624881
    926480    0.605743
    926490    0.601268
    926500    0.635091
    926510    0.612744
    926520    0.597525
    926530    0.693259
    926540    0.615458
    926550    0.624683
    926560    0.627228
    926570    0.593543
    926580    0.703714
    926590     0.67505
    926600     0.61108
    926610    0.616389
    926620    0.623107
    926630    0.614308
    926640    0.684723
    926650     0.68898
    926660    0.569783
    926670    0.659702
    926680    0.661195
    926690    0.684733
    926700     0.69419
    926710    0.613189
    926720    0.621494
    926730    0.606132
    926740    0.711683
    926750    0.661929
    926760    0.646249
    926770    0.650555
    926780    0.537982
    926790    0.663295
    926800    0.573635
    926810    0.734532
    926820    0.667621
    926830    0.708288
    926840    0.655316
    926850    0.637995
    926860    0.621691
    926870    0.634205
    926880     0.62081
    926890    0.676696
    926900    0.652698
    926910    0.718852
    926920    0.679143
    926930     0.62938
    926940    0.724593
    926950     0.60249
    926960    0.661823
    926970    0.681738
    926980    0.596258
    926990    0.704761
    927000    0.686657
    927010    0.640681
    927020    0.687171
    927030    0.616323
    927040     0.65684
    927050    0.663802
    927060    0.560635
    927070    0.704212
    927080    0.586525
    927090    0.678667
    927100    0.724659
    927110    0.643469
    927120    0.654473
    927130     0.71166
    927140    0.663161
    927150      0.5924
    927160     0.67403
    927170    0.662099
    927180    0.642863
    927190    0.623805
    927200    0.614934
    927210    0.654298
    927220    0.653272
    927230    0.672848
    927240    0.695877
    927250    0.713986
    927260    0.639396
    927270    0.615899
    927280    0.722481
    927290    0.651583
    927300    0.544712
    927310    0.668285
    927320    0.691491
    927330    0.671612
    927340    0.605325
    927350    0.622956
    927360    0.665173
    927370    0.589601
    927380    0.575824
    927390    0.605788
    927400    0.687271
    927410    0.664221
    927420    0.697662
    927430    0.699045
    927440    0.607895
    927450     0.65573
    927460    0.635022
    927470    0.655484
    927480    0.683555
    927490    0.645739
    927500    0.647634
    927510    0.580398
    927520    0.701249
    927530    0.695432
    927540    0.608459
    927550    0.582702
    927560    0.675581
    927570     0.62445
    927580     0.62836
    927590    0.680822
    927600    0.618941
    927610    0.698792
    927620    0.624793
    927630    0.670292
    927640    0.666287
    927650    0.673675
    927660    0.576195
    927670    0.596718
    927680    0.634776
    927690     0.60083
    927700    0.635142
    927710    0.590812
    927720     0.59896
    927730    0.633232
    927740     0.62741
    927750    0.610054
    927760    0.544192
    927770     0.59012
    927780    0.611076
    927790    0.622741
    927800    0.664966
    927810    0.640544
    927820    0.541372
    927830    0.615108
    927840    0.522247
    927850    0.594259
    927860    0.630415
    927870    0.632613
    927880    0.534935
    927890    0.578286
    927900    0.647029
    927910    0.569571
    927920    0.550896
    927930    0.592466
    927940    0.653677
    927950    0.645115
    927960    0.568749
    927970    0.597129
    927980    0.597812
    927990    0.620156
    928000    0.630493
    928010    0.688986
    928020    0.729091
    928030    0.601054
    928040    0.641024
    928050    0.594117
    928060    0.623205
    928070     0.64463
    928080    0.610863
    928090    0.626326
    928100    0.614881
    928110    0.571984
    928120    0.529678
    928130    0.619196
    928140    0.606716
    928150    0.670818
    928160    0.658244
    928170    0.626993
    928180    0.550663
    928190    0.634821
    928200    0.573848
    928210    0.578972
    928220    0.537228
    928230    0.587076
    928240    0.602546
    928250    0.572179
    928260    0.611065
    928270    0.629389
    928280    0.565152
    928290    0.541501
    928300    0.569214
    928310    0.550202
    928320    0.597948
    928330    0.619657
    928340    0.541188
    928350    0.545018
    928360    0.580595
    928370    0.620391
    928380    0.568721
    928390    0.611006
    928400    0.652236
    928410    0.580362
    928420    0.596165
    928430    0.636826
    928440    0.575886
    928450    0.534755
    928460    0.603557
    928470    0.609566
    928480    0.640663
    928490    0.533108
    928500    0.572081
    928510    0.611159
    928520     0.61806
    928530    0.589585
    928540    0.528574
    928550    0.578878
    928560    0.647384
    928570    0.609004
    928580    0.607985
    928590    0.572768
    928600    0.575773
    928610    0.565552
    928620     0.59772
    928630    0.539208
    928640    0.639254
    928650    0.534743
    928660    0.604143
    928670    0.583521
    928680    0.563132
    928690    0.558225
    928700     0.59538
    928710    0.534338
    928720      0.5925
    928730    0.585706
    928740    0.638446
    928750    0.550435
    928760    0.559603
    928770    0.565386
    928780    0.542309
    928790    0.544001
    928800    0.555074
    928810    0.577003
    928820    0.575633
    928830    0.624131
    928840    0.594221
    928850    0.622876
    928860    0.653462
    928870    0.626558
    928880    0.607347
    928890    0.636768
    928900    0.591926
    928910    0.591214
    928920    0.609755
    928930     0.63977
    928940    0.581195
    928950     0.65387
    928960    0.614968
    928970    0.595654
    928980    0.627763
    928990     0.59697
    929000    0.574439
    929010    0.642995
    929020      0.5826
    929030    0.604092
    929040    0.509551
    929050    0.579048
    929060    0.631495
    929070    0.578052
    929080      0.5846
    929090    0.586681
    929100    0.599954
    929110    0.569293
    929120     0.55222
    929130    0.549693
    929140    0.627667
    929150    0.636574
    929160    0.558369
    929170    0.601477
    929180    0.559514
    929190    0.566587
    929200    0.594042
    929210    0.543732
    929220    0.564822
    929230    0.504208
    929240    0.545264
    929250    0.511605
    929260     0.61468
    929270    0.504467
    929280    0.570306
    929290    0.544688
    929300    0.600352
    929310    0.561747
    929320    0.506741
    929330     0.54904
    929340    0.563011
    929350    0.618232
    929360    0.600682
    929370    0.589141
    929380    0.555833
    929390    0.580534
    929400    0.533998
    929410    0.514455
    929420    0.564976
    929430    0.567647
    929440    0.616077
    929450    0.600354
    929460    0.607847
    929470    0.587704
    929480    0.602516
    929490    0.604666
    929500    0.622052
    929510    0.674699
    929520    0.585725
    929530     0.58353
    929540    0.569953
    929550    0.627911
    929560    0.636741
    929570    0.574913
    929580    0.632263
    929590    0.583588
    929600    0.540451
    929610    0.600646
    929620    0.627693
    929630    0.531996
    929640    0.608378
    929650    0.565439
    929660    0.623741
    929670    0.645523
    929680    0.560817
    929690    0.575582
    929700    0.635538
    929710    0.532045
    929720    0.673517
    929730    0.641707
    929740    0.610068
    929750     0.54238
    929760    0.594006
    929770    0.536213
    929780    0.568239
    929790    0.501912
    929800    0.605193
    929810    0.635511
    929820    0.581681
    929830    0.521666
    929840    0.582508
    929850     0.58021
    929860    0.598255
    929870    0.627435
    929880    0.695958
    929890    0.636805
    929900    0.608169
    929910    0.599975
    929920    0.628114
    929930    0.554393
    929940    0.581864
    929950    0.624727
    929960    0.624309
    929970    0.662658
    929980    0.629003
    929990    0.610919
    930000      0.5713
    930010    0.608955
    930020    0.634882
    930030    0.572362
    930040    0.609224
    930050    0.625656
    930060    0.616097
    930070    0.581365
    930080    0.569808
    930090    0.579995
    930100    0.652152
    930110    0.640481
    930120      0.5784
    930130    0.566543
    930140    0.515652
    930150    0.564022
    930160    0.578658
    930170    0.624459
    930180    0.581066
    930190    0.581245
    930200    0.569867
    930210    0.571886
    930220    0.595655
    930230    0.557763
    930240    0.563345
    930250    0.547124
    930260    0.543714
    930270    0.541876
    930280    0.623958
    930290    0.558891
    930300    0.552416
    930310    0.552412
    930320    0.554215
    930330    0.458816
    930340    0.600533
    930350    0.577972
    930360    0.574014
    930370    0.653044
    930380    0.608123
    930390    0.588625
    930400    0.625571
    930410    0.651398
    930420    0.638876
    930430    0.650126
    930440    0.603659
    930450    0.640599
    930460    0.666708
    930470    0.583693
    930480     0.63108
    930490    0.627556
    930500    0.585007
    930510     0.62526
    930520    0.583007
    930530    0.603776
    930540    0.561298
    930550    0.611295
    930560    0.610163
    930570    0.624547
    930580    0.645853
    930590    0.658946
    930600     0.64213
    930610    0.639072
    930620    0.648903
    930630    0.676678
    930640     0.64377
    930650    0.632523
    930660    0.578456
    930670    0.583307
    930680    0.557524
    930690    0.597209
    930700    0.615223
    930710    0.706266
    930720    0.670824
    930730    0.619352
    930740    0.686727
    930750    0.564314
    930760    0.582217
    930770    0.557527
    930780    0.607234
    930790    0.679531
    930800    0.649144
    930810    0.663276
    930820    0.545845
    930830    0.677657
    930840    0.621725
    930850    0.609431
    930860    0.648117
    930870     0.66556
    930880    0.582022
    930890    0.659653
    930900    0.689819
    930910    0.594156
    930920    0.624657
    930930    0.535432
    930940    0.585016
    930950    0.636702
    930960    0.675408
    930970    0.625499
    930980     0.60734
    930990    0.631326
    931000    0.610405
    931010    0.595763
    931020    0.573613
    931030    0.586294
    931040    0.560609
    931050    0.535432
    931060    0.617002
    931070    0.667315
    931080    0.604743
    931090    0.620802
    931100    0.592068
    931110     0.61431
    931120    0.589717
    931130    0.603913
    931140     0.58619
    931150     0.65014
    931160    0.639779
    931170    0.572242
    931180    0.638058
    931190    0.652571
    931200    0.566932
    931210     0.61898
    931220    0.644994
    931230    0.623996
    931240    0.644037
    931250    0.510497
    931260    0.541005
    931270    0.596687
    931280    0.577726
    931290    0.535524
    931300    0.612634
    931310    0.589154
    931320    0.623556
    931330    0.641997
    931340    0.514759
    931350    0.621409
    931360     0.60241
    931370    0.635549
    931380    0.604801
    931390    0.623187
    931400    0.644671
    931410    0.591792
    931420    0.607485
    931430    0.581233
    931440    0.623351
    931450    0.610121
    931460    0.597249
    931470     0.68536
    931480    0.665223
    931490    0.700569
    931500    0.569524
    931510    0.555404
    931520    0.565954
    931530    0.562534
    931540    0.582477
    931550    0.632239
    931560    0.622741
    931570    0.550496
    931580    0.590245
    931590    0.554048
    931600    0.560795
    931610    0.624503
    931620    0.596003
    931630    0.568589
    931640    0.560741
    931650    0.575282
    931660     0.55491
    931670    0.568427
    931680    0.500351
    931690    0.547241
    931700    0.533308
    931710    0.581312
    931720    0.537857
    931730    0.562555
    931740    0.560808
    931750    0.579939
    931760    0.630245
    931770    0.559279
    931780    0.533527
    931790     0.51782
    931800    0.565007
    931810    0.607561
    931820    0.552632
    931830    0.517029
    931840    0.505801
    931850     0.56496
    931860    0.616333
    931870    0.551579
    931880    0.558618
    931890    0.563245
    931900    0.579371
    931910    0.536418
    931920    0.570964
    931930    0.616149
    931940    0.576797
    931950    0.577443
    931960     0.57133
    931970    0.615722
    931980    0.602442
    931990    0.507576
    932000    0.605473
    932010    0.632594
    932020    0.561297
    932030    0.528247
    932040    0.560164
    932050    0.586901
    932060    0.576546
    932070    0.643307
    932080    0.577618
    932090    0.542624
    932100    0.545673
    932110    0.639582
    932120    0.575936
    932130    0.566992
    932140    0.566901
    932150    0.588472
    932160    0.601695
    932170    0.634955
    932180    0.593957
    932190    0.622471
    932200    0.657301
    932210    0.607539
    932220    0.613935
    932230    0.536177
    932240    0.601676
    932250    0.600213
    932260    0.531744
    932270    0.635998
    932280    0.680657
    932290    0.611725
    932300    0.667292
    932310    0.636684
    932320    0.568446
    932330    0.641758
    932340    0.630056
    932350    0.681651
    932360    0.659831
    932370    0.618637
    932380    0.693804
    932390      0.6062
    932400    0.594995
    932410    0.628996
    932420    0.676449
    932430    0.621053
    932440    0.668665
    932450    0.689085
    932460    0.603973
    932470    0.684004
    932480    0.668127
    932490    0.686258
    932500    0.637067
    932510    0.600036
    932520    0.634809
    932530    0.608877
    932540    0.630124
    932550    0.663299
    932560    0.650448
    932570    0.540392
    932580    0.614565
    932590    0.668489
    932600    0.593757
    932610    0.588406
    932620    0.587686
    932630    0.586866
    932640    0.565378
    932650    0.650615
    932660    0.630769
    932670    0.593032
    932680    0.604154
    932690    0.592138
    932700    0.595839
    932710    0.585572
    932720    0.637131
    932730    0.642681
    932740    0.593058
    932750    0.558537
    932760    0.592099
    932770    0.554981
    932780    0.573664
    932790     0.58582
    932800    0.612428
    932810    0.620162
    932820    0.629533
    932830    0.532738
    932840    0.605454
    932850    0.605214
    932860    0.604525
    932870    0.619729
    932880    0.651635
    932890    0.654637
    932900    0.628448
    932910    0.542346
    932920    0.619725
    932930    0.608431
    932940    0.626935
    932950    0.602543
    932960    0.561478
    932970    0.599674
    932980    0.526703
    932990    0.599056
    933000    0.562339
    933010    0.599839
    933020    0.592739
    933030     0.63438
    933040    0.621328
    933050    0.567839
    933060    0.566524
    933070    0.600314
    933080     0.54904
    933090    0.601289
    933100    0.596115
    933110    0.556911
    933120    0.561697
    933130    0.514049
    933140     0.54607
    933150    0.534319
    933160    0.467622
    933170    0.494186
    933180    0.421564
    933190    0.449337
    933200    0.469663
    933210    0.560556
    933220    0.581171
    933230    0.571148
    933240    0.594852
    933250    0.596514
    933260    0.603615
    933270    0.567975
    933280    0.483867
    933290    0.497074
    933300    0.513553
    933310    0.561117
    933320    0.609409
    933330    0.561281
    933340    0.514467
    933350    0.527654
    933360    0.592737
    933370    0.595875
    933380     0.60387
    933390    0.629529
    933400    0.568488
    933410    0.610791
    933420    0.564234
    933430    0.516585
    933440    0.586196
    933450    0.608214
    933460    0.573353
    933470    0.574866
    933480    0.657209
    933490    0.572015
    933500     0.49589
    933510    0.558382
    933520    0.535465
    933530    0.519199
    933540    0.545513
    933550    0.519573
    933560    0.515627
    933570    0.504562
    933580     0.52389
    933590    0.603778
    933600    0.570235
    933610    0.582595
    933620    0.570853
    933630    0.543706
    933640    0.623542
    933650    0.498711
    933660    0.486817
    933670    0.540615
    933680     0.52996
    933690    0.579624
    933700    0.583577
    933710    0.569502
    933720    0.515455
    933730    0.591553
    933740    0.580822
    933750    0.619401
    933760    0.571309
    933770    0.580706
    933780      0.6397
    933790    0.610554
    933800    0.547625
    933810    0.592092
    933820    0.569296
    933830    0.575734
    933840    0.596059
    933850    0.630886
    933860    0.627643
    933870    0.602223
    933880    0.611374
    933890    0.670017
    933900    0.637667
    933910    0.661858
    933920    0.620745
    933930    0.650375
    933940    0.616214
    933950    0.611693
    933960    0.691214
    933970    0.657356
    933980    0.620527
    933990    0.608358
    934000    0.671051
    934010    0.584461
    934020    0.651925
    934030    0.570075
    934040    0.601772
    934050    0.649475
    934060    0.671559
    934070    0.642722
    934080     0.64505
    934090     0.61203
    934100    0.644318
    934110    0.629611
    934120    0.610769
    934130    0.652134
    934140      0.6564
    934150    0.649383
    934160    0.640247
    934170    0.618547
    934180    0.600412
    934190    0.589164
    934200    0.635922
    934210    0.655274
    934220    0.661125
    934230    0.601851
    934240    0.537433
    934250    0.629405
    934260    0.562919
    934270    0.617733
    934280     0.60522
    934290    0.575965
    934300    0.548734
    934310    0.582407
    934320    0.621356
    934330    0.580524
    934340    0.656285
    934350    0.556007
    934360    0.592545
    934370    0.619904
    934380    0.676963
    934390    0.652164
    934400    0.606525
    934410    0.591832
    934420    0.598786
    934430    0.621875
    934440    0.643527
    934450    0.648673
    934460    0.674032
    934470    0.704641
    934480    0.700543
    934490    0.612832
    934500     0.66256
    934510    0.690955
    934520    0.625182
    934530    0.632272
    934540    0.658235
    934550    0.680902
    934560    0.650182
    934570    0.630407
    934580    0.619504
    934590     0.64132
    934600    0.623524
    934610    0.691637
    934620     0.71798
    934630    0.649531
    934640    0.665362
    934650    0.644918
    934660    0.592166
    934670    0.654856
    934680    0.601619
    934690    0.643813
    934700     0.59875
    934710    0.571872
    934720    0.608443
    934730    0.639164
    934740    0.594178
    934750    0.634764
    934760    0.658606
    934770    0.538213
    934780    0.686303
    934790    0.602703
    934800    0.697387
    934810    0.639229
    934820    0.599399
    934830    0.622223
    934840    0.638761
    934850    0.652686
    934860    0.578924
    934870    0.593157
    934880    0.641211
    934890     0.59944
    934900    0.696163
    934910    0.605253
    934920    0.669752
    934930    0.653341
    934940    0.690332
    934950    0.662516
    934960     0.56395
    934970    0.673496
    934980    0.601674
    934990    0.623309
    935000    0.652167
    935010    0.579427
    935020    0.598902
    935030    0.624141
    935040    0.640986
    935050    0.607608
    935060     0.67842
    935070    0.684418
    935080    0.657777
    935090    0.637609
    935100    0.661516
    935110    0.653605
    935120    0.652764
    935130    0.641743
    935140     0.60709
    935150    0.539138
    935160    0.561214
    935170     0.59306
    935180    0.599707
    935190    0.610457
    935200    0.603558
    935210    0.586798
    935220    0.628666
    935230    0.588976
    935240    0.717847
    935250    0.559822
    935260    0.569031
    935270     0.58551
    935280    0.615733
    935290    0.729032
    935300    0.699373
    935310    0.667637
    935320    0.706713
    935330    0.719332
    935340    0.615996
    935350    0.710924
    935360    0.616154
    935370    0.640646
    935380    0.566113
    935390    0.551226
    935400     0.59367
    935410    0.644522
    935420    0.613164
    935430    0.619946
    935440    0.609998
    935450    0.687451
    935460    0.744761
    935470    0.706635
    935480    0.635251
    935490    0.720937
    935500    0.600741
    935510    0.680301
    935520    0.574375
    935530    0.588613
    935540    0.598126
    935550    0.685573
    935560    0.662708
    935570    0.569995
    935580    0.599551
    935590    0.609492
    935600    0.626011
    935610    0.706806
    935620    0.679346
    935630    0.640238
    935640    0.633364
    935650    0.633001
    935660    0.587539
    935670    0.625218
    935680    0.604039
    935690    0.650136
    935700    0.600875
    935710    0.652118
    935720    0.632531
    935730    0.600428
    935740    0.634583
    935750    0.606407
    935760    0.594806
    935770    0.619629
    935780     0.63203
    935790    0.576887
    935800    0.638306
    935810    0.657173
    935820    0.646022
    935830    0.601107
    935840    0.622217
    935850    0.609527
    935860    0.651577
    935870    0.631822
    935880    0.608399
    935890    0.613048
    935900     0.62459
    935910    0.624478
    935920     0.63572
    935930    0.700571
    935940    0.637973
    935950    0.621406
    935960    0.629834
    935970    0.658864
    935980    0.649286
    935990    0.659245
    936000    0.620776
    936010    0.595866
    936020    0.642885
    936030    0.625754
    936040    0.641918
    936050    0.606207
    936060    0.635445
    936070    0.649995
    936080     0.67562
    936090    0.629594
    936100    0.591425
    936110    0.667818
    936120    0.719545
    936130    0.642948
    936140    0.581801
    936150    0.622421
    936160    0.597191
    936170    0.675294
    936180    0.685701
    936190    0.666258
    936200    0.684435
    936210    0.645224
    936220    0.703802
    936230    0.637572
    936240    0.697038
    936250    0.678164
    936260    0.660386
    936270    0.623362
    936280    0.668982
    936290    0.671069
    936300    0.643361
    936310    0.660744
    936320    0.661099
    936330    0.649241
    936340     0.65408
    936350    0.519799
    936360    0.627876
    936370    0.586772
    936380    0.608509
    936390    0.626015
    936400    0.595444
    936410    0.526855
    936420    0.612955
    936430    0.569718
    936440    0.597369
    936450    0.583931
    936460     0.61395
    936470    0.684634
    936480    0.560865
    936490    0.601249
    936500    0.559756
    936510    0.572626
    936520    0.604809
    936530    0.624817
    936540    0.646444
    936550    0.654316
    936560    0.615728
    936570    0.626053
    936580    0.623015
    936590    0.611876
    936600      0.6213
    936610    0.654844
    936620    0.639224
    936630    0.619822
    936640    0.676994
    936650    0.629059
    936660     0.69528
    936670    0.545761
    936680    0.595154
    936690    0.583621
    936700    0.591769
    936710    0.611734
    936720    0.701569
    936730    0.589484
    936740    0.653697
    936750    0.739432
    936760    0.670422
    936770    0.655951
    936780    0.665401
    936790    0.650235
    936800    0.600986
    936810    0.613051
    936820    0.642096
    936830    0.624906
    936840    0.661138
    936850    0.679417
    936860    0.642848
    936870    0.636297
    936880     0.62263
    936890    0.676709
    936900    0.621699
    936910     0.59142
    936920    0.638663
    936930    0.686022
    936940    0.645955
    936950    0.652574
    936960     0.60635
    936970    0.627905
    936980    0.632883
    936990    0.648012
    937000    0.644684
    937010    0.635235
    937020    0.635547
    937030    0.639297
    937040    0.686105
    937050    0.671877
    937060    0.595567
    937070     0.60484
    937080    0.644412
    937090    0.660278
    937100    0.625321
    937110    0.623085
    937120    0.660251
    937130    0.690785
    937140    0.675314
    937150    0.626651
    937160      0.6472
    937170    0.629073
    937180    0.659994
    937190     0.63264
    937200     0.65933
    937210     0.65357
    937220    0.680344
    937230    0.603304
    937240    0.602005
    937250    0.670546
    937260    0.649033
    937270    0.675683
    937280    0.635415
    937290    0.648065
    937300    0.619692
    937310    0.578952
    937320    0.581887
    937330    0.584078
    937340    0.608896
    937350    0.544739
    937360    0.581482
    937370    0.582692
    937380    0.599597
    937390    0.606135
    937400     0.58097
    937410     0.62476
    937420    0.612572
    937430    0.594059
    937440    0.604707
    937450    0.581084
    937460     0.57085
    937470    0.596994
    937480    0.577765
    937490      0.6426
    937500    0.674488
    937510    0.584324
    937520    0.622258
    937530    0.607318
    937540     0.53152
    937550    0.572726
    937560    0.589577
    937570    0.619748
    937580    0.603544
    937590    0.650474
    937600    0.657277
    937610    0.618421
    937620    0.611773
    937630    0.653334
    937640    0.597728
    937650    0.604409
    937660    0.602921
    937670    0.708813
    937680    0.634462
    937690    0.590962
    937700    0.639187
    937710    0.608091
    937720    0.601385
    937730    0.631386
    937740     0.63304
    937750    0.601433
    937760    0.588221
    937770    0.640865
    937780    0.657201
    937790    0.690279
    937800    0.623451
    937810    0.658185
    937820    0.652961
    937830    0.640605
    937840    0.602561
    937850    0.668989
    937860    0.637608
    937870    0.597629
    937880    0.579106
    937890     0.54944
    937900     0.63427
    937910    0.643261
    937920    0.656009
    937930    0.610658
    937940    0.612751
    937950      0.5558
    937960    0.594349
    937970    0.655379
    937980    0.623275
    937990    0.650478
    938000    0.678198
    938010    0.591758
    938020    0.523995
    938030    0.550227
    938040    0.587838
    938050    0.581044
    938060    0.622153
    938070    0.551255
    938080    0.584329
    938090    0.517926
    938100    0.584995
    938110    0.670134
    938120    0.576549
    938130    0.612047
    938140    0.594637
    938150    0.562214
    938160    0.601021
    938170    0.578639
    938180    0.592145
    938190    0.597643
    938200    0.545449
    938210    0.606905
    938220    0.622513
    938230    0.592328
    938240     0.68948
    938250    0.670757
    938260    0.693643
    938270    0.627455
    938280    0.606198
    938290    0.650513
    938300    0.643772
    938310    0.572023
    938320    0.719463
    938330    0.605487
    938340    0.685951
    938350    0.641195
    938360    0.639811
    938370    0.670003
    938380    0.609814
    938390    0.673386
    938400    0.644803
    938410    0.662703
    938420    0.569235
    938430    0.655231
    938440    0.654102
    938450    0.594243
    938460    0.622881
    938470    0.618456
    938480    0.591304
    938490    0.661365
    938500    0.620089
    938510    0.645235
    938520    0.627984
    938530    0.636426
    938540    0.669427
    938550    0.646739
    938560    0.629115
    938570    0.667507
    938580     0.70264
    938590    0.655086
    938600     0.62681
    938610    0.537438
    938620    0.672971
    938630    0.655719
    938640    0.663846
    938650    0.646468
    938660    0.618067
    938670    0.613464
    938680    0.664129
    938690    0.590762
    938700    0.666859
    938710    0.600101
    938720    0.634394
    938730    0.643185
    938740    0.622496
    938750     0.61703
    938760    0.594509
    938770    0.641863
    938780    0.626617
    938790    0.602838
    938800     0.60161
    938810    0.621547
    938820    0.699441
    938830    0.635253
    938840    0.612237
    938850    0.659468
    938860     0.69924
    938870    0.674319
    938880    0.625726
    938890    0.682852
    938900    0.578339
    938910    0.640365
    938920    0.600511
    938930    0.644925
    938940    0.674972
    938950    0.655241
    938960     0.60176
    938970    0.685899
    938980    0.640737
    938990    0.699101
    939000     0.60353
    939010    0.629798
    939020    0.623435
    939030    0.629173
    939040    0.633407
    939050    0.636797
    939060       0.583
    939070    0.616134
    939080    0.582434
    939090    0.594349
    939100    0.674946
    939110    0.578999
    939120    0.568592
    939130     0.60259
    939140    0.605564
    939150    0.608052
    939160    0.597828
    939170    0.650789
    939180    0.555665
    939190    0.613738
    939200     0.59078
    939210    0.601626
    939220    0.654231
    939230    0.547438
    939240    0.522395
    939250    0.565132
    939260    0.615606
    939270    0.646143
    939280    0.659743
    939290    0.656679
    939300    0.659353
    939310    0.674762
    939320    0.633794
    939330    0.650396
    939340    0.679715
    939350    0.724201
    939360    0.654977
    939370    0.582897
    939380    0.717673
    939390    0.667442
    939400    0.691434
    939410    0.699497
    939420    0.689151
    939430    0.640395
    939440    0.638426
    939450    0.658469
    939460    0.695667
    939470    0.633244
    939480    0.699885
    939490    0.760057
    939500    0.733776
    939510    0.707121
    939520    0.735397
    939530    0.686207
    939540     0.64769
    939550    0.667801
    939560    0.696848
    939570    0.662804
    939580    0.661871
    939590    0.695923
    939600    0.726081
    939610    0.640257
    939620    0.609213
    939630    0.698302
    939640     0.71009
    939650    0.770728
    939660    0.767672
    939670    0.713521
    939680    0.625164
    939690    0.654543
    939700    0.683101
    939710    0.715903
    939720    0.684845
    939730    0.660567
    939740    0.695156
    939750    0.739459
    939760    0.650531
    939770    0.657216
    939780    0.647538
    939790    0.703784
    939800    0.620863
    939810    0.703026
    939820     0.71786
    939830     0.70979
    939840    0.677637
    939850    0.666176
    939860     0.62298
    939870    0.605964
    939880    0.699367
    939890    0.762339
    939900    0.741045
    939910    0.710023
    939920     0.82213
    939930    0.824673
    939940    0.817732
    939950    0.780639
    939960    0.761955
    939970    0.731056
    939980    0.781309
    939990    0.786191
    940000    0.772665
    940010    0.720605
    940020    0.754893
    940030     0.75865
    940040    0.831924
    940050    0.755137
    940060    0.784858
    940070    0.776594
    940080    0.725523
    940090    0.734605
    940100    0.723994
    940110    0.731715
    940120     0.71282
    940130    0.729086
    940140    0.637802
    940150    0.739257
    940160    0.724919
    940170    0.750431
    940180    0.738323
    940190    0.760211
    940200    0.780433
    940210    0.772513
    940220     0.76761
    940230    0.745153
    940240    0.718402
    940250    0.757075
    940260    0.717325
    940270    0.712556
    940280    0.698663
    940290    0.690917
    940300    0.771068
    940310    0.721783
    940320    0.725209
    940330     0.73729
    940340    0.736972
    940350    0.730987
    940360    0.685127
    940370    0.733083
    940380    0.724904
    940390    0.709454
    940400    0.713447
    940410    0.730095
    940420    0.754248
    940430     0.71457
    940440    0.713047
    940450    0.765768
    940460    0.731145
    940470      0.7233
    940480    0.692984
    940490     0.72087
    940500    0.746814
    940510    0.724182
    940520    0.746982
    940530    0.726369
    940540    0.763674
    940550    0.675281
    940560    0.712516
    940570    0.671882
    940580    0.742998
    940590    0.783041
    940600    0.715183
    940610    0.730409
    940620    0.790193
    940630    0.758853
    940640    0.721079
    940650    0.736991
    940660    0.750288
    940670    0.678708
    940680    0.760096
    940690     0.69222
    940700    0.773876
    940710    0.703962
    940720    0.724685
    940730    0.690012
    940740    0.756932
    940750    0.756957
    940760    0.749159
    940770    0.706079
    940780    0.770925
    940790    0.711955
    940800    0.753846
    940810    0.777273
    940820    0.721565
    940830    0.753031
    940840    0.735315
    940850     0.69505
    940860    0.758454
    940870    0.787836
    940880    0.773267
    940890    0.749811
    940900    0.762758
    940910    0.742872
    940920    0.703071
    940930     0.71018
    940940    0.713965
    940950    0.751147
    940960    0.688501
    940970    0.723739
    940980    0.707366
    940990    0.730569
    941000    0.739839
    941010    0.720119
    941020    0.705476
    941030     0.70002
    941040    0.723425
    941050    0.758852
    941060    0.769888
    941070    0.682253
    941080    0.712256
    941090    0.645439
    941100    0.725175
    941110    0.735051
    941120    0.721005
    941130    0.722851
    941140    0.690005
    941150    0.721387
    941160    0.690572
    941170    0.590364
    941180    0.676674
    941190    0.637986
    941200    0.647565
    941210    0.680149
    941220    0.681483
    941230    0.705106
    941240    0.732813
    941250    0.607801
    941260    0.575446
    941270    0.553403
    941280     0.63229
    941290    0.697349
    941300    0.648014
    941310    0.640749
    941320    0.648937
    941330    0.595425
    941340     0.66184
    941350     0.61726
    941360    0.589136
    941370    0.586803
    941380    0.631035
    941390    0.618908
    941400     0.60336
    941410    0.602213
    941420    0.592175
    941430    0.556891
    941440    0.620946
    941450    0.643549
    941460    0.672494
    941470    0.659579
    941480    0.620346
    941490    0.608695
    941500    0.634385
    941510    0.627048
    941520    0.572128
    941530    0.632605
    941540    0.593942
    941550    0.568896
    941560     0.60546
    941570    0.685895
    941580    0.601391
    941590     0.61684
    941600    0.602557
    941610    0.594219
    941620    0.609625
    941630    0.527197
    941640    0.610378
    941650    0.566808
    941660    0.620141
    941670    0.646805
    941680    0.586098
    941690    0.645621
    941700    0.650527
    941710    0.585608
    941720    0.641011
    941730    0.647641
    941740     0.61348
    941750    0.612711
    941760    0.578072
    941770     0.64109
    941780    0.640868
    941790    0.636402
    941800    0.619233
    941810    0.609811
    941820    0.606258
    941830    0.630091
    941840    0.613262
    941850    0.627609
    941860    0.645603
    941870    0.650294
    941880    0.653307
    941890     0.68112
    941900    0.693001
    941910    0.606105
    941920    0.594155
    941930    0.657271
    941940    0.658415
    941950    0.682147
    941960     0.68088
    941970    0.602862
    941980    0.639617
    941990    0.642143
    942000    0.571067
    942010    0.634241
    942020    0.627375
    942030    0.658507
    942040    0.612796
    942050    0.669607
    942060    0.742132
    942070    0.669619
    942080    0.701845
    942090    0.685781
    942100    0.634339
    942110    0.667509
    942120    0.626675
    942130    0.649558
    942140    0.613232
    942150    0.684214
    942160    0.578961
    942170    0.658981
    942180    0.615909
    942190    0.616397
    942200    0.622176
    942210    0.581212
    942220    0.628127
    942230    0.639892
    942240    0.588611
    942250    0.610255
    942260    0.580946
    942270    0.605277
    942280    0.550028
    942290    0.655829
    942300    0.618268
    942310      0.6035
    942320    0.668556
    942330    0.588377
    942340    0.646023
    942350    0.608926
    942360    0.630837
    942370    0.656381
    942380    0.684048
    942390     0.56825
    942400    0.670701
    942410    0.597839
    942420    0.605558
    942430     0.63647
    942440    0.600142
    942450    0.596202
    942460    0.622549
    942470    0.632198
    942480    0.572655
    942490    0.677956
    942500    0.630012
    942510    0.571792
    942520    0.612286
    942530    0.638849
    942540    0.646432
    942550    0.655415
    942560    0.643318
    942570    0.630737
    942580     0.67246
    942590    0.680728
    942600    0.577127
    942610    0.635281
    942620    0.672459
    942630    0.653631
    942640    0.588838
    942650    0.598382
    942660    0.589074
    942670    0.554781
    942680    0.637495
    942690    0.512556
    942700    0.590555
    942710     0.65589
    942720     0.57143
    942730    0.577287
    942740    0.638393
    942750     0.55591
    942760      0.5548
    942770    0.593412
    942780    0.571093
    942790    0.567326
    942800    0.562733
    942810    0.591264
    942820    0.625793
    942830    0.527409
    942840    0.530887
    942850    0.604546
    942860    0.604428
    942870    0.643511
    942880    0.698591
    942890    0.604708
    942900     0.57223
    942910    0.674914
    942920    0.602279
    942930    0.669298
    942940    0.610837
    942950    0.624358
    942960    0.687167
    942970     0.63318
    942980    0.616821
    942990    0.600928
    943000    0.613833
    943010    0.597339
    943020    0.643425
    943030    0.613535
    943040    0.587166
    943050    0.625808
    943060     0.69663
    943070    0.656617
    943080    0.688871
    943090    0.682333
    943100    0.687462
    943110    0.641768
    943120    0.591059
    943130    0.576176
    943140    0.606371
    943150    0.657246
    943160    0.693801
    943170     0.65756
    943180    0.659647
    943190    0.658598
    943200    0.719683
    943210     0.75617
    943220    0.625597
    943230    0.682154
    943240      0.6077
    943250    0.619177
    943260    0.627908
    943270    0.679742
    943280    0.611021
    943290    0.605294
    943300    0.616362
    943310    0.604297
    943320    0.710495
    943330    0.710703
    943340    0.620191
    943350    0.632426
    943360    0.677141
    943370    0.656393
    943380     0.66404
    943390    0.636696
    943400    0.675534
    943410     0.65874
    943420    0.615108
    943430    0.694735
    943440     0.66301
    943450    0.696968
    943460     0.62571
    943470    0.633121
    943480    0.619612
    943490     0.65832
    943500    0.659077
    943510    0.673892
    943520    0.670347
    943530    0.659469
    943540    0.699187
    943550    0.678391
    943560    0.641448
    943570    0.711881
    943580    0.666991
    943590     0.58256
    943600    0.608407
    943610    0.666672
    943620    0.596272
    943630    0.628951
    943640    0.660216
    943650     0.69219
    943660     0.67197
    943670    0.679975
    943680    0.715448
    943690    0.683003
    943700     0.67032
    943710     0.69475
    943720    0.694223
    943730    0.682507
    943740    0.648201
    943750    0.651507
    943760     0.61524
    943770    0.641255
    943780     0.64617
    943790    0.649463
    943800    0.596074
    943810     0.59689
    943820    0.690147
    943830    0.699966
    943840    0.682781
    943850    0.563614
    943860    0.589663
    943870    0.647178
    943880    0.632469
    943890    0.655677
    943900    0.623137
    943910    0.661385
    943920    0.590781
    943930    0.648409
    943940    0.641307
    943950    0.630499
    943960    0.627996
    943970    0.665522
    943980     0.63797
    943990    0.632565
    944000     0.64614
    944010    0.634374
    944020    0.650775
    944030    0.672007
    944040    0.696418
    944050    0.638483
    944060    0.716432
    944070     0.66279
    944080    0.618588
    944090    0.649809
    944100    0.646213
    944110    0.649527
    944120     0.60732
    944130    0.632974
    944140     0.60699
    944150     0.65008
    944160    0.654227
    944170    0.654494
    944180    0.607962
    944190    0.630557
    944200    0.669367
    944210    0.663991
    944220    0.611531
    944230    0.640139
    944240    0.648353
    944250      0.6916
    944260     0.62362
    944270    0.608058
    944280    0.663365
    944290    0.687225
    944300    0.692336
    944310    0.652427
    944320    0.586772
    944330    0.646936
    944340    0.644396
    944350    0.623042
    944360    0.646016
    944370    0.625449
    944380    0.628099
    944390    0.629975
    944400    0.673137
    944410    0.689832
    944420    0.570276
    944430    0.651291
    944440    0.666192
    944450    0.721445
    944460     0.66307
    944470      0.6285
    944480    0.687953
    944490    0.653168
    944500    0.597218
    944510      0.5622
    944520    0.589622
    944530    0.657498
    944540    0.657156
    944550    0.563364
    944560    0.641776
    944570    0.580649
    944580    0.649316
    944590    0.645216
    944600    0.676307
    944610    0.642847
    944620    0.641045
    944630    0.634639
    944640    0.575745
    944650    0.593403
    944660    0.680252
    944670    0.599023
    944680     0.62733
    944690     0.58276
    944700    0.699049
    944710    0.581222
    944720    0.610385
    944730    0.639753
    944740    0.673491
    944750    0.679719
    944760    0.628087
    944770    0.673182
    944780    0.643353
    944790    0.584702
    944800    0.603026
    944810    0.656215
    944820    0.602688
    944830     0.64149
    944840    0.627517
    944850    0.617841
    944860    0.629034
    944870    0.623812
    944880    0.598988
    944890    0.618474
    944900    0.660136
    944910       0.661
    944920    0.609957
    944930    0.648095
    944940    0.639895
    944950    0.669306
    944960    0.629485
    944970     0.64989
    944980    0.594215
    944990     0.60897
    945000    0.646445
    945010    0.666482
    945020    0.686407
    945030    0.685934
    945040    0.592403
    945050    0.641801
    945060    0.625627
    945070    0.632238
    945080    0.666809
    945090    0.646668
    945100     0.61772
    945110    0.595976
    945120    0.676161
    945130    0.646579
    945140    0.701478
    945150    0.591608
    945160     0.67942
    945170    0.696832
    945180    0.607772
    945190    0.670507
    945200    0.670413
    945210     0.61897
    945220    0.627075
    945230    0.612765
    945240    0.642963
    945250    0.643785
    945260    0.661751
    945270    0.653872
    945280    0.673712
    945290    0.663174
    945300    0.654363
    945310    0.643235
    945320    0.654806
    945330    0.634246
    945340    0.658647
    945350     0.62647
    945360    0.676689
    945370    0.625685
    945380    0.645247
    945390    0.669719
    945400    0.688574
    945410    0.600733
    945420    0.607438
    945430    0.696682
    945440    0.573389
    945450    0.599966
    945460    0.604726
    945470    0.607531
    945480    0.562166
    945490    0.564773
    945500    0.608503
    945510    0.567489
    945520    0.570181
    945530    0.594178
    945540    0.649753
    945550    0.666514
    945560    0.664879
    945570    0.648469
    945580    0.624655
    945590    0.713116
    945600    0.619035
    945610    0.607782
    945620    0.643319
    945630    0.664228
    945640    0.622483
    945650    0.649165
    945660    0.633612
    945670    0.630286
    945680     0.61174
    945690    0.644439
    945700    0.615354
    945710    0.647649
    945720    0.616061
    945730    0.616363
    945740    0.595556
    945750    0.552953
    945760    0.632193
    945770    0.667909
    945780    0.621989
    945790    0.625312
    945800    0.570523
    945810    0.584531
    945820    0.619281
    945830    0.655458
    945840    0.614601
    945850    0.626959
    945860    0.628669
    945870    0.648951
    945880    0.617375
    945890    0.621948
    945900    0.632209
    945910    0.663855
    945920    0.658073
    945930    0.626818
    945940    0.616625
    945950    0.602781
    945960    0.648673
    945970    0.613365
    945980     0.63622
    945990    0.615949
    946000     0.61482
    946010    0.637836
    946020    0.633237
    946030    0.623922
    946040    0.654506
    946050    0.651997
    946060     0.63422
    946070    0.661651
    946080    0.646148
    946090    0.625633
    946100    0.597941
    946110    0.634396
    946120    0.687119
    946130    0.691873
    946140     0.61273
    946150    0.654226
    946160    0.637471
    946170    0.607657
    946180    0.629241
    946190     0.65998
    946200    0.597378
    946210    0.659674
    946220    0.683606
    946230    0.573238
    946240    0.627879
    946250    0.594666
    946260    0.676476
    946270    0.633332
    946280    0.660066
    946290    0.687046
    946300    0.666082
    946310    0.667645
    946320    0.586477
    946330    0.554537
    946340    0.653002
    946350    0.560091
    946360    0.598511
    946370    0.544948
    946380    0.574443
    946390    0.637883
    946400    0.605263
    946410    0.594106
    946420    0.663369
    946430     0.66459
    946440    0.599813
    946450     0.56337
    946460    0.646137
    946470    0.676586
    946480    0.657535
    946490    0.621315
    946500     0.67325
    946510    0.636031
    946520    0.674862
    946530    0.667235
    946540    0.647021
    946550    0.629095
    946560    0.632079
    946570    0.629141
    946580    0.654519
    946590    0.579829
    946600    0.628808
    946610    0.601836
    946620    0.696243
    946630      0.6542
    946640    0.643192
    946650    0.611852
    946660    0.669563
    946670    0.636505
    946680    0.695266
    946690    0.686518
    946700    0.646035
    946710    0.676288
    946720    0.718897
    946730    0.678614
    946740     0.69151
    946750    0.689058
    946760    0.661049
    946770    0.689614
    946780    0.698342
    946790    0.619733
    946800      0.6595
    946810    0.733274
    946820    0.638761
    946830    0.631847
    946840    0.628782
    946850    0.652041
    946860    0.692723
    946870    0.632486
    946880    0.686273
    946890    0.688727
    946900    0.657728
    946910    0.609938
    946920    0.616227
    946930    0.672411
    946940    0.569186
    946950    0.634954
    946960    0.632564
    946970      0.6406
    946980    0.665271
    946990    0.627384
    947000    0.639275
    947010    0.674077
    947020    0.650519
    947030    0.642358
    947040    0.664489
    947050     0.61579
    947060    0.660292
    947070    0.651769
    947080    0.699411
    947090     0.63591
    947100    0.664901
    947110    0.714948
    947120    0.642078
    947130    0.637685
    947140    0.613415
    947150    0.574771
    947160    0.634512
    947170    0.578798
    947180     0.55421
    947190    0.584529
    947200    0.617845
    947210    0.594985
    947220    0.663573
    947230    0.655716
    947240    0.632786
    947250    0.628811
    947260    0.652875
    947270    0.647633
    947280     0.57899
    947290    0.607074
    947300    0.627403
    947310    0.632879
    947320    0.565397
    947330    0.593933
    947340    0.640859
    947350     0.57887
    947360    0.670651
    947370    0.616018
    947380    0.629528
    947390     0.64444
    947400    0.684961
    947410    0.702029
    947420    0.569006
    947430     0.70076
    947440    0.713321
    947450    0.677419
    947460    0.688351
    947470    0.685926
    947480    0.719081
    947490    0.601354
    947500    0.644096
    947510    0.613752
    947520    0.563202
    947530    0.606817
    947540    0.646784
    947550    0.591406
    947560     0.63123
    947570    0.596478
    947580    0.664037
    947590    0.620376
    947600     0.62242
    947610    0.640516
    947620    0.672359
    947630    0.626815
    947640    0.625646
    947650    0.669947
    947660    0.650016
    947670    0.659545
    947680    0.622016
    947690    0.577226
    947700    0.657654
    947710    0.578524
    947720    0.635922
    947730    0.605263
    947740    0.655277
    947750    0.579859
    947760    0.557376
    947770    0.625663
    947780    0.626667
    947790    0.656927
    947800    0.617101
    947810    0.626746
    947820    0.617907
    947830    0.675274
    947840    0.683111
    947850    0.645283
    947860    0.657985
    947870    0.667928
    947880    0.602224
    947890    0.698377
    947900    0.671173
    947910    0.608046
    947920    0.653896
    947930    0.644057
    947940    0.649381
    947950    0.651486
    947960    0.654492
    947970    0.672459
    947980    0.657222
    947990    0.644286
    948000    0.645786
    948010    0.653133
    948020     0.59685
    948030    0.599278
    948040    0.628423
    948050    0.634566
    948060    0.623965
    948070     0.62067
    948080    0.594179
    948090    0.658731
    948100    0.617247
    948110     0.67414
    948120    0.645836
    948130     0.61391
    948140    0.597269
    948150    0.626899
    948160     0.61149
    948170    0.672337
    948180    0.701065
    948190    0.684096
    948200    0.661038
    948210    0.655276
    948220    0.656303
    948230    0.644007
    948240     0.65364
    948250    0.675744
    948260    0.690895
    948270     0.64596
    948280    0.596229
    948290    0.646813
    948300    0.660667
    948310    0.673735
    948320     0.55798
    948330    0.617099
    948340    0.608443
    948350    0.641761
    948360    0.622785
    948370    0.642608
    948380    0.630038
    948390    0.669652
    948400    0.661245
    948410    0.629042
    948420    0.584808
    948430    0.631049
    948440    0.538814
    948450    0.641511
    948460    0.636313
    948470    0.628161
    948480     0.62952
    948490     0.64185
    948500    0.688965
    948510    0.693785
    948520    0.674226
    948530    0.709085
    948540    0.619945
    948550    0.700694
    948560    0.669486
    948570    0.642175
    948580    0.656132
    948590    0.642721
    948600    0.693383
    948610    0.716668
    948620    0.687774
    948630    0.698529
    948640      0.6658
    948650    0.646962
    948660    0.671774
    948670     0.66321
    948680    0.665762
    948690    0.701344
    948700    0.655106
    948710    0.668422
    948720    0.726704
    948730    0.704113
    948740    0.694286
    948750    0.718355
    948760    0.643121
    948770    0.665886
    948780    0.671254
    948790     0.70511
    948800    0.688513
    948810    0.669284
    948820    0.626799
    948830    0.669241
    948840    0.615971
    948850    0.649999
    948860    0.570561
    948870    0.603276
    948880    0.647858
    948890    0.641337
    948900    0.656621
    948910    0.638622
    948920      0.6604
    948930     0.59429
    948940      0.6494
    948950     0.64718
    948960    0.657847
    948970    0.629907
    948980    0.540823
    948990     0.64171
    949000    0.624081
    949010    0.661531
    949020    0.655636
    949030    0.589655
    949040    0.677273
    949050    0.655236
    949060    0.667969
    949070    0.636089
    949080    0.648226
    949090    0.682114
    949100    0.665382
    949110    0.623584
    949120    0.635047
    949130    0.602066
    949140    0.645888
    949150    0.576573
    949160    0.573023
    949170    0.544882
    949180    0.631323
    949190    0.610534
    949200    0.614443
    949210    0.613943
    949220    0.598779
    949230    0.571566
    949240    0.611677
    949250    0.609875
    949260    0.562082
    949270    0.566258
    949280    0.602825
    949290    0.583239
    949300    0.634658
    949310     0.55665
    949320    0.616278
    949330    0.614056
    949340    0.511184
    949350    0.615595
    949360     0.59629
    949370    0.589429
    949380    0.595982
    949390    0.538028
    949400     0.55864
    949410    0.639567
    949420    0.648725
    949430    0.615544
    949440    0.664995
    949450    0.639185
    949460    0.665429
    949470    0.584996
    949480    0.604964
    949490    0.611637
    949500    0.633105
    949510    0.633992
    949520    0.585419
    949530    0.608944
    949540    0.651893
    949550    0.595441
    949560     0.63859
    949570    0.649694
    949580    0.654463
    949590    0.650618
    949600    0.643002
    949610    0.622234
    949620     0.62188
    949630    0.608516
    949640    0.634512
    949650    0.653785
    949660    0.635546
    949670    0.644203
    949680    0.627776
    949690    0.654498
    949700     0.65718
    949710    0.629965
    949720    0.626321
    949730     0.68651
    949740    0.669789
    949750    0.615907
    949760    0.660847
    949770     0.69872
    949780    0.564284
    949790    0.620517
    949800    0.624455
    949810    0.612644
    949820    0.590382
    949830    0.631964
    949840     0.58588
    949850    0.652167
    949860    0.677583
    949870    0.730531
    949880    0.633729
    949890    0.575488
    949900    0.663293
    949910    0.555964
    949920    0.598988
    949930    0.572672
    949940    0.619821
    949950    0.587544
    949960    0.555777
    949970     0.59412
    949980    0.594296
    949990    0.572748
    950000    0.550733
    950010    0.643334
    950020    0.615512
    950030    0.589541
    950040    0.582923
    950050    0.536279
    950060    0.580469
    950070     0.54203
    950080    0.639072
    950090    0.606951
    950100    0.630223
    950110    0.571496
    950120    0.624995
    950130    0.555899
    950140    0.525643
    950150    0.587013
    950160    0.580248
    950170    0.635247
    950180     0.59616
    950190     0.60192
    950200    0.609631
    950210    0.656258
    950220     0.56187
    950230    0.642773
    950240    0.673176
    950250    0.645913
    950260    0.658802
    950270    0.694309
    950280    0.633465
    950290     0.61898
    950300    0.647996
    950310    0.621593
    950320    0.621496
    950330    0.667852
    950340     0.72725
    950350    0.670772
    950360    0.633121
    950370    0.680452
    950380    0.686643
    950390     0.61163
    950400    0.614817
    950410    0.718417
    950420    0.615164
    950430    0.611552
    950440    0.575369
    950450    0.591838
    950460    0.598466
    950470     0.60549
    950480    0.653621
    950490    0.627718
    950500     0.59094
    950510    0.619787
    950520    0.596344
    950530    0.652255
    950540     0.64395
    950550    0.591205
    950560    0.651681
    950570    0.656403
    950580    0.656506
    950590    0.610504
    950600    0.653528
    950610     0.69466
    950620    0.679254
    950630    0.687286
    950640    0.655954
    950650    0.686603
    950660    0.731672
    950670    0.716581
    950680    0.661504
    950690    0.660168
    950700     0.66573
    950710    0.609901
    950720     0.62503
    950730    0.618893
    950740    0.696046
    950750    0.619245
    950760    0.674651
    950770    0.613883
    950780    0.655533
    950790    0.678015
    950800    0.650433
    950810    0.609205
    950820    0.609332
    950830    0.659865
    950840    0.687879
    950850    0.672816
    950860    0.708144
    950870    0.715811
    950880    0.637397
    950890    0.666004
    950900    0.718902
    950910    0.707379
    950920    0.695852
    950930    0.641031
    950940    0.594403
    950950     0.61291
    950960    0.665905
    950970    0.670486
    950980    0.704315
    950990    0.694285
    951000    0.692751
    951010    0.706294
    951020    0.734133
    951030    0.721762
    951040    0.623966
    951050    0.706697
    951060    0.696725
    951070     0.73752
    951080    0.665692
    951090    0.790217
    951100    0.748145
    951110    0.668847
    951120    0.684785
    951130    0.585798
    951140    0.679721
    951150    0.730678
    951160    0.648925
    951170    0.603292
    951180    0.669461
    951190    0.670463
    951200    0.708359
    951210    0.680601
    951220    0.663123
    951230    0.600276
    951240    0.668699
    951250     0.69037
    951260      0.5673
    951270     0.66296
    951280    0.608624
    951290    0.650735
    951300    0.677627
    951310    0.646228
    951320    0.656309
    951330    0.656362
    951340    0.645831
    951350    0.614593
    951360    0.596523
    951370    0.645417
    951380    0.577735
    951390    0.675374
    951400    0.621687
    951410    0.650565
    951420    0.747534
    951430    0.625351
    951440    0.636609
    951450    0.608032
    951460    0.620387
    951470    0.640173
    951480    0.620767
    951490    0.671154
    951500    0.679852
    951510    0.678023
    951520    0.648364
    951530    0.619801
    951540    0.599154
    951550    0.640611
    951560    0.694958
    951570    0.699764
    951580    0.683674
    951590    0.649998
    951600    0.642497
    951610     0.64937
    951620    0.649964
    951630    0.668381
    951640    0.634269
    951650    0.607512
    951660    0.643363
    951670    0.666788
    951680    0.627972
    951690    0.625844
    951700    0.632938
    951710    0.639322
    951720    0.595635
    951730    0.662121
    951740    0.662195
    951750    0.692305
    951760    0.625781
    951770    0.724578
    951780    0.664625
    951790    0.617216
    951800    0.668803
    951810     0.73437
    951820    0.729882
    951830    0.733881
    951840    0.730594
    951850     0.66713
    951860    0.697061
    951870    0.647456
    951880    0.680217
    951890    0.666145
    951900    0.618833
    951910    0.660047
    951920    0.646369
    951930    0.602594
    951940    0.683911
    951950    0.600566
    951960    0.623478
    951970    0.644957
    951980    0.724035
    951990    0.657037
    952000      0.6752
    952010    0.647395
    952020    0.651038
    952030    0.614282
    952040    0.676302
    952050    0.665247
    952060    0.609418
    952070     0.60847
    952080    0.719705
    952090    0.675491
    952100    0.615031
    952110    0.660451
    952120    0.660779
    952130    0.663774
    952140    0.681024
    952150    0.678128
    952160     0.66019
    952170    0.701991
    952180    0.636489
    952190    0.642885
    952200    0.644559
    952210    0.749752
    952220    0.618047
    952230    0.649915
    952240    0.581526
    952250    0.658072
    952260    0.539627
    952270     0.64083
    952280    0.715489
    952290     0.71305
    952300    0.726627
    952310    0.695004
    952320    0.711926
    952330    0.719039
    952340    0.696867
    952350    0.658193
    952360    0.757141
    952370    0.681405
    952380    0.667744
    952390    0.678038
    952400    0.629644
    952410    0.630257
    952420    0.688613
    952430     0.72094
    952440    0.685772
    952450    0.699431
    952460    0.684636
    952470    0.703093
    952480    0.612176
    952490    0.644308
    952500    0.657324
    952510    0.651268
    952520      0.7279
    952530    0.720636
    952540    0.673156
    952550    0.638897
    952560    0.670073
    952570    0.722724
    952580    0.691129
    952590    0.581463
    952600    0.652334
    952610    0.600962
    952620     0.63841
    952630      0.7442
    952640    0.687003
    952650    0.688426
    952660    0.651042
    952670    0.589202
    952680    0.657685
    952690    0.667463
    952700    0.673438
    952710    0.675779
    952720    0.707464
    952730    0.685944
    952740    0.723763
    952750     0.69219
    952760    0.683458
    952770    0.688641
    952780    0.685478
    952790    0.644984
    952800     0.64809
    952810    0.621661
    952820    0.696072
    952830    0.656741
    952840    0.669232
    952850    0.654921
    952860      0.5914
    952870    0.679232
    952880    0.682355
    952890    0.650875
    952900    0.558186
    952910    0.598481
    952920    0.627122
    952930    0.591179
    952940    0.585855
    952950    0.691041
    952960    0.680309
    952970    0.646703
    952980    0.673667
    952990    0.620686
    953000    0.642219
    953010    0.694393
    953020    0.689503
    953030    0.624038
    953040    0.614978
    953050    0.664392
    953060    0.596939
    953070    0.634982
    953080    0.663219
    953090    0.600909
    953100    0.508066
    953110    0.620715
    953120    0.653163
    953130    0.694229
    953140    0.596107
    953150    0.665035
    953160    0.663846
    953170    0.623675
    953180    0.556865
    953190    0.618937
    953200    0.701208
    953210    0.634151
    953220    0.599259
    953230      0.5807
    953240    0.633046
    953250    0.634495
    953260     0.71736
    953270    0.597821
    953280    0.633656
    953290    0.587529
    953300    0.614259
    953310    0.630446
    953320    0.573279
    953330    0.573079
    953340    0.630484
    953350    0.634124
    953360    0.602991
    953370    0.598484
    953380     0.56635
    953390    0.582012
    953400    0.609315
    953410    0.541336
    953420    0.570676
    953430    0.595384
    953440    0.602302
    953450    0.657383
    953460    0.604123
    953470    0.559432
    953480    0.636404
    953490    0.683913
    953500    0.613329
    953510    0.641214
    953520    0.610634
    953530    0.615099
    953540    0.649035
    953550    0.511129
    953560    0.672539
    953570    0.618852
    953580    0.604945
    953590    0.646344
    953600    0.540132
    953610    0.628354
    953620    0.527291
    953630    0.586951
    953640    0.605472
    953650    0.621778
    953660    0.598625
    953670    0.582996
    953680    0.576744
    953690    0.591617
    953700     0.60375
    953710    0.590468
    953720     0.58322
    953730    0.600358
    953740    0.588402
    953750    0.540296
    953760    0.626739
    953770    0.591302
    953780    0.646854
    953790    0.577534
    953800    0.605163
    953810    0.555578
    953820    0.636794
    953830    0.580205
    953840    0.597785
    953850    0.530774
    953860    0.608812
    953870    0.603619
    953880    0.634067
    953890    0.640174
    953900    0.622779
    953910    0.617643
    953920    0.596419
    953930    0.625469
    953940    0.611272
    953950    0.643234
    953960    0.699074
    953970    0.662265
    953980    0.648993
    953990    0.620623
    954000    0.641248
    954010    0.599685
    954020    0.684445
    954030    0.616389
    954040    0.690341
    954050    0.647142
    954060    0.614112
    954070    0.671768
    954080    0.642327
    954090    0.657909
    954100    0.629295
    954110    0.642419
    954120    0.617438
    954130    0.587736
    954140    0.640436
    954150    0.635455
    954160    0.652903
    954170    0.601521
    954180     0.72504
    954190    0.642296
    954200    0.645953
    954210    0.578485
    954220    0.627063
    954230    0.599951
    954240    0.655248
    954250    0.592005
    954260    0.563941
    954270    0.585943
    954280    0.575193
    954290    0.575033
    954300    0.586117
    954310    0.604908
    954320    0.561381
    954330    0.646702
    954340    0.593666
    954350    0.637732
    954360    0.660272
    954370    0.645207
    954380     0.66932
    954390    0.588636
    954400    0.689934
    954410    0.656373
    954420    0.626656
    954430    0.676669
    954440    0.657354
    954450    0.587538
    954460    0.567251
    954470    0.595373
    954480    0.586876
    954490    0.605792
    954500    0.675763
    954510    0.652762
    954520    0.654519
    954530     0.63048
    954540    0.696498
    954550    0.733235
    954560    0.623792
    954570    0.608145
    954580    0.648727
    954590    0.647581
    954600    0.712332
    954610     0.66542
    954620    0.637116
    954630    0.673228
    954640     0.62829
    954650    0.651097
    954660    0.634057
    954670    0.640452
    954680    0.672997
    954690    0.606144
    954700    0.590178
    954710    0.627517
    954720    0.611944
    954730    0.622392
    954740    0.560062
    954750    0.599303
    954760    0.615652
    954770    0.607814
    954780    0.544361
    954790     0.57161
    954800    0.649235
    954810    0.587104
    954820    0.633828
    954830    0.634653
    954840    0.643927
    954850    0.675628
    954860    0.627431
    954870    0.611388
    954880    0.645028
    954890    0.635416
    954900    0.597039
    954910    0.578138
    954920    0.569008
    954930    0.611546
    954940    0.611084
    954950    0.591243
    954960    0.607085
    954970    0.602562
    954980    0.599641
    954990    0.629966
    955000    0.700571
    955010    0.674774
    955020     0.62809
    955030    0.592301
    955040    0.636566
    955050    0.644498
    955060    0.612698
    955070      0.6213
    955080    0.570491
    955090    0.650932
    955100    0.630292
    955110    0.641586
    955120    0.690219
    955130    0.614741
    955140    0.625488
    955150    0.631999
    955160     0.62673
    955170    0.580253
    955180    0.601629
    955190    0.620329
    955200    0.559354
    955210    0.574628
    955220    0.583453
    955230     0.62525
    955240    0.626526
    955250    0.671381
    955260    0.623865
    955270    0.654794
    955280    0.743461
    955290    0.656904
    955300    0.676911
    955310    0.690529
    955320    0.636148
    955330    0.601985
    955340    0.647387
    955350    0.645349
    955360    0.549146
    955370     0.64453
    955380    0.575573
    955390    0.678894
    955400    0.656286
    955410    0.589954
    955420    0.629606
    955430    0.640576
    955440    0.679344
    955450    0.632723
    955460    0.620326
    955470    0.688017
    955480    0.716372
    955490    0.711821
    955500     0.59852
    955510    0.626184
    955520     0.64492
    955530    0.652704
    955540    0.621407
    955550    0.535571
    955560    0.690409
    955570    0.597788
    955580    0.611278
    955590    0.593758
    955600    0.571723
    955610    0.592519
    955620    0.644163
    955630    0.622222
    955640     0.60213
    955650    0.576231
    955660    0.562368
    955670    0.640383
    955680    0.650628
    955690    0.607149
    955700    0.662422
    955710     0.69145
    955720     0.62492
    955730    0.692673
    955740    0.679853
    955750    0.637177
    955760    0.614225
    955770     0.64941
    955780    0.584521
    955790    0.561321
    955800    0.525454
    955810     0.62941
    955820    0.620322
    955830    0.604834
    955840    0.629711
    955850    0.643684
    955860    0.743131
    955870    0.683053
    955880    0.639095
    955890    0.629327
    955900    0.589292
    955910    0.720167
    955920    0.615454
    955930    0.621392
    955940    0.539007
    955950    0.687557
    955960    0.573754
    955970    0.599571
    955980     0.70962
    955990    0.602541
    956000    0.594853
    956010     0.66574
    956020    0.769061
    956030    0.710217
    956040    0.738144
    956050    0.686029
    956060    0.663518
    956070     0.70068
    956080    0.697171
    956090    0.661565
    956100    0.711043
    956110    0.698025
    956120    0.693771
    956130    0.722546
    956140    0.626235
    956150    0.713858
    956160    0.634776
    956170    0.642677
    956180     0.63627
    956190     0.62979
    956200    0.602323
    956210    0.675442
    956220    0.706007
    956230    0.618896
    956240    0.636902
    956250    0.630689
    956260    0.633953
    956270    0.615802
    956280    0.584835
    956290    0.660351
    956300    0.657352
    956310    0.642663
    956320    0.713192
    956330    0.669728
    956340    0.637896
    956350    0.667869
    956360    0.669973
    956370    0.624523
    956380    0.665349
    956390    0.681053
    956400    0.666101
    956410    0.646132
    956420    0.676948
    956430    0.676852
    956440    0.771391
    956450    0.611878
    956460    0.679156
    956470    0.622661
    956480    0.556006
    956490    0.662829
    956500    0.611263
    956510    0.663873
    956520       0.625
    956530    0.648718
    956540    0.570898
    956550    0.701441
    956560     0.61266
    956570    0.653723
    956580    0.684325
    956590    0.597086
    956600    0.634269
    956610    0.694872
    956620    0.646115
    956630    0.749606
    956640    0.739578
    956650    0.644206
    956660    0.650566
    956670    0.638549
    956680    0.532794
    956690    0.592565
    956700    0.547266
    956710     0.56783
    956720    0.630335
    956730    0.523376
    956740    0.577134
    956750    0.698269
    956760    0.631388
    956770    0.534162
    956780    0.648031
    956790    0.601733
    956800    0.629018
    956810    0.587727
    956820     0.57267
    956830    0.584252
    956840    0.629091
    956850    0.583636
    956860    0.671274
    956870    0.647515
    956880    0.604907
    956890    0.571522
    956900     0.59638
    956910    0.588518
    956920     0.57094
    956930    0.548923
    956940    0.565332
    956950    0.541171
    956960    0.630828
    956970    0.610651
    956980    0.563515
    956990    0.590814
    957000    0.640036
    957010    0.625037
    957020    0.631908
    957030    0.648432
    957040    0.691994
    957050    0.643817
    957060    0.620208
    957070    0.621001
    957080     0.62662
    957090    0.614879
    957100    0.515626
    957110    0.644421
    957120     0.67431
    957130    0.631973
    957140    0.561968
    957150    0.549189
    957160      0.5753
    957170    0.519755
    957180    0.555123
    957190    0.641441
    957200    0.565188
    957210    0.631566
    957220    0.617993
    957230    0.525527
    957240    0.606623
    957250    0.514511
    957260    0.604327
    957270    0.637946
    957280    0.643299
    957290    0.550159
    957300      0.6179
    957310    0.674117
    957320    0.614135
    957330    0.561093
    957340    0.586217
    957350    0.619604
    957360    0.634022
    957370     0.63685
    957380    0.641936
    957390    0.617448
    957400    0.637338
    957410    0.635895
    957420    0.588236
    957430    0.605772
    957440    0.648445
    957450     0.55911
    957460    0.591074
    957470    0.579036
    957480    0.595264
    957490    0.571409
    957500    0.580221
    957510    0.535331
    957520     0.60334
    957530     0.63273
    957540     0.57364
    957550    0.579089
    957560    0.635595
    957570    0.657443
    957580    0.660153
    957590    0.626213
    957600    0.647134
    957610    0.579615
    957620    0.629182
    957630    0.626521
    957640    0.655782
    957650    0.634626
    957660    0.651889
    957670    0.537676
    957680    0.550686
    957690     0.64084
    957700    0.687713
    957710    0.596697
    957720    0.590197
    957730    0.586858
    957740    0.622153
    957750     0.64044
    957760    0.596877
    957770    0.574761
    957780    0.625068
    957790    0.685856
    957800     0.71912
    957810    0.658278
    957820    0.643294
    957830    0.704727
    957840    0.681661
    957850    0.642288
    957860    0.629798
    957870    0.627032
    957880     0.69877
    957890    0.587864
    957900    0.698612
    957910    0.640364
    957920    0.682011
    957930    0.714426
    957940    0.767771
    957950    0.715072
    957960    0.700332
    957970    0.679554
    957980    0.675852
    957990    0.690162
    958000     0.63943
    958010    0.629386
    958020    0.656592
    958030    0.730974
    958040    0.704152
    958050    0.683678
    958060    0.782817
    958070    0.745457
    958080    0.702547
    958090    0.672291
    958100    0.716539
    958110    0.674179
    958120    0.728598
    958130    0.660657
    958140    0.701102
    958150    0.643188
    958160    0.635609
    958170     0.66599
    958180    0.618087
    958190    0.650235
    958200     0.65971
    958210    0.668537
    958220     0.69924
    958230    0.688687
    958240    0.699838
    958250    0.747236
    958260    0.709864
    958270     0.62689
    958280     0.68742
    958290    0.683801
    958300      0.6758
    958310     0.77133
    958320    0.706589
    958330     0.65696
    958340    0.647514
    958350    0.625444
    958360    0.714548
    958370    0.754449
    958380    0.676373
    958390    0.679217
    958400    0.754183
    958410      0.6523
    958420    0.620706
    958430    0.654592
    958440    0.588963
    958450    0.562752
    958460    0.642434
    958470     0.60767
    958480    0.586156
    958490    0.571572
    958500    0.591183
    958510    0.633941
    958520    0.680912
    958530    0.650225
    958540    0.671317
    958550    0.667025
    958560    0.673862
    958570     0.63121
    958580    0.600117
    958590      0.5939
    958600    0.642173
    958610     0.57385
    958620    0.669891
    958630    0.651515
    958640    0.674678
    958650    0.643812
    958660    0.617419
    958670    0.603526
    958680    0.669673
    958690    0.692617
    958700    0.620567
    958710    0.705746
    958720    0.662885
    958730    0.680371
    958740    0.667781
    958750     0.54254
    958760     0.65959
    958770    0.603749
    958780    0.674938
    958790    0.636969
    958800    0.632896
    958810    0.660539
    958820    0.627913
    958830    0.636262
    958840    0.636491
    958850    0.671422
    958860      0.6711
    958870    0.714432
    958880     0.70073
    958890    0.692089
    958900    0.677103
    958910    0.767171
    958920    0.700768
    958930    0.689731
    958940    0.712583
    958950    0.658444
    958960    0.638352
    958970    0.730334
    958980    0.707157
    958990    0.694958
    959000    0.637334
    959010    0.644735
    959020    0.656269
    959030    0.683079
    959040    0.709384
    959050    0.639563
    959060    0.697674
    959070    0.666494
    959080    0.680174
    959090    0.639505
    959100    0.708326
    959110    0.588548
    959120     0.71847
    959130    0.690025
    959140     0.79046
    959150    0.718128
    959160    0.734317
    959170     0.65434
    959180    0.676662
    959190    0.719736
    959200    0.684343
    959210    0.663876
    959220    0.671399
    959230    0.719614
    959240    0.765544
    959250    0.698177
    959260    0.702253
    959270    0.694153
    959280    0.647337
    959290    0.682379
    959300    0.735312
    959310    0.751431
    959320    0.607917
    959330    0.627588
    959340    0.658959
    959350    0.628382
    959360    0.622921
    959370    0.654459
    959380    0.604478
    959390    0.704967
    959400    0.521369
    959410    0.648352
    959420    0.679804
    959430    0.643745
    959440    0.624523
    959450    0.691315
    959460    0.692861
    959470    0.638056
    959480    0.685786
    959490    0.604393
    959500    0.754344
    959510    0.606508
    959520    0.643681
    959530    0.671142
    959540    0.639042
    959550     0.63898
    959560    0.701969
    959570     0.61405
    959580     0.61945
    959590    0.653763
    959600    0.720055
    959610    0.724206
    959620    0.676075
    959630    0.693016
    959640    0.677442
    959650    0.666572
    959660    0.693079
    959670    0.653847
    959680     0.73238
    959690    0.676658
    959700    0.672332
    959710    0.641195
    959720    0.657861
    959730    0.613896
    959740    0.684872
    959750    0.664964
    959760    0.749636
    959770    0.696662
    959780    0.664399
    959790    0.614711
    959800    0.726401
    959810    0.730216
    959820    0.693409
    959830    0.643309
    959840    0.655059
    959850    0.664726
    959860    0.641639
    959870    0.689807
    959880    0.635552
    959890    0.622113
    959900    0.575574
    959910    0.636941
    959920    0.628523
    959930    0.610365
    959940     0.65919
    959950    0.637333
    959960    0.638561
    959970    0.573655
    959980    0.599229
    959990    0.636634
    960000    0.653168
    960010    0.674566
    960020    0.659382
    960030    0.615552
    960040    0.611644
    960050    0.672129
    960060     0.56724
    960070    0.631868
    960080    0.649954
    960090    0.656318
    960100    0.726674
    960110    0.650258
    960120    0.646392
    960130    0.645728
    960140    0.587618
    960150    0.683684
    960160    0.600082
    960170     0.56814
    960180    0.643422
    960190    0.677793
    960200    0.696163
    960210     0.63952
    960220    0.596505
    960230    0.620436
    960240    0.681591
    960250    0.579695
    960260    0.669641
    960270     0.67576
    960280    0.678226
    960290    0.703201
    960300    0.687337
    960310    0.616458
    960320    0.588768
    960330    0.624305
    960340    0.599773
    960350     0.66288
    960360    0.606386
    960370    0.524742
    960380    0.630103
    960390     0.48321
    960400    0.570286
    960410    0.641055
    960420    0.663287
    960430    0.647275
    960440    0.555792
    960450    0.637926
    960460    0.604581
    960470    0.584752
    960480    0.586991
    960490    0.650708
    960500    0.578885
    960510    0.565735
    960520    0.629261
    960530    0.591542
    960540    0.659219
    960550    0.593252
    960560    0.555877
    960570    0.595413
    960580     0.53126
    960590    0.589415
    960600      0.6231
    960610    0.573383
    960620    0.613035
    960630    0.632377
    960640    0.594399
    960650    0.591843
    960660     0.55407
    960670    0.650945
    960680     0.64361
    960690     0.60351
    960700    0.620075
    960710    0.602882
    960720    0.659099
    960730    0.634336
    960740    0.550191
    960750     0.69012
    960760    0.616314
    960770    0.657272
    960780    0.597919
    960790    0.623034
    960800    0.594731
    960810     0.61919
    960820    0.631512
    960830    0.624564
    960840    0.613792
    960850    0.541646
    960860    0.586784
    960870    0.584632
    960880    0.615527
    960890    0.660815
    960900    0.645882
    960910    0.603881
    960920    0.637199
    960930    0.681642
    960940    0.683568
    960950    0.678644
    960960    0.604462
    960970    0.614277
    960980    0.618105
    960990      0.5999
    961000    0.599652
    961010    0.601914
    961020    0.626056
    961030    0.624719
    961040    0.599284
    961050    0.569515
    961060    0.579405
    961070     0.56744
    961080    0.571626
    961090    0.606882
    961100    0.611895
    961110    0.612935
    961120     0.61963
    961130     0.54938
    961140    0.607732
    961150    0.630297
    961160     0.60292
    961170      0.5162
    961180    0.605981
    961190    0.616261
    961200      0.6339
    961210    0.683687
    961220     0.67849
    961230    0.641284
    961240    0.579734
    961250    0.635453
    961260    0.715681
    961270    0.652509
    961280    0.613512
    961290    0.640549
    961300    0.689052
    961310    0.677291
    961320    0.628568
    961330    0.656487
    961340    0.625774
    961350    0.611266
    961360      0.6262
    961370    0.728128
    961380    0.662337
    961390    0.607097
    961400    0.686564
    961410    0.650781
    961420    0.617065
    961430    0.543492
    961440    0.727421
    961450    0.573158
    961460    0.575672
    961470     0.57937
    961480    0.611051
    961490    0.593487
    961500    0.639912
    961510    0.677976
    961520    0.566087
    961530    0.605676
    961540    0.670089
    961550    0.672072
    961560    0.592801
    961570    0.695237
    961580    0.585891
    961590    0.555333
    961600    0.606772
    961610     0.66051
    961620    0.616987
    961630    0.669908
    961640    0.683819
    961650    0.667124
    961660     0.63908
    961670    0.699246
    961680    0.681939
    961690    0.685647
    961700    0.726833
    961710    0.681308
    961720    0.712042
    961730    0.716739
    961740    0.632074
    961750    0.668673
    961760    0.750614
    961770     0.60329
    961780    0.633041
    961790     0.65076
    961800    0.645832
    961810    0.675392
    961820    0.654012
    961830    0.670915
    961840    0.684283
    961850    0.651137
    961860    0.620815
    961870    0.615237
    961880    0.619329
    961890    0.570741
    961900    0.678754
    961910     0.59392
    961920     0.64408
    961930    0.697459
    961940     0.62872
    961950    0.606901
    961960    0.577774
    961970    0.530294
    961980    0.558678
    961990    0.537681
    962000    0.524231
    962010     0.69327
    962020    0.591267
    962030    0.664865
    962040    0.603708
    962050    0.578389
    962060    0.581353
    962070    0.586675
    962080    0.530381
    962090    0.649926
    962100    0.631126
    962110    0.629933
    962120     0.64377
    962130    0.657003
    962140    0.631906
    962150    0.598873
    962160    0.632653
    962170    0.648979
    962180     0.67887
    962190    0.671722
    962200    0.585149
    962210    0.650137
    962220    0.681388
    962230    0.595102
    962240    0.634212
    962250    0.613401
    962260    0.562558
    962270    0.614249
    962280    0.635361
    962290    0.557447
    962300    0.681415
    962310    0.604367
    962320    0.643494
    962330    0.656992
    962340    0.586325
    962350    0.612696
    962360    0.618221
    962370    0.659188
    962380    0.650534
    962390    0.676207
    962400    0.711752
    962410     0.67785
    962420     0.58712
    962430    0.664846
    962440    0.646275
    962450    0.602324
    962460    0.578284
    962470    0.664474
    962480    0.569823
    962490    0.643875
    962500    0.604728
    962510     0.62835
    962520    0.592715
    962530    0.575949
    962540    0.568718
    962550    0.534778
    962560    0.601427
    962570    0.544941
    962580    0.577938
    962590    0.635599
    962600     0.66321
    962610    0.656144
    962620     0.62568
    962630    0.584255
    962640    0.620903
    962650    0.594965
    962660    0.644273
    962670    0.649047
    962680    0.712138
    962690    0.587015
    962700    0.642234
    962710    0.742788
    962720    0.678786
    962730    0.692439
    962740    0.696039
    962750    0.655476
    962760     0.70653
    962770    0.687937
    962780    0.623406
    962790    0.661784
    962800    0.595599
    962810    0.593514
    962820    0.681624
    962830    0.633815
    962840    0.635778
    962850    0.646578
    962860    0.599367
    962870    0.648355
    962880    0.625614
    962890    0.677485
    962900    0.660743
    962910    0.626873
    962920    0.612927
    962930     0.69124
    962940    0.667223
    962950    0.613379
    962960    0.598934
    962970    0.646655
    962980    0.558559
    962990    0.585883
    963000    0.554759
    963010    0.609511
    963020    0.676056
    963030    0.631724
    963040    0.611952
    963050    0.647778
    963060    0.621925
    963070    0.629592
    963080    0.567317
    963090    0.634109
    963100    0.637678
    963110    0.608976
    963120    0.628626
    963130    0.608034
    963140    0.613934
    963150    0.632571
    963160    0.700768
    963170    0.655685
    963180    0.663325
    963190    0.550756
    963200    0.596625
    963210    0.600571
    963220    0.618317
    963230    0.694795
    963240    0.614014
    963250    0.599594
    963260    0.626755
    963270    0.625118
    963280    0.611038
    963290    0.636609
    963300    0.737796
    963310    0.666352
    963320    0.675037
    963330    0.665784
    963340      0.6265
    963350     0.61799
    963360    0.643972
    963370    0.584413
    963380    0.624202
    963390    0.673387
    963400     0.66956
    963410      0.6789
    963420    0.611181
    963430    0.587851
    963440    0.605938
    963450    0.577659
    963460    0.649291
    963470    0.625972
    963480    0.576311
    963490    0.627167
    963500    0.670887
    963510     0.66849
    963520    0.626013
    963530    0.757957
    963540    0.709525
    963550    0.675104
    963560    0.737389
    963570    0.646086
    963580    0.606605
    963590    0.676754
    963600    0.707257
    963610    0.700444
    963620     0.64169
    963630    0.598811
    963640    0.655061
    963650    0.645742
    963660     0.65704
    963670    0.608904
    963680    0.626634
    963690    0.704672
    963700    0.637509
    963710    0.650568
    963720    0.668699
    963730    0.638421
    963740    0.583523
    963750    0.685464
    963760    0.677127
    963770    0.598691
    963780    0.635703
    963790    0.687604
    963800    0.650364
    963810    0.662794
    963820    0.637881
    963830    0.664068
    963840    0.629244
    963850    0.680123
    963860    0.654594
    963870    0.675336
    963880    0.647748
    963890    0.618775
    963900    0.677108
    963910    0.598919
    963920    0.669905
    963930    0.588054
    963940    0.666051
    963950    0.657757
    963960    0.733683
    963970     0.60535
    963980    0.743658
    963990    0.624909
    964000    0.731504
    964010     0.68856
    964020    0.677653
    964030    0.619752
    964040    0.677375
    964050    0.578716
    964060    0.716796
    964070    0.642705
    964080    0.706934
    964090    0.652903
    964100    0.748821
    964110    0.682423
    964120    0.712971
    964130    0.680147
    964140    0.676522
    964150    0.759005
    964160    0.690429
    964170    0.750449
    964180    0.732538
    964190    0.756317
    964200     0.65794
    964210    0.710209
    964220    0.713408
    964230    0.649269
    964240    0.702217
    964250    0.687824
    964260    0.715395
    964270    0.643293
    964280    0.640787
    964290    0.667191
    964300    0.670486
    964310    0.678999
    964320    0.662861
    964330    0.652683
    964340    0.611444
    964350      0.5949
    964360    0.658571
    964370     0.58693
    964380    0.626187
    964390    0.701288
    964400    0.649667
    964410       0.669
    964420    0.615741
    964430    0.662345
    964440    0.648981
    964450     0.57427
    964460     0.63806
    964470    0.586713
    964480    0.616812
    964490    0.627363
    964500     0.62653
    964510    0.657633
    964520    0.641463
    964530    0.629617
    964540    0.619262
    964550     0.66888
    964560    0.634227
    964570    0.602884
    964580    0.611616
    964590    0.642422
    964600     0.65447
    964610    0.666616
    964620    0.660946
    964630    0.661729
    964640    0.742961
    964650     0.66747
    964660    0.650486
    964670    0.617193
    964680     0.57339
    964690     0.63919
    964700    0.631451
    964710    0.662366
    964720    0.607007
    964730    0.571788
    964740    0.688096
    964750    0.619421
    964760    0.545377
    964770    0.648129
    964780     0.59614
    964790    0.688189
    964800    0.600702
    964810    0.655081
    964820    0.567588
    964830    0.683391
    964840    0.695643
    964850    0.680916
    964860    0.677608
    964870    0.612658
    964880    0.699807
    964890    0.602288
    964900    0.656834
    964910    0.613241
    964920    0.613567
    964930    0.684466
    964940    0.638849
    964950     0.58633
    964960    0.614055
    964970    0.636424
    964980    0.656633
    964990    0.639294
    965000    0.631976
    965010    0.648832
    965020    0.731879
    965030    0.644379
    965040    0.655147
    965050    0.632985
    965060    0.685843
    965070    0.635075
    965080    0.648293
    965090    0.602972
    965100    0.609035
    965110    0.528592
    965120    0.653757
    965130     0.67887
    965140    0.530471
    965150    0.598266
    965160    0.545628
    965170    0.588524
    965180    0.636791
    965190    0.667796
    965200    0.655524
    965210    0.609098
    965220    0.597399
    965230    0.615524
    965240    0.640032
    965250     0.67374
    965260      0.5807
    965270    0.614327
    965280    0.623175
    965290    0.675249
    965300    0.688698
    965310     0.72204
    965320    0.635344
    965330    0.657188
    965340    0.619297
    965350    0.643978
    965360    0.683359
    965370    0.629129
    965380    0.665533
    965390    0.603331
    965400    0.650951
    965410    0.694982
    965420    0.644505
    965430    0.646266
    965440     0.68694
    965450    0.594043
    965460    0.578055
    965470    0.591482
    965480    0.619055
    965490    0.587113
    965500    0.669757
    965510    0.627118
    965520    0.571439
    965530    0.611145
    965540    0.576122
    965550    0.622242
    965560    0.649136
    965570    0.630503
    965580    0.558614
    965590    0.603063
    965600    0.619754
    965610    0.656561
    965620    0.615156
    965630    0.667103
    965640    0.611243
    965650    0.637168
    965660    0.664614
    965670    0.593978
    965680    0.647407
    965690    0.707613
    965700    0.692698
    965710    0.635066
    965720    0.678522
    965730    0.651685
    965740    0.574397
    965750     0.71547
    965760    0.717892
    965770     0.60955
    965780    0.642759
    965790    0.631512
    965800    0.622857
    965810     0.72108
    965820     0.59259
    965830    0.665045
    965840    0.635324
    965850    0.673166
    965860     0.76356
    965870    0.656273
    965880    0.739162
    965890    0.656375
    965900    0.680059
    965910    0.635784
    965920    0.718501
    965930    0.671654
    965940    0.552934
    965950    0.660686
    965960     0.69766
    965970    0.640173
    965980    0.704198
    965990    0.737596
    966000    0.687931
    966010    0.698687
    966020    0.612167
    966030    0.644251
    966040    0.679355
    966050    0.645941
    966060    0.694436
    966070     0.64183
    966080    0.605588
    966090     0.67007
    966100    0.649592
    966110    0.614609
    966120    0.624947
    966130    0.665281
    966140    0.681215
    966150    0.669697
    966160     0.70978
    966170    0.659802
    966180    0.653293
    966190    0.666152
    966200    0.664301
    966210    0.686448
    966220    0.709935
    966230    0.696582
    966240    0.704144
    966250     0.70979
    966260    0.658857
    966270    0.660091
    966280    0.692569
    966290    0.674808
    966300    0.743019
    966310    0.630167
    966320    0.663467
    966330    0.678383
    966340    0.767093
    966350    0.598976
    966360    0.670834
    966370    0.685055
    966380     0.67719
    966390    0.626021
    966400     0.63109
    966410     0.72983
    966420      0.7041
    966430    0.632344
    966440    0.662019
    966450    0.706296
    966460     0.58278
    966470    0.687086
    966480     0.62868
    966490    0.654657
    966500     0.67635
    966510    0.622184
    966520    0.658102
    966530    0.583266
    966540    0.604388
    966550    0.611555
    966560    0.644813
    966570    0.685032
    966580    0.643576
    966590    0.650109
    966600    0.720286
    966610    0.680497
    966620    0.646185
    966630    0.669977
    966640    0.583784
    966650    0.598498
    966660    0.700189
    966670    0.630049
    966680     0.66873
    966690    0.615084
    966700    0.556757
    966710    0.539833
    966720     0.58724
    966730    0.548326
    966740    0.613984
    966750    0.607718
    966760    0.634904
    966770    0.643198
    966780     0.66399
    966790    0.620735
    966800    0.633546
    966810    0.677828
    966820    0.556242
    966830    0.533179
    966840    0.648411
    966850    0.652293
    966860    0.568491
    966870    0.635149
    966880    0.597847
    966890    0.603378
    966900    0.512373
    966910    0.541078
    966920    0.500852
    966930    0.541371
    966940     0.65711
    966950    0.670149
    966960    0.682762
    966970    0.635415
    966980    0.660683
    966990    0.663318
    967000    0.614992
    967010    0.671276
    967020    0.662837
    967030    0.601535
    967040    0.609234
    967050    0.657426
    967060    0.615539
    967070    0.731885
    967080     0.62209
    967090    0.628214
    967100    0.602013
    967110    0.572834
    967120    0.567406
    967130    0.601231
    967140    0.569327
    967150    0.650863
    967160    0.631033
    967170    0.651706
    967180    0.690136
    967190    0.664391
    967200     0.62315
    967210    0.656011
    967220    0.656647
    967230    0.670354
    967240    0.666259
    967250    0.644399
    967260    0.707233
    967270    0.596009
    967280     0.61553
    967290    0.616619
    967300    0.633047
    967310    0.646512
    967320    0.690461
    967330    0.701314
    967340    0.678293
    967350    0.684747
    967360    0.621411
    967370    0.636007
    967380    0.596114
    967390    0.694155
    967400    0.686218
    967410    0.640185
    967420    0.693121
    967430    0.709304
    967440    0.637831
    967450    0.662324
    967460    0.641406
    967470    0.633689
    967480    0.642123
    967490    0.612345
    967500    0.608914
    967510    0.643583
    967520    0.699533
    967530    0.685076
    967540    0.737191
    967550    0.652058
    967560    0.721315
    967570    0.653878
    967580    0.626976
    967590    0.650147
    967600    0.611171
    967610    0.618518
    967620    0.613356
    967630    0.656479
    967640    0.635161
    967650    0.666047
    967660    0.597161
    967670    0.731437
    967680    0.663415
    967690    0.608777
    967700    0.593216
    967710    0.655305
    967720    0.707678
    967730    0.658141
    967740    0.617593
    967750    0.650122
    967760    0.618518
    967770    0.621855
    967780    0.659868
    967790    0.545183
    967800    0.671094
    967810    0.507699
    967820    0.681861
    967830    0.603593
    967840    0.611752
    967850     0.63785
    967860    0.635632
    967870    0.632051
    967880    0.569125
    967890    0.599828
    967900    0.651164
    967910    0.690496
    967920    0.673679
    967930    0.696902
    967940    0.678761
    967950    0.666258
    967960    0.756773
    967970     0.67174
    967980    0.581801
    967990    0.719262
    968000    0.752969
    968010    0.703276
    968020     0.65718
    968030    0.657701
    968040    0.698441
    968050    0.609839
    968060    0.621729
    968070    0.647537
    968080    0.668053
    968090    0.663123
    968100    0.667512
    968110    0.665314
    968120     0.65897
    968130    0.690611
    968140    0.707562
    968150    0.741029
    968160     0.68834
    968170    0.700169
    968180    0.656045
    968190    0.673972
    968200    0.651297
    968210    0.688805
    968220    0.672671
    968230     0.66994
    968240    0.592367
    968250    0.657204
    968260    0.635636
    968270      0.6486
    968280    0.734654
    968290    0.616097
    968300     0.64153
    968310    0.590126
    968320     0.53984
    968330    0.676422
    968340    0.611137
    968350    0.601725
    968360    0.649286
    968370     0.56637
    968380    0.621423
    968390    0.680489
    968400    0.639265
    968410     0.64494
    968420    0.652051
    968430    0.586592
    968440     0.52915
    968450    0.682314
    968460    0.662483
    968470    0.692831
    968480    0.674084
    968490    0.585998
    968500    0.608927
    968510    0.637747
    968520     0.64941
    968530    0.672915
    968540    0.643209
    968550    0.720331
    968560    0.709938
    968570    0.596602
    968580    0.650853
    968590    0.590557
    968600    0.635143
    968610    0.568173
    968620    0.568895
    968630    0.628559
    968640    0.636004
    968650    0.601266
    968660    0.617696
    968670    0.601888
    968680    0.685448
    968690    0.518312
    968700    0.630703
    968710    0.509586
    968720     0.57885
    968730    0.637271
    968740    0.570673
    968750    0.568398
    968760    0.566026
    968770    0.561538
    968780    0.508097
    968790    0.615541
    968800    0.539748
    968810    0.649802
    968820    0.661395
    968830    0.617235
    968840    0.629726
    968850     0.64023
    968860    0.631288
    968870    0.621555
    968880    0.677071
    968890    0.647333
    968900    0.607545
    968910    0.647048
    968920    0.624361
    968930    0.574683
    968940    0.670484
    968950    0.585392
    968960    0.624084
    968970    0.580925
    968980    0.637124
    968990    0.547152
    969000    0.574579
    969010    0.610885
    969020     0.62042
    969030    0.626564
    969040    0.665769
    969050    0.577646
    969060    0.604937
    969070    0.626924
    969080    0.589117
    969090    0.614491
    969100    0.636209
    969110    0.570042
    969120    0.561477
    969130    0.554459
    969140    0.578532
    969150    0.534716
    969160    0.558147
    969170    0.658703
    969180    0.609052
    969190    0.624264
    969200    0.673921
    969210    0.638868
    969220    0.576417
    969230    0.623131
    969240    0.628083
    969250    0.573444
    969260    0.644171
    969270    0.615853
    969280    0.601905
    969290    0.608212
    969300    0.634904
    969310    0.607554
    969320    0.612871
    969330    0.673578
    969340    0.645482
    969350    0.697287
    969360    0.693336
    969370     0.74738
    969380     0.65582
    969390    0.674721
    969400    0.659842
    969410    0.658033
    969420     0.72656
    969430    0.720829
    969440    0.676004
    969450     0.68588
    969460    0.652021
    969470    0.736463
    969480    0.684827
    969490    0.672996
    969500    0.661456
    969510    0.679509
    969520    0.601989
    969530    0.684286
    969540     0.74345
    969550    0.706408
    969560    0.648441
    969570    0.710979
    969580     0.72112
    969590    0.686194
    969600    0.671086
    969610    0.705465
    969620    0.783607
    969630    0.792957
    969640    0.672731
    969650    0.702507
    969660     0.66319
    969670    0.706947
    969680    0.642021
    969690    0.657788
    969700    0.534132
    969710    0.675168
    969720    0.607272
    969730    0.713038
    969740    0.537147
    969750    0.616875
    969760    0.609054
    969770    0.690758
    969780    0.587358
    969790    0.541576
    969800    0.594367
    969810     0.57224
    969820    0.580238
    969830    0.656304
    969840      0.6132
    969850    0.528628
    969860    0.589855
    969870    0.607804
    969880    0.650118
    969890      0.6127
    969900    0.619645
    969910    0.619974
    969920    0.595464
    969930    0.631926
    969940    0.597612
    969950    0.573046
    969960    0.602123
    969970     0.64538
    969980    0.612805
    969990    0.604072
    970000    0.651497
    970010    0.585513
    970020    0.629853
    970030    0.639871
    970040    0.586491
    970050    0.617777
    970060    0.595571
    970070    0.586106
    970080    0.619152
    970090    0.628617
    970100    0.642565
    970110    0.614328
    970120    0.614087
    970130    0.643602
    970140    0.614781
    970150    0.593683
    970160    0.581915
    970170    0.670198
    970180    0.592884
    970190    0.667659
    970200    0.590399
    970210    0.658116
    970220    0.543081
    970230    0.621507
    970240    0.678099
    970250    0.584761
    970260    0.717398
    970270    0.628411
    970280    0.613688
    970290    0.659492
    970300    0.631133
    970310    0.686194
    970320    0.678583
    970330    0.663194
    970340    0.595964
    970350    0.601154
    970360    0.636711
    970370     0.71221
    970380    0.696358
    970390    0.708902
    970400    0.672058
    970410    0.651043
    970420    0.677132
    970430     0.56973
    970440    0.729623
    970450    0.723038
    970460    0.674522
    970470    0.696109
    970480    0.723333
    970490    0.601339
    970500    0.650294
    970510    0.704562
    970520     0.68086
    970530    0.751461
    970540    0.683092
    970550    0.733795
    970560     0.75684
    970570    0.648062
    970580    0.666726
    970590    0.697985
    970600    0.758132
    970610    0.633087
    970620    0.664708
    970630    0.646444
    970640    0.672936
    970650    0.660272
    970660    0.726978
    970670    0.683549
    970680    0.677128
    970690    0.684493
    970700    0.748613
    970710    0.666072
    970720    0.701734
    970730    0.707058
    970740    0.594743
    970750    0.700817
    970760     0.67127
    970770     0.73852
    970780    0.682976
    970790    0.788014
    970800    0.722303
    970810    0.727629
    970820    0.761288
    970830    0.713459
    970840    0.745344
    970850    0.693155
    970860    0.725639
    970870    0.733597
    970880    0.748005
    970890    0.737785
    970900    0.704387
    970910    0.702024
    970920    0.652188
    970930    0.703828
    970940    0.635598
    970950    0.718508
    970960    0.748304
    970970    0.731146
    970980    0.748828
    970990    0.836512
    971000    0.717311
    971010    0.814752
    971020    0.742288
    971030    0.726779
    971040    0.761829
    971050    0.682126
    971060    0.793787
    971070    0.751813
    971080    0.717798
    971090    0.704834
    971100     0.67453
    971110    0.710548
    971120    0.700126
    971130     0.69255
    971140    0.769713
    971150    0.806736
    971160    0.676134
    971170    0.679152
    971180     0.72625
    971190    0.786582
    971200    0.730262
    971210    0.729573
    971220    0.748719
    971230    0.796787
    971240    0.744818
    971250    0.712944
    971260    0.668896
    971270    0.719177
    971280    0.762503
    971290    0.760683
    971300    0.774688
    971310       0.736
    971320    0.685561
    971330    0.628995
    971340     0.73156
    971350    0.774979
    971360    0.740382
    971370     0.70706
    971380    0.719292
    971390    0.703326
    971400    0.732197
    971410    0.756861
    971420    0.689167
    971430    0.719563
    971440    0.764668
    971450    0.707638
    971460       0.781
    971470    0.672112
    971480    0.647519
    971490    0.721456
    971500    0.740771
    971510    0.726069
    971520    0.660373
    971530    0.727577
    971540    0.589367
    971550      0.6897
    971560    0.725589
    971570    0.673986
    971580     0.70009
    971590    0.615923
    971600     0.69015
    971610    0.641603
    971620    0.632627
    971630    0.633012
    971640    0.642425
    971650    0.682085
    971660    0.559153
    971670    0.602503
    971680    0.651665
    971690    0.699038
    971700    0.667215
    971710    0.704756
    971720    0.679869
    971730     0.74001
    971740    0.575165
    971750    0.710057
    971760    0.615623
    971770    0.686134
    971780    0.700764
    971790    0.709984
    971800    0.757228
    971810     0.74268
    971820    0.625541
    971830    0.668729
    971840    0.721483
    971850    0.685878
    971860    0.761488
    971870    0.640249
    971880    0.651325
    971890    0.635269
    971900     0.68355
    971910    0.700378
    971920    0.681829
    971930    0.691781
    971940    0.617551
    971950    0.639984
    971960    0.626839
    971970    0.633052
    971980    0.642432
    971990     0.62137
    972000    0.697728
    972010    0.685312
    972020    0.680367
    972030    0.643222
    972040    0.680616
    972050    0.653574
    972060    0.681106
    972070    0.685674
    972080    0.597923
    972090    0.688811
    972100    0.681376
    972110    0.630359
    972120    0.696989
    972130    0.713715
    972140    0.704214
    972150     0.62176
    972160    0.577597
    972170    0.714142
    972180    0.690041
    972190    0.702597
    972200    0.661839
    972210    0.695083
    972220    0.667709
    972230    0.659545
    972240    0.621096
    972250    0.672334
    972260    0.658247
    972270    0.636168
    972280    0.573909
    972290    0.662627
    972300    0.602649
    972310    0.689027
    972320    0.652562
    972330    0.664771
    972340    0.619896
    972350    0.683982
    972360    0.701824
    972370    0.688059
    972380    0.666216
    972390    0.687431
    972400    0.605007
    972410    0.599901
    972420    0.664321
    972430    0.705776
    972440    0.634966
    972450    0.721632
    972460    0.734395
    972470    0.647358
    972480    0.742175
    972490    0.706614
    972500    0.661659
    972510    0.736906
    972520    0.688631
    972530    0.686486
    972540    0.699415
    972550    0.696518
    972560    0.694116
    972570    0.645401
    972580    0.724028
    972590     0.68132
    972600    0.620377
    972610    0.651669
    972620    0.672324
    972630    0.679748
    972640    0.637015
    972650    0.668219
    972660    0.662935
    972670    0.613638
    972680    0.530948
    972690    0.676398
    972700    0.695839
    972710    0.630868
    972720    0.644583
    972730    0.719562
    972740    0.693955
    972750    0.669047
    972760     0.59193
    972770    0.774714
    972780    0.742749
    972790    0.577481
    972800     0.53245
    972810    0.711041
    972820    0.618793
    972830    0.709079
    972840    0.675941
    972850    0.743072
    972860    0.663059
    972870    0.632701
    972880    0.671049
    972890    0.699489
    972900    0.643008
    972910    0.646671
    972920    0.632454
    972930    0.657944
    972940    0.664572
    972950    0.627599
    972960    0.629936
    972970    0.545159
    972980     0.60082
    972990     0.71063
    973000    0.732513
    973010    0.668318
    973020    0.657686
    973030     0.61413
    973040    0.657154
    973050     0.63736
    973060    0.667966
    973070    0.636529
    973080    0.627502
    973090    0.652595
    973100    0.690813
    973110    0.662228
    973120    0.660731
    973130    0.654645
    973140    0.645957
    973150    0.617355
    973160    0.688786
    973170    0.710332
    973180    0.644941
    973190    0.712972
    973200    0.624166
    973210    0.605155
    973220    0.614589
    973230    0.585804
    973240    0.611795
    973250    0.614809
    973260    0.628058
    973270    0.599237
    973280     0.63594
    973290    0.564698
    973300    0.560892
    973310    0.623764
    973320    0.764335
    973330    0.693382
    973340      0.6872
    973350    0.689087
    973360    0.670607
    973370     0.70287
    973380      0.6716
    973390    0.672677
    973400    0.684572
    973410    0.629376
    973420    0.649747
    973430    0.667856
    973440    0.564737
    973450    0.672596
    973460    0.658346
    973470    0.610144
    973480    0.630397
    973490    0.608204
    973500     0.56008
    973510    0.699142
    973520    0.726225
    973530    0.636121
    973540    0.631175
    973550    0.696483
    973560    0.564023
    973570    0.590591
    973580    0.550481
    973590    0.626139
    973600    0.555799
    973610    0.580168
    973620    0.641674
    973630    0.557841
    973640    0.605392
    973650    0.677336
    973660    0.556908
    973670    0.640314
    973680    0.559219
    973690    0.600698
    973700    0.618627
    973710    0.539526
    973720    0.584023
    973730    0.556623
    973740    0.580569
    973750    0.583531
    973760    0.577969
    973770    0.589152
    973780    0.596125
    973790     0.61943
    973800    0.668062
    973810    0.663174
    973820    0.695762
    973830    0.589068
    973840    0.636521
    973850    0.629466
    973860    0.572787
    973870    0.717317
    973880    0.592121
    973890    0.733378
    973900    0.704394
    973910    0.656381
    973920     0.66932
    973930    0.674423
    973940    0.681453
    973950     0.73818
    973960    0.592231
    973970     0.63369
    973980    0.617301
    973990    0.659109
    974000    0.664839
    974010    0.613554
    974020    0.569504
    974030    0.628823
    974040    0.664576
    974050    0.616611
    974060    0.623131
    974070    0.608667
    974080    0.651435
    974090    0.616613
    974100    0.595582
    974110    0.641202
    974120    0.615151
    974130    0.549664
    974140    0.596955
    974150    0.591163
    974160    0.612899
    974170    0.603036
    974180    0.583183
    974190    0.589346
    974200    0.639068
    974210     0.68689
    974220    0.611109
    974230    0.674424
    974240    0.597766
    974250    0.542739
    974260    0.621812
    974270    0.588017
    974280    0.640918
    974290    0.651996
    974300    0.589817
    974310    0.568286
    974320    0.574458
    974330    0.563329
    974340    0.573334
    974350    0.570231
    974360    0.556911
    974370    0.553018
    974380    0.573469
    974390    0.564304
    974400    0.546422
    974410    0.530374
    974420    0.620044
    974430    0.648251
    974440    0.547339
    974450    0.683127
    974460    0.618322
    974470    0.649458
    974480    0.584756
    974490    0.586894
    974500    0.582864
    974510    0.676753
    974520    0.711158
    974530    0.580172
    974540    0.612309
    974550     0.60706
    974560    0.614291
    974570    0.715392
    974580    0.669949
    974590    0.664058
    974600    0.670357
    974610    0.729412
    974620     0.76684
    974630    0.565771
    974640    0.622013
    974650    0.665996
    974660    0.687425
    974670    0.634681
    974680    0.590691
    974690    0.596193
    974700    0.677379
    974710    0.635714
    974720    0.627151
    974730    0.615077
    974740    0.524806
    974750    0.603204
    974760     0.59904
    974770    0.617142
    974780    0.559147
    974790    0.636972
    974800    0.507938
    974810    0.649801
    974820    0.514178
    974830    0.567229
    974840    0.525633
    974850     0.61054
    974860    0.647057
    974870    0.590936
    974880    0.599223
    974890    0.558839
    974900    0.615874
    974910    0.633927
    974920    0.617073
    974930    0.612716
    974940    0.632054
    974950    0.662059
    974960    0.649326
    974970     0.61426
    974980    0.674864
    974990    0.704342
    975000      0.6757
    975010    0.680041
    975020    0.705914
    975030    0.727089
    975040    0.713327
    975050    0.666485
    975060    0.640441
    975070    0.697266
    975080    0.673158
    975090    0.646027
    975100    0.677941
    975110    0.677305
    975120    0.635357
    975130    0.713332
    975140    0.672063
    975150    0.602379
    975160    0.678812
    975170    0.715682
    975180    0.683981
    975190    0.634565
    975200    0.706336
    975210    0.695153
    975220    0.631881
    975230    0.632464
    975240    0.689629
    975250    0.666229
    975260    0.674599
    975270    0.685541
    975280    0.683482
    975290    0.668888
    975300    0.686752
    975310     0.71044
    975320    0.647712
    975330    0.599801
    975340    0.681188
    975350    0.621537
    975360    0.600711
    975370    0.635527
    975380      0.5625
    975390    0.687829
    975400    0.717399
    975410     0.69167
    975420    0.665244
    975430    0.726739
    975440    0.658124
    975450    0.760443
    975460    0.692566
    975470    0.671051
    975480    0.695087
    975490    0.653872
    975500    0.620445
    975510    0.688287
    975520    0.693453
    975530    0.698493
    975540    0.693175
    975550    0.726014
    975560    0.626511
    975570    0.680317
    975580    0.669404
    975590    0.664921
    975600    0.709474
    975610    0.643166
    975620    0.728738
    975630    0.668252
    975640    0.613154
    975650    0.689117
    975660    0.693436
    975670    0.710958
    975680    0.698054
    975690     0.70573
    975700    0.680896
    975710    0.749713
    975720     0.72996
    975730    0.694886
    975740    0.719989
    975750    0.759221
    975760    0.697664
    975770    0.748579
    975780    0.593453
    975790     0.65428
    975800     0.68839
    975810    0.670251
    975820    0.642283
    975830    0.622391
    975840    0.692836
    975850    0.720447
    975860    0.681115
    975870    0.683602
    975880    0.732467
    975890    0.726301
    975900    0.768753
    975910    0.738918
    975920    0.665457
    975930    0.694579
    975940    0.741254
    975950    0.708176
    975960    0.692123
    975970    0.722069
    975980      0.7212
    975990    0.774093
    976000    0.721798
    976010    0.739447
    976020    0.677957
    976030    0.690669
    976040    0.645405
    976050    0.691201
    976060    0.676872
    976070     0.67406
    976080    0.771694
    976090    0.637652
    976100    0.699995
    976110    0.675513
    976120    0.712932
    976130    0.713327
    976140    0.770327
    976150    0.682887
    976160     0.72828
    976170    0.743173
    976180    0.623889
    976190    0.617081
    976200    0.699327
    976210    0.645632
    976220    0.748134
    976230    0.704858
    976240    0.730001
    976250    0.683375
    976260    0.588991
    976270    0.705825
    976280     0.67449
    976290     0.67607
    976300    0.721745
    976310     0.71796
    976320    0.716978
    976330    0.704177
    976340    0.747991
    976350    0.644052
    976360    0.775994
    976370    0.792823
    976380     0.74072
    976390    0.738896
    976400    0.691733
    976410    0.672458
    976420    0.698619
    976430    0.657415
    976440    0.720834
    976450    0.724627
    976460     0.65654
    976470     0.59082
    976480    0.729831
    976490    0.709025
    976500     0.69588
    976510     0.69203
    976520    0.733806
    976530     0.66749
    976540    0.766652
    976550    0.714875
    976560    0.749639
    976570    0.717221
    976580    0.680749
    976590    0.740785
    976600    0.690425
    976610    0.663619
    976620    0.686534
    976630    0.587952
    976640    0.717081
    976650    0.650892
    976660    0.707092
    976670    0.688842
    976680    0.644183
    976690    0.685283
    976700    0.575264
    976710    0.606003
    976720    0.612752
    976730    0.661732
    976740     0.70763
    976750     0.69371
    976760    0.705465
    976770    0.714206
    976780    0.720379
    976790    0.701701
    976800    0.746541
    976810    0.711907
    976820    0.666364
    976830    0.549664
    976840    0.651564
    976850    0.687604
    976860    0.730185
    976870    0.678292
    976880    0.693613
    976890    0.733995
    976900    0.709409
    976910     0.68088
    976920    0.635963
    976930    0.664954
    976940     0.65906
    976950     0.72765
    976960    0.696082
    976970    0.741336
    976980    0.715648
    976990    0.743475
    977000    0.671445
    977010    0.721158
    977020    0.767283
    977030    0.744344
    977040    0.733939
    977050    0.711858
    977060     0.68527
    977070    0.739106
    977080    0.682954
    977090    0.705675
    977100    0.634143
    977110    0.725533
    977120    0.744108
    977130    0.677854
    977140    0.739918
    977150    0.723499
    977160    0.727538
    977170    0.782242
    977180    0.661117
    977190    0.630225
    977200    0.677371
    977210      0.6126
    977220    0.692438
    977230    0.713492
    977240    0.740003
    977250     0.63988
    977260    0.708192
    977270     0.69622
    977280    0.624782
    977290    0.728735
    977300    0.785405
    977310    0.738438
    977320    0.720793
    977330    0.716214
    977340    0.685519
    977350    0.729548
    977360    0.712767
    977370    0.648608
    977380    0.598703
    977390     0.68184
    977400    0.591895
    977410    0.607603
    977420    0.633898
    977430    0.659881
    977440    0.695201
    977450    0.684883
    977460     0.69636
    977470    0.669347
    977480    0.691475
    977490    0.647755
    977500    0.720392
    977510    0.623522
    977520     0.68244
    977530    0.678567
    977540    0.621943
    977550    0.659741
    977560    0.636376
    977570    0.666173
    977580    0.620697
    977590     0.64907
    977600    0.635604
    977610    0.747996
    977620    0.626109
    977630     0.68091
    977640    0.658317
    977650    0.638701
    977660    0.631699
    977670    0.607605
    977680    0.603343
    977690    0.651591
    977700    0.636092
    977710    0.659322
    977720    0.651799
    977730    0.703265
    977740     0.67437
    977750    0.637095
    977760    0.631312
    977770    0.647414
    977780    0.702732
    977790    0.678808
    977800    0.708181
    977810     0.72695
    977820    0.575135
    977830    0.692398
    977840    0.647943
    977850    0.724973
    977860    0.707877
    977870    0.659674
    977880     0.66176
    977890    0.713686
    977900    0.668262
    977910     0.64702
    977920    0.627922
    977930    0.717704
    977940    0.695653
    977950    0.654823
    977960    0.746509
    977970    0.717658
    977980    0.693028
    977990    0.697224
    978000    0.617872
    978010    0.696321
    978020    0.698072
    978030     0.69259
    978040    0.722335
    978050    0.645253
    978060     0.59461
    978070    0.619245
    978080    0.755288
    978090    0.666801
    978100      0.6333
    978110    0.586359
    978120    0.636915
    978130    0.666049
    978140    0.669452
    978150    0.737688
    978160    0.652721
    978170    0.713225
    978180    0.702532
    978190    0.659219
    978200    0.689105
    978210       0.673
    978220    0.549267
    978230    0.567679
    978240    0.655751
    978250    0.619413
    978260     0.57193
    978270    0.581738
    978280    0.642655
    978290    0.642836
    978300    0.679333
    978310    0.708346
    978320    0.666147
    978330    0.612574
    978340    0.621092
    978350    0.607806
    978360    0.607671
    978370    0.570514
    978380    0.648121
    978390      0.5997
    978400    0.624756
    978410    0.587267
    978420    0.513822
    978430    0.618675
    978440    0.667787
    978450    0.645294
    978460    0.608004
    978470    0.629031
    978480    0.502787
    978490    0.680805
    978500    0.623224
    978510    0.661537
    978520    0.610809
    978530    0.665699
    978540    0.651063
    978550    0.595573
    978560    0.661843
    978570    0.524807
    978580    0.654157
    978590    0.682077
    978600    0.588499
    978610    0.562671
    978620     0.62819
    978630    0.628111
    978640    0.701993
    978650    0.646268
    978660    0.642423
    978670    0.680369
    978680    0.599194
    978690    0.671791
    978700    0.624447
    978710    0.673017
    978720    0.702934
    978730    0.647927
    978740    0.663766
    978750    0.647523
    978760    0.630999
    978770     0.67826
    978780    0.676471
    978790    0.680958
    978800    0.630743
    978810     0.67604
    978820    0.623196
    978830    0.744752
    978840    0.679457
    978850    0.550139
    978860    0.617216
    978870    0.639323
    978880    0.546842
    978890    0.658747
    978900    0.610682
    978910    0.657857
    978920    0.623652
    978930    0.617227
    978940    0.604414
    978950    0.599918
    978960     0.58786
    978970    0.554249
    978980    0.629151
    978990     0.68429
    979000    0.584114
    979010    0.651953
    979020    0.559441
    979030    0.545486
    979040    0.661713
    979050    0.631666
    979060    0.602359
    979070    0.660829
    979080    0.685797
    979090    0.608359
    979100     0.65222
    979110    0.571047
    979120    0.642949
    979130    0.565868
    979140    0.611465
    979150    0.670525
    979160    0.658784
    979170    0.559335
    979180    0.635776
    979190    0.622048
    979200    0.634005
    979210    0.593642
    979220    0.628166
    979230    0.587494
    979240    0.633483
    979250    0.577948
    979260    0.615128
    979270    0.658843
    979280     0.65504
    979290    0.552337
    979300    0.660097
    979310    0.638135
    979320    0.638122
    979330     0.67264
    979340    0.650546
    979350    0.581555
    979360     0.62615
    979370    0.629595
    979380    0.644935
    979390    0.691743
    979400    0.692163
    979410    0.642108
    979420    0.631098
    979430    0.615796
    979440    0.650605
    979450    0.584086
    979460    0.688664
    979470    0.630779
    979480    0.603233
    979490    0.589882
    979500    0.662875
    979510    0.646512
    979520     0.66626
    979530    0.633149
    979540    0.658911
    979550    0.649312
    979560      0.5696
    979570    0.649617
    979580    0.643523
    979590    0.672418
    979600    0.662958
    979610    0.628687
    979620    0.686888
    979630    0.609935
    979640    0.619387
    979650    0.657277
    979660    0.643497
    979670    0.575677
    979680    0.625656
    979690    0.645184
    979700    0.595446
    979710    0.626506
    979720    0.614686
    979730    0.567085
    979740    0.599619
    979750    0.626165
    979760    0.616473
    979770    0.659708
    979780    0.684443
    979790    0.598891
    979800    0.563282
    979810    0.575725
    979820    0.572119
    979830    0.464976
    979840    0.625927
    979850    0.593553
    979860    0.580656
    979870    0.611375
    979880    0.567526
    979890    0.549308
    979900    0.600991
    979910    0.676501
    979920    0.635686
    979930    0.649905
    979940     0.64742
    979950    0.692531
    979960     0.59809
    979970    0.638614
    979980    0.689851
    979990    0.655317
    980000    0.636012
    980010      0.6543
    980020    0.597584
    980030    0.571119
    980040    0.558506
    980050    0.551375
    980060    0.640259
    980070    0.601805
    980080    0.645073
    980090    0.545768
    980100    0.639153
    980110    0.547237
    980120    0.649413
    980130    0.578768
    980140    0.644501
    980150     0.59858
    980160    0.620207
    980170    0.530994
    980180     0.61959
    980190     0.56204
    980200    0.586047
    980210    0.538681
    980220    0.588796
    980230    0.535304
    980240    0.614809
    980250    0.586105
    980260    0.638821
    980270     0.56246
    980280    0.578476
    980290    0.583392
    980300    0.622241
    980310    0.605374
    980320    0.563821
    980330    0.571028
    980340    0.620302
    980350    0.658914
    980360    0.586026
    980370    0.665699
    980380    0.680583
    980390    0.557857
    980400    0.614917
    980410    0.508629
    980420    0.583007
    980430    0.559293
    980440     0.59811
    980450    0.575842
    980460    0.591633
    980470    0.577092
    980480    0.606324
    980490    0.540266
    980500    0.581609
    980510    0.573249
    980520    0.519647
    980530    0.538783
    980540    0.593329
    980550    0.600818
    980560     0.52579
    980570    0.563119
    980580    0.562811
    980590     0.57897
    980600    0.576502
    980610    0.548906
    980620    0.660832
    980630    0.583709
    980640    0.573377
    980650    0.565867
    980660    0.620744
    980670    0.630798
    980680    0.608385
    980690    0.490079
    980700     0.53621
    980710    0.615804
    980720    0.579468
    980730    0.539099
    980740    0.572705
    980750    0.583483
    980760    0.621257
    980770    0.607367
    980780    0.621822
    980790    0.596302
    980800    0.580316
    980810    0.621249
    980820    0.635602
    980830    0.642468
    980840    0.575704
    980850    0.589029
    980860    0.604804
    980870     0.58707
    980880     0.61955
    980890    0.577753
    980900    0.537991
    980910    0.577328
    980920    0.627502
    980930    0.568152
    980940    0.590644
    980950    0.587101
    980960    0.578215
    980970    0.560655
    980980    0.607025
    980990    0.591623
    981000     0.64736
    981010    0.586209
    981020    0.635195
    981030    0.622541
    981040    0.616141
    981050    0.612951
    981060     0.61338
    981070    0.603657
    981080    0.606521
    981090    0.631946
    981100    0.556711
    981110    0.556669
    981120    0.661949
    981130      0.6464
    981140    0.634551
    981150    0.609738
    981160    0.627262
    981170    0.616148
    981180    0.602245
    981190     0.65325
    981200    0.644994
    981210    0.608693
    981220    0.655601
    981230    0.606373
    981240     0.66705
    981250    0.560228
    981260    0.678356
    981270     0.59957
    981280    0.633394
    981290    0.630289
    981300    0.649818
    981310    0.540741
    981320    0.597016
    981330    0.614799
    981340    0.625081
    981350    0.592747
    981360     0.65352
    981370    0.600411
    981380    0.628867
    981390    0.594667
    981400     0.55913
    981410    0.579716
    981420    0.658218
    981430    0.617111
    981440    0.638615
    981450    0.562366
    981460    0.597331
    981470    0.596835
    981480    0.621777
    981490    0.555841
    981500    0.563725
    981510    0.548014
    981520    0.521437
    981530    0.649031
    981540    0.551065
    981550    0.549144
    981560    0.571308
    981570    0.591148
    981580    0.592797
    981590    0.597983
    981600    0.583504
    981610    0.556177
    981620    0.536204
    981630    0.662014
    981640    0.610606
    981650    0.648992
    981660    0.617796
    981670    0.656489
    981680    0.626775
    981690    0.611993
    981700    0.595798
    981710    0.583929
    981720    0.640376
    981730    0.610665
    981740    0.590943
    981750    0.603072
    981760    0.628479
    981770    0.648169
    981780    0.704835
    981790    0.633082
    981800    0.679282
    981810    0.655238
    981820    0.615378
    981830    0.629053
    981840    0.575368
    981850    0.606224
    981860    0.652596
    981870    0.650609
    981880    0.701046
    981890    0.592543
    981900    0.663766
    981910    0.541692
    981920    0.501289
    981930    0.551549
    981940    0.569385
    981950    0.628903
    981960    0.600865
    981970    0.543082
    981980    0.583169
    981990    0.578205
    982000    0.647603
    982010    0.588854
    982020     0.58036
    982030     0.52273
    982040    0.621334
    982050    0.600211
    982060    0.619215
    982070    0.611143
    982080    0.671981
    982090    0.668941
    982100    0.730701
    982110    0.583404
    982120    0.549453
    982130     0.57877
    982140    0.543297
    982150    0.690208
    982160    0.608447
    982170    0.593892
    982180    0.560527
    982190    0.567355
    982200    0.572195
    982210    0.540335
    982220     0.66128
    982230    0.613545
    982240    0.603768
    982250     0.58181
    982260    0.624837
    982270    0.600917
    982280    0.610503
    982290    0.557598
    982300    0.590065
    982310    0.611056
    982320    0.592897
    982330     0.62188
    982340    0.632661
    982350    0.648968
    982360    0.615752
    982370    0.665878
    982380    0.643697
    982390    0.639763
    982400    0.597074
    982410    0.575642
    982420    0.622411
    982430    0.541121
    982440    0.601344
    982450    0.607297
    982460    0.594424
    982470    0.531286
    982480    0.566066
    982490    0.549551
    982500    0.536329
    982510    0.577983
    982520    0.584593
    982530    0.600738
    982540    0.609805
    982550     0.58639
    982560    0.632803
    982570     0.51597
    982580    0.597042
    982590    0.562297
    982600    0.574643
    982610    0.512917
    982620    0.567421
    982630    0.610187
    982640    0.577752
    982650    0.579533
    982660    0.559859
    982670    0.542515
    982680    0.617179
    982690    0.555234
    982700    0.561153
    982710    0.561435
    982720    0.537839
    982730    0.632434
    982740    0.573785
    982750    0.567591
    982760    0.535772
    982770    0.590297
    982780    0.487151
    982790    0.565131
    982800    0.557192
    982810    0.533651
    982820    0.579346
    982830    0.569477
    982840    0.497266
    982850    0.547213
    982860    0.585539
    982870    0.584015
    982880    0.584765
    982890    0.673872
    982900    0.504816
    982910    0.537655
    982920    0.593262
    982930     0.60326
    982940    0.580152
    982950    0.563629
    982960    0.595764
    982970    0.538808
    982980    0.509146
    982990    0.580232
    983000    0.562196
    983010    0.496805
    983020    0.593807
    983030    0.509865
    983040    0.532795
    983050    0.556349
    983060    0.537258
    983070    0.521207
    983080    0.584194
    983090    0.585098
    983100    0.535753
    983110    0.559384
    983120    0.558342
    983130    0.579091
    983140    0.543086
    983150    0.561464
    983160    0.598892
    983170    0.502493
    983180    0.573073
    983190     0.57459
    983200    0.569765
    983210    0.532346
    983220    0.592236
    983230    0.590865
    983240     0.50016
    983250     0.57188
    983260     0.53535
    983270    0.544843
    983280    0.493614
    983290    0.566939
    983300    0.503615
    983310    0.548855
    983320    0.499011
    983330    0.550665
    983340    0.542139
    983350    0.528902
    983360    0.511548
    983370    0.575026
    983380    0.531355
    983390    0.545542
    983400     0.53018
    983410    0.535058
    983420    0.575312
    983430    0.565625
    983440    0.580656
    983450    0.585448
    983460    0.485834
    983470    0.578403
    983480    0.536741
    983490    0.496582
    983500    0.472205
    983510    0.497332
    983520    0.553955
    983530     0.55701
    983540    0.541032
    983550    0.603913
    983560    0.552486
    983570    0.606978
    983580    0.606744
    983590    0.558023
    983600    0.597537
    983610    0.473957
    983620    0.598338
    983630    0.471986
    983640    0.573351
    983650    0.576355
    983660     0.50325
    983670    0.585581
    983680    0.626549
    983690    0.569872
    983700    0.624595
    983710    0.611173
    983720    0.623641
    983730    0.571489
    983740    0.582256
    983750    0.541292
    983760    0.546586
    983770    0.526884
    983780    0.524166
    983790    0.538743
    983800    0.520126
    983810     0.54325
    983820     0.55683
    983830    0.514339
    983840    0.587945
    983850    0.498991
    983860    0.519917
    983870    0.585094
    983880    0.570278
    983890    0.516242
    983900    0.549173
    983910    0.588777
    983920     0.57071
    983930    0.523855
    983940    0.548749
    983950    0.648269
    983960    0.598736
    983970    0.570631
    983980    0.586517
    983990     0.60298
    984000    0.551032
    984010    0.552074
    984020    0.521304
    984030    0.630258
    984040    0.558302
    984050    0.582821
    984060    0.527663
    984070    0.582305
    984080    0.605696
    984090    0.602763
    984100    0.636287
    984110    0.642586
    984120    0.593502
    984130    0.628995
    984140    0.566323
    984150    0.561498
    984160    0.632695
    984170    0.591543
    984180    0.610482
    984190    0.567254
    984200    0.583243
    984210    0.618972
    984220      0.6102
    984230    0.625324
    984240    0.577784
    984250    0.637931
    984260    0.583816
    984270    0.535594
    984280     0.63003
    984290    0.607705
    984300    0.579698
    984310    0.600054
    984320    0.622856
    984330     0.64873
    984340    0.598486
    984350    0.620541
    984360    0.582635
    984370    0.626555
    984380    0.561508
    984390    0.572101
    984400    0.618787
    984410    0.617169
    984420    0.619155
    984430    0.679116
    984440    0.602459
    984450    0.649094
    984460    0.568529
    984470    0.574118
    984480    0.543894
    984490    0.604283
    984500    0.530069
    984510    0.534229
    984520    0.602087
    984530    0.568489
    984540    0.565618
    984550    0.601809
    984560    0.581933
    984570    0.592273
    984580    0.646149
    984590    0.622037
    984600     0.57611
    984610    0.646711
    984620    0.503069
    984630    0.559758
    984640    0.566224
    984650    0.528581
    984660    0.555839
    984670    0.564318
    984680    0.579173
    984690    0.581888
    984700    0.570109
    984710    0.533744
    984720    0.624498
    984730    0.529439
    984740    0.563885
    984750    0.582369
    984760    0.615975
    984770    0.530984
    984780    0.570643
    984790    0.512296
    984800    0.558426
    984810    0.536762
    984820    0.546036
    984830    0.596396
    984840    0.549241
    984850    0.610389
    984860     0.58321
    984870    0.585049
    984880    0.576037
    984890    0.511473
    984900    0.535958
    984910    0.553929
    984920    0.511232
    984930    0.533147
    984940    0.635299
    984950    0.630415
    984960    0.623186
    984970    0.662303
    984980    0.592525
    984990    0.640195
    985000    0.570086
    985010    0.567909
    985020    0.494025
    985030    0.525432
    985040    0.556796
    985050    0.521713
    985060    0.547824
    985070     0.55704
    985080    0.551009
    985090    0.511417
    985100    0.575143
    985110    0.596736
    985120    0.602609
    985130    0.540508
    985140    0.600555
    985150    0.499376
    985160    0.581764
    985170    0.603598
    985180    0.621311
    985190    0.590058
    985200    0.570277
    985210    0.579065
    985220    0.645778
    985230    0.682289
    985240    0.634413
    985250    0.598432
    985260    0.600715
    985270    0.608463
    985280    0.658883
    985290    0.648286
    985300    0.704538
    985310    0.688718
    985320    0.684133
    985330     0.65441
    985340    0.570283
    985350     0.62743
    985360    0.667324
    985370    0.662198
    985380    0.597245
    985390    0.683725
    985400    0.618833
    985410    0.605767
    985420    0.660463
    985430    0.618537
    985440    0.632572
    985450    0.726378
    985460    0.589608
    985470    0.595705
    985480    0.609995
    985490    0.689902
    985500    0.644233
    985510    0.619286
    985520    0.669269
    985530    0.619672
    985540    0.621029
    985550    0.632171
    985560    0.645415
    985570    0.603182
    985580    0.566615
    985590    0.566165
    985600    0.645751
    985610    0.649525
    985620    0.678682
    985630    0.644759
    985640    0.636371
    985650    0.576596
    985660    0.637484
    985670    0.627572
    985680    0.634893
    985690    0.577255
    985700    0.639767
    985710     0.61148
    985720    0.575197
    985730    0.620433
    985740    0.632946
    985750    0.611342
    985760    0.626656
    985770    0.645221
    985780    0.658146
    985790    0.657862
    985800    0.661135
    985810    0.643872
    985820     0.67908
    985830    0.636394
    985840     0.60987
    985850    0.708165
    985860    0.632655
    985870    0.678816
    985880     0.68242
    985890     0.72082
    985900    0.676076
    985910    0.655749
    985920    0.622479
    985930    0.597595
    985940    0.668822
    985950    0.655401
    985960    0.672834
    985970    0.720623
    985980    0.767841
    985990    0.729689
    986000    0.702077
    986010    0.752086
    986020    0.690476
    986030    0.657278
    986040    0.657676
    986050    0.670828
    986060    0.678963
    986070    0.708337
    986080    0.667721
    986090    0.740829
    986100    0.650602
    986110    0.636994
    986120    0.649414
    986130     0.67119
    986140    0.646129
    986150    0.620529
    986160    0.612492
    986170    0.632457
    986180    0.727444
    986190    0.642853
    986200    0.733003
    986210    0.681543
    986220    0.686053
    986230    0.642493
    986240    0.684288
    986250    0.708376
    986260    0.713622
    986270    0.713489
    986280    0.666885
    986290    0.688407
    986300    0.676207
    986310    0.711156
    986320    0.719921
    986330    0.626257
    986340    0.660811
    986350    0.669417
    986360    0.708295
    986370    0.637676
    986380    0.613477
    986390    0.706058
    986400    0.741334
    986410    0.739208
    986420      0.6653
    986430    0.657034
    986440    0.655492
    986450     0.71119
    986460    0.684654
    986470    0.752966
    986480    0.716443
    986490    0.697131
    986500    0.743331
    986510    0.694652
    986520    0.742718
    986530     0.71089
    986540    0.706952
    986550    0.693796
    986560    0.797394
    986570     0.69339
    986580    0.711147
    986590    0.694977
    986600     0.69626
    986610    0.711475
    986620    0.704274
    986630     0.69139
    986640    0.712588
    986650    0.720937
    986660    0.717939
    986670    0.707803
    986680    0.632431
    986690    0.774441
    986700    0.733864
    986710    0.683418
    986720    0.653302
    986730    0.633085
    986740    0.695355
    986750    0.676604
    986760    0.728108
    986770    0.687325
    986780    0.660244
    986790    0.671024
    986800     0.75231
    986810    0.627289
    986820    0.699045
    986830    0.613817
    986840    0.693287
    986850    0.651043
    986860    0.683599
    986870    0.717769
    986880     0.69045
    986890     0.69322
    986900    0.729536
    986910    0.713362
    986920    0.707178
    986930    0.682042
    986940    0.714151
    986950    0.636001
    986960    0.643218
    986970    0.699226
    986980    0.607654
    986990    0.680871
    987000    0.651979
    987010    0.661553
    987020    0.688007
    987030    0.712264
    987040     0.73991
    987050    0.684708
    987060    0.773824
    987070    0.644206
    987080     0.69081
    987090    0.688226
    987100    0.633145
    987110    0.693103
    987120    0.751587
    987130    0.683151
    987140    0.618097
    987150    0.640622
    987160    0.670049
    987170    0.702491
    987180    0.619533
    987190    0.644348
    987200    0.668784
    987210    0.647774
    987220    0.634335
    987230    0.618973
    987240    0.625907
    987250    0.671496
    987260    0.618892
    987270    0.672042
    987280    0.655131
    987290    0.706465
    987300    0.711932
    987310    0.605953
    987320    0.694578
    987330    0.653375
    987340    0.634915
    987350    0.639223
    987360    0.685869
    987370    0.731934
    987380     0.64199
    987390     0.60374
    987400    0.689759
    987410    0.703895
    987420    0.603817
    987430    0.699072
    987440    0.662359
    987450    0.688041
    987460    0.707339
    987470     0.64016
    987480    0.634138
    987490    0.622823
    987500    0.632973
    987510    0.649077
    987520    0.654113
    987530    0.678064
    987540    0.684504
    987550    0.706108
    987560    0.695839
    987570    0.677479
    987580    0.646881
    987590    0.702499
    987600    0.711462
    987610    0.618496
    987620     0.65763
    987630    0.610868
    987640    0.657072
    987650    0.634138
    987660    0.620341
    987670     0.62685
    987680    0.594593
    987690    0.631341
    987700    0.639435
    987710    0.643868
    987720    0.655878
    987730    0.577191
    987740    0.668452
    987750    0.666062
    987760     0.55456
    987770    0.560264
    987780    0.635291
    987790    0.580419
    987800    0.645074
    987810    0.703705
    987820    0.689878
    987830     0.65738
    987840    0.600707
    987850    0.605784
    987860    0.590215
    987870    0.616882
    987880    0.642693
    987890    0.577964
    987900    0.639944
    987910    0.689229
    987920    0.623334
    987930    0.648865
    987940    0.641978
    987950    0.672216
    987960     0.67634
    987970    0.587318
    987980    0.657518
    987990    0.691589
    988000    0.689496
    988010    0.664192
    988020    0.613892
    988030     0.58812
    988040    0.697692
    988050    0.650868
    988060    0.610345
    988070     0.63924
    988080    0.629107
    988090    0.657059
    988100     0.71057
    988110    0.760611
    988120    0.735658
    988130    0.670931
    988140    0.653575
    988150    0.656055
    988160    0.709321
    988170    0.656829
    988180     0.63019
    988190    0.730697
    988200    0.612481
    988210    0.694278
    988220    0.732297
    988230    0.613374
    988240    0.664901
    988250     0.73025
    988260    0.633492
    988270    0.650596
    988280    0.698205
    988290    0.654848
    988300    0.655219
    988310    0.605885
    988320    0.647678
    988330    0.568025
    988340    0.641366
    988350    0.665291
    988360    0.674597
    988370    0.662203
    988380    0.673446
    988390    0.667681
    988400    0.693006
    988410    0.700444
    988420    0.669203
    988430    0.645541
    988440    0.642351
    988450    0.571922
    988460     0.67641
    988470    0.637391
    988480    0.662083
    988490    0.669043
    988500    0.597357
    988510    0.628753
    988520    0.541433
    988530    0.638474
    988540    0.630241
    988550    0.602175
    988560    0.601682
    988570    0.650793
    988580     0.64011
    988590    0.620691
    988600    0.642908
    988610    0.663151
    988620    0.652042
    988630    0.626255
    988640    0.681666
    988650    0.626876
    988660    0.614189
    988670    0.720948
    988680    0.679952
    988690    0.770575
    988700    0.651016
    988710    0.725436
    988720     0.71504
    988730    0.714909
    988740    0.707962
    988750    0.733307
    988760    0.668983
    988770    0.736497
    988780    0.720855
    988790    0.698225
    988800    0.686942
    988810    0.644572
    988820    0.651504
    988830    0.679206
    988840    0.644616
    988850    0.649723
    988860    0.646998
    988870    0.687585
    988880    0.626414
    988890    0.625438
    988900    0.670669
    988910    0.672894
    988920    0.586881
    988930    0.643563
    988940    0.706362
    988950    0.591993
    988960    0.672244
    988970    0.621515
    988980    0.627638
    988990    0.654283
    989000    0.526471
    989010    0.661324
    989020    0.625221
    989030    0.668402
    989040    0.627679
    989050    0.660663
    989060       0.652
    989070    0.607453
    989080    0.682912
    989090    0.653548
    989100    0.662187
    989110    0.659691
    989120    0.646367
    989130     0.64459
    989140     0.69759
    989150    0.684581
    989160    0.627586
    989170    0.571234
    989180    0.654613
    989190    0.651338
    989200    0.646443
    989210    0.641467
    989220    0.701472
    989230    0.637187
    989240    0.702732
    989250    0.699744
    989260    0.679163
    989270     0.64379
    989280    0.632772
    989290    0.633585
    989300    0.669135
    989310    0.677283
    989320      0.6901
    989330    0.700755
    989340    0.626112
    989350    0.636727
    989360    0.673849
    989370    0.686992
    989380    0.604306
    989390    0.722008
    989400    0.741201
    989410    0.693502
    989420    0.724839
    989430    0.750048
    989440    0.705895
    989450    0.656906
    989460    0.682744
    989470    0.715574
    989480    0.687069
    989490    0.681382
    989500    0.697283
    989510    0.637537
    989520    0.648363
    989530    0.619941
    989540     0.68167
    989550    0.592151
    989560    0.707281
    989570    0.662174
    989580    0.682603
    989590    0.631288
    989600    0.628282
    989610     0.66634
    989620    0.739862
    989630    0.689311
    989640     0.64448
    989650    0.587063
    989660    0.612507
    989670    0.633754
    989680     0.64465
    989690    0.568721
    989700    0.487739
    989710    0.584798
    989720    0.636824
    989730     0.57923
    989740    0.622833
    989750    0.588054
    989760    0.605263
    989770    0.590179
    989780      0.6146
    989790    0.559346
    989800    0.622024
    989810    0.615491
    989820    0.601806
    989830    0.575272
    989840    0.536596
    989850    0.589177
    989860    0.562509
    989870    0.625761
    989880     0.55951
    989890    0.508333
    989900    0.586785
    989910    0.592824
    989920    0.635308
    989930    0.544794
    989940    0.628475
    989950    0.567877
    989960    0.593521
    989970    0.574687
    989980    0.572136
    989990    0.597253
    990000     0.54414
    990010    0.568471
    990020     0.56443
    990030    0.598312
    990040    0.621522
    990050    0.539544
    990060     0.51682
    990070    0.545128
    990080    0.548709
    990090    0.528947
    990100    0.583501
    990110    0.484364
    990120    0.573906
    990130    0.563408
    990140    0.543931
    990150    0.497967
    990160    0.500637
    990170    0.547459
    990180    0.565984
    990190    0.530951
    990200    0.437528
    990210    0.582379
    990220    0.494928
    990230     0.59911
    990240    0.512964
    990250    0.561398
    990260     0.55878
    990270    0.456382
    990280    0.525772
    990290    0.552185
    990300    0.541988
    990310      0.5559
    990320    0.510486
    990330    0.550418
    990340    0.475203
    990350    0.559353
    990360    0.640882
    990370    0.583048
    990380    0.577978
    990390    0.577941
    990400    0.597118
    990410    0.549832
    990420    0.654264
    990430    0.625618
    990440    0.698851
    990450    0.580931
    990460    0.555783
    990470    0.588822
    990480     0.64655
    990490    0.606458
    990500    0.642382
    990510    0.720129
    990520    0.672618
    990530    0.612418
    990540    0.663732
    990550    0.606372
    990560    0.643808
    990570    0.665877
    990580    0.608171
    990590    0.596954
    990600    0.597319
    990610    0.648424
    990620    0.662123
    990630    0.668272
    990640    0.646365
    990650    0.654796
    990660    0.556934
    990670    0.655393
    990680    0.526248
    990690    0.686368
    990700    0.646718
    990710    0.611266
    990720      0.6164
    990730    0.562149
    990740     0.56388
    990750    0.600515
    990760    0.621387
    990770    0.630709
    990780    0.619324
    990790     0.60686
    990800    0.620211
    990810    0.572385
    990820    0.627599
    990830    0.617993
    990840    0.701046
    990850    0.612252
    990860    0.601156
    990870    0.597261
    990880    0.573252
    990890     0.63243
    990900    0.624054
    990910    0.573887
    990920    0.654072
    990930    0.660151
    990940    0.548992
    990950    0.521797
    990960    0.513963
    990970    0.504011
    990980    0.612218
    990990     0.59671
    991000    0.581911
    991010    0.590139
    991020    0.578238
    991030      0.5566
    991040    0.623965
    991050    0.610991
    991060    0.635752
    991070    0.625128
    991080    0.619277
    991090    0.686816
    991100    0.630371
    991110    0.644007
    991120    0.592991
    991130    0.585994
    991140    0.468295
    991150     0.66467
    991160    0.702337
    991170    0.593984
    991180    0.529131
    991190     0.60035
    991200    0.631053
    991210    0.584408
    991220    0.618893
    991230    0.645245
    991240    0.589671
    991250    0.662344
    991260    0.671271
    991270     0.55009
    991280    0.549982
    991290    0.621139
    991300     0.62438
    991310    0.575302
    991320    0.600587
    991330     0.66552
    991340    0.674701
    991350    0.630587
    991360    0.663308
    991370    0.620657
    991380    0.648362
    991390    0.616551
    991400    0.528806
    991410    0.627414
    991420    0.600515
    991430    0.678277
    991440    0.622796
    991450    0.641551
    991460    0.672167
    991470    0.600737
    991480    0.621361
    991490    0.650134
    991500    0.624394
    991510    0.539174
    991520     0.58849
    991530    0.648825
    991540    0.635443
    991550    0.633354
    991560    0.573043
    991570    0.612419
    991580    0.598067
    991590    0.568957
    991600    0.616689
    991610    0.589063
    991620    0.555229
    991630    0.639167
    991640    0.570644
    991650    0.638881
    991660    0.589675
    991670     0.52553
    991680    0.647758
    991690    0.583227
    991700    0.632598
    991710    0.637927
    991720    0.558037
    991730     0.55113
    991740    0.687535
    991750    0.566965
    991760    0.511817
    991770    0.489841
    991780     0.57761
    991790    0.570214
    991800    0.550392
    991810    0.621575
    991820    0.569032
    991830    0.569326
    991840    0.626454
    991850     0.56928
    991860    0.570563
    991870    0.560972
    991880    0.566987
    991890    0.565668
    991900    0.629389
    991910     0.66406
    991920    0.670982
    991930    0.604954
    991940    0.676145
    991950    0.634393
    991960    0.679794
    991970     0.59625
    991980    0.623281
    991990    0.723606
    992000    0.657179
    992010    0.602927
    992020    0.717338
    992030     0.63031
    992040    0.609696
    992050    0.617174
    992060    0.646075
    992070    0.685533
    992080    0.636747
    992090    0.645745
    992100    0.688598
    992110     0.63562
    992120    0.638815
    992130    0.676538
    992140    0.643825
    992150    0.658769
    992160    0.606036
    992170    0.612585
    992180    0.647439
    992190    0.648806
    992200     0.70391
    992210    0.603294
    992220    0.614711
    992230    0.684821
    992240    0.637052
    992250    0.680771
    992260     0.64655
    992270    0.639741
    992280    0.682479
    992290    0.705153
    992300    0.665626
    992310    0.628054
    992320    0.655061
    992330    0.618044
    992340    0.649448
    992350    0.648994
    992360    0.636434
    992370    0.665118
    992380     0.64407
    992390    0.653031
    992400    0.607844
    992410    0.639765
    992420    0.609166
    992430    0.592717
    992440    0.610594
    992450    0.560439
    992460    0.619776
    992470    0.665361
    992480     0.61456
    992490    0.680117
    992500    0.652176
    992510    0.640567
    992520    0.695664
    992530    0.655283
    992540    0.672359
    992550    0.634391
    992560    0.645367
    992570    0.673832
    992580    0.655831
    992590    0.669232
    992600    0.663604
    992610    0.675889
    992620    0.606976
    992630    0.659249
    992640    0.586225
    992650    0.615135
    992660    0.629614
    992670    0.690254
    992680     0.63747
    992690     0.59678
    992700    0.611634
    992710    0.602909
    992720    0.664958
    992730    0.665294
    992740    0.636249
    992750    0.656569
    992760    0.608992
    992770    0.577234
    992780    0.580386
    992790    0.568409
    992800    0.700338
    992810    0.638505
    992820    0.606486
    992830    0.664966
    992840    0.596264
    992850    0.690679
    992860     0.65763
    992870    0.630387
    992880    0.652978
    992890      0.6002
    992900    0.626092
    992910    0.626258
    992920    0.602836
    992930    0.666445
    992940    0.699055
    992950    0.695642
    992960    0.626211
    992970    0.640272
    992980    0.734607
    992990    0.682377
    993000    0.662789
    993010    0.640281
    993020    0.629959
    993030    0.630955
    993040    0.661046
    993050    0.717966
    993060    0.670382
    993070    0.640756
    993080    0.651644
    993090    0.695161
    993100    0.662791
    993110    0.614683
    993120    0.618018
    993130     0.58753
    993140      0.6004
    993150    0.624134
    993160    0.591616
    993170    0.605339
    993180    0.611326
    993190    0.611486
    993200    0.651546
    993210    0.664922
    993220    0.621612
    993230    0.654042
    993240    0.638332
    993250    0.674347
    993260    0.675753
    993270    0.585517
    993280    0.558134
    993290    0.616315
    993300    0.683932
    993310    0.659846
    993320    0.643146
    993330    0.711898
    993340    0.684913
    993350    0.663672
    993360    0.664138
    993370    0.615785
    993380    0.608795
    993390    0.660694
    993400     0.65645
    993410    0.596981
    993420    0.644221
    993430    0.642333
    993440    0.623191
    993450    0.637302
    993460    0.656805
    993470    0.622527
    993480    0.718448
    993490    0.604026
    993500    0.584642
    993510    0.661612
    993520     0.65053
    993530    0.554942
    993540    0.630702
    993550    0.680439
    993560    0.621759
    993570    0.631835
    993580    0.693298
    993590    0.618537
    993600    0.687528
    993610     0.69964
    993620    0.637631
    993630    0.664319
    993640    0.670937
    993650    0.646845
    993660    0.630133
    993670    0.644166
    993680     0.63612
    993690    0.621794
    993700    0.664719
    993710    0.647545
    993720    0.662603
    993730    0.607115
    993740    0.637134
    993750    0.660449
    993760    0.701099
    993770    0.626088
    993780    0.646022
    993790    0.596391
    993800    0.652804
    993810    0.687582
    993820    0.682542
    993830    0.672511
    993840    0.622103
    993850    0.680462
    993860    0.676556
    993870    0.610789
    993880    0.615989
    993890    0.658119
    993900    0.608098
    993910    0.608005
    993920    0.673969
    993930    0.614316
    993940    0.638475
    993950    0.664686
    993960    0.607044
    993970    0.667304
    993980     0.68387
    993990    0.689772
    994000    0.691511
    994010    0.617431
    994020    0.606734
    994030     0.66711
    994040    0.613962
    994050    0.631934
    994060    0.660154
    994070      0.6531
    994080    0.668865
    994090    0.646293
    994100    0.661888
    994110    0.715007
    994120    0.618003
    994130    0.679112
    994140    0.606848
    994150    0.668016
    994160    0.666544
    994170    0.701057
    994180    0.623473
    994190    0.634061
    994200    0.660267
    994210    0.710576
    994220    0.621242
    994230    0.656114
    994240     0.62381
    994250     0.64764
    994260    0.626571
    994270    0.638192
    994280    0.639275
    994290    0.706002
    994300    0.679758
    994310    0.678683
    994320    0.754131
    994330     0.71215
    994340    0.675366
    994350    0.651068
    994360    0.664779
    994370    0.671108
    994380    0.656597
    994390    0.608519
    994400    0.685451
    994410    0.686925
    994420    0.732989
    994430    0.686651
    994440    0.687248
    994450    0.656191
    994460    0.663847
    994470    0.623001
    994480    0.683233
    994490    0.674566
    994500    0.758472
    994510    0.702846
    994520    0.621766
    994530    0.624146
    994540     0.62078
    994550    0.634771
    994560    0.635499
    994570    0.643014
    994580    0.645283
    994590    0.686711
    994600    0.685177
    994610    0.623231
    994620    0.658727
    994630    0.645608
    994640    0.618495
    994650    0.640209
    994660     0.57409
    994670     0.67883
    994680    0.665797
    994690    0.656879
    994700    0.588767
    994710    0.612256
    994720    0.628182
    994730    0.665261
    994740    0.688761
    994750    0.642464
    994760    0.608365
    994770     0.61603
    994780    0.676191
    994790    0.675559
    994800    0.693418
    994810    0.641274
    994820    0.642518
    994830    0.654608
    994840    0.625895
    994850    0.588237
    994860    0.639993
    994870    0.611672
    994880    0.669277
    994890     0.59302
    994900    0.558828
    994910    0.571946
    994920    0.665722
    994930    0.651146
    994940    0.671286
    994950    0.666775
    994960    0.634979
    994970     0.64032
    994980     0.68569
    994990    0.675503
    995000    0.638898
    995010    0.667106
    995020    0.608957
    995030    0.647409
    995040    0.599972
    995050    0.600343
    995060    0.660392
    995070    0.675498
    995080    0.624328
    995090    0.670686
    995100    0.671656
    995110    0.653811
    995120    0.626722
    995130    0.653747
    995140    0.657277
    995150    0.636716
    995160    0.656476
    995170    0.609938
    995180    0.555971
    995190    0.632669
    995200    0.669525
    995210    0.636415
    995220    0.657839
    995230    0.583317
    995240    0.636379
    995250    0.629982
    995260    0.685504
    995270    0.711072
    995280    0.643483
    995290    0.673366
    995300    0.685453
    995310    0.668857
    995320    0.704411
    995330     0.66139
    995340    0.622738
    995350    0.620614
    995360    0.633916
    995370    0.650306
    995380    0.636258
    995390    0.674164
    995400    0.651175
    995410    0.618621
    995420    0.620499
    995430     0.69035
    995440    0.684206
    995450    0.718392
    995460    0.760804
    995470    0.700201
    995480    0.687686
    995490    0.670684
    995500    0.610509
    995510    0.616749
    995520    0.650054
    995530    0.627318
    995540    0.682994
    995550     0.57888
    995560    0.665919
    995570    0.723478
    995580    0.653111
    995590    0.688873
    995600    0.734909
    995610    0.720032
    995620    0.624012
    995630      0.6689
    995640    0.616061
    995650    0.661216
    995660    0.682021
    995670    0.610311
    995680    0.648092
    995690    0.681351
    995700    0.681864
    995710    0.621255
    995720    0.583376
    995730    0.642313
    995740    0.650818
    995750    0.642756
    995760    0.660235
    995770    0.627078
    995780    0.656327
    995790    0.633898
    995800    0.605726
    995810    0.689642
    995820    0.686353
    995830    0.610118
    995840    0.666094
    995850    0.665389
    995860    0.658686
    995870    0.654067
    995880    0.701356
    995890    0.691824
    995900    0.592055
    995910    0.592743
    995920    0.501389
    995930    0.638485
    995940    0.680049
    995950    0.661855
    995960    0.641792
    995970    0.688979
    995980    0.604583
    995990    0.592757
    996000    0.654343
    996010     0.58033
    996020     0.57636
    996030    0.592202
    996040    0.574169
    996050    0.642967
    996060    0.628107
    996070    0.610962
    996080    0.557113
    996090    0.594121
    996100    0.633831
    996110    0.586225
    996120    0.651522
    996130    0.617984
    996140    0.654114
    996150    0.616924
    996160    0.627304
    996170    0.571761
    996180    0.564703
    996190    0.594565
    996200    0.596974
    996210    0.616158
    996220    0.595846
    996230    0.682598
    996240    0.626539
    996250    0.636878
    996260     0.63209
    996270    0.600677
    996280    0.620745
    996290    0.599393
    996300    0.675388
    996310    0.618525
    996320    0.658695
    996330    0.600872
    996340    0.595959
    996350    0.632063
    996360    0.580292
    996370    0.581748
    996380    0.638708
    996390    0.627707
    996400    0.614978
    996410    0.650187
    996420    0.642331
    996430    0.695261
    996440    0.582292
    996450    0.625506
    996460    0.660792
    996470    0.611177
    996480    0.639505
    996490    0.634696
    996500    0.625943
    996510    0.646206
    996520    0.627478
    996530    0.586277
    996540    0.592648
    996550    0.649498
    996560    0.673811
    996570     0.65214
    996580    0.606142
    996590      0.6621
    996600    0.657891
    996610    0.613892
    996620    0.598723
    996630    0.643515
    996640    0.619763
    996650    0.670841
    996660     0.60774
    996670    0.605984
    996680    0.596309
    996690    0.631082
    996700    0.649772
    996710    0.649756
    996720    0.593055
    996730    0.622463
    996740    0.605039
    996750    0.613396
    996760    0.651326
    996770    0.585503
    996780    0.624723
    996790    0.607115
    996800     0.67003
    996810    0.616298
    996820    0.620471
    996830    0.676904
    996840    0.612679
    996850    0.563981
    996860    0.557124
    996870      0.6158
    996880    0.670719
    996890    0.664975
    996900     0.63932
    996910    0.639069
    996920    0.645745
    996930    0.608386
    996940    0.596859
    996950    0.583546
    996960    0.628708
    996970    0.655505
    996980     0.58191
    996990    0.598218
    997000     0.63603
    997010    0.644345
    997020    0.646132
    997030    0.689498
    997040     0.68719
    997050    0.664634
    997060    0.620083
    997070    0.613146
    997080    0.660687
    997090    0.683954
    997100    0.649549
    997110    0.593093
    997120    0.592648
    997130    0.693455
    997140    0.656405
    997150    0.594297
    997160    0.643923
    997170    0.605139
    997180    0.667166
    997190     0.61687
    997200    0.624674
    997210    0.633287
    997220    0.570858
    997230    0.639634
    997240    0.624912
    997250    0.559476
    997260    0.620008
    997270    0.570711
    997280    0.628999
    997290     0.63905
    997300     0.52673
    997310    0.628955
    997320    0.626983
    997330    0.713726
    997340     0.60455
    997350    0.644453
    997360    0.605191
    997370    0.619656
    997380    0.579158
    997390    0.626061
    997400    0.602976
    997410    0.652601
    997420    0.563107
    997430    0.599948
    997440    0.557471
    997450    0.670524
    997460    0.606001
    997470    0.622086
    997480    0.580516
    997490    0.621556
    997500    0.617073
    997510    0.640499
    997520    0.552665
    997530    0.691619
    997540    0.636756
    997550    0.622646
    997560    0.668916
    997570    0.633385
    997580    0.621022
    997590    0.646529
    997600    0.532467
    997610    0.637903
    997620    0.568826
    997630    0.592273
    997640    0.583099
    997650     0.60798
    997660    0.623799
    997670    0.662083
    997680    0.661897
    997690    0.649271
    997700    0.604205
    997710     0.65833
    997720    0.705809
    997730    0.650394
    997740    0.642172
    997750    0.672156
    997760      0.5908
    997770    0.584699
    997780    0.578293
    997790     0.58655
    997800    0.586206
    997810    0.617299
    997820    0.651663
    997830    0.660506
    997840    0.643437
    997850    0.646854
    997860    0.635452
    997870    0.644741
    997880    0.688333
    997890    0.622229
    997900    0.670828
    997910    0.631277
    997920    0.717787
    997930     0.60969
    997940    0.613784
    997950     0.67318
    997960    0.653579
    997970    0.644655
    997980    0.662707
    997990    0.644593
    998000    0.575073
    998010    0.640568
    998020    0.631092
    998030    0.611848
    998040    0.585734
    998050     0.65557
    998060    0.586304
    998070    0.623654
    998080    0.648712
    998090    0.646962
    998100    0.675064
    998110    0.686025
    998120    0.627844
    998130    0.640811
    998140    0.620461
    998150    0.594937
    998160    0.608829
    998170    0.599599
    998180    0.568592
    998190    0.605552
    998200    0.653865
    998210    0.605522
    998220    0.568078
    998230    0.651452
    998240     0.67902
    998250     0.63102
    998260    0.601873
    998270     0.58968
    998280    0.594893
    998290    0.627233
    998300    0.623902
    998310    0.614882
    998320    0.618236
    998330    0.700785
    998340    0.640447
    998350    0.650034
    998360    0.671958
    998370    0.651059
    998380    0.589259
    998390    0.616261
    998400    0.632281
    998410    0.700152
    998420    0.643186
    998430    0.676681
    998440     0.66429
    998450    0.640761
    998460    0.599665
    998470    0.563489
    998480    0.618255
    998490    0.611532
    998500    0.611353
    998510    0.632839
    998520    0.647926
    998530    0.638927
    998540    0.608512
    998550    0.633188
    998560    0.583979
    998570    0.607512
    998580    0.620669
    998590    0.620233
    998600    0.584045
    998610    0.653017
    998620    0.654512
    998630    0.681055
    998640    0.618221
    998650    0.607364
    998660    0.615577
    998670    0.683454
    998680     0.61312
    998690    0.644657
    998700    0.585743
    998710    0.620623
    998720    0.599843
    998730    0.554603
    998740    0.641141
    998750    0.617373
    998760    0.631186
    998770    0.587049
    998780    0.552414
    998790    0.597472
    998800    0.540324
    998810    0.516442
    998820    0.599028
    998830    0.546758
    998840    0.673088
    998850      0.5888
    998860    0.598682
    998870    0.611438
    998880    0.569368
    998890    0.607772
    998900    0.644202
    998910    0.616343
    998920     0.57259
    998930    0.580069
    998940     0.54442
    998950    0.610211
    998960    0.522059
    998970     0.58151
    998980    0.606276
    998990    0.568131
    999000    0.559181
    999010    0.615369
    999020    0.604863
    999030    0.604037
    999040    0.592591
    999050    0.559034
    999060    0.648162
    999070      0.5631
    999080    0.656481
    999090    0.640489
    999100    0.558833
    999110    0.630661
    999120    0.633497
    999130    0.651876
    999140    0.617999
    999150    0.703485
    999160    0.666673
    999170    0.670404
    999180    0.614085
    999190    0.663584
    999200    0.632138
    999210     0.63388
    999220    0.655648
    999230    0.587185
    999240    0.592831
    999250     0.59945
    999260    0.548214
    999270    0.594505
    999280    0.632279
    999290    0.649546
    999300    0.599929
    999310    0.680979
    999320    0.657371
    999330    0.589403
    999340    0.554578
    999350    0.565649
    999360     0.58643
    999370    0.535308
    999380    0.589122
    999390    0.572768
    999400    0.569767
    999410     0.57661
    999420    0.584474
    999430    0.544831
    999440    0.551412
    999450     0.49667
    999460     0.59279
    999470     0.63454
    999480    0.564695
    999490    0.573587
    999500    0.628685
    999510    0.590699
    999520    0.612868
    999530    0.593911
    999540    0.582423
    999550    0.537796
    999560    0.566282
    999570    0.528682
    999580    0.610604
    999590    0.548885
    999600    0.601143
    999610    0.600213
    999620    0.606421
    999630     0.60097
    999640    0.621571
    999650    0.666042
    999660     0.60058
    999670    0.604918
    999680    0.572642
    999690    0.614856
    999700    0.639906
    999710    0.603712
    999720    0.655148
    999730    0.612588
    999740    0.598248
    999750    0.640504
    999760     0.64965
    999770    0.579153
    999780      0.6657
    999790    0.649233
    999800    0.641421
    999810    0.587943
    999820    0.605097
    999830    0.641871
    999840     0.57884
    999850    0.616694
    999860    0.581423
    999870    0.605388
    999880    0.621996
    999890    0.625802
    999900    0.623383
    999910     0.62773
    999920    0.641936
    999930    0.634346
    999940    0.599083
    999950    0.637435
    999960    0.650816
    999970    0.602353
    999980    0.559007
    999990    0.634093
     1e+06    0.645837
