    750000    -67.9985
    750010    -68.1345
    750020    -67.6505
    750030    -73.8986
    750040    -73.8913
    750050    -68.5959
    750060    -69.9261
    750070    -70.5182
    750080    -71.0867
    750090    -66.4637
    750100    -69.6496
    750110    -72.1495
    750120    -68.3045
    750130    -68.0423
    750140    -67.3805
    750150     -69.864
    750160    -67.1438
    750170    -66.7413
    750180     -69.675
    750190    -67.2236
    750200    -67.9885
    750210    -70.0993
    750220    -69.0618
    750230    -68.2332
    750240    -71.2297
    750250    -67.3479
    750260    -70.3687
    750270    -72.8391
    750280    -68.7192
    750290    -71.0466
    750300    -71.2925
    750310    -69.9698
    750320    -70.8169
    750330    -68.8299
    750340    -68.7478
    750350    -67.8578
    750360    -62.0439
    750370    -66.4285
    750380    -71.3699
    750390    -70.7062
    750400    -73.2841
    750410     -74.341
    750420    -73.8424
    750430    -73.0277
    750440    -78.1435
    750450    -73.5776
    750460    -70.3301
    750470    -73.7801
    750480    -72.6538
    750490    -80.7671
    750500    -59.0252
    750510    -72.8024
    750520    -71.9835
    750530    -72.9296
    750540    -72.7987
    750550     -60.047
    750560    -56.3307
    750570    -58.0191
    750580    -58.6854
    750590     -60.691
    750600    -60.9526
    750610    -61.6351
    750620    -55.2998
    750630    -62.8488
    750640    -57.4055
    750650    -61.7225
    750660    -65.6968
    750670     -59.794
    750680       -61.1
    750690    -61.0847
    750700    -55.4179
    750710    -63.8698
    750720    -59.1319
    750730    -54.6486
    750740    -64.1549
    750750    -63.8948
    750760    -60.9639
    750770    -61.0369
    750780    -60.7398
    750790    -64.3543
    750800    -60.1355
    750810     -61.007
    750820    -61.0479
    750830      -58.75
    750840    -60.3671
    750850    -60.6467
    750860    -61.3147
    750870    -63.7408
    750880    -63.1791
    750890    -65.2858
    750900    -56.1122
    750910    -58.6272
    750920    -59.3426
    750930    -58.8076
    750940    -60.6158
    750950    -60.1361
    750960    -58.1549
    750970    -64.1931
    750980       -60.2
    750990     -61.846
    751000    -62.2164
    751010    -60.0488
    751020    -62.2621
    751030    -67.2652
    751040      -60.31
    751050    -61.7055
    751060    -59.6072
    751070    -60.1864
    751080    -59.0886
    751090    -58.1265
    751100    -59.5562
    751110    -55.7956
    751120    -61.2257
    751130    -61.0579
    751140    -61.8491
    751150    -59.9623
    751160    -60.6688
    751170    -61.3905
    751180       -61.7
    751190    -62.0082
    751200    -62.4281
    751210    -60.0359
    751220    -62.4661
    751230      -64.93
    751240    -56.9475
    751250    -58.9817
    751260    -60.2333
    751270    -66.5089
    751280    -64.6571
    751290    -62.1859
    751300    -60.7125
    751310    -62.4834
    751320    -56.7124
    751330    -61.2516
    751340    -61.3692
    751350    -66.2374
    751360    -62.3151
    751370     -63.368
    751380    -60.0304
    751390    -61.7484
    751400    -66.5341
    751410    -60.1801
    751420    -60.7135
    751430    -63.7648
    751440    -60.8714
    751450    -60.5068
    751460    -56.6421
    751470    -56.3145
    751480    -60.9147
    751490     -57.233
    751500     -59.433
    751510    -66.6909
    751520    -61.9166
    751530    -60.9192
    751540    -64.2963
    751550     -63.204
    751560    -60.8419
    751570    -61.3837
    751580    -61.9009
    751590     -61.638
    751600    -61.1662
    751610    -61.6788
    751620    -57.5993
    751630    -62.7731
    751640    -60.4253
    751650    -58.7015
    751660    -59.4345
    751670    -60.1912
    751680    -61.7486
    751690    -58.6943
    751700    -57.1719
    751710     -57.324
    751720    -57.8576
    751730    -60.8131
    751740    -59.5232
    751750    -55.3162
    751760    -58.5377
    751770     -60.243
    751780    -61.1322
    751790    -56.1141
    751800    -57.2738
    751810    -62.0924
    751820    -62.4745
    751830    -63.2073
    751840    -59.3505
    751850    -64.7154
    751860    -57.7373
    751870    -60.4806
    751880    -64.9514
    751890    -63.1617
    751900    -61.7133
    751910    -66.1785
    751920    -62.1786
    751930    -60.4806
    751940    -62.7108
    751950    -63.0322
    751960    -64.3083
    751970    -62.5867
    751980    -65.8444
    751990    -65.9671
    752000    -62.5778
    752010    -62.8702
    752020    -62.6701
    752030    -61.2704
    752040    -62.6614
    752050    -56.7778
    752060    -57.4317
    752070    -61.5116
    752080    -59.3916
    752090    -56.1992
    752100    -61.5398
    752110    -59.3346
    752120    -63.7644
    752130    -62.6474
    752140    -60.3824
    752150     -57.485
    752160     -60.492
    752170    -57.5485
    752180    -61.8588
    752190    -62.5986
    752200    -59.4615
    752210    -63.3405
    752220    -66.5363
    752230    -63.5706
    752240     -63.931
    752250    -62.5072
    752260    -61.9344
    752270    -62.8493
    752280    -60.8886
    752290    -61.5014
    752300    -61.7439
    752310    -58.8929
    752320    -59.3632
    752330    -65.2411
    752340     -59.136
    752350    -61.2003
    752360    -58.0828
    752370    -62.4184
    752380    -58.6949
    752390    -58.4329
    752400     -58.265
    752410    -59.7421
    752420    -58.5274
    752430    -55.1131
    752440    -57.8363
    752450    -59.2637
    752460    -64.4932
    752470     -57.212
    752480    -57.4969
    752490    -62.9526
    752500    -60.1817
    752510    -61.2394
    752520    -56.8606
    752530    -56.7323
    752540    -65.3443
    752550    -60.5262
    752560    -57.6432
    752570    -59.7204
    752580    -57.3152
    752590      -57.48
    752600    -56.8827
    752610    -59.4198
    752620    -58.3029
    752630    -57.8169
    752640    -58.8049
    752650    -62.9286
    752660    -59.1589
    752670    -54.6862
    752680    -59.5352
    752690    -58.0702
    752700    -57.5001
    752710    -58.8017
    752720    -57.6548
    752730    -61.1708
    752740    -60.9614
    752750    -57.7499
    752760    -57.4851
    752770    -57.0113
    752780    -59.3517
    752790      -58.98
    752800    -60.3277
    752810     -60.685
    752820     -61.714
    752830    -63.8773
    752840    -61.2585
    752850    -57.9486
    752860    -63.0047
    752870      -61.11
    752880     -64.934
    752890    -61.3013
    752900    -57.9685
    752910    -62.6695
    752920    -64.5578
    752930    -61.0004
    752940    -62.7729
    752950    -63.6557
    752960    -63.1759
    752970    -59.2492
    752980    -56.4146
    752990     -59.786
    753000    -58.8823
    753010    -59.6111
    753020    -59.3232
    753030    -56.9771
    753040    -61.3536
    753050    -58.4573
    753060    -59.1457
    753070    -62.7326
    753080    -62.1266
    753090    -59.0709
    753100    -57.3834
    753110    -58.9337
    753120    -61.2404
    753130    -60.1014
    753140    -59.1309
    753150    -62.5024
    753160    -62.5371
    753170    -58.3609
    753180    -63.6242
    753190    -61.8214
    753200    -63.4259
    753210     -60.643
    753220    -58.7593
    753230    -64.4032
    753240    -66.4276
    753250    -60.4864
    753260    -59.9876
    753270    -61.3378
    753280    -62.0459
    753290    -62.2604
    753300    -62.1675
    753310    -59.9736
    753320    -59.7367
    753330    -60.1769
    753340    -58.3224
    753350    -60.3523
    753360    -59.1889
    753370    -61.4425
    753380    -59.7875
    753390     -62.374
    753400    -59.1042
    753410    -61.2505
    753420    -57.8856
    753430    -55.7848
    753440    -58.0074
    753450    -61.2084
    753460    -56.9221
    753470    -59.3918
    753480    -63.3763
    753490    -63.7291
    753500    -60.1867
    753510    -61.1261
    753520    -61.7551
    753530    -60.6413
    753540    -64.1277
    753550    -59.9066
    753560    -61.5445
    753570    -60.0746
    753580    -55.8948
    753590    -57.9086
    753600    -59.0627
    753610     -58.808
    753620    -60.0848
    753630    -58.8343
    753640    -58.8069
    753650    -60.5895
    753660    -59.1776
    753670    -58.1299
    753680    -62.7654
    753690    -57.1996
    753700    -60.8811
    753710    -59.8269
    753720    -61.5143
    753730    -60.1028
    753740     -55.105
    753750    -57.7197
    753760    -64.0183
    753770    -56.9251
    753780    -59.3739
    753790    -63.7052
    753800    -62.6109
    753810    -59.8453
    753820    -61.5356
    753830    -61.1203
    753840    -65.3369
    753850    -59.3823
    753860    -60.0257
    753870    -59.5706
    753880    -56.7201
    753890    -62.7329
    753900    -60.3577
    753910    -61.5776
    753920    -61.7165
    753930    -63.6871
    753940    -60.1943
    753950    -56.4313
    753960     -63.608
    753970    -65.0853
    753980      -61.61
    753990    -52.9633
    754000    -54.6986
    754010    -60.1542
    754020     -56.302
    754030    -62.5441
    754040    -58.8106
    754050    -59.0071
    754060    -60.2118
    754070    -61.6831
    754080    -59.0304
    754090    -57.8122
    754100    -61.8787
    754110    -64.2289
    754120    -63.0878
    754130    -59.1779
    754140    -63.7571
    754150    -58.5995
    754160    -59.7974
    754170    -57.1709
    754180    -54.6833
    754190    -67.1814
    754200    -60.8922
    754210    -58.3506
    754220    -55.8929
    754230    -56.5849
    754240    -60.5874
    754250    -56.2713
    754260     -59.412
    754270    -60.7191
    754280    -64.0367
    754290    -63.0792
    754300    -61.2011
    754310    -62.1687
    754320    -58.7699
    754330    -61.9728
    754340    -61.9943
    754350    -62.4492
    754360     -60.953
    754370    -63.8845
    754380    -62.5969
    754390    -59.9685
    754400    -60.1948
    754410    -60.4118
    754420     -60.427
    754430    -58.4887
    754440    -60.6717
    754450    -61.5368
    754460    -60.6907
    754470    -54.4141
    754480    -66.3444
    754490    -63.3309
    754500     -63.307
    754510    -62.7593
    754520    -61.4668
    754530    -59.8594
    754540     -61.875
    754550    -60.1952
    754560    -62.9892
    754570    -58.1336
    754580     -59.955
    754590    -62.1753
    754600    -58.1638
    754610    -58.4783
    754620    -59.5957
    754630    -60.8778
    754640    -61.5796
    754650    -60.1057
    754660    -65.8063
    754670    -62.9263
    754680    -59.1186
    754690    -59.3587
    754700    -65.2934
    754710    -61.1864
    754720    -61.4553
    754730     -61.935
    754740     -62.313
    754750    -56.2461
    754760    -62.2269
    754770     -56.228
    754780    -60.6857
    754790    -55.5112
    754800    -56.8302
    754810    -59.5829
    754820    -57.7129
    754830    -58.1696
    754840    -56.0122
    754850    -61.1135
    754860    -57.9999
    754870    -60.5532
    754880    -60.5099
    754890    -54.5188
    754900    -58.9112
    754910    -58.7361
    754920    -56.1584
    754930    -58.8472
    754940    -58.8545
    754950    -60.5821
    754960    -58.6212
    754970     -59.986
    754980     -56.981
    754990    -60.4212
    755000    -60.2913
    755010    -62.0833
    755020    -57.9943
    755030    -61.8844
    755040    -56.4536
    755050    -61.8036
    755060    -64.2425
    755070    -63.5028
    755080    -60.8374
    755090    -58.5555
    755100    -61.3364
    755110    -62.3674
    755120    -59.3088
    755130     -65.777
    755140    -61.2801
    755150    -57.6355
    755160    -57.2059
    755170    -60.7838
    755180    -62.9536
    755190    -63.7667
    755200     -61.154
    755210    -59.1269
    755220    -60.6111
    755230    -61.0495
    755240    -57.7897
    755250    -62.2299
    755260    -58.8875
    755270    -58.1423
    755280    -57.0639
    755290    -61.7659
    755300    -61.7918
    755310    -63.2974
    755320    -61.3748
    755330    -59.0967
    755340    -63.5825
    755350    -63.4251
    755360    -59.8559
    755370    -61.0504
    755380    -62.9456
    755390    -61.5568
    755400     -64.258
    755410    -59.5089
    755420    -59.0235
    755430    -54.6449
    755440    -59.5348
    755450    -58.5738
    755460    -62.3867
    755470     -61.195
    755480    -61.7339
    755490    -57.7039
    755500    -57.6582
    755510    -62.1481
    755520    -62.8532
    755530    -66.5832
    755540    -60.6793
    755550    -59.4444
    755560    -61.5572
    755570    -64.4342
    755580    -59.1414
    755590    -59.0261
    755600    -59.7649
    755610    -59.2972
    755620    -60.5255
    755630    -60.1687
    755640    -57.2858
    755650    -62.7648
    755660    -61.8253
    755670      -56.12
    755680    -61.1866
    755690    -62.1609
    755700    -56.7782
    755710    -60.9644
    755720    -57.8247
    755730    -59.4713
    755740    -63.3158
    755750    -60.5086
    755760    -59.2381
    755770    -62.3615
    755780    -63.8173
    755790    -56.8478
    755800    -62.5859
    755810    -63.5682
    755820    -59.7518
    755830    -61.7192
    755840    -61.8662
    755850    -60.8013
    755860    -64.3149
    755870    -59.9325
    755880    -60.8766
    755890    -59.9186
    755900    -59.2321
    755910    -61.9931
    755920    -61.5949
    755930    -60.5287
    755940    -62.7735
    755950    -59.7734
    755960    -62.5893
    755970    -66.5459
    755980     -61.948
    755990    -67.4252
    756000    -65.4256
    756010    -61.9773
    756020    -65.4232
    756030    -62.8077
    756040    -64.4244
    756050    -63.6064
    756060    -66.2361
    756070    -59.6744
    756080    -61.8459
    756090    -62.3642
    756100    -61.1308
    756110    -65.1576
    756120    -61.5464
    756130     -62.268
    756140    -60.9826
    756150    -61.4589
    756160    -60.2808
    756170    -61.9815
    756180    -61.2674
    756190    -65.0428
    756200    -63.2377
    756210    -60.6088
    756220    -60.6388
    756230    -66.0358
    756240    -59.0471
    756250    -59.4339
    756260    -63.2185
    756270    -61.9124
    756280    -60.4995
    756290    -62.1977
    756300     -61.318
    756310    -62.0791
    756320    -57.6452
    756330    -64.0578
    756340    -61.0736
    756350    -58.6742
    756360    -62.3903
    756370    -58.6871
    756380    -58.4574
    756390    -62.4041
    756400    -61.0939
    756410    -57.0272
    756420    -65.5677
    756430    -62.2454
    756440    -59.8557
    756450    -53.3797
    756460    -58.8533
    756470    -55.6148
    756480    -62.4308
    756490    -57.1592
    756500    -59.5364
    756510     -61.474
    756520      -61.11
    756530     -60.229
    756540    -63.2551
    756550    -60.5778
    756560    -60.0305
    756570    -63.7521
    756580    -64.6005
    756590    -66.2987
    756600    -59.7577
    756610    -61.1505
    756620    -63.4352
    756630    -56.5751
    756640    -61.7826
    756650    -61.3424
    756660    -57.9785
    756670    -62.0037
    756680    -57.8189
    756690    -57.8023
    756700    -60.0531
    756710    -60.6742
    756720    -59.2246
    756730    -59.0698
    756740    -59.0615
    756750    -58.1521
    756760    -57.5434
    756770    -58.3505
    756780    -59.4243
    756790    -60.7631
    756800    -56.5676
    756810    -61.1441
    756820    -61.9633
    756830    -59.1228
    756840    -62.0488
    756850    -59.6538
    756860    -60.2845
    756870    -56.8518
    756880    -62.9702
    756890     -57.441
    756900    -62.3084
    756910    -60.0828
    756920    -59.5548
    756930     -62.646
    756940    -58.6394
    756950    -59.7953
    756960    -58.7834
    756970    -58.5308
    756980    -58.5627
    756990    -55.0035
    757000    -60.6406
    757010    -58.2106
    757020    -59.5263
    757030    -61.6285
    757040    -62.2235
    757050    -58.6563
    757060    -60.2169
    757070    -57.7524
    757080     -59.776
    757090    -54.4451
    757100    -59.2573
    757110    -57.9042
    757120    -60.3381
    757130    -55.5379
    757140     -59.692
    757150    -57.4562
    757160    -61.0889
    757170    -60.0123
    757180    -59.6868
    757190    -56.1371
    757200    -61.5601
    757210    -58.6128
    757220     -60.246
    757230    -55.9827
    757240    -59.1498
    757250     -54.719
    757260    -57.3748
    757270    -58.8966
    757280    -64.1056
    757290    -58.0408
    757300    -57.5952
    757310    -60.8698
    757320    -58.8812
    757330    -57.1956
    757340    -60.3792
    757350    -59.2249
    757360    -60.0187
    757370    -59.9673
    757380    -60.7936
    757390    -57.9865
    757400    -60.7342
    757410    -56.0112
    757420    -60.9653
    757430    -59.4839
    757440    -61.0044
    757450    -56.7795
    757460    -57.7019
    757470    -57.8764
    757480    -56.7555
    757490    -57.6671
    757500    -61.3643
    757510    -55.6926
    757520     -57.264
    757530    -57.1868
    757540    -61.6198
    757550    -61.1985
    757560    -58.4023
    757570    -61.1293
    757580    -61.9765
    757590    -59.8677
    757600    -59.3967
    757610    -62.6687
    757620    -60.5491
    757630    -57.8029
    757640    -58.8929
    757650    -58.2549
    757660    -57.5421
    757670    -59.1206
    757680    -60.6118
    757690    -56.2926
    757700    -60.4035
    757710    -61.4737
    757720    -60.2987
    757730    -57.6456
    757740    -58.8005
    757750    -59.0109
    757760    -57.7841
    757770    -57.5965
    757780    -59.9016
    757790    -60.8428
    757800    -58.8055
    757810    -55.9494
    757820    -59.9916
    757830    -54.5192
    757840    -56.1224
    757850     -54.828
    757860    -52.8536
    757870    -58.5176
    757880    -57.6625
    757890    -57.8521
    757900    -57.5013
    757910    -56.2502
    757920    -59.9871
    757930     -58.682
    757940    -59.1496
    757950    -57.0311
    757960    -58.5986
    757970    -56.6145
    757980    -63.8822
    757990    -59.4099
    758000    -59.0044
    758010    -60.1129
    758020    -58.7367
    758030    -54.3282
    758040    -59.9677
    758050    -58.9522
    758060     -56.723
    758070    -57.4727
    758080     -57.916
    758090    -57.9691
    758100    -57.5385
    758110    -61.8372
    758120    -64.8485
    758130    -62.7815
    758140    -66.7477
    758150    -56.6348
    758160    -57.2552
    758170    -58.1521
    758180    -55.7207
    758190    -58.0016
    758200    -63.6431
    758210    -57.9866
    758220    -59.6231
    758230     -58.656
    758240    -55.1246
    758250    -56.7623
    758260    -60.7938
    758270    -56.5105
    758280    -60.6671
    758290    -57.0486
    758300     -60.073
    758310    -59.5456
    758320    -58.5605
    758330    -58.4076
    758340    -59.1805
    758350    -61.6845
    758360    -57.4141
    758370     -61.249
    758380    -60.7241
    758390     -53.743
    758400    -56.8822
    758410    -57.4953
    758420    -58.6503
    758430    -60.4958
    758440    -60.9875
    758450    -61.4183
    758460    -62.1214
    758470    -55.3501
    758480    -61.5929
    758490    -60.6375
    758500    -58.7903
    758510    -61.2938
    758520    -55.1775
    758530    -59.1826
    758540     -55.656
    758550    -58.1223
    758560    -57.1062
    758570    -61.6961
    758580    -63.5571
    758590    -58.2986
    758600    -61.8252
    758610     -60.585
    758620    -59.3048
    758630    -59.7083
    758640    -60.1218
    758650    -59.1211
    758660    -57.7056
    758670    -57.9578
    758680    -58.3782
    758690    -63.3071
    758700    -61.5196
    758710    -58.5719
    758720    -59.4003
    758730    -59.8749
    758740    -59.0424
    758750    -59.7739
    758760    -61.1375
    758770    -59.9438
    758780    -59.6918
    758790    -62.9001
    758800    -59.1228
    758810    -58.3173
    758820    -59.3797
    758830    -61.0981
    758840    -61.7949
    758850    -60.7307
    758860    -58.9732
    758870      -61.54
    758880    -57.1815
    758890    -56.5297
    758900    -59.7395
    758910    -60.0407
    758920    -60.3002
    758930    -61.3457
    758940    -59.8117
    758950    -60.1616
    758960    -58.6255
    758970    -60.6227
    758980    -60.9093
    758990     -58.903
    759000     -62.445
    759010    -64.4149
    759020    -58.6259
    759030     -61.109
    759040    -58.9808
    759050    -56.4108
    759060    -63.4501
    759070    -59.5637
    759080    -62.0588
    759090    -61.2105
    759100    -63.0486
    759110    -63.7722
    759120    -63.2987
    759130     -60.601
    759140    -61.2477
    759150    -63.3286
    759160    -64.5886
    759170    -60.7627
    759180    -59.8467
    759190    -61.8429
    759200    -61.9558
    759210     -61.668
    759220    -60.1285
    759230    -60.7406
    759240    -61.1066
    759250    -59.9507
    759260    -59.8827
    759270     -56.356
    759280    -59.4788
    759290    -59.1632
    759300      -62.93
    759310    -62.4836
    759320    -61.2823
    759330    -63.7784
    759340    -61.8714
    759350    -61.2425
    759360    -63.9035
    759370    -63.5995
    759380    -59.4315
    759390    -63.8671
    759400     -60.757
    759410    -60.8303
    759420    -60.3094
    759430    -59.0787
    759440    -58.7655
    759450    -59.0739
    759460    -58.6464
    759470    -57.8647
    759480    -58.9173
    759490     -61.127
    759500    -61.5211
    759510    -58.2426
    759520     -59.737
    759530    -62.3468
    759540    -60.4208
    759550     -59.455
    759560    -57.4096
    759570    -59.2552
    759580    -58.6119
    759590    -59.0295
    759600    -56.8133
    759610    -60.7918
    759620    -60.5341
    759630    -59.5569
    759640    -58.9764
    759650    -61.6097
    759660    -57.6907
    759670    -61.0018
    759680    -60.2239
    759690    -57.1036
    759700    -59.2264
    759710    -52.7428
    759720    -58.1404
    759730     -63.478
    759740    -55.3509
    759750    -57.6996
    759760    -60.3727
    759770    -59.0814
    759780    -61.7105
    759790    -60.0011
    759800    -58.4462
    759810    -61.8309
    759820    -59.7221
    759830    -57.1849
    759840      -59.45
    759850    -62.6744
    759860    -60.4249
    759870    -59.1289
    759880     -58.673
    759890    -54.8706
    759900    -55.1009
    759910    -59.7404
    759920    -60.8594
    759930    -59.7326
    759940     -58.311
    759950    -60.8631
    759960    -58.0894
    759970    -61.4812
    759980    -58.8431
    759990    -63.0126
    760000    -57.6382
    760010     -59.054
    760020    -58.7113
    760030    -60.9081
    760040    -58.7224
    760050    -56.5669
    760060    -60.7583
    760070    -60.5151
    760080    -60.1384
    760090    -61.0305
    760100    -62.1156
    760110    -58.3406
    760120    -64.3043
    760130    -62.2088
    760140    -58.1601
    760150    -63.1205
    760160    -55.9373
    760170    -61.0148
    760180    -61.2742
    760190    -63.2974
    760200    -61.0951
    760210    -60.1596
    760220    -58.9173
    760230      -61.49
    760240      -59.52
    760250    -62.3351
    760260    -60.1594
    760270    -60.0027
    760280    -62.2269
    760290     -58.702
    760300    -56.5896
    760310    -59.8412
    760320    -57.5368
    760330    -59.5087
    760340    -58.7792
    760350    -60.5622
    760360      -55.79
    760370    -57.8354
    760380    -58.7408
    760390    -59.3251
    760400     -59.774
    760410    -61.2081
    760420    -61.0899
    760430    -59.6839
    760440     -60.026
    760450    -61.0527
    760460    -56.7642
    760470    -60.9838
    760480    -61.9241
    760490    -61.5655
    760500     -59.626
    760510    -57.4216
    760520    -62.5195
    760530    -60.2346
    760540    -61.1845
    760550    -61.2295
    760560    -58.1963
    760570    -62.4604
    760580    -59.8691
    760590    -60.7509
    760600    -62.6242
    760610    -59.7849
    760620    -65.9286
    760630    -59.8689
    760640    -62.1499
    760650    -60.8287
    760660    -62.1833
    760670    -60.8582
    760680    -63.3475
    760690    -60.5601
    760700    -57.6702
    760710    -61.2546
    760720    -61.7424
    760730    -58.0129
    760740    -58.9237
    760750    -58.6048
    760760    -61.9367
    760770    -59.0595
    760780    -60.2985
    760790    -60.4875
    760800    -56.4521
    760810     -59.977
    760820     -53.617
    760830    -59.3966
    760840    -61.4062
    760850      -64.16
    760860    -62.8238
    760870    -59.0381
    760880    -61.0878
    760890    -61.1616
    760900    -65.2417
    760910      -62.09
    760920    -60.6683
    760930    -57.4586
    760940    -59.3653
    760950    -53.5591
    760960    -59.6186
    760970    -54.9139
    760980    -60.2298
    760990    -63.6055
    761000    -57.4734
    761010    -60.0878
    761020    -66.4838
    761030    -61.5712
    761040    -64.2298
    761050    -64.8639
    761060    -59.8352
    761070    -61.8191
    761080    -60.3571
    761090    -60.0519
    761100    -57.1372
    761110    -58.8679
    761120    -60.6741
    761130    -60.0469
    761140    -60.1946
    761150    -56.6595
    761160    -56.3953
    761170    -60.2256
    761180    -60.6841
    761190    -62.6688
    761200    -57.6021
    761210    -58.4565
    761220    -59.5876
    761230    -62.3803
    761240    -61.6657
    761250    -59.0709
    761260    -59.1363
    761270    -57.6396
    761280    -58.1061
    761290    -59.4355
    761300    -64.0306
    761310    -59.9385
    761320    -59.7192
    761330    -58.2358
    761340    -58.5631
    761350      -56.89
    761360    -57.5537
    761370    -57.5657
    761380    -59.4251
    761390    -55.0097
    761400    -60.3795
    761410    -56.1332
    761420    -60.8412
    761430    -58.0577
    761440    -60.5708
    761450    -55.8314
    761460    -58.2437
    761470     -58.499
    761480    -58.8942
    761490    -59.9486
    761500    -53.9373
    761510    -58.4595
    761520    -57.8207
    761530    -58.7257
    761540    -58.1117
    761550    -57.1105
    761560    -59.0612
    761570    -56.6308
    761580    -64.9875
    761590     -58.212
    761600    -57.2435
    761610    -59.4046
    761620    -61.4069
    761630    -57.9728
    761640    -61.0845
    761650    -59.8648
    761660    -60.3669
    761670    -56.2016
    761680    -53.7743
    761690    -60.2633
    761700    -60.5398
    761710    -53.1414
    761720    -58.7915
    761730    -60.1976
    761740    -58.6622
    761750    -60.6909
    761760    -62.1213
    761770    -61.1764
    761780    -63.5388
    761790    -64.1418
    761800    -61.1257
    761810    -64.8568
    761820    -58.1062
    761830    -60.5389
    761840    -59.0406
    761850    -62.4289
    761860    -55.9272
    761870    -63.6988
    761880    -58.7094
    761890    -61.4932
    761900     -60.943
    761910    -63.0705
    761920    -57.2673
    761930    -57.5701
    761940    -56.2568
    761950    -60.6397
    761960    -58.6217
    761970    -58.7731
    761980    -58.2768
    761990    -55.9077
    762000    -54.2118
    762010    -60.9196
    762020    -56.7869
    762030    -60.0435
    762040    -58.8471
    762050    -61.6379
    762060    -57.1009
    762070    -53.5309
    762080    -59.3821
    762090    -63.1446
    762100    -62.6155
    762110    -59.6196
    762120    -59.2834
    762130    -59.7045
    762140    -56.1142
    762150    -57.5674
    762160    -57.7739
    762170    -54.8024
    762180    -58.5816
    762190    -57.3546
    762200    -63.1535
    762210    -58.5784
    762220     -62.006
    762230    -61.4157
    762240    -61.5296
    762250    -64.5854
    762260    -61.4897
    762270    -59.4569
    762280    -57.1975
    762290    -61.5681
    762300    -60.9518
    762310    -62.3777
    762320    -60.6231
    762330    -58.7495
    762340    -62.5011
    762350    -64.2351
    762360    -62.6633
    762370    -64.9515
    762380    -56.6249
    762390    -57.4799
    762400    -58.2654
    762410    -59.3639
    762420    -55.8852
    762430    -57.2895
    762440    -58.1238
    762450    -58.4231
    762460    -58.6486
    762470    -58.1241
    762480    -58.3314
    762490    -60.6418
    762500    -60.0625
    762510     -56.466
    762520    -60.0925
    762530    -60.0539
    762540    -59.9289
    762550    -60.6472
    762560    -58.8876
    762570    -57.3684
    762580    -55.9562
    762590    -59.1665
    762600    -56.3001
    762610    -60.2519
    762620     -57.853
    762630    -58.8174
    762640     -63.183
    762650    -60.0331
    762660    -58.2746
    762670     -62.073
    762680    -61.5623
    762690    -61.6332
    762700    -62.4401
    762710     -59.992
    762720    -60.5295
    762730    -61.6419
    762740    -60.4049
    762750    -58.2803
    762760    -59.3211
    762770    -58.1839
    762780    -57.4633
    762790    -58.0121
    762800    -60.5104
    762810    -61.5784
    762820    -60.0342
    762830    -64.1077
    762840    -61.8026
    762850    -60.3806
    762860    -58.5124
    762870    -58.2361
    762880    -58.2397
    762890    -62.6889
    762900     -61.896
    762910    -63.6492
    762920    -59.8317
    762930    -62.2127
    762940     -62.651
    762950    -59.5178
    762960    -65.4041
    762970    -63.7481
    762980     -62.363
    762990    -64.3133
    763000    -64.3211
    763010    -63.4777
    763020     -66.238
    763030    -61.4927
    763040    -56.2464
    763050    -64.1042
    763060    -63.6213
    763070    -59.5173
    763080     -61.621
    763090    -61.6835
    763100    -61.5936
    763110    -58.2152
    763120       -61.7
    763130    -56.0648
    763140     -60.446
    763150    -61.5612
    763160    -63.6515
    763170     -59.394
    763180    -61.7557
    763190    -60.4174
    763200     -62.847
    763210    -61.6229
    763220    -59.3964
    763230    -64.0543
    763240    -62.0337
    763250    -64.7778
    763260    -63.1453
    763270    -62.0135
    763280    -62.9815
    763290    -65.4291
    763300    -61.7651
    763310    -60.2682
    763320    -62.4618
    763330    -59.0883
    763340    -58.8264
    763350    -57.1148
    763360    -59.2591
    763370     -60.319
    763380    -57.1692
    763390    -61.0025
    763400    -57.6255
    763410    -60.1227
    763420    -56.0976
    763430    -62.4831
    763440     -60.908
    763450    -63.1174
    763460    -61.6098
    763470    -62.6925
    763480    -62.5919
    763490     -62.819
    763500    -55.7624
    763510    -59.3734
    763520    -59.4817
    763530    -63.5631
    763540    -58.8001
    763550    -57.7113
    763560    -58.7314
    763570     -60.006
    763580    -57.8639
    763590    -58.5584
    763600    -60.2413
    763610    -62.8516
    763620     -60.413
    763630    -60.7686
    763640    -60.0838
    763650    -56.6689
    763660    -59.5645
    763670    -60.3436
    763680    -58.7514
    763690    -58.4724
    763700    -58.7458
    763710    -61.1342
    763720    -57.9884
    763730    -60.2932
    763740    -60.8224
    763750    -61.3163
    763760    -56.3658
    763770    -55.8317
    763780     -57.719
    763790    -56.9307
    763800    -57.0888
    763810    -56.6664
    763820    -58.9514
    763830    -64.0697
    763840    -62.0816
    763850    -58.5809
    763860    -58.4135
    763870    -59.1833
    763880    -60.8719
    763890    -61.3438
    763900    -56.2153
    763910    -62.1635
    763920    -64.8203
    763930    -65.5566
    763940    -62.2613
    763950    -56.1423
    763960    -63.2346
    763970    -57.3493
    763980    -65.9196
    763990    -58.9881
    764000    -66.2061
    764010    -61.4273
    764020    -58.6806
    764030    -61.1469
    764040    -59.3232
    764050     -64.316
    764060    -63.8465
    764070    -60.4847
    764080     -59.649
    764090    -64.3114
    764100    -63.7736
    764110    -59.2589
    764120    -61.4717
    764130    -63.2703
    764140    -65.1751
    764150    -61.8147
    764160    -66.2758
    764170    -57.7837
    764180    -59.5988
    764190    -56.4582
    764200    -63.5382
    764210    -64.7248
    764220    -61.3072
    764230    -60.6459
    764240    -60.6033
    764250    -60.0807
    764260    -58.6645
    764270     -61.325
    764280    -65.3977
    764290    -65.2857
    764300    -63.3632
    764310    -64.4162
    764320     -64.573
    764330    -67.1072
    764340    -67.4021
    764350    -62.3953
    764360    -62.6684
    764370    -63.8556
    764380    -64.7391
    764390    -63.9886
    764400    -57.7199
    764410    -63.3097
    764420    -66.2654
    764430    -61.7572
    764440    -68.3026
    764450    -64.2485
    764460     -63.683
    764470    -62.6061
    764480    -60.0769
    764490    -59.9255
    764500    -65.0764
    764510    -62.4037
    764520    -62.7744
    764530    -63.0314
    764540    -67.2405
    764550    -64.6979
    764560    -61.1533
    764570    -61.8496
    764580    -63.1708
    764590    -59.1219
    764600    -65.1593
    764610    -66.2582
    764620    -66.6288
    764630    -60.3307
    764640    -66.4353
    764650    -62.8909
    764660    -59.8149
    764670    -65.2826
    764680    -60.5123
    764690    -69.1466
    764700     -63.342
    764710    -60.5764
    764720      -60.77
    764730    -60.7456
    764740    -62.5111
    764750     -63.853
    764760    -59.0096
    764770    -64.6518
    764780    -63.7036
    764790    -60.6469
    764800    -64.6683
    764810    -62.2091
    764820    -60.5194
    764830    -61.5302
    764840    -63.2787
    764850     -61.487
    764860     -64.657
    764870    -59.9487
    764880    -61.5459
    764890     -66.966
    764900    -62.9867
    764910    -61.0837
    764920    -64.7046
    764930    -61.9221
    764940    -61.8213
    764950    -61.5753
    764960      -64.82
    764970    -63.9866
    764980    -64.6384
    764990    -63.4017
    765000    -66.4575
    765010    -65.5186
    765020    -66.2968
    765030    -61.1067
    765040    -63.7879
    765050    -66.3198
    765060    -67.6649
    765070    -58.7421
    765080    -65.3509
    765090    -61.8898
    765100    -64.0863
    765110    -65.9675
    765120    -64.2056
    765130    -59.7044
    765140       -61.2
    765150     -60.279
    765160    -64.9352
    765170    -66.5813
    765180    -60.3518
    765190    -60.4096
    765200    -62.0146
    765210    -62.9606
    765220    -63.7449
    765230    -64.1792
    765240    -62.2192
    765250    -61.3723
    765260    -60.2764
    765270    -64.2335
    765280    -61.5515
    765290    -60.3642
    765300    -63.7893
    765310    -60.8807
    765320    -65.0992
    765330    -61.3655
    765340    -64.5605
    765350    -62.0071
    765360    -65.7505
    765370    -62.3945
    765380    -60.7296
    765390    -60.7274
    765400    -63.6334
    765410     -61.627
    765420    -62.7776
    765430    -62.3695
    765440    -65.6103
    765450    -62.3719
    765460    -64.3537
    765470    -63.4361
    765480    -61.7323
    765490    -64.6394
    765500    -63.6184
    765510    -60.9184
    765520    -64.1793
    765530    -65.1343
    765540    -64.6015
    765550    -65.9988
    765560    -61.0058
    765570    -60.6499
    765580     -66.247
    765590    -59.5975
    765600    -61.9512
    765610    -58.7749
    765620    -62.0518
    765630    -59.7184
    765640    -65.2855
    765650    -62.1873
    765660     -66.271
    765670    -62.1351
    765680     -63.046
    765690     -61.431
    765700    -64.3189
    765710    -60.6024
    765720    -60.7151
    765730    -61.6396
    765740    -57.8704
    765750    -60.2244
    765760    -59.4443
    765770    -60.5506
    765780    -61.0315
    765790    -59.4931
    765800    -61.7683
    765810    -59.7762
    765820    -59.9911
    765830    -58.1967
    765840    -63.1029
    765850    -64.0414
    765860    -61.5493
    765870    -61.0612
    765880    -57.5131
    765890     -60.448
    765900    -63.3813
    765910    -66.2892
    765920    -63.4238
    765930    -61.2451
    765940    -61.1269
    765950    -61.4669
    765960    -64.6499
    765970    -63.2442
    765980    -62.7586
    765990    -57.7065
    766000    -59.2174
    766010    -59.3205
    766020    -62.0053
    766030    -61.7251
    766040    -63.6683
    766050    -64.7586
    766060    -64.0216
    766070    -63.1295
    766080    -64.4081
    766090     -61.637
    766100    -60.6672
    766110    -63.3392
    766120    -64.8552
    766130    -61.8537
    766140    -63.1516
    766150    -64.5325
    766160    -62.3458
    766170    -63.8648
    766180    -62.1529
    766190    -59.1006
    766200    -62.6189
    766210    -64.1674
    766220    -65.5002
    766230    -62.6993
    766240    -61.5637
    766250    -60.5581
    766260    -66.2169
    766270    -59.0394
    766280     -61.761
    766290    -63.2728
    766300    -59.9048
    766310    -62.0356
    766320     -60.739
    766330    -62.1242
    766340    -61.6681
    766350    -62.7224
    766360    -59.1609
    766370    -61.6005
    766380    -62.7349
    766390    -63.1876
    766400     -61.348
    766410    -57.8471
    766420    -66.2137
    766430    -63.5155
    766440    -62.4239
    766450    -63.0206
    766460    -65.0749
    766470    -59.4955
    766480    -63.4972
    766490    -62.4698
    766500    -59.9264
    766510    -58.9856
    766520    -59.0104
    766530    -59.9485
    766540    -61.1947
    766550    -64.6073
    766560    -61.4752
    766570    -66.9159
    766580     -61.348
    766590    -66.2888
    766600    -62.8149
    766610    -62.5307
    766620    -62.9624
    766630    -62.4066
    766640    -63.4032
    766650    -60.7805
    766660     -61.629
    766670    -61.9139
    766680    -63.7119
    766690    -61.8469
    766700    -63.3378
    766710    -60.5594
    766720    -59.9508
    766730    -61.4822
    766740    -60.6307
    766750    -65.0089
    766760    -63.4711
    766770    -63.3427
    766780    -65.5603
    766790    -61.2949
    766800     -60.409
    766810    -58.3524
    766820      -61.43
    766830    -63.1749
    766840    -62.0336
    766850    -60.5176
    766860    -60.7647
    766870    -63.3941
    766880    -62.8349
    766890    -60.4423
    766900    -60.9769
    766910    -66.6185
    766920    -62.7903
    766930    -59.7053
    766940    -61.3607
    766950    -60.4983
    766960    -63.8037
    766970    -59.3595
    766980    -66.3617
    766990    -63.2227
    767000    -58.3579
    767010    -61.3049
    767020    -59.9937
    767030    -64.1058
    767040    -60.0882
    767050    -62.8377
    767060     -59.748
    767070    -60.3214
    767080     -55.281
    767090    -62.5469
    767100     -61.657
    767110    -63.7906
    767120    -62.8002
    767130    -66.0397
    767140    -69.1833
    767150    -65.6966
    767160    -60.1024
    767170    -65.9946
    767180    -63.5271
    767190    -57.3387
    767200    -64.8259
    767210    -62.6282
    767220    -63.2024
    767230    -62.1909
    767240    -60.7889
    767250    -60.7786
    767260     -64.147
    767270    -65.3078
    767280    -57.9966
    767290    -65.5489
    767300    -60.1737
    767310    -64.6048
    767320     -58.816
    767330    -64.4073
    767340    -61.3776
    767350     -61.703
    767360    -59.3581
    767370    -58.1478
    767380    -59.4635
    767390    -63.2149
    767400     -63.795
    767410     -61.407
    767420    -64.1636
    767430    -59.6607
    767440    -61.0097
    767450    -60.0509
    767460    -62.4794
    767470    -63.3501
    767480    -59.9911
    767490    -60.6844
    767500    -59.2626
    767510    -59.5802
    767520    -64.7345
    767530    -59.0223
    767540    -63.5604
    767550    -60.0261
    767560    -61.9105
    767570    -62.2519
    767580    -60.1458
    767590    -63.2679
    767600    -59.9599
    767610    -60.3394
    767620     -60.849
    767630    -65.8572
    767640    -63.3896
    767650    -61.0873
    767660    -60.7957
    767670    -61.4157
    767680    -59.9213
    767690    -61.6767
    767700    -63.1664
    767710    -62.5957
    767720    -60.8862
    767730    -59.1758
    767740    -58.0504
    767750    -61.0078
    767760    -63.8317
    767770    -57.0132
    767780    -61.0439
    767790    -57.4977
    767800    -67.0061
    767810    -58.9229
    767820    -59.3847
    767830    -62.0755
    767840    -61.4768
    767850    -62.5777
    767860    -59.7352
    767870    -59.9133
    767880    -61.4586
    767890    -67.3096
    767900    -62.1385
    767910     -62.227
    767920    -57.1329
    767930    -59.0848
    767940    -62.0501
    767950    -60.0371
    767960    -64.1496
    767970    -58.8861
    767980      -64.01
    767990    -62.1509
    768000    -62.5776
    768010       -63.9
    768020    -63.1933
    768030    -64.0374
    768040    -61.8782
    768050    -65.3132
    768060    -62.2904
    768070    -55.5291
    768080    -59.2378
    768090    -59.8488
    768100    -60.4346
    768110    -63.3515
    768120    -62.2145
    768130    -62.7254
    768140    -62.9342
    768150    -63.5981
    768160    -61.2715
    768170    -62.4867
    768180    -63.8999
    768190    -60.2478
    768200    -61.2026
    768210    -63.7571
    768220    -56.9896
    768230     -61.521
    768240    -59.8131
    768250    -64.1196
    768260    -59.5521
    768270    -62.2438
    768280    -63.7911
    768290    -60.4396
    768300    -63.7566
    768310    -60.4758
    768320    -62.0399
    768330    -63.6969
    768340    -61.3721
    768350    -59.6742
    768360    -65.7769
    768370    -62.5161
    768380    -60.0311
    768390    -64.1582
    768400    -61.7465
    768410    -61.1689
    768420    -61.2557
    768430    -64.6846
    768440    -63.7396
    768450    -61.6925
    768460    -61.9784
    768470    -65.1057
    768480    -61.3782
    768490    -61.0053
    768500    -57.1718
    768510    -61.6336
    768520    -56.1829
    768530    -60.6034
    768540    -59.8507
    768550    -63.1698
    768560    -58.9517
    768570    -60.6454
    768580    -61.1405
    768590    -66.4348
    768600    -61.8151
    768610    -57.6423
    768620    -63.0531
    768630    -61.2445
    768640    -65.9588
    768650     -62.324
    768660    -64.3649
    768670    -62.4629
    768680    -60.4627
    768690    -66.2743
    768700    -62.5786
    768710    -66.6865
    768720     -62.666
    768730    -61.6461
    768740    -61.7056
    768750    -62.7794
    768760    -56.2288
    768770    -56.4015
    768780    -61.8055
    768790    -62.8929
    768800    -62.3996
    768810    -60.3257
    768820    -61.2151
    768830    -62.2216
    768840     -60.072
    768850    -61.7372
    768860    -61.8563
    768870    -62.8044
    768880    -64.2662
    768890    -59.9512
    768900    -61.3637
    768910    -59.1214
    768920     -62.941
    768930    -61.9544
    768940    -57.6517
    768950    -59.2408
    768960    -64.8615
    768970    -58.9183
    768980     -58.733
    768990     -60.922
    769000    -60.4821
    769010    -60.8974
    769020    -58.4876
    769030    -62.0051
    769040    -60.1232
    769050    -61.8147
    769060    -60.4822
    769070    -60.2836
    769080    -60.4505
    769090     -65.238
    769100    -61.7159
    769110    -58.8396
    769120    -63.0146
    769130     -65.048
    769140    -65.2113
    769150    -61.2394
    769160    -63.5377
    769170    -62.8967
    769180    -63.4507
    769190    -61.7151
    769200    -64.7593
    769210    -60.6649
    769220    -63.1613
    769230    -58.9283
    769240    -67.5878
    769250    -61.1459
    769260    -64.9341
    769270    -62.8041
    769280     -65.907
    769290    -61.5686
    769300    -62.6754
    769310    -66.5282
    769320     -68.791
    769330    -65.4611
    769340    -60.0153
    769350    -70.1423
    769360     -64.534
    769370    -62.2095
    769380    -63.5345
    769390    -56.7866
    769400    -61.8945
    769410    -62.1233
    769420     -65.165
    769430    -60.6361
    769440    -61.9818
    769450    -62.5283
    769460    -59.7225
    769470    -60.8526
    769480    -64.9495
    769490    -62.4841
    769500    -66.7006
    769510    -63.4438
    769520    -66.3091
    769530    -67.9671
    769540     -62.836
    769550    -63.6544
    769560    -63.7475
    769570    -65.3123
    769580    -62.9998
    769590    -63.7392
    769600    -62.0774
    769610    -62.3091
    769620    -62.9389
    769630    -59.1592
    769640    -61.0579
    769650    -56.0102
    769660      -61.96
    769670    -62.1765
    769680    -60.4818
    769690    -63.6287
    769700    -63.3122
    769710    -60.7131
    769720    -61.4006
    769730    -65.7194
    769740    -64.7771
    769750    -64.1144
    769760    -61.0383
    769770    -62.3846
    769780    -61.3108
    769790    -66.1123
    769800    -63.3505
    769810    -63.1369
    769820    -63.8035
    769830    -60.6019
    769840    -60.0345
    769850    -67.3872
    769860    -62.0377
    769870    -61.6112
    769880    -59.4876
    769890    -62.3833
    769900    -60.7808
    769910    -62.9197
    769920    -67.6917
    769930    -60.2893
    769940    -63.9357
    769950    -61.5676
    769960    -62.5367
    769970    -61.4245
    769980    -65.4951
    769990    -67.4131
    770000    -63.8972
    770010    -63.9227
    770020    -64.6699
    770030    -61.9529
    770040    -61.3427
    770050    -58.9552
    770060    -64.2136
    770070    -61.3432
    770080    -65.3513
    770090      -59.67
    770100    -63.7956
    770110    -57.9554
    770120    -64.5496
    770130     -64.211
    770140    -68.3222
    770150    -61.6625
    770160    -64.3281
    770170    -62.3077
    770180     -67.267
    770190    -68.2214
    770200    -60.2589
    770210    -64.7642
    770220    -61.6703
    770230    -59.7328
    770240    -60.7455
    770250    -62.8199
    770260    -59.5247
    770270    -60.4513
    770280     -65.478
    770290    -61.4615
    770300    -62.6955
    770310    -65.2385
    770320    -60.8062
    770330    -64.3688
    770340    -62.3779
    770350    -60.2415
    770360    -63.4927
    770370    -64.0009
    770380    -60.2211
    770390      -64.48
    770400    -59.8381
    770410    -61.6106
    770420     -61.354
    770430    -60.3838
    770440    -58.8502
    770450    -65.0508
    770460    -61.9977
    770470     -62.605
    770480    -62.4389
    770490    -61.9919
    770500    -62.8617
    770510    -62.2017
    770520    -62.8139
    770530    -62.8841
    770540    -63.9741
    770550    -63.8357
    770560    -64.5976
    770570    -69.7184
    770580    -60.6967
    770590    -63.4553
    770600    -64.8333
    770610    -60.2305
    770620    -60.6993
    770630    -62.1232
    770640    -65.9458
    770650     -63.667
    770660    -64.4212
    770670    -67.9884
    770680    -61.4212
    770690     -61.157
    770700    -61.0864
    770710    -63.2132
    770720     -61.727
    770730    -62.7466
    770740     -62.328
    770750    -62.8112
    770760     -60.331
    770770    -63.8547
    770780    -62.4474
    770790    -63.2556
    770800    -64.2199
    770810    -64.5592
    770820    -62.3484
    770830    -63.5551
    770840    -65.0588
    770850    -62.1661
    770860    -65.9746
    770870     -66.399
    770880    -63.0246
    770890    -66.7138
    770900    -60.8282
    770910     -59.996
    770920    -63.4868
    770930    -61.9079
    770940    -59.9977
    770950    -67.0702
    770960    -63.4822
    770970    -63.1753
    770980     -58.354
    770990    -66.2391
    771000    -61.5499
    771010    -66.5267
    771020    -59.7519
    771030    -66.7546
    771040     -63.782
    771050    -65.0703
    771060    -65.7027
    771070    -63.3701
    771080    -64.4966
    771090    -60.7376
    771100    -62.6303
    771110    -66.4405
    771120    -64.3466
    771130     -67.668
    771140    -66.6921
    771150    -65.6582
    771160    -63.7794
    771170    -62.2124
    771180    -65.2523
    771190    -68.2097
    771200    -60.6492
    771210    -63.3069
    771220    -64.6936
    771230    -63.5213
    771240    -58.6862
    771250     -61.889
    771260    -61.5419
    771270    -61.3967
    771280    -65.8204
    771290    -61.7616
    771300    -62.0793
    771310    -63.2028
    771320    -63.0319
    771330     -62.255
    771340    -61.8789
    771350    -59.7629
    771360    -68.1268
    771370    -63.9211
    771380    -64.1663
    771390    -63.0996
    771400    -63.6311
    771410    -64.7042
    771420    -66.4843
    771430    -63.9537
    771440     -62.671
    771450    -66.9517
    771460    -66.9942
    771470    -61.3654
    771480    -62.5814
    771490    -65.6742
    771500    -64.7508
    771510    -61.3384
    771520     -60.036
    771530    -63.1586
    771540    -67.7711
    771550    -67.1482
    771560    -66.7178
    771570    -68.4426
    771580    -62.2281
    771590    -65.8206
    771600    -66.7146
    771610    -67.3089
    771620    -64.9387
    771630    -67.4349
    771640    -65.2759
    771650     -68.242
    771660    -63.5612
    771670     -67.107
    771680    -62.9709
    771690    -63.9516
    771700     -68.021
    771710    -61.1544
    771720    -65.7329
    771730     -64.926
    771740    -62.9618
    771750     -62.596
    771760    -62.5618
    771770     -61.719
    771780     -62.585
    771790     -66.752
    771800    -63.3032
    771810    -69.3524
    771820    -63.4093
    771830    -66.0726
    771840    -61.8454
    771850    -63.3268
    771860    -66.0232
    771870    -63.5201
    771880    -63.2704
    771890    -62.0904
    771900    -62.2297
    771910    -65.3029
    771920    -63.5798
    771930    -65.9693
    771940    -61.4431
    771950    -65.9605
    771960    -64.9458
    771970    -65.7616
    771980    -65.1136
    771990    -67.9631
    772000    -60.8768
    772010    -58.7585
    772020     -67.721
    772030    -64.6955
    772040    -62.1201
    772050     -66.326
    772060    -63.4572
    772070    -64.0887
    772080    -65.5509
    772090    -63.8591
    772100    -63.2046
    772110    -60.2744
    772120    -61.9109
    772130    -65.1373
    772140    -64.4584
    772150    -63.4455
    772160    -63.7912
    772170    -63.2924
    772180    -64.9386
    772190    -64.8222
    772200     -61.473
    772210    -59.6621
    772220     -66.157
    772230    -63.9784
    772240    -66.3659
    772250    -65.7955
    772260    -61.6502
    772270     -64.064
    772280    -65.0103
    772290    -67.7344
    772300    -65.1602
    772310    -61.5948
    772320    -64.3121
    772330    -62.1926
    772340    -62.9307
    772350    -66.6506
    772360    -64.7896
    772370    -64.0592
    772380    -60.7976
    772390    -58.1971
    772400    -59.9381
    772410    -63.6068
    772420    -61.1735
    772430     -67.265
    772440    -62.7345
    772450    -62.7258
    772460    -65.1348
    772470    -59.9407
    772480     -62.095
    772490    -64.8373
    772500    -62.5222
    772510    -59.7161
    772520    -63.6178
    772530    -63.0034
    772540    -64.9067
    772550    -63.4251
    772560    -67.4218
    772570    -63.8523
    772580    -65.3107
    772590     -66.658
    772600    -60.1064
    772610    -63.8578
    772620    -66.0118
    772630    -65.6432
    772640    -62.9345
    772650    -64.1915
    772660    -65.3674
    772670    -64.7093
    772680    -63.2285
    772690    -61.8978
    772700    -67.8267
    772710    -61.2305
    772720    -67.0653
    772730    -63.6894
    772740    -59.6133
    772750    -62.0531
    772760    -64.8426
    772770    -64.0588
    772780    -61.1938
    772790    -62.6414
    772800     -63.674
    772810    -66.9011
    772820    -65.8083
    772830    -61.1818
    772840    -61.7407
    772850    -60.0555
    772860    -68.8234
    772870    -62.3693
    772880    -64.6239
    772890    -62.3582
    772900    -62.4361
    772910    -60.7103
    772920    -62.8305
    772930    -57.8722
    772940    -61.4844
    772950    -57.5609
    772960    -61.9297
    772970    -62.0167
    772980    -61.5746
    772990    -60.0095
    773000    -60.9093
    773010    -66.3431
    773020    -66.5912
    773030    -59.3478
    773040    -63.4555
    773050    -62.2012
    773060     -60.291
    773070    -58.3867
    773080    -59.5725
    773090    -56.5709
    773100    -61.3612
    773110    -57.8085
    773120    -61.3925
    773130    -57.0433
    773140    -60.6429
    773150    -63.3228
    773160    -61.6871
    773170    -65.0022
    773180    -67.3601
    773190    -59.9277
    773200    -65.8955
    773210    -57.6531
    773220    -60.8802
    773230     -59.336
    773240    -60.6041
    773250    -62.0911
    773260    -61.2313
    773270    -60.2416
    773280    -61.5089
    773290    -62.3366
    773300    -58.6549
    773310      -60.97
    773320    -60.6018
    773330    -64.9652
    773340    -58.2752
    773350    -62.8397
    773360    -61.3599
    773370     -63.576
    773380    -63.9653
    773390    -58.5722
    773400    -58.6565
    773410    -56.8242
    773420     -59.377
    773430    -64.3057
    773440    -62.1295
    773450    -56.2257
    773460    -57.7465
    773470    -62.2667
    773480    -62.0133
    773490    -57.5789
    773500    -60.7481
    773510    -54.8469
    773520     -55.086
    773530    -57.2753
    773540    -55.4705
    773550    -61.7918
    773560    -61.0275
    773570     -59.797
    773580    -59.6532
    773590    -63.3204
    773600    -62.1658
    773610    -60.1609
    773620    -59.7101
    773630     -61.086
    773640    -60.6748
    773650    -58.6132
    773660    -59.0255
    773670    -58.4128
    773680    -62.3201
    773690    -56.3425
    773700    -58.4844
    773710    -61.0695
    773720     -59.853
    773730    -68.1501
    773740    -58.1633
    773750    -62.9536
    773760    -64.9534
    773770    -61.4465
    773780    -62.6979
    773790    -57.6022
    773800    -59.2303
    773810    -55.7342
    773820    -59.2169
    773830    -62.6691
    773840    -60.6985
    773850    -58.4332
    773860    -57.7548
    773870    -59.0892
    773880    -66.3011
    773890    -56.6894
    773900    -58.7257
    773910     -65.272
    773920    -60.3821
    773930    -60.4553
    773940    -61.4552
    773950    -56.7027
    773960    -60.9348
    773970    -61.9217
    773980    -59.7154
    773990    -60.9641
    774000    -59.3167
    774010    -63.4891
    774020    -56.9193
    774030    -63.8888
    774040    -62.8425
    774050     -63.303
    774060    -60.8161
    774070    -58.7238
    774080    -56.6769
    774090    -57.3166
    774100    -59.8184
    774110    -62.0578
    774120    -58.2826
    774130    -55.1376
    774140    -54.8204
    774150    -57.4248
    774160    -59.7412
    774170     -60.221
    774180     -59.887
    774190    -61.1977
    774200     -58.186
    774210    -61.3368
    774220    -56.6823
    774230    -60.1004
    774240    -60.6689
    774250    -61.8678
    774260    -59.9072
    774270    -62.6011
    774280    -61.8799
    774290    -59.6816
    774300    -62.2872
    774310    -65.5089
    774320    -70.8967
    774330     -66.311
    774340    -68.4812
    774350    -69.3132
    774360    -67.7782
    774370    -65.4333
    774380    -66.7191
    774390    -72.1478
    774400    -70.2326
    774410    -66.8496
    774420    -64.5617
    774430    -65.3135
    774440    -71.7363
    774450    -74.6424
    774460    -66.7326
    774470    -70.9957
    774480    -73.5842
    774490    -69.7551
    774500    -66.2057
    774510    -68.6944
    774520    -69.8178
    774530    -65.0589
    774540    -68.5061
    774550    -67.6087
    774560    -67.0453
    774570    -68.3963
    774580    -65.9227
    774590    -64.8061
    774600    -68.4308
    774610    -67.8638
    774620    -66.8841
    774630    -65.3168
    774640    -70.2089
    774650    -68.2281
    774660    -64.1706
    774670    -69.5297
    774680     -64.895
    774690    -61.5068
    774700    -58.8706
    774710    -58.2786
    774720    -60.1653
    774730    -57.1225
    774740    -57.7093
    774750    -61.7464
    774760    -59.4945
    774770    -57.5113
    774780    -60.4895
    774790    -55.6934
    774800    -56.6492
    774810    -66.4246
    774820    -60.5455
    774830    -61.6455
    774840    -59.3426
    774850    -61.7093
    774860    -61.0372
    774870    -59.7647
    774880    -63.4873
    774890    -64.6711
    774900    -60.4025
    774910    -57.8332
    774920    -58.0484
    774930    -58.8145
    774940    -64.2581
    774950    -62.8961
    774960    -59.0421
    774970    -62.0484
    774980    -62.2536
    774990    -63.6933
    775000    -55.6807
    775010    -59.7469
    775020    -56.6253
    775030     -55.874
    775040    -60.9464
    775050    -60.2129
    775060    -63.6461
    775070    -65.4203
    775080    -62.0541
    775090     -67.377
    775100     -61.806
    775110    -62.8437
    775120    -57.0425
    775130    -58.1938
    775140    -59.3832
    775150    -58.1093
    775160    -60.4248
    775170    -60.9703
    775180    -56.6991
    775190    -59.9411
    775200    -58.4216
    775210    -59.9615
    775220    -56.3372
    775230    -59.8479
    775240    -59.4386
    775250    -56.2908
    775260    -59.2728
    775270    -63.9157
    775280    -61.6614
    775290    -65.8222
    775300    -60.9366
    775310    -64.9538
    775320    -63.1156
    775330     -61.742
    775340    -61.1682
    775350     -64.445
    775360    -60.4985
    775370    -66.5259
    775380    -67.9372
    775390     -61.239
    775400    -64.2749
    775410     -57.689
    775420    -57.2909
    775430     -57.246
    775440    -56.8185
    775450     -58.403
    775460    -60.0731
    775470    -58.6182
    775480     -61.242
    775490     -60.477
    775500    -56.6925
    775510    -60.8295
    775520    -60.7858
    775530    -62.8892
    775540     -62.722
    775550    -64.7946
    775560    -60.9139
    775570    -64.3673
    775580    -69.5578
    775590    -62.7016
    775600    -65.2696
    775610    -61.5942
    775620    -63.3738
    775630    -61.3104
    775640    -65.8681
    775650    -59.7371
    775660    -62.5444
    775670    -62.1955
    775680    -59.6298
    775690     -63.368
    775700    -61.2561
    775710    -63.5381
    775720    -60.6033
    775730    -63.4139
    775740    -59.4596
    775750    -57.3891
    775760    -60.8583
    775770    -57.3806
    775780     -59.987
    775790    -56.1799
    775800    -61.5345
    775810    -63.1964
    775820    -58.4718
    775830    -62.0587
    775840    -64.2608
    775850    -66.4365
    775860    -63.1875
    775870    -63.5446
    775880    -65.6528
    775890    -65.6145
    775900    -59.5547
    775910    -59.1898
    775920    -60.6599
    775930    -59.6008
    775940    -59.6071
    775950    -61.4726
    775960    -65.3725
    775970    -61.6783
    775980    -56.7833
    775990    -62.7091
    776000    -60.3571
    776010     -58.978
    776020     -60.846
    776030    -69.5603
    776040    -61.8845
    776050    -64.0168
    776060    -57.5853
    776070    -61.8346
    776080    -65.5579
    776090    -66.2987
    776100    -63.0199
    776110    -63.9913
    776120    -60.9121
    776130    -68.6024
    776140    -67.3402
    776150    -64.9635
    776160     -67.237
    776170    -64.5239
    776180    -63.7484
    776190    -68.9411
    776200    -69.2111
    776210    -64.4964
    776220    -68.2122
    776230    -63.2008
    776240    -67.4369
    776250    -70.8712
    776260    -67.7739
    776270    -67.7105
    776280    -68.6917
    776290    -68.4499
    776300    -67.0666
    776310    -58.4899
    776320    -67.6711
    776330    -64.4979
    776340    -65.2082
    776350    -66.7723
    776360    -61.5685
    776370    -69.3377
    776380    -61.9183
    776390    -61.6208
    776400    -62.5062
    776410    -68.7896
    776420     -65.604
    776430    -64.6338
    776440    -69.8037
    776450    -68.3272
    776460    -70.9117
    776470    -63.9507
    776480    -65.1654
    776490    -60.8962
    776500    -65.5725
    776510    -64.7707
    776520    -63.4723
    776530    -65.3054
    776540    -62.2402
    776550    -66.2613
    776560    -63.4121
    776570    -66.4781
    776580    -62.1761
    776590    -64.7414
    776600    -64.1786
    776610    -64.7971
    776620    -65.6348
    776630    -65.2602
    776640    -61.9314
    776650    -65.2783
    776660    -65.3671
    776670    -64.0735
    776680     -62.991
    776690    -63.0591
    776700    -67.5982
    776710    -62.3701
    776720    -67.2136
    776730    -63.6164
    776740    -65.9475
    776750     -66.981
    776760    -68.8871
    776770    -69.0792
    776780    -65.8091
    776790    -68.7607
    776800     -71.703
    776810    -65.7834
    776820    -68.3238
    776830    -68.0865
    776840    -66.5467
    776850    -68.6209
    776860    -66.9009
    776870    -55.9308
    776880    -68.8853
    776890    -72.6788
    776900    -67.7616
    776910    -65.9752
    776920    -67.3155
    776930    -72.4557
    776940    -68.6833
    776950     -64.069
    776960    -70.5905
    776970    -67.7386
    776980    -69.1989
    776990    -65.5257
    777000    -64.7118
    777010    -67.0037
    777020     -65.789
    777030    -63.9246
    777040    -64.1549
    777050    -65.8749
    777060    -65.1111
    777070    -67.1531
    777080    -66.0656
    777090    -63.4991
    777100    -63.5992
    777110    -65.6656
    777120    -68.1103
    777130    -65.5224
    777140    -67.9408
    777150    -64.9713
    777160    -63.1462
    777170    -63.0199
    777180    -62.9548
    777190    -63.9889
    777200    -67.3426
    777210    -63.3487
    777220    -62.4841
    777230    -62.1348
    777240    -65.0104
    777250    -63.3835
    777260    -64.0787
    777270    -68.1681
    777280    -66.5379
    777290    -70.8482
    777300    -72.7611
    777310    -69.0945
    777320    -64.4804
    777330    -67.1159
    777340    -62.8305
    777350    -67.1998
    777360    -68.8725
    777370    -66.4532
    777380    -68.9976
    777390    -71.2273
    777400    -66.6897
    777410    -61.6041
    777420    -67.4399
    777430     -66.309
    777440    -66.7696
    777450    -65.2406
    777460    -68.3131
    777470    -69.3525
    777480    -67.4604
    777490    -64.5849
    777500    -66.3092
    777510    -68.0569
    777520    -66.8705
    777530    -68.3476
    777540    -64.5351
    777550    -69.3713
    777560     -68.189
    777570    -67.3672
    777580    -61.8956
    777590    -70.0171
    777600    -68.1899
    777610    -68.6175
    777620    -67.1789
    777630    -66.1412
    777640    -67.9278
    777650    -64.0741
    777660    -65.1403
    777670    -67.0678
    777680    -62.4595
    777690    -62.9992
    777700    -65.0918
    777710    -63.7794
    777720    -69.9462
    777730    -70.2118
    777740    -65.3296
    777750    -65.9906
    777760    -65.4661
    777770    -64.7527
    777780    -64.2236
    777790     -65.475
    777800    -69.5721
    777810    -74.0891
    777820    -70.8235
    777830    -74.7345
    777840    -71.9118
    777850    -69.9184
    777860    -73.4138
    777870    -69.9112
    777880    -68.4015
    777890    -70.5863
    777900    -65.4614
    777910    -67.4483
    777920    -70.0696
    777930     -66.953
    777940    -67.3533
    777950    -71.2087
    777960    -67.5136
    777970     -64.567
    777980    -62.0899
    777990    -70.6754
    778000    -65.2122
    778010    -72.6666
    778020    -69.5254
    778030    -67.3318
    778040    -64.4596
    778050    -69.7211
    778060    -70.0442
    778070    -66.0245
    778080    -68.3267
    778090     -67.811
    778100    -64.3932
    778110    -66.5145
    778120    -64.1524
    778130    -65.7629
    778140    -66.1073
    778150    -67.9588
    778160    -68.0312
    778170    -67.1741
    778180     -70.326
    778190    -72.9499
    778200    -74.2689
    778210    -66.6504
    778220    -69.9491
    778230    -69.9565
    778240    -64.6789
    778250     -66.834
    778260    -66.8848
    778270    -69.5576
    778280    -70.6415
    778290    -67.2226
    778300    -67.5539
    778310    -71.3939
    778320    -70.5508
    778330    -65.7175
    778340    -71.4853
    778350    -72.2589
    778360    -70.7247
    778370    -69.4203
    778380    -65.4707
    778390     -72.054
    778400    -66.4557
    778410    -63.7981
    778420     -63.639
    778430    -69.3474
    778440      -66.15
    778450    -66.1549
    778460    -64.3905
    778470    -61.2058
    778480    -66.4978
    778490    -66.2847
    778500    -64.2932
    778510    -65.7501
    778520    -66.5916
    778530    -61.2857
    778540    -66.8046
    778550     -71.549
    778560     -69.949
    778570    -68.2087
    778580    -72.9512
    778590    -71.3655
    778600    -61.9616
    778610    -63.4861
    778620    -71.7574
    778630    -65.8436
    778640    -62.8721
    778650    -68.2608
    778660    -69.7363
    778670    -68.4277
    778680    -67.8498
    778690    -62.8353
    778700    -66.4141
    778710    -63.4413
    778720    -64.1444
    778730    -61.9821
    778740    -61.4019
    778750    -61.7179
    778760    -68.5014
    778770    -65.8589
    778780    -71.6351
    778790    -70.2088
    778800     -69.233
    778810    -71.4654
    778820     -69.864
    778830    -69.3735
    778840    -72.5921
    778850    -68.1964
    778860    -68.9268
    778870     -64.391
    778880    -66.8578
    778890    -66.0273
    778900    -68.0284
    778910    -70.2083
    778920    -71.2971
    778930    -68.6615
    778940    -66.5939
    778950    -69.4224
    778960    -71.4175
    778970    -69.0076
    778980    -70.9849
    778990    -68.2012
    779000    -70.2107
    779010    -71.2551
    779020    -66.4912
    779030     -70.658
    779040    -64.7301
    779050    -68.9014
    779060    -67.8466
    779070    -67.9814
    779080    -70.2094
    779090    -69.0012
    779100    -66.9716
    779110    -69.3762
    779120    -64.3236
    779130    -60.5614
    779140    -68.1907
    779150    -65.5884
    779160    -67.8972
    779170    -60.8695
    779180    -63.0415
    779190    -61.1955
    779200    -63.9934
    779210    -69.8076
    779220    -69.3991
    779230    -68.5077
    779240    -63.3208
    779250     -64.893
    779260    -61.5395
    779270    -68.2882
    779280    -66.3516
    779290    -67.2835
    779300    -69.9466
    779310    -64.4988
    779320    -64.7144
    779330    -64.9648
    779340    -69.4535
    779350    -65.0347
    779360    -61.4006
    779370      -62.47
    779380    -61.9583
    779390    -65.3158
    779400    -60.8413
    779410    -57.9166
    779420    -61.7995
    779430    -64.9809
    779440    -58.8419
    779450    -56.5275
    779460    -59.6783
    779470    -63.5487
    779480    -65.7361
    779490    -68.8357
    779500    -61.1244
    779510    -61.0258
    779520    -66.7717
    779530    -63.3117
    779540     -60.601
    779550    -63.7806
    779560    -60.4802
    779570    -66.2099
    779580     -63.832
    779590    -63.0482
    779600    -67.7559
    779610    -63.8293
    779620    -62.6708
    779630    -64.4783
    779640    -60.7492
    779650    -60.2573
    779660    -58.4106
    779670    -58.4145
    779680    -61.4741
    779690    -61.2462
    779700    -68.6286
    779710     -60.267
    779720    -68.2192
    779730    -66.8988
    779740    -65.9065
    779750    -69.1605
    779760    -64.4678
    779770    -61.7693
    779780    -64.0499
    779790    -62.7724
    779800    -59.1793
    779810    -67.6012
    779820    -60.6772
    779830     -62.072
    779840    -64.6654
    779850    -65.1323
    779860    -63.9657
    779870    -66.9796
    779880    -67.5317
    779890    -63.3806
    779900    -64.8143
    779910    -64.7962
    779920    -61.7842
    779930    -66.3846
    779940    -67.5716
    779950    -66.2128
    779960     -61.147
    779970    -69.3456
    779980    -71.0705
    779990    -63.4773
    780000     -64.432
    780010    -62.4574
    780020    -65.8991
    780030    -65.6322
    780040    -68.5207
    780050    -69.0372
    780060    -72.0577
    780070    -68.5182
    780080    -72.0159
    780090    -68.7286
    780100    -67.3001
    780110    -66.6217
    780120    -68.3733
    780130    -73.5564
    780140    -68.4158
    780150     -68.077
    780160    -64.7937
    780170    -68.3918
    780180    -67.4658
    780190     -71.547
    780200    -69.2915
    780210     -75.036
    780220    -66.9538
    780230    -69.2654
    780240    -66.7116
    780250    -65.0072
    780260    -62.9865
    780270    -65.1111
    780280    -63.6055
    780290    -63.2727
    780300    -66.7659
    780310    -63.5983
    780320    -62.1626
    780330    -70.2767
    780340      -64.07
    780350    -68.2529
    780360    -65.9529
    780370    -64.3433
    780380    -66.2821
    780390    -63.0486
    780400    -68.3601
    780410    -67.4804
    780420    -67.3496
    780430    -66.7511
    780440    -70.7974
    780450    -66.4665
    780460    -67.4797
    780470    -65.3999
    780480    -61.8716
    780490    -64.3375
    780500    -66.7231
    780510    -67.0589
    780520    -66.1792
    780530    -61.4803
    780540    -63.6056
    780550    -62.7117
    780560     -66.682
    780570    -68.3973
    780580    -63.5812
    780590    -64.2245
    780600    -66.1672
    780610    -66.5884
    780620    -65.2064
    780630    -62.4851
    780640    -62.3845
    780650    -67.0796
    780660    -71.3861
    780670    -71.8517
    780680    -68.4653
    780690    -65.1756
    780700     -67.909
    780710    -70.7212
    780720    -68.4916
    780730    -71.3398
    780740    -67.8108
    780750    -65.7382
    780760    -69.7894
    780770    -71.2198
    780780    -66.1714
    780790      -65.51
    780800    -66.1548
    780810    -67.0258
    780820    -67.3425
    780830      -64.45
    780840     -65.761
    780850    -64.0878
    780860     -63.882
    780870    -62.3984
    780880     -62.886
    780890    -64.2456
    780900       -62.8
    780910     -67.579
    780920    -66.0614
    780930    -65.7319
    780940    -68.8733
    780950    -65.4439
    780960    -67.0737
    780970    -69.5777
    780980    -60.9307
    780990    -62.7064
    781000     -62.706
    781010    -62.9272
    781020    -64.7072
    781030    -67.2205
    781040    -67.6008
    781050    -68.4794
    781060    -69.3229
    781070    -66.2111
    781080    -69.7051
    781090    -67.1354
    781100    -68.9361
    781110    -65.7418
    781120    -65.9602
    781130    -66.9034
    781140     -64.767
    781150    -64.4721
    781160    -67.4724
    781170    -63.4062
    781180    -66.6813
    781190    -68.1149
    781200    -63.3424
    781210    -66.2103
    781220    -65.7517
    781230    -66.4371
    781240    -65.9996
    781250    -66.8034
    781260    -65.5303
    781270    -65.6773
    781280    -65.0475
    781290    -66.3366
    781300    -69.2787
    781310    -65.1722
    781320    -63.4659
    781330    -70.0735
    781340    -64.0096
    781350    -61.8045
    781360     -69.105
    781370    -65.2836
    781380    -63.7693
    781390    -62.0239
    781400    -68.3272
    781410     -64.046
    781420    -65.2174
    781430    -65.5417
    781440    -56.2766
    781450    -66.3348
    781460    -65.6945
    781470    -66.6561
    781480    -61.8095
    781490    -62.1626
    781500     -68.538
    781510    -66.2505
    781520    -67.5817
    781530    -65.2057
    781540    -68.5558
    781550    -63.5533
    781560     -67.839
    781570    -64.8148
    781580    -68.0671
    781590    -64.8544
    781600    -67.4795
    781610    -62.9476
    781620    -59.9789
    781630    -63.8389
    781640    -65.5931
    781650    -64.0015
    781660    -69.9204
    781670    -62.0119
    781680    -67.6019
    781690    -64.6607
    781700    -59.5083
    781710    -64.1946
    781720    -70.3192
    781730    -65.8823
    781740    -62.5886
    781750     -62.696
    781760    -63.2956
    781770    -63.5305
    781780    -65.4972
    781790     -59.509
    781800    -68.2034
    781810    -65.0961
    781820    -66.9204
    781830    -65.7081
    781840     -56.621
    781850    -64.0448
    781860    -66.2123
    781870    -60.2928
    781880    -58.7881
    781890    -67.4282
    781900    -65.5955
    781910    -63.0671
    781920    -64.7111
    781930    -59.8964
    781940    -65.8035
    781950    -62.2062
    781960    -65.7025
    781970    -66.4576
    781980    -63.5522
    781990    -70.0455
    782000    -68.2348
    782010    -64.5148
    782020    -66.8507
    782030    -65.1573
    782040    -66.2228
    782050    -58.1095
    782060    -58.8675
    782070      -66.38
    782080    -63.8041
    782090    -62.5064
    782100    -59.9721
    782110    -68.1536
    782120    -66.1188
    782130    -66.9489
    782140    -67.6333
    782150    -66.1057
    782160    -62.5891
    782170    -67.7777
    782180    -67.9906
    782190    -68.5129
    782200    -63.4424
    782210    -66.9148
    782220    -64.9728
    782230    -65.8292
    782240    -61.6475
    782250    -66.1705
    782260     -62.248
    782270    -70.3372
    782280    -63.7051
    782290    -63.8677
    782300    -63.9502
    782310     -66.803
    782320    -66.4207
    782330    -62.4837
    782340    -69.9997
    782350    -59.8237
    782360    -66.1975
    782370    -63.2615
    782380    -65.9279
    782390    -63.9872
    782400    -65.6372
    782410    -63.7916
    782420    -68.3173
    782430    -61.5434
    782440    -66.1424
    782450    -70.3807
    782460    -68.5318
    782470     -70.117
    782480    -67.1661
    782490    -60.7576
    782500    -68.4076
    782510    -63.0664
    782520    -65.7182
    782530    -63.0253
    782540    -64.4167
    782550     -69.929
    782560    -62.7467
    782570    -63.5802
    782580    -60.5209
    782590    -63.8459
    782600    -65.7198
    782610    -63.4328
    782620    -59.6419
    782630    -66.5039
    782640     -69.488
    782650    -65.1671
    782660     -65.187
    782670    -67.1328
    782680    -65.4278
    782690    -65.4955
    782700    -70.7383
    782710    -65.3474
    782720    -64.3392
    782730    -65.2855
    782740    -65.8128
    782750    -62.9532
    782760    -57.9941
    782770    -61.1425
    782780     -65.909
    782790     -64.234
    782800     -60.228
    782810    -60.4019
    782820    -58.5778
    782830    -64.7802
    782840    -58.4065
    782850    -62.9865
    782860    -65.6001
    782870    -66.1368
    782880    -60.0171
    782890    -65.8811
    782900      -71.93
    782910    -71.1046
    782920    -66.3587
    782930    -64.8584
    782940    -62.3645
    782950      -64.72
    782960     -66.607
    782970    -61.4566
    782980    -60.5939
    782990    -61.0464
    783000    -65.6496
    783010     -64.144
    783020    -64.4627
    783030    -67.1558
    783040    -61.9985
    783050    -65.8849
    783060    -63.5951
    783070    -69.6378
    783080    -61.7177
    783090    -57.3165
    783100    -60.7768
    783110    -63.1083
    783120    -56.2225
    783130    -60.5815
    783140    -69.3061
    783150    -61.7283
    783160    -63.3567
    783170    -62.9498
    783180    -65.4165
    783190    -62.3176
    783200    -65.8431
    783210    -62.4528
    783220    -66.7157
    783230    -61.2103
    783240    -66.7707
    783250    -63.8717
    783260    -67.5673
    783270    -62.1158
    783280    -63.1036
    783290    -67.1221
    783300    -69.2706
    783310    -66.6956
    783320    -65.5461
    783330    -67.7627
    783340    -71.8321
    783350    -67.6899
    783360    -64.5265
    783370    -68.0622
    783380    -67.1155
    783390    -70.4554
    783400    -61.6594
    783410    -69.3193
    783420    -65.0413
    783430    -62.9659
    783440    -63.1246
    783450    -64.3891
    783460    -65.1481
    783470    -66.6996
    783480    -71.7025
    783490    -62.3201
    783500    -68.2045
    783510    -70.7732
    783520    -68.6703
    783530    -69.6321
    783540    -68.3113
    783550    -65.7699
    783560    -64.8664
    783570    -66.3793
    783580    -69.1575
    783590    -68.7972
    783600    -67.3987
    783610     -71.915
    783620    -72.4512
    783630    -68.6162
    783640    -68.9717
    783650    -72.0222
    783660    -67.3519
    783670    -68.0476
    783680    -72.3288
    783690    -69.2653
    783700      -65.09
    783710    -66.8511
    783720    -65.2022
    783730    -67.4471
    783740    -70.1444
    783750    -69.5734
    783760    -71.4185
    783770     -65.134
    783780    -68.6666
    783790    -66.9784
    783800    -73.5172
    783810    -69.9091
    783820    -67.1203
    783830    -66.4763
    783840     -69.805
    783850    -68.9254
    783860    -74.7674
    783870    -73.0618
    783880    -65.4729
    783890    -68.1946
    783900     -70.633
    783910    -74.3989
    783920    -70.3635
    783930    -69.2471
    783940    -69.1218
    783950    -73.6809
    783960    -70.0936
    783970     -73.254
    783980    -75.4728
    783990    -67.1019
    784000    -72.8133
    784010    -69.3095
    784020    -69.3252
    784030    -72.2628
    784040    -71.0727
    784050    -69.8533
    784060    -72.0983
    784070    -64.4417
    784080    -67.5241
    784090    -64.6538
    784100    -66.9151
    784110    -68.5206
    784120    -68.2189
    784130    -64.3854
    784140    -63.8728
    784150    -62.7584
    784160     -61.161
    784170    -61.0959
    784180    -65.7866
    784190     -63.287
    784200    -66.9578
    784210     -66.578
    784220    -70.4362
    784230    -68.5375
    784240    -73.4081
    784250    -68.1706
    784260    -66.3303
    784270    -66.3296
    784280    -64.9734
    784290    -65.5436
    784300    -65.7711
    784310    -67.3419
    784320    -72.3102
    784330     -71.305
    784340    -66.4825
    784350    -63.0563
    784360    -68.6115
    784370    -64.9821
    784380    -66.4058
    784390    -72.1992
    784400    -72.3313
    784410    -64.2264
    784420     -74.239
    784430    -67.6146
    784440    -70.0383
    784450    -65.4532
    784460    -64.4102
    784470    -68.4186
    784480    -71.1102
    784490    -70.6668
    784500    -74.3441
    784510    -71.5979
    784520    -69.5514
    784530    -73.3572
    784540    -65.6203
    784550    -71.2795
    784560    -74.2717
    784570    -71.6253
    784580    -72.2166
    784590    -71.9552
    784600    -65.6057
    784610    -71.2998
    784620    -76.7306
    784630    -68.9901
    784640    -66.9407
    784650    -69.9398
    784660    -70.6194
    784670     -74.589
    784680    -67.5483
    784690    -66.8216
    784700    -74.6318
    784710    -68.5964
    784720    -74.7895
    784730    -68.7173
    784740    -73.0297
    784750    -72.8326
    784760    -73.7787
    784770    -69.4636
    784780    -76.1171
    784790    -71.6325
    784800    -75.8909
    784810     -73.251
    784820    -73.4613
    784830    -72.5065
    784840    -70.0869
    784850    -71.7635
    784860    -71.5498
    784870    -72.5482
    784880    -69.5359
    784890    -72.6378
    784900    -67.3841
    784910    -73.9109
    784920    -74.7194
    784930    -68.3731
    784940    -70.6888
    784950     -69.945
    784960    -68.0533
    784970    -65.5418
    784980    -66.3232
    784990    -65.9088
    785000    -66.3323
    785010    -64.0922
    785020    -61.5205
    785030    -63.3891
    785040    -64.4373
    785050    -66.3217
    785060    -64.4485
    785070    -63.4246
    785080    -67.1407
    785090    -64.1683
    785100    -66.6112
    785110    -66.8311
    785120    -68.2679
    785130    -63.4878
    785140    -65.0749
    785150    -69.8062
    785160    -67.8664
    785170     -66.378
    785180    -67.4537
    785190    -64.9955
    785200    -65.3496
    785210    -65.6497
    785220     -72.991
    785230    -65.7744
    785240    -66.2968
    785250    -69.6461
    785260    -68.2812
    785270     -67.415
    785280    -67.9084
    785290    -70.5944
    785300    -66.4623
    785310    -68.5422
    785320    -69.6038
    785330    -65.2808
    785340    -63.6858
    785350    -63.0763
    785360    -62.9089
    785370    -63.0143
    785380    -64.4745
    785390    -68.0354
    785400    -66.0584
    785410    -68.0178
    785420    -69.2444
    785430    -66.7178
    785440    -67.7244
    785450    -73.2568
    785460    -68.3017
    785470    -68.8604
    785480    -72.2503
    785490      -65.15
    785500    -68.2093
    785510    -68.6013
    785520    -68.1778
    785530    -67.9066
    785540    -68.4055
    785550    -65.6021
    785560     -65.898
    785570    -67.3113
    785580    -65.1758
    785590    -67.0898
    785600    -66.9666
    785610    -67.3063
    785620    -69.7082
    785630    -69.0753
    785640    -65.0793
    785650    -65.1435
    785660    -67.1925
    785670    -62.4328
    785680    -67.4439
    785690    -63.6199
    785700    -68.9197
    785710      -62.16
    785720    -62.7889
    785730    -59.9547
    785740    -63.5087
    785750    -67.7016
    785760     -63.547
    785770     -66.824
    785780    -69.7595
    785790    -66.1438
    785800    -63.3691
    785810    -65.9217
    785820    -63.1975
    785830    -67.4108
    785840    -61.7878
    785850    -60.8233
    785860    -68.1659
    785870    -65.1929
    785880     -68.328
    785890    -68.1275
    785900    -65.9269
    785910    -65.0634
    785920    -64.7989
    785930    -69.1527
    785940    -65.5448
    785950    -65.0666
    785960    -64.4798
    785970     -68.277
    785980    -63.2086
    785990    -70.1761
    786000    -62.0269
    786010    -68.5426
    786020    -62.6366
    786030    -63.4202
    786040    -64.9062
    786050    -62.4228
    786060    -64.1812
    786070    -63.3674
    786080    -67.7052
    786090    -65.8623
    786100    -63.9643
    786110    -65.3042
    786120    -64.6191
    786130    -62.8383
    786140     -68.941
    786150    -65.0936
    786160    -67.0605
    786170     -68.999
    786180    -68.9238
    786190    -70.2487
    786200    -68.4877
    786210    -66.9141
    786220     -62.476
    786230    -70.5985
    786240    -69.0874
    786250    -69.0178
    786260    -70.2934
    786270    -72.1344
    786280    -67.5572
    786290    -69.8023
    786300    -71.7134
    786310    -72.3513
    786320    -71.2163
    786330    -70.1349
    786340    -69.5174
    786350    -68.9876
    786360    -70.9599
    786370     -64.633
    786380    -71.3605
    786390    -69.0852
    786400    -67.7692
    786410    -67.1057
    786420    -71.1924
    786430    -70.5724
    786440     -65.329
    786450    -72.0361
    786460    -68.3402
    786470    -65.0897
    786480    -72.3713
    786490     -69.196
    786500    -75.2287
    786510    -70.2093
    786520      -70.45
    786530    -70.2933
    786540    -68.1382
    786550    -68.4827
    786560    -67.3488
    786570    -65.6764
    786580    -66.7305
    786590    -66.4399
    786600    -66.8224
    786610    -68.1992
    786620     -65.866
    786630    -65.8508
    786640    -68.2676
    786650    -66.1466
    786660     -64.831
    786670    -64.2724
    786680     -65.447
    786690    -66.4991
    786700    -68.3762
    786710    -62.8982
    786720    -63.5328
    786730    -70.1913
    786740    -66.1378
    786750     -65.585
    786760    -69.0239
    786770    -65.3738
    786780    -66.5215
    786790    -66.2046
    786800    -65.0446
    786810    -66.0581
    786820    -66.6609
    786830    -65.6444
    786840     -64.914
    786850    -67.1888
    786860    -65.0858
    786870    -65.7283
    786880    -64.1128
    786890    -67.9266
    786900    -65.3086
    786910    -65.8537
    786920    -69.6068
    786930     -67.213
    786940     -69.178
    786950    -65.3092
    786960    -67.5737
    786970    -64.9854
    786980    -66.1546
    786990    -67.0687
    787000    -67.7512
    787010    -64.9301
    787020    -66.2349
    787030    -63.0952
    787040    -64.1373
    787050    -66.5182
    787060    -65.3657
    787070    -66.1736
    787080    -67.3418
    787090    -66.4588
    787100    -62.2173
    787110    -63.3449
    787120    -65.3637
    787130    -64.6935
    787140     -64.902
    787150    -61.4491
    787160    -62.9484
    787170    -62.6835
    787180    -66.5507
    787190    -61.8802
    787200    -66.3893
    787210    -67.8796
    787220    -65.9574
    787230    -65.5335
    787240    -69.2875
    787250    -63.8423
    787260    -66.1025
    787270    -66.1839
    787280    -64.5212
    787290    -62.8251
    787300    -64.4872
    787310    -64.5775
    787320    -65.4272
    787330    -68.6574
    787340    -63.6573
    787350     -65.411
    787360    -64.7836
    787370    -67.0819
    787380    -68.4528
    787390    -64.0603
    787400    -63.6911
    787410    -62.0314
    787420    -62.5479
    787430    -64.7738
    787440    -63.9307
    787450    -61.5542
    787460    -66.0715
    787470    -64.8456
    787480    -67.8738
    787490    -65.4091
    787500    -62.9622
    787510    -65.5385
    787520    -64.6328
    787530    -66.2334
    787540    -64.3929
    787550    -66.9812
    787560    -64.4459
    787570    -66.3467
    787580    -66.4825
    787590    -68.0922
    787600    -64.5418
    787610    -70.6988
    787620    -62.2389
    787630    -66.4463
    787640    -67.8145
    787650    -64.3999
    787660    -65.8513
    787670    -64.2246
    787680    -69.2794
    787690    -67.1742
    787700     -63.772
    787710    -68.0436
    787720    -64.7149
    787730    -62.0715
    787740    -65.0483
    787750    -67.4551
    787760    -68.2618
    787770    -65.1456
    787780    -68.1202
    787790    -67.7005
    787800    -61.9073
    787810    -66.3723
    787820    -63.6262
    787830    -64.3529
    787840    -64.0343
    787850    -61.0405
    787860    -65.3926
    787870    -65.8203
    787880     -63.669
    787890    -64.9839
    787900    -64.3151
    787910    -67.6978
    787920    -66.7756
    787930    -66.0232
    787940    -64.6277
    787950    -64.4605
    787960    -65.3754
    787970    -61.4063
    787980    -66.6594
    787990    -64.2563
    788000    -68.4713
    788010     -64.346
    788020    -63.1249
    788030    -61.3092
    788040    -66.0476
    788050    -65.6697
    788060    -65.3957
    788070    -62.9841
    788080    -62.9896
    788090     -64.215
    788100    -65.5911
    788110    -67.0484
    788120    -64.7113
    788130    -66.1708
    788140    -67.2522
    788150    -65.7888
    788160    -62.7436
    788170     -62.243
    788180    -63.0329
    788190    -66.5365
    788200    -68.0467
    788210    -63.8306
    788220    -66.0427
    788230    -65.5109
    788240    -67.5508
    788250    -64.5132
    788260    -61.0368
    788270    -66.0229
    788280    -65.0163
    788290    -64.1007
    788300    -63.2714
    788310     -69.829
    788320    -67.7978
    788330    -65.5231
    788340     -64.685
    788350    -66.1152
    788360    -70.1101
    788370    -68.8496
    788380    -63.8776
    788390    -63.0629
    788400    -65.0429
    788410    -65.7375
    788420    -65.7147
    788430    -66.7796
    788440    -63.0359
    788450    -65.5122
    788460    -62.3121
    788470    -65.7589
    788480    -62.3127
    788490    -66.1997
    788500    -67.6197
    788510     -65.605
    788520     -63.902
    788530    -67.7054
    788540    -70.8023
    788550    -64.6742
    788560    -64.2968
    788570    -68.6324
    788580     -68.831
    788590    -62.5278
    788600    -62.5907
    788610    -66.0517
    788620    -66.5795
    788630    -65.8163
    788640     -67.292
    788650    -65.0254
    788660    -67.1078
    788670    -72.7422
    788680    -70.6739
    788690    -66.6022
    788700    -66.8833
    788710    -68.3316
    788720    -69.8687
    788730    -68.2606
    788740     -67.092
    788750    -67.4213
    788760    -71.6998
    788770    -69.9484
    788780    -64.5621
    788790    -64.3691
    788800    -67.3434
    788810    -66.5974
    788820     -69.145
    788830    -70.9159
    788840    -65.8726
    788850    -67.0666
    788860    -61.9713
    788870    -66.0864
    788880    -70.4683
    788890    -69.6582
    788900    -71.2661
    788910    -69.3285
    788920    -65.4452
    788930    -65.0622
    788940    -67.0888
    788950    -65.2196
    788960    -65.9102
    788970    -68.8488
    788980    -68.6253
    788990    -66.0557
    789000    -68.7379
    789010    -67.2926
    789020    -67.6205
    789030    -66.6794
    789040    -62.7644
    789050    -65.2852
    789060    -68.0913
    789070    -67.3485
    789080    -65.3453
    789090    -61.9512
    789100    -66.8219
    789110    -68.4391
    789120    -64.7998
    789130    -63.7393
    789140    -67.7526
    789150    -67.5934
    789160    -68.9929
    789170    -70.8129
    789180    -64.7985
    789190    -65.4305
    789200    -71.1418
    789210     -67.812
    789220    -67.9099
    789230    -65.7833
    789240    -63.6895
    789250    -66.7759
    789260    -65.1885
    789270    -71.7415
    789280    -69.0716
    789290    -66.5114
    789300     -66.865
    789310    -65.9928
    789320    -66.7903
    789330     -61.001
    789340    -67.3837
    789350    -66.4824
    789360     -69.077
    789370    -63.4345
    789380    -64.2618
    789390    -68.9798
    789400    -65.9266
    789410    -66.5219
    789420    -69.0556
    789430    -71.0997
    789440     -69.948
    789450    -68.1657
    789460     -65.902
    789470    -64.4333
    789480    -68.6431
    789490    -71.5132
    789500    -70.0326
    789510    -71.4842
    789520    -68.6762
    789530    -72.7382
    789540    -67.2256
    789550    -66.0085
    789560     -69.582
    789570    -65.9017
    789580    -68.5427
    789590     -64.315
    789600    -65.5408
    789610    -68.1837
    789620    -64.4806
    789630    -61.3949
    789640    -68.1567
    789650    -66.0667
    789660    -65.8935
    789670    -65.9044
    789680    -64.9739
    789690     -66.722
    789700    -67.0349
    789710    -66.3924
    789720     -60.396
    789730    -67.3027
    789740    -67.2495
    789750    -62.4544
    789760    -63.5168
    789770    -65.7552
    789780    -67.2816
    789790    -67.9018
    789800     -63.954
    789810     -66.455
    789820    -63.1731
    789830    -63.5816
    789840    -63.0904
    789850    -65.2029
    789860     -70.624
    789870    -66.8526
    789880    -67.6696
    789890    -63.8789
    789900    -63.9945
    789910    -64.3672
    789920    -68.2202
    789930    -64.2483
    789940    -64.0803
    789950    -59.8199
    789960     -64.561
    789970    -64.5986
    789980    -65.5887
    789990    -66.3094
    790000    -61.0773
    790010    -62.9179
    790020    -61.0705
    790030    -64.0895
    790040    -63.8896
    790050    -69.0342
    790060     -66.452
    790070    -65.0038
    790080     -68.624
    790090    -68.2965
    790100    -65.7777
    790110    -67.2089
    790120    -60.9207
    790130     -64.674
    790140    -66.3009
    790150    -65.2667
    790160    -63.6892
    790170    -65.9001
    790180    -60.1306
    790190    -62.5568
    790200    -63.0316
    790210    -62.3403
    790220    -62.1972
    790230    -63.3181
    790240    -67.4398
    790250    -63.6462
    790260    -60.1698
    790270    -65.5613
    790280    -63.7945
    790290    -65.0571
    790300    -70.0499
    790310     -66.786
    790320    -68.5755
    790330    -63.7429
    790340    -70.8486
    790350    -61.4268
    790360    -64.3723
    790370    -64.4392
    790380    -65.6498
    790390    -72.9156
    790400    -67.7686
    790410    -65.1783
    790420    -65.9498
    790430    -68.4706
    790440    -64.3459
    790450     -64.475
    790460    -65.6477
    790470    -65.4454
    790480     -61.552
    790490     -67.573
    790500    -66.1985
    790510    -62.8845
    790520    -66.8364
    790530    -66.0233
    790540    -64.7149
    790550    -66.3668
    790560    -66.8735
    790570    -63.5834
    790580    -66.1236
    790590    -67.7336
    790600    -66.5789
    790610     -61.466
    790620    -63.3479
    790630    -65.7773
    790640    -65.3561
    790650    -66.0809
    790660    -63.1054
    790670    -63.5348
    790680    -63.9042
    790690    -63.8948
    790700    -62.6924
    790710    -65.9462
    790720     -66.403
    790730    -63.5872
    790740    -65.8474
    790750    -65.3536
    790760    -61.9002
    790770    -64.3743
    790780    -65.1596
    790790    -60.2198
    790800     -65.983
    790810    -64.3598
    790820    -65.8555
    790830    -67.3045
    790840    -69.0442
    790850    -60.5144
    790860    -62.8637
    790870    -62.0432
    790880    -62.2045
    790890    -66.7587
    790900    -65.6295
    790910    -64.8586
    790920    -62.4052
    790930    -65.4861
    790940    -63.1143
    790950    -65.1746
    790960     -60.951
    790970    -62.1361
    790980    -63.4105
    790990    -63.6376
    791000    -59.1005
    791010     -69.455
    791020    -66.4385
    791030    -61.6897
    791040    -60.6859
    791050    -59.8097
    791060    -62.0601
    791070    -64.3652
    791080    -63.7057
    791090    -66.1508
    791100    -65.5504
    791110     -65.493
    791120    -63.7863
    791130     -71.063
    791140     -64.885
    791150    -62.5178
    791160    -61.5472
    791170    -64.9579
    791180    -63.6308
    791190    -63.8662
    791200    -64.2147
    791210     -64.123
    791220    -62.3749
    791230    -65.2004
    791240    -68.4069
    791250     -66.328
    791260    -62.6938
    791270    -62.2209
    791280    -66.9448
    791290    -64.9276
    791300    -60.7727
    791310    -60.6554
    791320    -67.8494
    791330    -63.8422
    791340    -65.1648
    791350    -65.2631
    791360    -60.8308
    791370    -59.2851
    791380    -60.3905
    791390    -66.5767
    791400    -66.5822
    791410    -62.4687
    791420    -63.5994
    791430    -64.4335
    791440    -62.7216
    791450    -60.2596
    791460    -64.7681
    791470    -61.3995
    791480    -61.4524
    791490    -63.4994
    791500    -61.9238
    791510    -63.6987
    791520    -63.3786
    791530    -65.2361
    791540    -68.0279
    791550    -62.5114
    791560     -61.745
    791570    -64.6929
    791580    -66.7596
    791590    -65.1871
    791600    -64.3102
    791610    -63.7039
    791620    -62.5502
    791630    -62.4651
    791640     -63.797
    791650    -62.8258
    791660    -66.3047
    791670     -62.925
    791680    -61.3531
    791690    -66.6094
    791700    -61.9844
    791710    -65.6402
    791720    -61.3226
    791730    -63.1265
    791740    -62.7567
    791750    -64.0075
    791760    -63.9926
    791770    -62.3167
    791780    -61.4961
    791790    -61.7901
    791800     -63.969
    791810    -65.7303
    791820    -62.6559
    791830    -62.8193
    791840    -65.6443
    791850    -63.5852
    791860    -64.9988
    791870    -62.3855
    791880    -63.7888
    791890    -63.7727
    791900    -61.4702
    791910    -59.6251
    791920    -63.6046
    791930    -62.7513
    791940    -60.9765
    791950    -64.1355
    791960    -61.5806
    791970     -62.884
    791980    -61.4112
    791990    -60.5416
    792000    -63.7919
    792010     -63.362
    792020    -64.1169
    792030    -61.6907
    792040    -60.7886
    792050    -63.8081
    792060    -63.6874
    792070    -64.1656
    792080    -63.5112
    792090    -61.5357
    792100    -59.3848
    792110    -60.2678
    792120    -62.4798
    792130    -64.8587
    792140    -57.5324
    792150     -59.719
    792160    -60.9548
    792170    -61.1587
    792180    -60.7682
    792190    -61.7706
    792200    -61.2133
    792210      -65.17
    792220    -64.1921
    792230    -58.8871
    792240    -61.5008
    792250    -61.3683
    792260    -64.4349
    792270    -61.0172
    792280    -59.9535
    792290     -63.149
    792300      -63.68
    792310    -63.5774
    792320     -62.512
    792330    -61.9747
    792340    -59.9235
    792350    -59.2539
    792360    -59.6439
    792370    -60.9455
    792380    -65.5919
    792390    -59.4652
    792400    -63.5169
    792410    -64.6611
    792420    -61.3678
    792430    -62.0333
    792440    -62.8782
    792450    -62.3768
    792460    -67.7946
    792470    -62.3837
    792480    -60.0947
    792490    -60.9602
    792500    -63.8005
    792510    -59.8202
    792520    -60.8766
    792530    -57.2177
    792540    -60.9113
    792550    -60.3362
    792560    -63.3572
    792570    -63.4785
    792580    -62.4837
    792590    -64.2345
    792600    -64.2415
    792610    -64.6699
    792620     -63.991
    792630    -63.7669
    792640    -61.8444
    792650    -66.4303
    792660    -64.6456
    792670    -65.7972
    792680    -61.0199
    792690    -63.5455
    792700    -60.1891
    792710    -62.5824
    792720    -64.5586
    792730    -61.7238
    792740    -60.1018
    792750    -62.3734
    792760    -57.1951
    792770    -62.1561
    792780    -62.5373
    792790     -64.485
    792800    -60.8676
    792810    -62.3147
    792820    -62.1655
    792830    -60.9772
    792840     -66.611
    792850    -65.3978
    792860    -65.1094
    792870    -62.9308
    792880    -65.5629
    792890    -64.0581
    792900    -63.0525
    792910    -65.7259
    792920    -62.5661
    792930    -66.5321
    792940    -60.3697
    792950    -61.3648
    792960     -63.036
    792970    -63.5178
    792980    -68.5628
    792990    -62.9731
    793000    -64.3655
    793010    -61.9625
    793020    -58.9759
    793030    -62.8781
    793040    -59.3818
    793050    -62.7575
    793060    -63.5207
    793070    -58.6114
    793080    -64.1382
    793090    -63.6683
    793100    -62.9961
    793110    -59.9135
    793120    -63.0411
    793130    -60.5051
    793140    -61.4123
    793150    -60.7002
    793160    -61.6579
    793170    -62.3925
    793180    -63.5848
    793190    -60.3212
    793200    -64.4888
    793210     -64.487
    793220     -63.838
    793230    -60.8395
    793240    -64.1527
    793250    -61.8329
    793260    -64.0762
    793270    -57.7014
    793280    -59.4399
    793290    -60.3266
    793300    -58.3812
    793310    -62.0614
    793320    -58.8572
    793330    -57.8452
    793340     -59.622
    793350    -63.6048
    793360    -63.3244
    793370    -64.6884
    793380    -58.9659
    793390    -61.9474
    793400    -62.0327
    793410    -61.2971
    793420    -61.9081
    793430    -67.2598
    793440    -63.4439
    793450     -63.612
    793460    -62.3978
    793470     -61.737
    793480    -59.4101
    793490    -60.9686
    793500    -64.6493
    793510    -63.4886
    793520    -64.0118
    793530    -65.1014
    793540    -62.4389
    793550    -63.5691
    793560    -67.0169
    793570    -62.3811
    793580    -60.3312
    793590    -60.0152
    793600    -58.1263
    793610    -62.3793
    793620    -64.5304
    793630    -63.8698
    793640    -64.0343
    793650    -64.2942
    793660       -59.9
    793670     -62.284
    793680    -56.6833
    793690     -64.726
    793700    -61.2464
    793710     -60.804
    793720    -63.2151
    793730    -62.7256
    793740    -64.0394
    793750    -64.6656
    793760    -65.7382
    793770    -61.5348
    793780    -63.2704
    793790    -61.8597
    793800    -63.8721
    793810    -64.7978
    793820    -62.5345
    793830    -64.2692
    793840    -68.5628
    793850    -64.1898
    793860    -60.4493
    793870     -59.487
    793880    -63.3028
    793890    -61.8486
    793900    -59.2979
    793910    -66.9272
    793920    -61.2936
    793930    -60.3285
    793940    -61.0025
    793950    -61.6492
    793960     -60.186
    793970    -66.1192
    793980    -60.2361
    793990    -68.8544
    794000    -62.6235
    794010    -61.8656
    794020    -63.4032
    794030    -66.3406
    794040      -63.48
    794050    -63.7435
    794060    -60.4122
    794070    -61.6493
    794080    -63.7988
    794090    -61.1998
    794100    -61.3651
    794110    -61.1724
    794120    -63.7114
    794130    -66.5571
    794140    -57.6221
    794150    -63.4421
    794160    -60.8539
    794170    -61.5818
    794180    -64.1681
    794190     -63.127
    794200    -61.2786
    794210    -67.3125
    794220     -64.801
    794230    -63.1384
    794240    -65.9856
    794250    -63.6975
    794260    -63.8558
    794270    -62.3971
    794280    -60.9934
    794290    -61.7288
    794300    -59.3451
    794310    -62.3224
    794320    -61.5098
    794330    -63.5624
    794340    -61.2358
    794350    -60.9083
    794360    -61.4214
    794370    -63.4892
    794380    -61.5105
    794390    -65.6188
    794400    -66.8664
    794410    -59.0501
    794420    -60.2508
    794430    -61.9873
    794440    -60.8452
    794450    -63.2529
    794460    -62.4251
    794470    -60.1546
    794480    -61.5925
    794490    -63.8968
    794500    -63.5352
    794510    -61.9297
    794520    -65.9856
    794530    -68.7231
    794540    -66.3528
    794550    -64.1713
    794560    -63.2156
    794570    -62.8383
    794580    -64.0259
    794590    -67.6818
    794600    -64.4959
    794610    -63.8409
    794620    -63.9951
    794630    -66.0423
    794640    -59.6342
    794650    -62.1546
    794660    -63.8891
    794670    -59.2938
    794680    -60.7953
    794690    -59.1106
    794700    -62.7932
    794710    -62.3962
    794720    -60.7538
    794730    -62.2209
    794740    -64.5148
    794750     -59.121
    794760    -62.8785
    794770    -61.4578
    794780    -59.9652
    794790    -63.0862
    794800    -58.1605
    794810    -63.1019
    794820     -59.378
    794830    -60.9497
    794840    -61.6154
    794850    -64.4896
    794860    -66.8191
    794870    -65.0588
    794880     -63.654
    794890      -59.66
    794900    -64.7506
    794910    -61.2348
    794920    -59.2297
    794930     -62.581
    794940    -63.6146
    794950    -62.2949
    794960    -65.5688
    794970    -67.6092
    794980    -62.0578
    794990    -60.2583
    795000    -63.3172
    795010    -64.0318
    795020    -61.1452
    795030    -60.0231
    795040    -60.3317
    795050    -61.3335
    795060    -63.5844
    795070    -63.5391
    795080     -64.647
    795090    -67.0676
    795100    -59.4526
    795110    -63.0435
    795120    -66.8171
    795130    -60.5754
    795140    -62.7623
    795150    -63.6891
    795160    -63.2855
    795170    -61.3037
    795180    -67.6445
    795190    -62.2139
    795200    -65.7632
    795210    -64.5478
    795220    -63.1937
    795230    -61.4812
    795240    -67.7672
    795250     -63.204
    795260    -65.7025
    795270    -62.4744
    795280    -60.8667
    795290    -60.6137
    795300    -65.0701
    795310    -62.4648
    795320    -62.7098
    795330    -61.4515
    795340    -64.9055
    795350    -62.6272
    795360    -66.2634
    795370    -64.0756
    795380    -63.9719
    795390    -67.1835
    795400    -61.9674
    795410    -62.7414
    795420    -61.6515
    795430    -61.7373
    795440    -61.4076
    795450    -62.5338
    795460    -66.7744
    795470    -63.5777
    795480    -63.7289
    795490     -64.322
    795500    -65.2617
    795510    -62.1396
    795520    -66.5697
    795530    -64.0827
    795540    -63.9534
    795550    -64.2196
    795560    -65.2787
    795570    -65.6612
    795580      -63.37
    795590    -65.2679
    795600    -66.6999
    795610    -61.1755
    795620    -66.6114
    795630    -64.0199
    795640    -64.2605
    795650    -63.0118
    795660    -64.6479
    795670    -65.0496
    795680    -68.2633
    795690    -65.8046
    795700    -63.0767
    795710    -68.4207
    795720    -63.7871
    795730    -61.5753
    795740    -65.2477
    795750    -64.7768
    795760    -67.5829
    795770    -73.3942
    795780    -66.5975
    795790    -67.4256
    795800    -61.8082
    795810    -61.0497
    795820    -64.1577
    795830    -63.7869
    795840     -64.677
    795850    -62.2972
    795860    -63.0159
    795870    -61.3348
    795880    -63.0376
    795890    -65.7589
    795900    -61.9356
    795910    -62.6555
    795920    -61.3407
    795930    -63.3696
    795940    -65.5881
    795950    -65.7942
    795960    -69.6074
    795970    -64.7109
    795980    -68.7449
    795990    -64.1696
    796000    -63.7388
    796010    -65.0543
    796020    -64.3009
    796030    -65.1155
    796040     -61.403
    796050    -63.9515
    796060    -63.8371
    796070    -63.8201
    796080    -63.8543
    796090    -61.5611
    796100    -61.6935
    796110    -60.8675
    796120    -64.9553
    796130    -57.7378
    796140    -59.3298
    796150     -61.498
    796160    -61.7985
    796170    -61.2348
    796180    -65.8429
    796190    -63.1507
    796200    -62.7135
    796210    -63.4301
    796220    -64.8331
    796230    -64.5805
    796240    -64.5385
    796250    -68.0555
    796260    -60.1876
    796270    -62.8067
    796280    -62.8273
    796290    -59.3178
    796300    -62.7246
    796310    -61.7961
    796320    -62.8815
    796330    -66.0982
    796340    -65.8769
    796350    -65.0257
    796360    -62.1013
    796370    -64.1708
    796380    -66.7237
    796390    -67.6785
    796400    -62.9819
    796410    -63.6934
    796420    -65.0157
    796430    -59.8464
    796440    -62.7747
    796450     -62.889
    796460    -64.6249
    796470    -65.3867
    796480    -61.3241
    796490    -63.7113
    796500    -62.0585
    796510    -61.6863
    796520    -65.7902
    796530    -65.8383
    796540    -63.9925
    796550    -59.1073
    796560    -62.1954
    796570    -62.0357
    796580    -62.3501
    796590    -68.9619
    796600    -65.5807
    796610      -64.38
    796620    -63.3906
    796630    -63.3149
    796640    -65.5628
    796650    -64.3373
    796660    -67.5643
    796670    -62.8618
    796680     -66.248
    796690    -60.3399
    796700    -62.1283
    796710    -63.5892
    796720    -63.0651
    796730    -63.8597
    796740    -63.5586
    796750    -62.3332
    796760    -60.1251
    796770    -66.8435
    796780    -64.8731
    796790    -60.9046
    796800    -62.9778
    796810    -67.8134
    796820    -66.4371
    796830    -62.6306
    796840    -62.2963
    796850    -61.1128
    796860    -62.9852
    796870    -63.6632
    796880    -66.1502
    796890    -61.3854
    796900    -60.5835
    796910    -61.5112
    796920     -65.561
    796930    -63.9884
    796940    -69.8341
    796950    -66.1213
    796960    -62.1273
    796970    -60.8847
    796980    -61.0311
    796990    -63.1228
    797000    -62.7745
    797010    -64.3306
    797020    -62.1254
    797030    -62.3807
    797040    -62.8828
    797050    -65.5579
    797060    -58.8901
    797070    -64.0295
    797080    -61.9569
    797090    -62.5025
    797100    -59.4076
    797110    -61.9339
    797120    -61.6079
    797130     -58.486
    797140    -60.6184
    797150    -62.5503
    797160    -61.3595
    797170     -61.265
    797180    -63.3418
    797190    -65.8383
    797200    -63.4109
    797210    -59.5947
    797220    -60.3737
    797230    -64.3415
    797240    -62.1127
    797250    -63.2594
    797260    -63.4375
    797270    -65.0459
    797280    -60.1734
    797290    -59.3115
    797300    -60.5058
    797310    -62.8099
    797320    -59.0389
    797330    -65.3591
    797340    -63.4397
    797350    -60.2487
    797360    -68.3441
    797370    -67.9336
    797380     -61.434
    797390    -64.0927
    797400    -64.4265
    797410    -61.0731
    797420    -61.2302
    797430    -62.1062
    797440    -58.3278
    797450    -63.2041
    797460    -58.4225
    797470    -60.7503
    797480    -67.2214
    797490    -66.8898
    797500    -64.3394
    797510    -60.7549
    797520    -61.7758
    797530    -60.4498
    797540    -57.1987
    797550    -64.1434
    797560    -59.7283
    797570    -63.9064
    797580    -59.0895
    797590    -60.5499
    797600    -62.9547
    797610    -62.7063
    797620    -66.6841
    797630    -60.0135
    797640    -61.6077
    797650    -59.0204
    797660    -61.9269
    797670    -61.4043
    797680    -63.4535
    797690    -65.8671
    797700     -64.625
    797710    -60.8199
    797720    -63.5374
    797730    -61.9914
    797740    -61.7017
    797750    -68.0791
    797760    -64.2394
    797770    -61.4754
    797780    -66.5484
    797790    -61.8769
    797800    -62.8859
    797810    -62.8459
    797820    -60.6718
    797830    -63.0847
    797840    -66.3627
    797850    -63.6599
    797860    -63.8879
    797870    -64.8096
    797880    -61.7824
    797890    -66.0058
    797900    -61.7502
    797910     -61.557
    797920    -64.5577
    797930    -65.6529
    797940    -62.6621
    797950    -59.4704
    797960    -63.3436
    797970    -64.4793
    797980    -61.3054
    797990     -60.395
    798000    -61.2506
    798010    -63.4429
    798020    -64.9031
    798030    -61.5427
    798040    -64.3523
    798050    -65.1087
    798060    -61.3805
    798070    -62.0405
    798080     -62.077
    798090    -61.4367
    798100    -60.0756
    798110    -60.6855
    798120    -61.4651
    798130    -63.0595
    798140    -62.6769
    798150    -63.1714
    798160    -66.3104
    798170    -65.7051
    798180    -63.3759
    798190    -62.8657
    798200    -64.7835
    798210    -62.7861
    798220    -62.4656
    798230    -61.8763
    798240    -61.8292
    798250    -65.6636
    798260    -62.3811
    798270    -61.6902
    798280    -59.6676
    798290    -63.7614
    798300    -61.9909
    798310    -65.0199
    798320    -59.1464
    798330    -65.7408
    798340    -66.4029
    798350    -62.1443
    798360    -62.9863
    798370      -65.47
    798380     -63.499
    798390    -62.1308
    798400    -61.5868
    798410    -61.5765
    798420    -65.0917
    798430    -64.4382
    798440    -63.8064
    798450    -62.2159
    798460     -62.335
    798470    -65.3938
    798480    -61.5658
    798490    -62.5449
    798500     -62.256
    798510    -65.2109
    798520     -64.935
    798530    -64.4107
    798540    -64.2098
    798550    -68.2345
    798560     -64.841
    798570    -61.5105
    798580    -62.7186
    798590     -64.592
    798600     -63.328
    798610    -62.9078
    798620    -64.7086
    798630    -62.8168
    798640    -63.3447
    798650    -63.1888
    798660    -63.1745
    798670    -62.6424
    798680    -62.1694
    798690    -65.2503
    798700    -61.8952
    798710    -59.3815
    798720    -60.9537
    798730    -62.6444
    798740    -64.7434
    798750    -60.4174
    798760    -62.8706
    798770    -60.4966
    798780    -61.6537
    798790    -61.6662
    798800    -59.0548
    798810    -63.0679
    798820    -63.7009
    798830    -61.9452
    798840    -62.3383
    798850    -62.9624
    798860    -62.4277
    798870    -59.0007
    798880    -62.3094
    798890    -63.4516
    798900    -59.1213
    798910    -61.7006
    798920    -63.7505
    798930    -64.7577
    798940    -60.1577
    798950    -63.3772
    798960    -63.5817
    798970    -61.7773
    798980    -65.2424
    798990    -59.6736
    799000    -61.0642
    799010    -62.4387
    799020    -62.5991
    799030    -58.9917
    799040    -62.2599
    799050    -62.0212
    799060     -61.743
    799070    -61.7737
    799080    -67.7505
    799090    -63.5049
    799100     -62.899
    799110    -60.6839
    799120    -60.3398
    799130    -62.4794
    799140    -62.5745
    799150    -62.3198
    799160    -63.3218
    799170      -62.16
    799180     -60.368
    799190     -62.337
    799200    -61.2349
    799210    -65.8016
    799220    -61.8926
    799230     -63.296
    799240    -64.0051
    799250    -62.4258
    799260     -65.108
    799270    -64.1663
    799280    -63.4259
    799290    -61.9391
    799300    -63.5584
    799310     -63.932
    799320    -62.7141
    799330    -64.7145
    799340    -62.9208
    799350    -63.5012
    799360    -66.1471
    799370    -61.8639
    799380    -61.7125
    799390    -61.2994
    799400    -64.0585
    799410     -64.637
    799420    -59.4533
    799430    -63.1194
    799440    -63.3461
    799450    -61.0079
    799460    -61.6913
    799470     -58.812
    799480    -63.4628
    799490     -62.259
    799500    -59.9681
    799510    -61.7822
    799520    -66.1548
    799530    -63.2895
    799540    -63.3623
    799550    -63.7046
    799560    -64.2551
    799570    -65.3119
    799580    -61.2658
    799590    -63.2762
    799600    -62.4294
    799610    -62.6935
    799620    -61.0578
    799630    -61.5454
    799640    -66.9789
    799650    -64.0138
    799660    -62.6107
    799670    -64.0414
    799680    -62.7437
    799690    -61.3301
    799700     -60.258
    799710    -62.8554
    799720    -64.8881
    799730    -60.5818
    799740    -62.7874
    799750    -61.9188
    799760     -63.457
    799770    -64.5111
    799780     -62.588
    799790    -64.3404
    799800    -64.0377
    799810    -63.7122
    799820    -63.1599
    799830    -61.4596
    799840    -64.5809
    799850    -61.5025
    799860    -62.0463
    799870    -61.1485
    799880    -62.0944
    799890    -60.6633
    799900    -60.9228
    799910    -59.5388
    799920    -57.3178
    799930    -61.1523
    799940    -63.5534
    799950    -62.4805
    799960    -64.1062
    799970    -62.6562
    799980    -66.1971
    799990    -65.0453
    800000    -61.9716
    800010     -63.271
    800020    -61.6285
    800030    -56.7074
    800040    -60.5871
    800050    -61.8733
    800060    -59.5459
    800070    -63.6908
    800080    -57.9671
    800090    -62.9349
    800100    -59.6492
    800110     -66.626
    800120    -64.0366
    800130    -63.9695
    800140    -64.2414
    800150    -62.5732
    800160    -60.1624
    800170    -62.7833
    800180     -60.868
    800190    -61.4537
    800200    -62.8565
    800210    -62.5275
    800220     -61.583
    800230    -66.3503
    800240    -62.8165
    800250    -62.2423
    800260    -61.7546
    800270    -62.4411
    800280     -66.558
    800290    -63.0508
    800300    -58.9457
    800310      -62.17
    800320    -59.3017
    800330    -66.4093
    800340    -64.3446
    800350    -61.9886
    800360    -66.3162
    800370    -59.3653
    800380    -64.9193
    800390    -63.0046
    800400    -61.3837
    800410    -64.1848
    800420    -62.7077
    800430    -63.0994
    800440    -61.0857
    800450     -61.906
    800460    -62.8833
    800470    -62.7032
    800480    -62.1203
    800490    -60.5558
    800500    -58.7467
    800510    -63.4604
    800520    -64.0947
    800530    -61.4686
    800540      -59.78
    800550     -63.901
    800560    -59.9809
    800570    -61.7867
    800580    -63.2658
    800590    -62.7077
    800600     -60.134
    800610    -63.5593
    800620    -64.8193
    800630    -59.0337
    800640    -64.2681
    800650    -61.7391
    800660    -61.3708
    800670    -60.9594
    800680    -62.1911
    800690    -60.3674
    800700    -64.2772
    800710    -63.7285
    800720    -61.1581
    800730    -61.1424
    800740    -64.1674
    800750    -62.4496
    800760    -60.1188
    800770    -62.9681
    800780    -65.0088
    800790     -64.458
    800800    -60.1627
    800810    -61.2638
    800820     -64.617
    800830    -63.7524
    800840    -61.4594
    800850    -57.8717
    800860    -61.2978
    800870    -60.2505
    800880    -61.5299
    800890     -60.684
    800900    -65.4183
    800910    -61.1781
    800920    -63.5792
    800930     -60.816
    800940    -63.5996
    800950    -65.3385
    800960    -63.8424
    800970    -59.2828
    800980    -63.6572
    800990    -68.7184
    801000    -62.2117
    801010    -63.2488
    801020    -61.9113
    801030    -62.5627
    801040    -60.2319
    801050    -64.3097
    801060     -60.276
    801070    -61.5152
    801080    -63.0778
    801090    -61.3953
    801100    -62.0224
    801110    -64.4458
    801120    -62.2064
    801130     -63.232
    801140    -62.3105
    801150    -63.6974
    801160    -60.2857
    801170     -64.127
    801180    -61.0941
    801190    -62.9813
    801200    -62.6955
    801210    -61.3963
    801220    -62.1375
    801230    -61.7239
    801240    -60.5234
    801250    -65.8408
    801260    -59.5496
    801270    -62.7464
    801280    -60.8674
    801290    -60.5282
    801300    -63.1812
    801310    -67.0376
    801320    -59.6516
    801330    -60.6434
    801340    -64.8538
    801350    -60.5536
    801360    -62.8726
    801370    -61.2401
    801380    -64.1051
    801390    -60.6485
    801400    -61.7675
    801410    -60.9364
    801420    -60.2585
    801430    -63.3144
    801440    -62.3585
    801450    -62.6215
    801460    -62.4062
    801470    -64.1709
    801480    -61.4912
    801490    -63.0922
    801500    -62.9666
    801510    -61.1148
    801520    -64.3717
    801530    -62.3914
    801540    -65.5013
    801550    -60.4446
    801560    -63.6223
    801570    -64.8115
    801580    -64.0091
    801590    -62.9655
    801600     -61.607
    801610    -61.7148
    801620     -62.417
    801630    -64.9847
    801640    -63.2765
    801650     -58.491
    801660    -62.1426
    801670    -61.5442
    801680    -66.0239
    801690    -63.2557
    801700      -64.87
    801710    -65.8803
    801720     -61.169
    801730    -64.7117
    801740    -63.4813
    801750    -61.5034
    801760    -61.0152
    801770    -63.2228
    801780    -62.3809
    801790    -62.7152
    801800    -61.8595
    801810    -63.4641
    801820    -59.2445
    801830    -62.4044
    801840    -65.6202
    801850     -63.395
    801860    -63.0998
    801870    -60.9188
    801880    -65.8345
    801890    -64.8553
    801900    -65.4554
    801910    -61.4152
    801920    -63.0602
    801930     -58.545
    801940    -58.2691
    801950    -61.3601
    801960    -60.2616
    801970    -62.2914
    801980    -65.1205
    801990    -60.1421
    802000    -63.0821
    802010    -58.6938
    802020    -59.6187
    802030    -58.3692
    802040    -61.1337
    802050      -61.87
    802060    -63.3916
    802070    -60.9411
    802080    -61.0231
    802090    -59.2269
    802100    -62.9169
    802110    -60.4895
    802120    -60.3285
    802130    -60.5513
    802140    -61.1815
    802150    -61.9879
    802160    -63.8966
    802170    -63.3306
    802180    -59.4284
    802190     -66.106
    802200    -62.3495
    802210    -64.6627
    802220    -61.3251
    802230    -59.2461
    802240    -61.4016
    802250    -68.3173
    802260    -62.7963
    802270    -61.3981
    802280    -64.3741
    802290    -63.4004
    802300    -59.1538
    802310    -61.8242
    802320    -63.2145
    802330     -64.588
    802340    -62.9616
    802350    -61.7311
    802360      -65.62
    802370    -57.9063
    802380    -62.2998
    802390    -64.6331
    802400    -64.0307
    802410    -65.6839
    802420     -63.456
    802430    -63.8349
    802440    -62.2525
    802450    -63.4791
    802460     -61.068
    802470    -58.1897
    802480    -62.0118
    802490    -60.3461
    802500     -58.997
    802510    -64.8035
    802520    -62.5182
    802530    -63.1605
    802540     -61.613
    802550    -62.7211
    802560    -61.6424
    802570    -59.9979
    802580    -60.7374
    802590    -62.1807
    802600     -61.898
    802610    -64.2033
    802620    -63.9765
    802630    -63.9568
    802640    -59.4059
    802650    -60.3321
    802660    -60.6691
    802670     -63.091
    802680    -58.6672
    802690    -60.7032
    802700     -62.537
    802710    -60.1048
    802720    -64.7978
    802730    -59.7343
    802740    -62.8761
    802750    -61.2021
    802760    -60.5579
    802770    -63.3728
    802780    -61.1972
    802790    -63.2039
    802800     -62.421
    802810    -63.0252
    802820    -63.1081
    802830    -60.8445
    802840    -62.8759
    802850    -61.2633
    802860    -67.2418
    802870    -65.5766
    802880    -63.7767
    802890     -62.475
    802900    -59.4281
    802910    -60.9923
    802920    -62.4763
    802930    -63.4853
    802940     -58.757
    802950    -60.7265
    802960    -64.3338
    802970    -60.9984
    802980    -60.6606
    802990    -61.7353
    803000    -63.4852
    803010    -64.0821
    803020    -62.3673
    803030    -63.7549
    803040     -60.518
    803050    -61.6967
    803060    -64.0683
    803070    -60.0783
    803080    -62.6902
    803090    -65.0097
    803100    -62.3367
    803110    -63.2156
    803120     -60.777
    803130    -59.5174
    803140    -58.6608
    803150    -62.6301
    803160    -61.1948
    803170    -62.4872
    803180    -61.2735
    803190    -59.8051
    803200    -64.1047
    803210    -60.8081
    803220    -62.9823
    803230    -64.8521
    803240    -62.5612
    803250    -65.6559
    803260    -60.1275
    803270    -62.9644
    803280    -62.1465
    803290    -59.6276
    803300    -60.1494
    803310     -59.963
    803320    -60.6203
    803330    -62.0818
    803340     -65.706
    803350    -64.3412
    803360    -62.8596
    803370    -58.1001
    803380     -63.148
    803390    -61.1456
    803400    -62.6098
    803410    -63.8539
    803420    -63.5286
    803430    -61.3901
    803440    -64.2841
    803450    -63.7432
    803460    -67.0681
    803470    -65.1094
    803480    -61.6135
    803490    -61.1552
    803500    -59.9521
    803510     -62.541
    803520     -61.635
    803530    -66.6964
    803540    -62.3222
    803550    -61.3832
    803560    -63.4436
    803570    -62.8948
    803580     -64.146
    803590    -62.3895
    803600    -63.3722
    803610    -65.5769
    803620    -60.5587
    803630    -60.8405
    803640    -65.2659
    803650    -60.5479
    803660    -63.0041
    803670    -64.3339
    803680    -61.6619
    803690    -60.7763
    803700    -60.1685
    803710     -60.049
    803720    -63.3999
    803730    -62.6371
    803740    -62.7496
    803750    -63.0004
    803760    -62.8391
    803770    -60.9785
    803780    -62.6238
    803790    -62.2293
    803800    -65.4627
    803810    -61.1117
    803820    -61.4637
    803830    -62.9302
    803840    -61.4717
    803850    -60.9193
    803860    -59.1445
    803870    -64.2523
    803880    -59.9385
    803890    -62.5082
    803900    -59.9423
    803910    -61.6765
    803920    -66.2841
    803930    -58.5699
    803940    -65.1159
    803950    -62.9325
    803960    -59.9273
    803970    -63.9911
    803980    -61.0389
    803990    -58.3627
    804000    -58.0187
    804010    -62.4628
    804020     -57.317
    804030    -62.1345
    804040    -60.9743
    804050    -62.2186
    804060    -63.7505
    804070    -58.5642
    804080    -64.2448
    804090    -62.5331
    804100    -63.2965
    804110    -66.6998
    804120     -67.256
    804130    -60.1064
    804140    -66.6102
    804150    -62.9519
    804160    -64.7494
    804170    -62.4716
    804180    -63.9703
    804190    -61.1934
    804200    -63.3249
    804210    -58.5438
    804220    -61.2027
    804230    -64.5798
    804240    -61.0943
    804250    -64.1368
    804260    -57.6712
    804270    -59.7584
    804280    -61.7111
    804290    -61.3373
    804300    -62.2471
    804310    -60.1659
    804320    -63.2192
    804330    -62.9911
    804340    -59.8701
    804350    -62.9239
    804360     -61.696
    804370    -59.9662
    804380    -62.7186
    804390    -61.4298
    804400    -61.1096
    804410    -59.4451
    804420    -61.9903
    804430    -64.7925
    804440    -59.0232
    804450    -60.0654
    804460    -61.7951
    804470    -59.5145
    804480    -60.4705
    804490    -62.0023
    804500    -60.9969
    804510    -64.0728
    804520    -64.5905
    804530    -61.4618
    804540    -62.0144
    804550    -62.5684
    804560    -66.6682
    804570    -65.3265
    804580    -64.7313
    804590    -63.7068
    804600    -61.4434
    804610    -62.7794
    804620    -61.1233
    804630    -67.2677
    804640    -65.6423
    804650    -64.0838
    804660    -62.4048
    804670    -62.8993
    804680    -67.1194
    804690    -63.9462
    804700    -61.1222
    804710     -64.329
    804720    -62.4426
    804730     -62.849
    804740     -63.454
    804750    -63.2718
    804760    -61.5019
    804770    -61.4224
    804780    -63.6071
    804790    -61.3582
    804800    -61.2813
    804810    -61.9133
    804820    -63.4053
    804830    -63.7386
    804840    -61.0947
    804850    -61.5493
    804860     -63.437
    804870    -61.0936
    804880    -61.6083
    804890    -63.8809
    804900    -60.3322
    804910    -60.9292
    804920    -62.5023
    804930    -62.1017
    804940    -61.2214
    804950    -59.3326
    804960     -67.778
    804970    -58.9306
    804980    -61.2406
    804990    -61.9527
    805000    -60.7383
    805010    -61.0014
    805020    -57.9818
    805030    -63.0582
    805040    -63.0243
    805050    -59.4318
    805060    -60.7809
    805070    -61.4881
    805080    -62.9204
    805090    -63.8351
    805100    -61.9843
    805110    -61.6669
    805120     -61.145
    805130    -60.7162
    805140    -64.5683
    805150    -58.9237
    805160    -61.3056
    805170    -56.5269
    805180    -64.4877
    805190    -64.3897
    805200    -58.5914
    805210    -57.0092
    805220    -66.0514
    805230    -63.0348
    805240    -62.1162
    805250    -60.2096
    805260    -59.3971
    805270    -60.4147
    805280    -60.7603
    805290    -66.3203
    805300    -62.1437
    805310    -57.5645
    805320    -62.0413
    805330    -62.5258
    805340    -60.9956
    805350    -64.3086
    805360    -62.6923
    805370    -60.0229
    805380    -62.1931
    805390    -64.8912
    805400    -59.2358
    805410    -59.0626
    805420    -61.1965
    805430    -57.8403
    805440    -61.4651
    805450    -62.4412
    805460    -60.9081
    805470    -63.3882
    805480    -62.3858
    805490    -60.4031
    805500     -65.495
    805510    -64.8689
    805520    -62.2329
    805530    -59.6394
    805540    -65.7932
    805550    -62.8443
    805560    -62.9087
    805570    -61.0121
    805580    -66.0002
    805590     -64.451
    805600    -63.4267
    805610    -61.6576
    805620    -63.2882
    805630    -60.8111
    805640    -59.4814
    805650    -63.4739
    805660    -60.2697
    805670    -60.4232
    805680    -61.8386
    805690    -64.0933
    805700    -60.7885
    805710    -61.6353
    805720    -64.0997
    805730    -64.5351
    805740    -63.5409
    805750    -59.1756
    805760    -61.4288
    805770    -63.8559
    805780    -61.2976
    805790    -62.3951
    805800    -63.8215
    805810    -63.5124
    805820    -62.8102
    805830    -62.4648
    805840    -61.7301
    805850    -60.2048
    805860    -61.8789
    805870    -60.7812
    805880    -62.0244
    805890    -63.5706
    805900     -59.734
    805910    -64.0935
    805920    -59.0177
    805930    -61.2378
    805940    -62.6975
    805950    -60.4996
    805960    -60.3071
    805970    -58.0486
    805980    -64.6771
    805990    -62.7147
    806000    -64.8639
    806010    -63.9734
    806020    -62.5548
    806030    -61.7574
    806040    -63.2123
    806050    -68.8786
    806060    -65.4023
    806070    -63.1633
    806080    -65.1452
    806090     -61.546
    806100    -61.3751
    806110    -62.4353
    806120    -64.5566
    806130    -65.7027
    806140    -61.6473
    806150    -58.5871
    806160    -63.9354
    806170    -68.6688
    806180    -65.5293
    806190    -62.9809
    806200    -61.0463
    806210    -60.1857
    806220    -63.1997
    806230    -64.0901
    806240    -59.5023
    806250    -61.7047
    806260     -61.586
    806270    -61.9821
    806280     -65.247
    806290    -63.2592
    806300    -63.6426
    806310    -60.5423
    806320    -62.3601
    806330    -61.4532
    806340    -65.4975
    806350    -63.1562
    806360    -64.0132
    806370    -65.8628
    806380    -64.3978
    806390    -62.9977
    806400    -62.8654
    806410    -60.9846
    806420    -61.4145
    806430    -61.9927
    806440    -59.9567
    806450    -62.6361
    806460    -61.9767
    806470    -62.8875
    806480    -64.5272
    806490     -60.266
    806500    -59.0084
    806510    -57.6331
    806520    -56.8248
    806530    -59.9931
    806540    -54.8128
    806550    -58.4494
    806560    -78.7282
    806570    -58.4273
    806580    -57.9401
    806590    -56.6247
    806600    -59.1339
    806610    -58.9883
    806620     -76.685
    806630    -72.1541
    806640    -58.7255
    806650    -59.9374
    806660    -58.2484
    806670    -57.2696
    806680    -73.5197
    806690    -60.5274
    806700    -60.4957
    806710     -58.373
    806720    -55.4652
    806730    -72.7626
    806740    -52.7644
    806750    -78.1792
    806760    -79.9997
    806770    -60.3058
    806780    -73.5445
    806790    -77.9381
    806800    -76.0126
    806810    -58.5345
    806820    -59.1339
    806830    -60.0408
    806840    -59.8068
    806850    -59.7697
    806860    -60.5594
    806870    -64.7632
    806880    -62.1747
    806890    -64.6039
    806900    -61.1701
    806910    -61.5578
    806920    -64.8212
    806930    -61.4589
    806940    -61.0365
    806950    -64.5426
    806960    -65.2327
    806970    -59.5948
    806980    -62.2402
    806990    -59.3524
    807000      -61.39
    807010    -62.3571
    807020    -58.8008
    807030    -62.9082
    807040    -59.3121
    807050    -60.1506
    807060    -62.6467
    807070    -58.8644
    807080    -60.6933
    807090    -58.7002
    807100    -62.3839
    807110    -63.0141
    807120    -60.5432
    807130    -66.0197
    807140    -66.0858
    807150    -66.8084
    807160    -62.5837
    807170    -61.2269
    807180    -77.8316
    807190    -62.4773
    807200     -55.927
    807210    -54.1824
    807220    -61.2327
    807230    -62.2705
    807240    -65.0968
    807250    -62.1498
    807260    -58.4629
    807270    -60.7312
    807280    -63.7358
    807290     -61.792
    807300    -61.4229
    807310    -60.8237
    807320    -62.4157
    807330     -64.738
    807340    -60.4341
    807350    -64.2782
    807360    -61.1589
    807370    -63.6267
    807380    -60.1656
    807390     -63.241
    807400    -61.4753
    807410    -60.2282
    807420    -62.7762
    807430    -61.7659
    807440    -60.0112
    807450    -62.2755
    807460    -62.8203
    807470    -61.2568
    807480    -63.9163
    807490    -67.8526
    807500    -61.6726
    807510    -61.3816
    807520    -60.3161
    807530    -59.7225
    807540    -65.5102
    807550    -60.7216
    807560    -61.6411
    807570    -62.2513
    807580    -64.8712
    807590    -60.6691
    807600     -59.877
    807610    -59.3876
    807620    -59.7357
    807630    -62.2109
    807640    -58.3552
    807650    -57.7616
    807660    -63.2751
    807670    -64.1641
    807680    -63.6956
    807690    -61.3155
    807700    -61.1657
    807710    -63.6766
    807720    -60.3225
    807730    -64.9031
    807740    -63.7772
    807750    -66.5461
    807760    -64.6118
    807770     -60.348
    807780    -58.2227
    807790    -64.4476
    807800    -63.1305
    807810     -56.717
    807820    -59.0325
    807830    -61.0813
    807840    -65.1844
    807850    -64.3588
    807860    -62.5586
    807870    -63.1839
    807880    -62.1416
    807890    -63.1456
    807900    -61.5135
    807910    -65.4369
    807920    -65.3627
    807930    -60.8559
    807940    -66.3953
    807950     -62.644
    807960    -62.7316
    807970    -62.7981
    807980    -59.2255
    807990    -59.7785
    808000    -62.5673
    808010    -61.7283
    808020    -62.3279
    808030    -63.9736
    808040    -61.2755
    808050    -58.7449
    808060    -63.0657
    808070    -57.9636
    808080    -62.2225
    808090     -57.624
    808100    -61.3338
    808110     -61.388
    808120    -62.4682
    808130    -60.2493
    808140    -62.1949
    808150    -63.9495
    808160    -60.1275
    808170    -60.6051
    808180     -61.242
    808190    -64.7859
    808200      -59.79
    808210    -60.6468
    808220     -61.209
    808230    -62.3336
    808240    -64.4616
    808250    -60.0927
    808260    -57.2479
    808270    -61.6973
    808280    -58.7416
    808290    -65.1774
    808300    -62.3383
    808310    -64.3255
    808320     -61.984
    808330    -65.0182
    808340    -61.6573
    808350     -61.696
    808360    -63.5135
    808370    -64.2795
    808380    -62.9662
    808390    -63.1821
    808400    -65.0839
    808410    -62.1999
    808420    -64.0253
    808430    -64.1107
    808440    -59.8985
    808450    -66.0429
    808460    -63.5474
    808470    -63.3931
    808480     -60.455
    808490    -69.3036
    808500    -64.3687
    808510     -60.214
    808520    -60.6218
    808530    -65.4815
    808540    -63.7588
    808550    -61.7477
    808560    -58.3847
    808570    -63.9336
    808580    -63.2488
    808590    -60.1698
    808600    -62.1433
    808610    -60.3481
    808620    -59.6803
    808630    -61.6318
    808640    -61.8411
    808650    -62.1978
    808660      -62.93
    808670    -63.5441
    808680    -65.0364
    808690    -61.7852
    808700    -60.3772
    808710    -63.7424
    808720     -60.766
    808730    -57.9879
    808740    -61.8686
    808750    -63.2943
    808760    -62.6253
    808770    -62.1064
    808780    -65.4278
    808790    -63.7099
    808800    -62.5183
    808810    -59.8695
    808820    -59.5984
    808830    -61.4584
    808840    -66.3088
    808850    -65.2515
    808860    -62.2968
    808870     -62.327
    808880    -65.9145
    808890    -61.9342
    808900    -65.4994
    808910    -61.5992
    808920     -63.901
    808930     -65.801
    808940    -65.4689
    808950    -65.7888
    808960    -64.1269
    808970    -63.8052
    808980    -63.5443
    808990    -63.3905
    809000    -62.2515
    809010    -62.7757
    809020    -62.5681
    809030    -62.3648
    809040     -58.141
    809050    -64.6738
    809060     -58.583
    809070      -64.14
    809080     -64.529
    809090    -61.6254
    809100    -59.0105
    809110    -61.3308
    809120    -62.3782
    809130     -61.154
    809140    -62.9864
    809150    -61.6225
    809160    -62.4033
    809170    -64.1438
    809180     -63.762
    809190    -66.5873
    809200    -63.9801
    809210    -62.9115
    809220    -61.6196
    809230    -66.7313
    809240    -62.1317
    809250    -61.2249
    809260    -65.1236
    809270    -61.1307
    809280    -59.4807
    809290    -60.8101
    809300    -62.3624
    809310    -69.2377
    809320    -63.5591
    809330    -62.2522
    809340    -60.8754
    809350    -59.9828
    809360     -64.514
    809370    -61.3928
    809380    -67.1645
    809390    -63.8845
    809400    -66.3513
    809410    -63.0999
    809420    -61.5669
    809430    -60.2878
    809440    -57.1335
    809450    -62.6709
    809460    -64.6353
    809470    -64.0999
    809480    -61.7693
    809490    -61.6961
    809500     -65.443
    809510    -62.2437
    809520    -64.3704
    809530    -59.4135
    809540    -62.9718
    809550     -60.368
    809560    -62.0879
    809570    -63.5685
    809580    -62.6261
    809590    -65.4366
    809600    -64.6656
    809610    -61.4641
    809620    -61.4809
    809630    -62.3403
    809640    -58.9415
    809650    -66.3041
    809660    -58.3693
    809670    -59.1025
    809680    -61.7526
    809690    -63.4502
    809700     -60.248
    809710    -63.8263
    809720    -64.7772
    809730    -59.0596
    809740    -61.5669
    809750    -64.6278
    809760    -59.7338
    809770    -61.3445
    809780    -63.2104
    809790    -65.5974
    809800    -63.1027
    809810    -63.6273
    809820    -63.4753
    809830     -64.373
    809840      -67.95
    809850    -59.8746
    809860    -67.9178
    809870    -57.7432
    809880    -63.7684
    809890    -61.3996
    809900    -60.2767
    809910    -63.2319
    809920    -62.0914
    809930    -65.2018
    809940    -60.9291
    809950    -64.8105
    809960    -59.4998
    809970    -67.6375
    809980    -59.9231
    809990     -63.805
    810000    -59.2981
    810010    -62.0787
    810020    -62.5053
    810030    -60.3002
    810040    -63.6629
    810050    -61.9649
    810060    -62.5609
    810070    -64.3058
    810080    -61.2317
    810090     -62.753
    810100    -65.1859
    810110    -64.1177
    810120    -62.0228
    810130    -62.8815
    810140    -67.6198
    810150    -63.3972
    810160    -61.2835
    810170     -60.512
    810180    -62.3602
    810190    -64.6749
    810200    -67.3088
    810210    -61.4375
    810220    -58.3388
    810230     -67.789
    810240    -62.7318
    810250    -62.1953
    810260    -59.3044
    810270    -63.3996
    810280    -63.8482
    810290    -62.5534
    810300    -61.0368
    810310    -63.8082
    810320    -62.7812
    810330    -63.3365
    810340    -63.9531
    810350     -62.385
    810360    -60.4021
    810370    -63.0426
    810380    -63.8327
    810390    -59.2494
    810400    -64.3402
    810410    -65.3592
    810420    -63.0658
    810430    -60.6571
    810440    -60.5695
    810450    -55.9182
    810460    -58.0448
    810470    -62.7583
    810480     -61.894
    810490    -64.0525
    810500    -59.0188
    810510    -59.5059
    810520    -67.6043
    810530    -61.7254
    810540    -68.0347
    810550    -61.7045
    810560    -64.1133
    810570    -61.3648
    810580    -61.6764
    810590    -62.9557
    810600    -60.2009
    810610    -61.5456
    810620    -63.0956
    810630    -63.1101
    810640    -59.7147
    810650    -60.8566
    810660    -61.4194
    810670    -63.8442
    810680    -60.9058
    810690    -61.6385
    810700    -63.0749
    810710     -64.132
    810720    -62.9015
    810730    -59.7572
    810740    -63.8741
    810750    -61.2145
    810760    -64.7889
    810770    -63.9486
    810780    -62.9279
    810790    -60.0649
    810800    -61.3836
    810810    -62.3747
    810820    -66.0596
    810830    -64.3106
    810840    -64.3939
    810850    -61.3174
    810860    -62.3957
    810870     -65.563
    810880    -63.8474
    810890    -60.8612
    810900    -61.3259
    810910    -58.6176
    810920    -64.4116
    810930    -64.3181
    810940    -65.4279
    810950     -62.582
    810960    -63.1138
    810970    -63.5394
    810980     -64.756
    810990    -61.6754
    811000    -59.9919
    811010    -66.1099
    811020    -58.4849
    811030    -64.1588
    811040    -61.4625
    811050    -60.3659
    811060    -58.2126
    811070    -66.4245
    811080    -64.9749
    811090    -64.3894
    811100    -65.2177
    811110    -64.2072
    811120    -64.2455
    811130    -65.1982
    811140    -65.0595
    811150    -65.2492
    811160    -65.3563
    811170    -64.7914
    811180    -59.0052
    811190    -65.1289
    811200    -61.4548
    811210    -63.8468
    811220    -60.9847
    811230    -60.6744
    811240    -60.2778
    811250    -60.5758
    811260    -60.1856
    811270    -64.1164
    811280    -61.1621
    811290    -65.3888
    811300    -62.1656
    811310    -62.1882
    811320    -61.3809
    811330    -58.0546
    811340    -67.6221
    811350    -62.7593
    811360     -72.905
    811370    -66.0167
    811380    -67.5873
    811390    -63.0105
    811400    -65.8111
    811410    -63.6289
    811420    -64.0884
    811430    -67.4452
    811440    -65.3529
    811450    -59.3661
    811460    -65.9007
    811470    -64.5813
    811480    -65.8898
    811490    -69.6664
    811500    -66.9836
    811510    -67.4719
    811520    -63.7577
    811530     -64.732
    811540     -68.594
    811550    -69.6166
    811560    -63.9952
    811570      -65.54
    811580    -63.2027
    811590    -67.0179
    811600    -67.1905
    811610    -72.0922
    811620     -68.774
    811630     -70.886
    811640    -66.2591
    811650    -65.3519
    811660    -66.2216
    811670    -64.9597
    811680    -64.9258
    811690    -69.2289
    811700    -64.6125
    811710    -68.7952
    811720    -71.4531
    811730    -63.1746
    811740    -65.9161
    811750    -69.2359
    811760    -66.6385
    811770    -63.9861
    811780    -64.7723
    811790    -63.2332
    811800    -67.6146
    811810    -66.9176
    811820     -64.289
    811830    -65.5556
    811840    -69.7284
    811850    -70.4123
    811860    -65.1296
    811870    -67.7685
    811880    -69.2748
    811890    -71.6178
    811900    -67.1736
    811910    -66.6504
    811920    -64.6525
    811930    -68.7129
    811940    -71.0862
    811950    -61.7178
    811960    -65.2043
    811970     -65.948
    811980    -66.9164
    811990    -67.3074
    812000    -68.9621
    812010    -64.3286
    812020    -67.2642
    812030    -67.0995
    812040     -69.459
    812050    -69.8742
    812060    -66.0354
    812070    -64.8606
    812080    -66.9178
    812090    -65.6908
    812100    -64.9151
    812110    -63.3956
    812120     -66.194
    812130    -64.6392
    812140    -67.2307
    812150    -69.4058
    812160    -64.2303
    812170    -67.6294
    812180    -68.4926
    812190    -67.7076
    812200    -69.5549
    812210    -64.9125
    812220    -67.4007
    812230    -66.0097
    812240    -63.5884
    812250    -64.3625
    812260    -68.4823
    812270    -64.9861
    812280    -65.5515
    812290    -66.6536
    812300    -66.6789
    812310    -65.5763
    812320     -65.994
    812330    -69.1176
    812340    -71.1248
    812350    -69.6802
    812360    -67.2335
    812370    -68.2869
    812380    -71.3136
    812390    -70.7037
    812400    -69.4027
    812410    -68.0413
    812420    -68.2199
    812430    -67.7519
    812440    -71.3927
    812450    -65.7138
    812460    -64.0481
    812470    -66.9769
    812480     -66.803
    812490    -71.5601
    812500    -64.0902
    812510    -65.1337
    812520    -64.5069
    812530    -62.4647
    812540    -68.4484
    812550    -65.0893
    812560    -66.5512
    812570    -62.8532
    812580    -66.6397
    812590    -67.7517
    812600     -68.522
    812610      -64.63
    812620     -66.682
    812630    -66.4659
    812640    -66.4594
    812650    -63.7241
    812660    -66.0179
    812670     -66.753
    812680    -67.1603
    812690    -67.6655
    812700    -67.2138
    812710      -70.34
    812720    -65.2838
    812730    -62.1231
    812740    -63.9822
    812750    -65.9244
    812760    -66.9765
    812770    -67.8987
    812780    -62.1488
    812790    -67.1168
    812800    -63.3615
    812810    -64.4888
    812820    -63.6341
    812830    -67.0335
    812840    -65.3344
    812850    -66.3077
    812860    -68.1154
    812870     -66.706
    812880    -63.6372
    812890    -69.4877
    812900    -66.9731
    812910    -69.3812
    812920    -69.0213
    812930     -69.194
    812940    -67.8552
    812950    -70.3068
    812960    -59.7167
    812970    -65.3055
    812980    -65.6845
    812990    -72.3248
    813000    -68.4268
    813010    -65.0225
    813020    -62.9178
    813030    -66.6704
    813040     -67.313
    813050    -65.9117
    813060     -68.772
    813070    -67.7324
    813080    -71.6607
    813090     -66.391
    813100    -67.7965
    813110    -67.9755
    813120    -67.0646
    813130    -63.5225
    813140    -68.6218
    813150    -68.7641
    813160    -69.3302
    813170    -66.5096
    813180    -60.9513
    813190    -69.6941
    813200    -65.4145
    813210    -65.8982
    813220    -64.9379
    813230    -72.7803
    813240    -66.4353
    813250    -72.4771
    813260    -70.4331
    813270    -67.0527
    813280    -68.6645
    813290    -68.5248
    813300    -74.1354
    813310     -68.644
    813320    -67.1788
    813330     -62.404
    813340    -65.1522
    813350    -62.8248
    813360    -65.3943
    813370    -67.6474
    813380    -71.3359
    813390     -69.209
    813400    -68.1435
    813410    -63.3608
    813420    -66.9671
    813430    -65.8917
    813440    -66.5462
    813450    -67.9576
    813460    -71.9147
    813470     -67.315
    813480    -64.7213
    813490    -67.1539
    813500    -71.9099
    813510    -68.2269
    813520    -63.8072
    813530    -71.4934
    813540    -65.7597
    813550    -64.7398
    813560    -66.3596
    813570    -69.7154
    813580    -67.7099
    813590    -65.2409
    813600    -68.3021
    813610    -65.6346
    813620    -72.3904
    813630    -64.6011
    813640    -67.3109
    813650     -70.519
    813660    -67.6701
    813670    -64.0289
    813680      -68.79
    813690    -68.3196
    813700    -65.2325
    813710    -66.7226
    813720    -71.7692
    813730    -68.3584
    813740     -71.442
    813750    -67.6767
    813760      -65.35
    813770    -69.4474
    813780    -68.5862
    813790    -64.9727
    813800    -65.1701
    813810    -66.4502
    813820    -69.6802
    813830    -61.7839
    813840    -65.6822
    813850    -69.3323
    813860    -64.7184
    813870    -67.8714
    813880    -71.3885
    813890    -65.6713
    813900    -68.2486
    813910    -66.1929
    813920    -66.0046
    813930    -66.2354
    813940     -65.461
    813950    -64.9046
    813960    -69.4127
    813970    -66.4015
    813980     -66.572
    813990    -66.1405
    814000    -61.2826
    814010    -72.1347
    814020    -65.8964
    814030    -74.2343
    814040    -68.3171
    814050     -69.487
    814060    -65.1511
    814070    -63.5074
    814080    -65.4193
    814090    -65.5484
    814100    -68.6337
    814110    -67.6712
    814120    -68.0777
    814130    -70.9211
    814140    -73.7043
    814150    -65.5557
    814160    -69.8376
    814170     -69.772
    814180    -67.0615
    814190    -66.5724
    814200    -68.1794
    814210    -68.9531
    814220    -66.2686
    814230     -67.161
    814240    -70.1515
    814250    -67.3014
    814260    -68.7031
    814270    -71.3638
    814280    -61.8449
    814290    -63.7606
    814300      -66.03
    814310    -62.9863
    814320    -66.0307
    814330    -60.3964
    814340    -64.4049
    814350    -67.9475
    814360     -63.368
    814370     -62.603
    814380     -67.651
    814390    -62.1025
    814400    -64.8494
    814410    -68.8106
    814420    -66.3357
    814430    -60.0559
    814440    -64.6629
    814450    -62.6462
    814460    -58.1881
    814470    -63.7637
    814480    -64.6327
    814490    -61.5841
    814500    -64.1527
    814510    -62.0822
    814520    -61.9298
    814530    -65.6073
    814540    -68.6774
    814550    -61.5109
    814560    -62.3288
    814570    -63.7068
    814580    -63.1645
    814590    -65.8001
    814600    -67.4415
    814610    -66.4703
    814620    -62.5047
    814630    -66.1666
    814640    -63.1387
    814650    -69.7802
    814660     -64.384
    814670      -64.12
    814680    -66.8889
    814690    -68.1257
    814700    -66.7473
    814710    -62.6704
    814720    -63.3697
    814730    -66.4622
    814740    -71.9152
    814750    -51.9611
    814760    -62.8373
    814770    -68.2724
    814780    -67.2312
    814790    -64.4311
    814800     -65.137
    814810    -64.9985
    814820    -68.9314
    814830    -64.7763
    814840    -68.7699
    814850    -67.2998
    814860    -65.7285
    814870    -69.6255
    814880    -67.6819
    814890    -71.2272
    814900    -64.6608
    814910     -66.123
    814920     -67.122
    814930    -66.3817
    814940    -66.8982
    814950    -68.2431
    814960    -66.2582
    814970    -67.1636
    814980    -70.1512
    814990    -69.1701
    815000    -70.4911
    815010    -64.8005
    815020    -66.0844
    815030    -68.2416
    815040    -65.6698
    815050    -65.7614
    815060    -67.6636
    815070    -66.8142
    815080     -66.411
    815090    -67.3428
    815100    -70.0775
    815110    -67.6972
    815120    -64.0082
    815130    -69.7016
    815140    -67.1718
    815150    -73.7115
    815160    -66.4863
    815170    -67.6542
    815180     -65.993
    815190    -63.6829
    815200     -65.178
    815210    -67.8437
    815220    -69.1784
    815230     -63.079
    815240    -66.9823
    815250    -66.5919
    815260    -67.2822
    815270    -71.0975
    815280    -66.6575
    815290    -70.9111
    815300    -67.4924
    815310     -68.258
    815320    -64.4299
    815330    -72.3324
    815340    -68.3717
    815350    -68.4639
    815360    -65.0023
    815370    -63.5668
    815380    -66.5428
    815390    -63.4865
    815400     -63.959
    815410    -61.5387
    815420    -64.6656
    815430    -61.4158
    815440    -64.2674
    815450    -65.9432
    815460      -67.89
    815470    -67.0874
    815480    -64.0269
    815490    -62.5202
    815500    -63.1098
    815510    -64.0075
    815520    -62.9649
    815530     -64.402
    815540    -63.0689
    815550    -66.9501
    815560    -60.8386
    815570    -61.1791
    815580    -65.0647
    815590    -60.5288
    815600    -58.5402
    815610    -59.4995
    815620    -61.1877
    815630    -65.5049
    815640    -66.4832
    815650    -63.9311
    815660    -62.1534
    815670    -64.4541
    815680    -64.7262
    815690    -65.5595
    815700    -63.5057
    815710    -63.7961
    815720     -68.738
    815730    -65.7348
    815740     -61.199
    815750    -66.9432
    815760    -62.5503
    815770    -68.4788
    815780    -67.2942
    815790     -62.362
    815800    -67.8833
    815810    -74.8447
    815820    -66.1167
    815830    -62.1002
    815840    -68.4219
    815850    -73.1535
    815860    -63.4404
    815870    -68.1866
    815880    -70.1494
    815890    -63.5086
    815900      -69.66
    815910    -64.9198
    815920    -67.2002
    815930    -67.5682
    815940    -65.2333
    815950    -66.3126
    815960    -65.5595
    815970    -65.8599
    815980    -70.4399
    815990    -63.6257
    816000    -62.0574
    816010    -65.7167
    816020    -63.7049
    816030    -60.4204
    816040    -64.3071
    816050    -64.0002
    816060    -62.5803
    816070      -62.14
    816080    -63.8089
    816090    -62.6528
    816100    -62.9017
    816110    -61.8179
    816120    -64.1249
    816130    -66.5152
    816140    -64.4868
    816150    -64.1028
    816160    -66.4958
    816170    -65.8838
    816180    -65.4196
    816190     -63.657
    816200    -63.7863
    816210    -61.9178
    816220    -64.1742
    816230    -65.4251
    816240     -68.617
    816250    -68.0307
    816260    -63.8343
    816270    -66.9121
    816280    -68.8504
    816290    -66.6638
    816300    -66.7809
    816310    -67.2908
    816320    -62.0091
    816330    -66.8394
    816340      -67.96
    816350    -64.2921
    816360    -64.5264
    816370    -64.6196
    816380    -70.7026
    816390    -68.2516
    816400    -71.4037
    816410    -67.1353
    816420    -64.7137
    816430    -67.3053
    816440    -67.1983
    816450     -64.409
    816460    -68.6522
    816470    -62.2836
    816480    -63.0076
    816490    -70.8765
    816500    -67.0115
    816510    -66.4539
    816520    -65.7931
    816530    -63.5239
    816540    -64.2975
    816550    -65.1734
    816560    -60.3357
    816570    -64.9451
    816580    -64.5608
    816590    -67.8224
    816600    -65.2663
    816610    -71.2876
    816620    -70.0356
    816630    -62.7345
    816640    -66.6579
    816650    -61.1914
    816660    -61.0165
    816670    -63.8853
    816680    -62.4026
    816690    -66.1336
    816700    -59.1913
    816710    -66.4117
    816720    -66.3232
    816730    -61.6616
    816740    -61.2893
    816750    -60.3125
    816760    -61.3255
    816770    -64.0083
    816780    -62.7419
    816790    -64.8655
    816800    -65.5218
    816810    -65.7801
    816820    -64.4813
    816830    -61.0501
    816840    -61.8579
    816850     -60.019
    816860    -64.5346
    816870    -63.7634
    816880    -65.0432
    816890    -65.4622
    816900    -65.1138
    816910    -68.6797
    816920    -64.5808
    816930    -61.2319
    816940    -62.2765
    816950    -63.7706
    816960    -63.2334
    816970    -61.0306
    816980    -64.8609
    816990     -66.387
    817000    -62.1891
    817010    -61.2373
    817020    -59.2572
    817030    -63.2156
    817040    -63.1472
    817050    -65.6632
    817060    -67.9948
    817070    -67.8868
    817080    -63.0294
    817090    -67.9171
    817100    -65.4882
    817110    -65.5032
    817120    -67.6497
    817130    -64.1108
    817140    -66.3604
    817150    -64.8229
    817160    -63.5045
    817170    -66.0579
    817180    -60.8422
    817190    -58.9858
    817200    -60.8727
    817210     -61.824
    817220    -63.4646
    817230     -60.609
    817240    -58.9069
    817250    -62.0916
    817260    -57.1063
    817270    -54.9759
    817280    -59.8035
    817290    -57.9728
    817300    -60.2936
    817310    -57.4687
    817320    -60.5641
    817330     -58.385
    817340    -58.4052
    817350    -59.4437
    817360    -59.7799
    817370    -56.9679
    817380    -59.3079
    817390     -59.315
    817400    -59.4515
    817410    -59.3078
    817420    -60.3417
    817430    -57.9295
    817440     -61.778
    817450    -60.5647
    817460    -59.5893
    817470    -55.6639
    817480    -61.3892
    817490    -54.4758
    817500    -56.5943
    817510    -55.7688
    817520    -58.7135
    817530     -59.952
    817540    -59.3963
    817550    -59.2389
    817560    -60.6228
    817570    -61.0164
    817580    -59.9979
    817590    -58.2269
    817600    -59.4391
    817610     -62.403
    817620    -57.7248
    817630    -60.5444
    817640    -61.3869
    817650    -59.8654
    817660    -56.2608
    817670    -56.2693
    817680    -58.9933
    817690    -59.8954
    817700    -60.7153
    817710    -60.9827
    817720    -60.0625
    817730    -57.7598
    817740    -55.3714
    817750    -59.7211
    817760    -58.3348
    817770    -57.1089
    817780     -62.597
    817790    -60.0248
    817800    -60.4423
    817810    -59.4603
    817820    -60.7768
    817830    -62.7981
    817840    -63.3922
    817850    -62.1613
    817860     -58.942
    817870    -61.9105
    817880    -61.1442
    817890    -57.8591
    817900    -58.1648
    817910    -59.1567
    817920    -55.7285
    817930     -60.022
    817940     -58.027
    817950    -57.5047
    817960    -59.8317
    817970    -59.4657
    817980    -59.3721
    817990    -58.2361
    818000    -60.3705
    818010    -62.8857
    818020    -58.0338
    818030    -59.0363
    818040     -59.605
    818050    -57.5973
    818060    -58.2636
    818070    -59.3032
    818080    -62.8433
    818090     -58.089
    818100    -58.3272
    818110    -59.6775
    818120    -63.6819
    818130    -59.7699
    818140    -60.6312
    818150    -59.6397
    818160    -60.1299
    818170    -61.5004
    818180    -62.6681
    818190    -61.3366
    818200    -60.8563
    818210    -62.1118
    818220    -58.8989
    818230    -60.6021
    818240    -62.7795
    818250    -59.7591
    818260    -60.2974
    818270    -63.0971
    818280    -56.6049
    818290     -62.028
    818300    -62.4492
    818310    -59.9343
    818320    -59.2738
    818330    -57.7996
    818340    -60.7527
    818350    -58.5927
    818360    -60.1161
    818370    -58.1583
    818380    -58.2509
    818390    -55.9587
    818400    -58.5297
    818410    -60.8458
    818420    -61.2561
    818430    -59.4221
    818440      -60.37
    818450    -59.0252
    818460    -63.2529
    818470    -60.0993
    818480    -54.9061
    818490    -57.5868
    818500    -56.5548
    818510    -55.3298
    818520    -56.6284
    818530    -61.8613
    818540    -53.4465
    818550    -58.0712
    818560    -58.2419
    818570    -61.2349
    818580    -61.8751
    818590    -57.4614
    818600    -58.4051
    818610     -61.491
    818620    -59.3197
    818630    -60.9467
    818640    -55.8426
    818650    -61.8341
    818660    -61.6721
    818670    -57.2173
    818680    -59.5306
    818690    -59.2815
    818700    -62.8146
    818710      -60.68
    818720    -59.2068
    818730    -58.2215
    818740    -57.3265
    818750    -58.3268
    818760    -62.9341
    818770     -61.361
    818780    -59.1161
    818790    -61.7378
    818800    -55.7878
    818810    -56.4232
    818820    -59.6134
    818830     -58.879
    818840    -56.8264
    818850    -60.7017
    818860    -58.8101
    818870    -56.6372
    818880    -60.1138
    818890    -58.6259
    818900    -58.9873
    818910    -60.5859
    818920    -59.0553
    818930    -57.7955
    818940    -54.6043
    818950    -58.5372
    818960    -61.4124
    818970     -56.601
    818980    -57.0625
    818990    -59.7016
    819000    -58.7511
    819010    -54.1971
    819020    -58.6986
    819030    -62.2816
    819040    -57.3565
    819050    -62.2167
    819060    -63.4383
    819070    -57.4029
    819080    -58.5025
    819090    -60.9045
    819100    -56.6306
    819110    -60.3467
    819120    -61.0855
    819130    -59.5678
    819140    -59.5259
    819150    -61.0891
    819160    -58.2906
    819170    -56.2896
    819180    -57.7112
    819190    -56.5334
    819200    -58.4338
    819210    -61.5026
    819220    -60.8279
    819230    -61.2537
    819240    -60.6379
    819250    -60.3837
    819260    -58.8163
    819270    -56.8902
    819280    -58.6375
    819290    -59.1782
    819300    -59.1219
    819310    -60.3415
    819320    -61.8444
    819330    -62.2375
    819340    -58.9132
    819350    -59.4017
    819360    -57.8613
    819370    -62.2334
    819380     -61.532
    819390    -61.2601
    819400    -59.2644
    819410    -58.6384
    819420    -57.8082
    819430    -58.9584
    819440     -62.159
    819450    -57.9507
    819460    -61.1885
    819470    -59.7608
    819480    -62.7576
    819490    -58.3876
    819500    -59.7029
    819510    -60.2105
    819520    -60.2309
    819530    -60.5072
    819540    -61.4102
    819550    -60.9221
    819560     -61.007
    819570    -61.6859
    819580    -60.4315
    819590    -59.3581
    819600    -63.1144
    819610    -61.0401
    819620    -61.3204
    819630    -59.4429
    819640    -63.4186
    819650    -61.4669
    819660    -57.7811
    819670    -59.7217
    819680    -63.1477
    819690    -58.6738
    819700    -57.9653
    819710    -59.4918
    819720    -58.7765
    819730     -58.988
    819740    -59.3153
    819750    -60.9969
    819760     -60.529
    819770    -59.7002
    819780    -63.5382
    819790    -57.1989
    819800    -60.7195
    819810    -59.8466
    819820    -60.6793
    819830    -60.3632
    819840    -60.2313
    819850    -62.9101
    819860    -60.6512
    819870    -62.4897
    819880    -57.2025
    819890    -61.1231
    819900    -59.0406
    819910    -63.1428
    819920    -61.8038
    819930    -61.8051
    819940    -62.2426
    819950    -60.0752
    819960    -57.4424
    819970    -59.2086
    819980    -62.1805
    819990     -59.319
    820000    -62.4228
    820010    -55.0296
    820020    -60.5634
    820030    -58.3582
    820040    -58.2004
    820050    -59.9742
    820060    -59.3859
    820070    -61.2868
    820080    -60.8578
    820090    -60.2259
    820100    -62.9265
    820110    -57.1395
    820120     -65.752
    820130    -58.2838
    820140    -61.5293
    820150    -58.5932
    820160    -59.7872
    820170     -61.808
    820180    -55.7985
    820190    -61.7929
    820200    -64.0071
    820210    -59.1558
    820220    -58.5729
    820230    -58.6857
    820240    -60.3797
    820250    -62.8813
    820260    -57.2156
    820270     -61.208
    820280    -58.7889
    820290    -57.7255
    820300    -59.9926
    820310    -56.6629
    820320    -58.4156
    820330    -59.2913
    820340    -57.1446
    820350    -57.2707
    820360    -58.2508
    820370    -61.0669
    820380    -53.4015
    820390    -62.4338
    820400    -60.8305
    820410     -58.241
    820420     -56.943
    820430    -59.2714
    820440    -56.6589
    820450    -59.8135
    820460    -64.1577
    820470    -61.9296
    820480    -63.2374
    820490    -60.1673
    820500    -55.0721
    820510    -59.0781
    820520     -62.675
    820530    -61.4869
    820540    -60.4551
    820550     -61.642
    820560    -59.5702
    820570    -59.7773
    820580    -61.3597
    820590     -62.425
    820600    -58.9809
    820610    -60.0086
    820620    -59.4992
    820630    -59.3561
    820640     -63.656
    820650    -61.4048
    820660    -61.4647
    820670     -55.765
    820680    -60.3778
    820690    -60.7251
    820700    -58.2495
    820710    -59.0238
    820720    -61.0462
    820730    -60.5871
    820740    -61.6779
    820750    -60.8689
    820760    -58.7002
    820770    -62.2884
    820780    -59.4234
    820790    -60.8503
    820800    -59.6018
    820810    -61.1712
    820820    -59.3217
    820830    -58.9289
    820840    -62.9592
    820850    -60.1677
    820860    -60.9529
    820870    -58.7952
    820880    -60.3333
    820890    -62.4468
    820900    -57.8215
    820910    -62.1364
    820920    -62.2809
    820930    -61.4362
    820940    -62.3819
    820950    -57.7437
    820960    -63.5847
    820970    -60.1496
    820980    -58.2627
    820990    -62.0535
    821000    -59.5162
    821010    -63.5107
    821020    -62.4396
    821030    -62.8981
    821040    -61.2706
    821050    -64.7727
    821060    -58.7557
    821070    -59.8374
    821080    -57.8958
    821090    -59.1726
    821100    -57.2127
    821110    -57.7531
    821120    -56.0772
    821130    -56.4381
    821140    -59.0706
    821150    -61.4603
    821160    -59.6508
    821170    -66.2457
    821180     -60.501
    821190    -61.0698
    821200    -59.9156
    821210      -60.37
    821220    -60.8515
    821230    -66.5616
    821240    -62.0641
    821250    -57.5737
    821260     -59.321
    821270    -58.6007
    821280    -59.0606
    821290    -54.9654
    821300    -62.6938
    821310    -59.4632
    821320    -61.8775
    821330    -61.2204
    821340    -59.5816
    821350    -58.7541
    821360     -62.412
    821370    -59.5204
    821380    -60.7954
    821390    -56.7258
    821400    -58.9773
    821410    -56.6941
    821420    -55.8539
    821430    -61.2245
    821440    -61.8731
    821450    -60.7872
    821460    -58.3202
    821470    -63.3665
    821480     -62.058
    821490     -57.222
    821500    -58.7931
    821510    -57.6038
    821520    -58.4885
    821530    -59.7818
    821540    -56.2124
    821550    -66.0811
    821560    -58.5468
    821570    -63.2737
    821580    -58.5592
    821590    -57.2468
    821600    -57.4959
    821610    -57.4902
    821620      -62.82
    821630    -60.0927
    821640     -57.422
    821650    -56.3811
    821660    -64.0693
    821670    -56.5529
    821680    -61.8945
    821690    -59.5602
    821700    -63.8873
    821710    -56.2053
    821720    -60.6104
    821730    -61.4325
    821740    -57.9313
    821750    -61.2177
    821760     -58.752
    821770    -62.6836
    821780    -59.7801
    821790    -60.8966
    821800    -59.2855
    821810    -60.2909
    821820    -57.2446
    821830    -62.8454
    821840    -55.3019
    821850    -60.5709
    821860    -62.6723
    821870      -56.74
    821880    -59.1259
    821890    -56.8391
    821900    -60.7791
    821910    -58.2694
    821920    -59.5768
    821930    -64.3634
    821940     -62.952
    821950    -60.0229
    821960    -60.5517
    821970    -61.1129
    821980    -59.9386
    821990    -59.7981
    822000    -57.3185
    822010     -61.202
    822020    -57.7095
    822030    -59.9485
    822040     -58.215
    822050    -60.8854
    822060    -57.1065
    822070    -62.6972
    822080    -62.6495
    822090    -59.6554
    822100    -61.6101
    822110    -58.7352
    822120    -57.4482
    822130    -63.3779
    822140    -63.5641
    822150    -61.7908
    822160    -60.9039
    822170    -55.3376
    822180    -59.0813
    822190    -59.8433
    822200    -64.0521
    822210    -58.8702
    822220    -59.0698
    822230    -60.6448
    822240    -62.8678
    822250    -59.5628
    822260    -58.6545
    822270     -62.033
    822280    -60.6377
    822290    -57.1132
    822300     -61.996
    822310    -64.4559
    822320    -56.7505
    822330    -59.0588
    822340    -61.1796
    822350    -63.0514
    822360    -60.7569
    822370    -61.5708
    822380    -62.4049
    822390    -56.0246
    822400    -60.6785
    822410    -58.1067
    822420    -60.3177
    822430    -60.0072
    822440    -59.5787
    822450    -56.9313
    822460    -58.9326
    822470    -57.2793
    822480    -58.5694
    822490    -60.5453
    822500      -53.58
    822510    -58.3092
    822520    -57.8832
    822530    -57.0609
    822540    -56.7995
    822550    -53.4654
    822560    -58.4897
    822570    -59.2975
    822580    -60.0343
    822590     -59.386
    822600    -61.5194
    822610    -60.0279
    822620     -60.697
    822630    -58.7724
    822640    -57.8046
    822650    -61.3636
    822660     -60.506
    822670    -58.8959
    822680     -58.755
    822690    -59.4623
    822700    -59.5406
    822710    -58.6678
    822720    -57.4251
    822730    -61.2375
    822740    -57.4462
    822750    -59.7346
    822760    -53.6707
    822770    -55.7942
    822780    -63.4357
    822790    -64.4223
    822800    -59.7302
    822810     -60.251
    822820    -58.4733
    822830    -60.4564
    822840    -59.5887
    822850    -55.0199
    822860    -56.5685
    822870    -58.5774
    822880    -60.4743
    822890    -57.7238
    822900    -59.4174
    822910    -60.2568
    822920    -63.1614
    822930    -63.1523
    822940    -59.1744
    822950    -58.7898
    822960    -58.5535
    822970    -59.5168
    822980    -58.5807
    822990    -57.8494
    823000    -62.1497
    823010    -56.5943
    823020    -58.7594
    823030     -52.687
    823040    -61.5257
    823050      -57.41
    823060    -56.2279
    823070    -59.2734
    823080     -55.133
    823090    -58.4842
    823100    -58.2301
    823110    -57.1567
    823120    -57.8441
    823130    -60.5549
    823140    -63.4141
    823150    -55.9588
    823160    -58.0402
    823170    -64.6166
    823180    -57.1677
    823190    -58.6161
    823200    -57.0008
    823210    -59.7048
    823220    -61.4881
    823230    -58.8624
    823240    -56.9407
    823250    -57.9102
    823260    -60.2037
    823270    -56.4016
    823280    -56.4412
    823290    -58.7946
    823300    -57.7593
    823310    -57.4578
    823320    -56.4106
    823330    -59.9289
    823340    -59.0952
    823350    -59.1976
    823360    -58.4078
    823370    -54.7222
    823380     -60.895
    823390    -59.4564
    823400    -56.7824
    823410    -60.4384
    823420    -60.8285
    823430    -60.2662
    823440    -62.2609
    823450    -58.1247
    823460    -63.4224
    823470    -61.0691
    823480    -59.8388
    823490    -59.0734
    823500    -54.7231
    823510     -63.928
    823520    -57.9128
    823530    -59.7947
    823540    -56.8291
    823550    -61.9852
    823560    -55.4709
    823570    -58.1259
    823580    -62.1637
    823590    -58.2246
    823600    -57.3849
    823610    -61.8473
    823620    -61.8679
    823630    -61.4591
    823640    -61.3643
    823650    -58.8298
    823660    -58.8943
    823670    -60.6236
    823680    -56.3184
    823690    -59.2312
    823700    -60.3727
    823710    -59.5752
    823720    -62.1923
    823730    -61.4361
    823740    -61.3691
    823750    -57.1789
    823760    -57.9502
    823770    -62.7793
    823780     -55.213
    823790     -60.662
    823800    -61.6485
    823810    -60.6318
    823820    -59.6946
    823830    -57.7831
    823840    -55.7585
    823850    -59.2139
    823860    -61.8262
    823870    -61.8461
    823880    -58.4362
    823890    -55.5539
    823900    -57.8372
    823910    -62.3894
    823920    -58.3437
    823930    -62.4453
    823940    -57.1613
    823950    -58.3358
    823960    -62.3017
    823970    -58.6575
    823980    -57.9316
    823990    -57.6508
    824000    -60.3537
    824010    -58.1671
    824020     -62.848
    824030    -55.0521
    824040    -57.0789
    824050    -57.0373
    824060    -59.3312
    824070    -58.7629
    824080     -58.726
    824090    -56.8969
    824100     -58.093
    824110    -59.8934
    824120    -59.8521
    824130    -57.8759
    824140    -59.6916
    824150    -57.9482
    824160    -58.6742
    824170    -55.6763
    824180    -59.5214
    824190    -60.1359
    824200    -58.2559
    824210    -57.8435
    824220    -56.3347
    824230     -57.397
    824240    -58.1213
    824250    -62.3007
    824260    -58.9024
    824270    -56.7807
    824280    -60.1496
    824290    -60.4737
    824300    -58.7399
    824310    -59.3026
    824320     -59.639
    824330    -62.2282
    824340    -57.7923
    824350     -55.286
    824360    -57.4532
    824370    -61.3924
    824380    -59.4203
    824390    -60.2403
    824400    -61.7766
    824410    -58.8177
    824420    -59.7316
    824430    -62.3594
    824440    -62.2142
    824450     -59.471
    824460    -57.1765
    824470    -57.4524
    824480    -57.1041
    824490    -58.7883
    824500    -61.6364
    824510    -59.0655
    824520    -57.3965
    824530    -59.7927
    824540    -59.8009
    824550    -64.0562
    824560    -59.3864
    824570    -58.8754
    824580    -56.1591
    824590    -58.5292
    824600    -66.9626
    824610    -59.4385
    824620    -58.5967
    824630    -59.8608
    824640     -58.902
    824650    -60.7067
    824660    -61.9049
    824670    -57.5972
    824680    -56.7107
    824690    -56.8771
    824700    -58.9246
    824710    -57.6549
    824720    -59.9844
    824730    -56.4331
    824740    -61.3085
    824750    -61.2668
    824760    -58.2466
    824770    -58.4848
    824780    -56.5529
    824790    -60.9571
    824800    -57.3194
    824810    -58.7944
    824820    -56.6851
    824830    -60.0789
    824840    -58.2094
    824850    -60.8253
    824860    -61.3715
    824870     -58.258
    824880    -58.6844
    824890    -59.2906
    824900    -56.9233
    824910    -57.3561
    824920    -58.1413
    824930     -59.382
    824940    -59.0543
    824950    -58.8793
    824960    -57.3186
    824970    -61.6988
    824980    -58.7643
    824990    -60.2996
    825000    -61.1663
    825010    -57.3322
    825020    -60.3668
    825030    -61.6428
    825040    -60.0038
    825050    -59.8799
    825060    -58.3446
    825070    -59.5394
    825080    -61.0032
    825090    -62.3002
    825100    -58.0843
    825110    -57.6455
    825120    -57.6663
    825130    -59.1598
    825140    -59.8667
    825150    -60.6325
    825160    -57.6234
    825170    -56.9817
    825180    -57.5723
    825190    -60.3786
    825200    -58.4116
    825210     -54.605
    825220    -59.1843
    825230    -62.1467
    825240    -59.2133
    825250    -57.8087
    825260    -58.8813
    825270    -58.3395
    825280    -60.2834
    825290    -62.7251
    825300    -60.1012
    825310    -56.0561
    825320     -58.561
    825330    -61.0868
    825340    -56.7102
    825350    -56.2307
    825360    -57.8706
    825370     -60.037
    825380    -61.5999
    825390    -58.9974
    825400    -56.6367
    825410    -57.9281
    825420    -59.1396
    825430    -58.4952
    825440    -56.9672
    825450    -59.8198
    825460    -61.1633
    825470    -58.2218
    825480    -59.6088
    825490    -59.2935
    825500    -57.0475
    825510    -55.3887
    825520    -59.7843
    825530    -57.3423
    825540    -58.0125
    825550    -61.7015
    825560    -57.8808
    825570    -54.7891
    825580    -57.7865
    825590    -57.3595
    825600    -58.8906
    825610    -56.8119
    825620    -57.9893
    825630    -55.1116
    825640    -64.8172
    825650    -62.1836
    825660     -56.773
    825670    -58.3925
    825680     -60.307
    825690    -56.3365
    825700     -55.545
    825710     -56.146
    825720    -59.5512
    825730    -61.1673
    825740    -58.1566
    825750    -58.3532
    825760    -62.3081
    825770    -58.8302
    825780    -57.1713
    825790    -57.1215
    825800    -64.6261
    825810    -60.6757
    825820    -60.2177
    825830    -61.3016
    825840    -56.4125
    825850    -64.7686
    825860     -58.331
    825870    -55.1729
    825880    -59.1729
    825890    -56.3834
    825900    -58.8834
    825910    -61.0562
    825920    -57.8564
    825930    -57.2845
    825940    -61.8044
    825950    -58.1155
    825960     -62.915
    825970    -59.0028
    825980    -60.0825
    825990    -61.2404
    826000    -60.8941
    826010    -60.2611
    826020    -57.4128
    826030    -60.9129
    826040    -60.5915
    826050    -58.2149
    826060     -63.705
    826070    -61.3838
    826080     -59.862
    826090    -59.5355
    826100    -59.5457
    826110    -58.2176
    826120    -55.2936
    826130    -61.3582
    826140     -60.788
    826150    -56.5454
    826160     -58.754
    826170    -58.3698
    826180    -58.7244
    826190    -57.5715
    826200    -55.7459
    826210     -59.165
    826220    -57.0139
    826230    -60.6642
    826240    -59.4912
    826250    -57.1348
    826260    -59.4917
    826270    -59.4334
    826280    -60.6525
    826290     -60.055
    826300    -60.8969
    826310    -60.2121
    826320    -61.4961
    826330    -62.2864
    826340    -56.2359
    826350     -64.836
    826360    -59.5927
    826370    -60.2201
    826380    -58.8849
    826390      -58.25
    826400    -60.8266
    826410    -57.9614
    826420    -56.8062
    826430    -58.6261
    826440    -60.7646
    826450    -59.0172
    826460    -59.3494
    826470    -58.9337
    826480    -60.6871
    826490    -57.3637
    826500    -59.0148
    826510    -63.0225
    826520    -62.1447
    826530    -60.8881
    826540    -58.3698
    826550    -58.0769
    826560    -57.4881
    826570    -56.1631
    826580    -58.6973
    826590    -63.9671
    826600    -60.8932
    826610    -59.3054
    826620    -59.6133
    826630    -60.4883
    826640    -61.5944
    826650    -59.5813
    826660    -59.0612
    826670    -58.1677
    826680    -56.9862
    826690    -58.5881
    826700    -60.3191
    826710    -60.0696
    826720    -62.6636
    826730    -59.8117
    826740     -62.013
    826750    -57.2452
    826760     -62.426
    826770    -62.7748
    826780    -60.1278
    826790    -58.6418
    826800     -64.472
    826810    -62.9163
    826820    -58.3711
    826830    -61.4717
    826840    -62.5931
    826850    -56.9161
    826860     -56.353
    826870    -56.8153
    826880    -54.5332
    826890    -60.5613
    826900    -55.3707
    826910    -64.5073
    826920    -59.0421
    826930    -53.3167
    826940     -59.166
    826950    -58.4056
    826960    -56.9392
    826970    -60.9664
    826980    -63.0745
    826990    -58.0937
    827000    -62.4194
    827010    -61.2078
    827020    -58.9568
    827030    -54.4698
    827040    -57.2345
    827050    -56.8267
    827060    -57.8846
    827070    -60.1273
    827080    -57.7157
    827090     -56.827
    827100    -61.4623
    827110    -58.0085
    827120    -62.4098
    827130    -58.3115
    827140    -59.4864
    827150    -60.0541
    827160     -61.627
    827170    -60.1714
    827180    -59.5814
    827190    -62.2465
    827200    -60.0222
    827210    -62.7685
    827220    -57.2334
    827230    -61.0558
    827240    -58.9314
    827250    -57.2057
    827260    -58.1294
    827270    -59.3778
    827280    -56.6451
    827290    -57.0949
    827300    -59.0176
    827310    -59.4765
    827320    -58.1334
    827330    -58.6213
    827340     -59.309
    827350    -60.2812
    827360    -55.0478
    827370    -60.5196
    827380    -62.8708
    827390    -60.0692
    827400    -58.8888
    827410    -60.6961
    827420    -61.6982
    827430    -56.2069
    827440    -58.6767
    827450     -57.159
    827460    -58.0462
    827470    -63.1067
    827480    -59.9355
    827490    -56.7203
    827500    -58.8083
    827510    -62.3875
    827520    -59.6417
    827530    -60.4276
    827540    -58.3871
    827550    -58.5203
    827560     -59.289
    827570    -56.6507
    827580    -59.2383
    827590    -59.4859
    827600     -58.199
    827610    -63.1519
    827620    -59.2311
    827630    -58.9493
    827640    -61.8003
    827650    -61.1128
    827660    -60.7398
    827670    -61.4441
    827680     -64.149
    827690    -60.6407
    827700    -61.3732
    827710    -58.5913
    827720    -59.1529
    827730     -57.913
    827740    -57.3228
    827750    -58.7366
    827760    -60.8713
    827770    -61.5804
    827780    -60.9221
    827790    -58.6658
    827800    -64.3732
    827810    -58.2528
    827820    -61.8663
    827830    -60.5541
    827840    -61.1401
    827850    -60.1057
    827860     -59.706
    827870     -62.616
    827880    -62.8586
    827890    -60.7818
    827900    -57.8259
    827910     -59.006
    827920    -57.9844
    827930    -58.6933
    827940    -57.6425
    827950    -61.3084
    827960     -61.099
    827970    -58.9996
    827980    -62.8917
    827990    -63.0519
    828000    -59.0085
    828010    -62.7858
    828020    -59.8614
    828030    -61.9433
    828040     -60.455
    828050    -57.2251
    828060    -59.0528
    828070    -65.5861
    828080     -62.144
    828090    -62.4598
    828100    -63.0684
    828110    -61.0951
    828120     -59.424
    828130    -56.6772
    828140    -58.8897
    828150    -57.2746
    828160    -61.6461
    828170    -58.4061
    828180    -61.3326
    828190    -58.1728
    828200    -56.1884
    828210    -64.5897
    828220    -60.6413
    828230    -58.2321
    828240    -62.4244
    828250    -58.8516
    828260    -57.0711
    828270    -58.7542
    828280    -57.5023
    828290    -61.0126
    828300    -54.0714
    828310    -59.2703
    828320    -59.7206
    828330    -58.4109
    828340    -59.7276
    828350    -61.9089
    828360    -64.8817
    828370    -59.8979
    828380    -61.7966
    828390    -58.2798
    828400    -59.2957
    828410     -62.754
    828420      -60.38
    828430    -57.5541
    828440     -62.273
    828450    -59.6368
    828460    -59.2114
    828470    -59.9958
    828480    -59.2612
    828490    -60.8882
    828500    -58.2369
    828510    -56.5467
    828520    -61.0035
    828530    -59.5954
    828540    -58.8729
    828550    -56.9411
    828560    -55.9337
    828570    -57.8005
    828580    -61.1444
    828590    -61.4425
    828600    -60.6371
    828610    -61.9038
    828620    -55.5731
    828630    -59.2717
    828640    -61.9443
    828650    -62.6937
    828660    -60.1936
    828670    -56.3012
    828680    -60.0533
    828690    -55.1894
    828700     -58.317
    828710     -57.379
    828720     -55.309
    828730    -62.6129
    828740    -58.2016
    828750     -60.227
    828760    -59.8032
    828770    -60.2443
    828780    -58.7547
    828790    -58.5745
    828800    -62.9221
    828810    -59.0007
    828820    -60.1034
    828830     -58.371
    828840    -61.3321
    828850    -58.3568
    828860    -54.7328
    828870    -55.9724
    828880    -59.0087
    828890    -61.8568
    828900    -58.7732
    828910    -62.1705
    828920    -59.9314
    828930     -61.098
    828940    -55.1073
    828950    -60.4706
    828960    -62.1222
    828970    -57.3542
    828980    -61.2126
    828990    -60.4738
    829000    -57.4883
    829010    -58.1917
    829020    -62.5094
    829030    -61.1782
    829040    -58.5331
    829050    -61.1398
    829060    -60.8266
    829070    -60.1737
    829080    -62.9106
    829090    -61.2782
    829100    -62.2525
    829110    -61.6162
    829120    -58.3305
    829130    -65.4404
    829140    -62.6387
    829150    -59.8435
    829160    -58.3179
    829170    -58.2105
    829180    -55.6938
    829190    -59.4964
    829200    -57.2471
    829210    -58.3897
    829220    -61.4357
    829230    -57.1917
    829240    -62.5518
    829250    -59.5039
    829260     -61.079
    829270    -57.7967
    829280    -59.1412
    829290      -62.51
    829300     -60.576
    829310    -63.4447
    829320    -60.7284
    829330    -56.9716
    829340    -56.5163
    829350    -59.7085
    829360    -55.9477
    829370    -59.4397
    829380    -57.8498
    829390    -62.6284
    829400    -62.4855
    829410    -59.2199
    829420    -60.1137
    829430     -61.446
    829440    -59.7066
    829450     -60.247
    829460    -59.2178
    829470    -59.4837
    829480    -58.2353
    829490     -65.078
    829500    -59.7657
    829510    -61.6722
    829520    -58.5709
    829530    -63.7734
    829540    -62.5304
    829550     -62.865
    829560    -59.4144
    829570    -58.8965
    829580    -56.9986
    829590     -59.918
    829600     -60.037
    829610    -54.8685
    829620    -62.1945
    829630    -56.0049
    829640    -54.2759
    829650    -59.4583
    829660    -59.4855
    829670    -54.5745
    829680    -57.8473
    829690    -60.5161
    829700    -56.9896
    829710    -61.5765
    829720    -59.6731
    829730     -57.525
    829740     -60.264
    829750    -60.1474
    829760     -59.275
    829770    -56.5934
    829780    -62.4662
    829790     -56.413
    829800     -61.559
    829810    -59.6416
    829820     -60.567
    829830    -59.5641
    829840    -59.5754
    829850    -57.7181
    829860    -58.7796
    829870    -63.9501
    829880     -57.312
    829890    -58.3009
    829900    -63.3633
    829910    -58.0502
    829920    -58.3147
    829930    -60.9622
    829940    -62.1176
    829950    -63.8876
    829960    -61.2717
    829970    -60.7509
    829980    -59.3412
    829990    -61.7381
    830000    -59.3306
    830010    -59.7562
    830020    -58.5215
    830030    -56.2535
    830040     -56.688
    830050    -59.3119
    830060    -58.6066
    830070    -58.3179
    830080    -58.4886
    830090     -58.886
    830100    -61.1843
    830110    -63.1193
    830120    -65.8707
    830130    -60.7452
    830140    -60.4165
    830150    -60.0977
    830160    -58.1479
    830170    -57.0314
    830180    -58.4727
    830190    -60.8871
    830200    -60.2736
    830210    -60.3198
    830220    -57.7042
    830230    -59.2786
    830240    -59.4745
    830250    -58.4782
    830260    -59.0024
    830270    -56.3499
    830280    -63.6503
    830290    -59.6784
    830300    -55.5672
    830310    -60.7759
    830320    -58.9625
    830330    -61.7483
    830340    -57.6834
    830350    -59.4054
    830360    -58.4505
    830370     -64.376
    830380    -54.0427
    830390    -58.8157
    830400    -59.4799
    830410    -58.3945
    830420    -59.5811
    830430    -60.5276
    830440    -61.0135
    830450    -56.9544
    830460    -59.6298
    830470    -60.4451
    830480    -60.6761
    830490    -61.7697
    830500    -59.7212
    830510    -58.2737
    830520    -60.3966
    830530    -60.3056
    830540    -58.7775
    830550    -58.3982
    830560    -60.1667
    830570    -58.9105
    830580    -54.3287
    830590    -58.7526
    830600    -60.8382
    830610    -57.2177
    830620    -58.3749
    830630    -64.6728
    830640    -65.6182
    830650    -59.1719
    830660    -62.5866
    830670    -62.3504
    830680     -58.908
    830690    -62.2765
    830700    -55.4783
    830710    -63.7788
    830720    -60.4093
    830730    -57.3338
    830740    -58.9526
    830750    -56.8859
    830760      -60.15
    830770    -57.1851
    830780    -58.0979
    830790    -58.5619
    830800    -59.2943
    830810    -59.8021
    830820    -57.9011
    830830    -57.0804
    830840    -62.1453
    830850    -59.8187
    830860    -58.8457
    830870    -59.4344
    830880    -60.4737
    830890    -58.6071
    830900    -58.8228
    830910      -60.52
    830920    -57.4743
    830930    -59.8967
    830940    -58.1822
    830950    -59.7416
    830960    -60.9593
    830970    -57.6047
    830980    -56.4611
    830990    -59.3774
    831000    -56.9788
    831010    -64.3782
    831020    -59.5008
    831030     -61.087
    831040    -60.0445
    831050    -61.3585
    831060    -63.1852
    831070    -59.1737
    831080    -60.6091
    831090    -58.3464
    831100    -59.4312
    831110    -59.3801
    831120    -61.3627
    831130    -60.0579
    831140    -61.2741
    831150    -58.6927
    831160    -61.9844
    831170     -59.478
    831180    -55.4829
    831190    -60.5735
    831200    -56.4853
    831210    -57.2032
    831220    -57.7098
    831230    -60.0991
    831240    -63.4389
    831250      -62.23
    831260    -61.2527
    831270    -59.1346
    831280     -61.077
    831290    -58.5413
    831300    -59.1242
    831310    -59.6369
    831320    -60.2535
    831330    -57.1988
    831340      -62.34
    831350    -59.2629
    831360    -58.8844
    831370    -57.5782
    831380    -58.7525
    831390    -59.7307
    831400    -62.7885
    831410    -56.9294
    831420    -55.9348
    831430     -58.626
    831440    -59.2187
    831450    -59.4532
    831460    -56.6216
    831470    -57.0188
    831480    -59.0046
    831490    -62.6255
    831500     -58.517
    831510    -62.3782
    831520    -58.8381
    831530    -63.6129
    831540    -62.4921
    831550    -56.1115
    831560    -58.8297
    831570    -61.7659
    831580    -62.0152
    831590    -65.3839
    831600    -61.3817
    831610    -61.4121
    831620    -61.5619
    831630    -59.1777
    831640    -60.7019
    831650    -64.5232
    831660    -60.7174
    831670    -60.6963
    831680    -58.0065
    831690    -60.8602
    831700    -59.6883
    831710    -61.5498
    831720    -61.1957
    831730    -61.2159
    831740     -57.835
    831750     -59.502
    831760    -61.4236
    831770    -58.1913
    831780    -65.2445
    831790      -61.01
    831800    -58.9681
    831810    -64.0022
    831820    -57.4906
    831830    -59.9855
    831840    -56.8815
    831850    -62.8023
    831860    -67.3245
    831870    -62.3662
    831880    -58.2142
    831890    -58.6075
    831900    -57.9712
    831910    -64.6404
    831920    -66.6411
    831930    -57.6347
    831940    -60.1792
    831950    -58.6711
    831960    -61.8373
    831970    -61.1044
    831980    -59.5031
    831990    -60.8704
    832000    -57.6535
    832010    -58.6489
    832020    -60.7658
    832030    -60.3101
    832040    -62.8321
    832050    -63.6759
    832060    -54.5502
    832070    -60.8067
    832080    -57.5021
    832090    -62.0917
    832100    -57.6181
    832110    -63.9475
    832120    -58.7366
    832130    -64.1477
    832140    -55.4934
    832150    -58.3617
    832160    -57.7063
    832170     -60.893
    832180    -60.0095
    832190    -58.3991
    832200    -56.6095
    832210    -63.2303
    832220    -55.9046
    832230    -66.4466
    832240    -60.6669
    832250    -61.6599
    832260    -61.1828
    832270    -59.8361
    832280    -58.2791
    832290    -59.3035
    832300     -64.474
    832310    -62.3193
    832320    -58.2754
    832330    -60.5372
    832340    -57.4121
    832350     -58.913
    832360    -58.3266
    832370    -60.5177
    832380    -59.8095
    832390    -61.4059
    832400    -60.2234
    832410    -56.2658
    832420     -58.955
    832430     -58.684
    832440    -61.0277
    832450    -63.5258
    832460    -64.5023
    832470    -62.1832
    832480    -57.4562
    832490    -60.6994
    832500    -57.0093
    832510    -60.1376
    832520    -61.1005
    832530     -60.391
    832540    -60.0832
    832550    -60.2253
    832560     -62.743
    832570    -61.5503
    832580    -60.4075
    832590    -57.1135
    832600    -62.9643
    832610    -58.4014
    832620    -58.6266
    832630    -59.9959
    832640    -59.2621
    832650    -60.8013
    832660    -62.5441
    832670    -61.0441
    832680    -59.3623
    832690    -58.2549
    832700     -59.612
    832710    -62.4089
    832720    -61.0262
    832730    -61.5678
    832740    -60.6296
    832750    -62.2225
    832760    -58.0383
    832770    -57.4437
    832780    -62.4374
    832790    -60.6837
    832800    -61.0765
    832810     -61.399
    832820    -60.5618
    832830    -59.0158
    832840    -58.1772
    832850    -60.8401
    832860    -59.7367
    832870    -61.6172
    832880    -61.9663
    832890     -60.814
    832900    -59.4793
    832910    -58.2606
    832920     -65.157
    832930    -59.9585
    832940    -61.0531
    832950    -61.3654
    832960    -61.2015
    832970    -61.6248
    832980    -58.2481
    832990    -61.0924
    833000    -60.9833
    833010     -63.351
    833020    -60.6601
    833030    -60.4746
    833040    -62.7315
    833050    -61.8442
    833060     -61.722
    833070    -58.6046
    833080    -61.6492
    833090    -59.7662
    833100    -60.5094
    833110     -59.647
    833120    -62.9142
    833130    -62.2012
    833140    -62.2587
    833150    -62.9755
    833160    -58.1511
    833170    -63.6847
    833180    -58.0381
    833190    -61.7458
    833200    -62.1598
    833210     -60.491
    833220    -60.4238
    833230    -62.5473
    833240     -62.889
    833250    -58.8899
    833260     -59.901
    833270    -64.3782
    833280    -57.9755
    833290    -58.2504
    833300    -61.0982
    833310    -63.3839
    833320    -61.6885
    833330    -60.5979
    833340     -58.561
    833350    -60.9119
    833360    -56.6496
    833370    -67.1291
    833380    -60.0401
    833390      -57.42
    833400    -59.2431
    833410    -59.2574
    833420    -62.0024
    833430    -60.5619
    833440    -58.1246
    833450     -61.553
    833460    -57.9996
    833470    -62.4497
    833480    -59.3936
    833490    -59.5412
    833500    -61.4133
    833510     -58.713
    833520    -58.1075
    833530    -59.4209
    833540    -61.3779
    833550    -63.3625
    833560    -63.0261
    833570    -59.4753
    833580    -58.8753
    833590    -58.2217
    833600    -62.8012
    833610    -60.2626
    833620    -63.9211
    833630    -58.5327
    833640    -62.6204
    833650    -60.7513
    833660    -58.9773
    833670    -59.6053
    833680    -62.9803
    833690    -57.7312
    833700    -58.1716
    833710     -60.227
    833720    -62.1735
    833730    -61.1884
    833740    -57.3337
    833750    -56.1068
    833760    -61.1883
    833770    -61.0623
    833780    -62.8918
    833790    -60.7193
    833800    -61.7446
    833810    -60.9192
    833820     -66.224
    833830      -61.32
    833840    -61.6585
    833850    -61.4972
    833860     -62.451
    833870    -60.4126
    833880    -63.5827
    833890    -61.1392
    833900    -58.5445
    833910    -62.2252
    833920    -66.7913
    833930    -62.0824
    833940    -61.7445
    833950    -58.4459
    833960    -61.6983
    833970    -61.6809
    833980    -59.2528
    833990    -60.2328
    834000    -62.4991
    834010    -60.7479
    834020    -58.3828
    834030    -57.1828
    834040    -59.1326
    834050     -63.497
    834060    -64.8047
    834070    -60.8189
    834080    -58.6027
    834090    -61.0176
    834100    -59.8132
    834110    -63.2796
    834120    -62.6386
    834130    -61.0612
    834140    -63.4938
    834150    -66.9406
    834160    -60.6121
    834170    -63.6542
    834180    -61.4681
    834190    -63.7438
    834200    -62.5227
    834210    -59.0397
    834220    -62.2381
    834230    -58.7363
    834240    -62.8429
    834250    -65.4203
    834260    -61.5108
    834270    -65.4284
    834280    -63.0434
    834290    -64.9106
    834300    -63.5547
    834310    -64.1657
    834320     -64.121
    834330    -58.5566
    834340    -63.0776
    834350     -61.127
    834360    -60.6754
    834370    -60.3781
    834380    -68.2436
    834390    -62.2792
    834400    -59.8752
    834410     -62.767
    834420    -59.9836
    834430    -63.3158
    834440    -57.7635
    834450    -62.2488
    834460    -61.5823
    834470    -62.3798
    834480    -61.6378
    834490    -63.8348
    834500    -64.4393
    834510    -62.5811
    834520    -60.2182
    834530    -60.4861
    834540    -61.1469
    834550     -62.927
    834560    -66.7167
    834570     -60.042
    834580    -58.0135
    834590    -62.0826
    834600    -63.6058
    834610    -63.9455
    834620    -62.1418
    834630    -64.6565
    834640    -60.1713
    834650    -61.4703
    834660    -63.0906
    834670    -64.3563
    834680    -66.1234
    834690    -59.1467
    834700    -60.0182
    834710    -61.1587
    834720    -63.2053
    834730     -63.061
    834740    -65.1357
    834750    -62.1811
    834760    -61.7058
    834770     -62.581
    834780    -58.8099
    834790    -63.6215
    834800     -65.521
    834810    -58.6809
    834820    -57.9288
    834830    -63.7919
    834840    -64.6687
    834850    -67.0132
    834860    -64.5996
    834870     -61.263
    834880    -62.3521
    834890    -64.8571
    834900    -64.3449
    834910      -64.69
    834920    -65.7188
    834930     -67.126
    834940     -59.585
    834950    -63.0568
    834960    -64.4354
    834970    -61.1462
    834980    -64.4013
    834990    -60.5369
    835000    -64.1835
    835010     -61.431
    835020    -59.3696
    835030    -62.4778
    835040    -61.1282
    835050    -60.0476
    835060    -60.3775
    835070     -61.397
    835080    -66.2387
    835090    -62.9109
    835100      -61.31
    835110      -61.02
    835120    -61.7975
    835130    -61.5937
    835140    -64.1815
    835150    -62.4593
    835160    -64.0493
    835170    -60.7246
    835180    -57.6839
    835190    -61.2578
    835200    -61.9048
    835210    -62.4687
    835220     -64.774
    835230    -63.4998
    835240    -60.1203
    835250    -63.5757
    835260     -62.007
    835270    -60.0056
    835280    -60.5566
    835290    -62.5387
    835300    -59.8896
    835310    -63.8614
    835320    -62.7878
    835330    -66.6779
    835340    -67.4412
    835350    -66.9802
    835360    -63.4101
    835370    -60.0613
    835380    -61.7412
    835390    -61.2834
    835400    -58.9595
    835410    -60.8628
    835420    -57.6175
    835430    -61.0023
    835440     -59.844
    835450    -61.0431
    835460    -58.7054
    835470    -58.8661
    835480     -63.008
    835490    -59.5977
    835500    -61.7862
    835510     -66.351
    835520    -59.3044
    835530    -60.9464
    835540    -58.6393
    835550    -61.2324
    835560    -60.8092
    835570    -60.8036
    835580     -62.726
    835590    -58.0139
    835600    -60.3508
    835610    -64.8179
    835620    -59.1516
    835630    -60.6588
    835640    -61.3532
    835650    -59.8809
    835660    -60.6588
    835670    -65.3681
    835680    -58.4154
    835690    -65.0384
    835700    -59.9163
    835710    -61.4817
    835720    -58.4723
    835730    -63.1604
    835740    -61.2096
    835750    -59.5355
    835760     -58.385
    835770    -63.3446
    835780    -60.4144
    835790    -59.2576
    835800    -57.9086
    835810    -61.1374
    835820    -55.7532
    835830    -61.5784
    835840    -61.0606
    835850    -62.9514
    835860    -59.4686
    835870    -61.6227
    835880    -57.3308
    835890    -59.0332
    835900    -56.1749
    835910    -61.7015
    835920    -57.7485
    835930    -61.6126
    835940    -62.3163
    835950    -64.1824
    835960    -59.6823
    835970    -62.7641
    835980    -64.7534
    835990    -61.9845
    836000    -61.9447
    836010    -59.5029
    836020    -59.8024
    836030    -61.4081
    836040    -59.9746
    836050    -60.2934
    836060     -59.727
    836070     -57.823
    836080     -66.424
    836090    -63.7255
    836100    -59.3169
    836110    -61.1176
    836120    -62.9268
    836130    -59.2257
    836140    -60.4369
    836150     -60.391
    836160    -61.4414
    836170    -60.0824
    836180    -58.9997
    836190     -57.988
    836200    -57.8331
    836210    -58.2064
    836220    -56.7916
    836230     -61.621
    836240    -56.9909
    836250    -60.6186
    836260    -60.9299
    836270    -60.7048
    836280    -58.6478
    836290    -57.8529
    836300    -58.7073
    836310    -58.9756
    836320    -60.7197
    836330    -57.3538
    836340     -59.415
    836350    -60.6755
    836360    -60.2428
    836370    -63.7374
    836380    -67.5909
    836390    -60.6098
    836400     -62.699
    836410    -60.3159
    836420    -64.3599
    836430    -57.0772
    836440    -60.4419
    836450    -58.9065
    836460    -58.2556
    836470    -64.4393
    836480    -62.5193
    836490    -61.2151
    836500    -64.4835
    836510    -59.9803
    836520    -60.6871
    836530    -61.9772
    836540    -58.8987
    836550    -59.7561
    836560    -62.6821
    836570    -60.5498
    836580    -59.3909
    836590     -58.311
    836600     -64.302
    836610    -61.6835
    836620    -63.7386
    836630    -60.2079
    836640    -60.9823
    836650     -60.429
    836660    -61.2998
    836670     -63.644
    836680    -60.1902
    836690    -60.6549
    836700    -66.3466
    836710    -56.1395
    836720     -60.522
    836730    -60.1894
    836740     -64.251
    836750    -59.7457
    836760      -62.91
    836770    -62.2215
    836780    -57.4959
    836790    -64.0227
    836800    -58.8008
    836810    -59.4322
    836820    -67.8442
    836830    -63.1453
    836840    -61.7413
    836850    -65.3721
    836860     -64.876
    836870    -61.3386
    836880    -64.3083
    836890    -59.9125
    836900    -66.2256
    836910     -61.751
    836920    -63.7558
    836930    -60.3569
    836940    -64.3287
    836950    -62.9474
    836960    -59.0034
    836970    -61.7545
    836980    -61.1129
    836990    -61.4507
    837000    -58.0931
    837010    -64.8692
    837020    -63.1419
    837030    -61.2882
    837040    -62.9636
    837050    -62.1574
    837060    -59.9412
    837070    -60.7116
    837080    -62.2448
    837090     -57.623
    837100    -59.5877
    837110    -60.0215
    837120    -63.5057
    837130     -59.329
    837140    -59.8955
    837150    -61.5507
    837160    -57.3864
    837170    -65.9954
    837180    -61.6805
    837190    -61.4094
    837200    -62.6547
    837210    -64.4789
    837220    -66.7691
    837230    -60.3127
    837240    -61.1127
    837250    -59.9114
    837260    -61.0978
    837270    -58.1291
    837280    -62.0727
    837290    -57.7688
    837300    -57.4159
    837310    -61.1364
    837320    -60.1744
    837330    -58.0159
    837340    -59.0215
    837350    -51.8765
    837360     -49.234
    837370    -50.3594
    837380    -53.0507
    837390    -48.3941
    837400    -52.1479
    837410    -51.8963
    837420    -49.8191
    837430    -52.9885
    837440     -49.139
    837450    -53.2485
    837460    -52.9361
    837470    -50.1518
    837480    -50.7587
    837490    -49.4828
    837500    -48.0513
    837510    -51.1954
    837520    -49.0523
    837530    -56.0479
    837540    -52.2102
    837550    -51.7945
    837560    -51.3894
    837570    -50.3165
    837580    -48.6206
    837590    -47.2921
    837600    -53.5116
    837610    -52.4308
    837620    -54.3091
    837630    -50.7389
    837640    -52.7238
    837650    -50.6097
    837660    -54.2438
    837670    -50.8233
    837680    -50.9498
    837690    -50.3969
    837700    -49.6492
    837710    -52.5596
    837720    -53.0081
    837730    -53.5657
    837740    -50.7986
    837750    -51.1322
    837760    -51.6102
    837770    -51.1613
    837780    -53.3761
    837790    -51.2859
    837800    -54.8936
    837810    -53.1049
    837820     -50.595
    837830    -47.1934
    837840    -51.5847
    837850    -49.9019
    837860     -51.492
    837870    -52.7062
    837880    -51.7643
    837890    -48.3967
    837900    -51.3807
    837910    -49.7847
    837920    -53.7983
    837930    -51.5804
    837940    -49.4639
    837950    -51.8495
    837960    -49.9129
    837970    -52.3419
    837980     -50.004
    837990    -49.5965
    838000    -49.4217
    838010    -51.8174
    838020    -52.4047
    838030    -51.1332
    838040    -52.3791
    838050     -53.843
    838060    -54.5029
    838070    -51.8976
    838080    -52.4553
    838090    -51.7226
    838100    -53.3532
    838110    -53.9801
    838120    -50.2507
    838130    -48.1864
    838140     -51.882
    838150    -54.2018
    838160    -52.8379
    838170    -53.4371
    838180    -56.1307
    838190    -52.1262
    838200    -57.1949
    838210    -58.2081
    838220    -55.2762
    838230    -58.7226
    838240    -58.0295
    838250     -58.233
    838260    -59.8024
    838270     -63.052
    838280    -57.1612
    838290    -59.0939
    838300    -58.6636
    838310    -57.8463
    838320     -61.683
    838330    -62.5091
    838340    -59.3941
    838350    -57.5142
    838360     -56.014
    838370    -58.8121
    838380    -61.2087
    838390    -62.4352
    838400    -59.9084
    838410    -61.7405
    838420    -59.1435
    838430    -65.3201
    838440    -57.9221
    838450    -59.7394
    838460    -55.3807
    838470    -65.3615
    838480    -58.7414
    838490    -59.8356
    838500    -58.0283
    838510    -61.5751
    838520    -61.9603
    838530     -66.537
    838540    -60.4685
    838550    -63.9755
    838560    -62.5045
    838570    -61.7372
    838580    -62.0839
    838590     -64.363
    838600    -61.7121
    838610    -64.3672
    838620    -63.3366
    838630     -58.071
    838640    -59.7644
    838650    -58.5975
    838660    -60.1777
    838670    -60.7676
    838680    -56.0159
    838690    -61.1998
    838700    -64.1139
    838710    -64.3588
    838720    -68.6785
    838730    -65.5026
    838740    -64.3566
    838750    -72.6528
    838760     -63.718
    838770    -65.3984
    838780    -61.3033
    838790    -64.8602
    838800    -62.5496
    838810    -64.4708
    838820    -59.7798
    838830    -63.5729
    838840    -65.9082
    838850    -59.0239
    838860    -61.0591
    838870    -62.3598
    838880    -66.5874
    838890     -62.679
    838900    -65.1704
    838910    -59.3806
    838920    -63.7276
    838930    -67.7461
    838940    -62.0593
    838950     -63.576
    838960    -65.6963
    838970    -61.3406
    838980    -60.2574
    838990      -66.23
    839000    -60.8817
    839010     -64.753
    839020    -63.5236
    839030    -60.6494
    839040    -65.1628
    839050    -63.8279
    839060    -63.0323
    839070       -61.9
    839080     -61.484
    839090    -61.1713
    839100    -66.0406
    839110    -63.9523
    839120    -63.8703
    839130    -67.0755
    839140    -63.8177
    839150    -65.2939
    839160    -62.3699
    839170    -62.4667
    839180    -65.8314
    839190    -61.1024
    839200    -64.4375
    839210    -63.7377
    839220    -58.5672
    839230    -64.9785
    839240    -62.8836
    839250    -63.5483
    839260    -59.6371
    839270    -66.3722
    839280    -64.7644
    839290    -63.0696
    839300    -64.1341
    839310    -61.9788
    839320    -60.0374
    839330    -62.4814
    839340    -63.4629
    839350    -63.8824
    839360    -66.0174
    839370    -64.1205
    839380    -62.9696
    839390    -62.4559
    839400    -63.1277
    839410    -65.4539
    839420    -64.1975
    839430    -64.5847
    839440     -65.071
    839450     -62.192
    839460    -62.8876
    839470    -68.1245
    839480    -66.1388
    839490    -64.4045
    839500    -62.7568
    839510    -71.8087
    839520    -70.3174
    839530    -61.8959
    839540    -66.2338
    839550    -65.9079
    839560    -64.6877
    839570    -68.9362
    839580    -61.9069
    839590    -66.8905
    839600     -68.322
    839610    -66.2875
    839620    -68.3503
    839630    -63.5294
    839640    -63.4363
    839650    -63.1569
    839660    -66.4478
    839670    -64.8188
    839680    -65.8855
    839690    -61.8563
    839700    -62.2413
    839710     -68.877
    839720    -63.8446
    839730    -65.7935
    839740      -67.79
    839750    -61.6365
    839760     -63.227
    839770    -61.6189
    839780    -60.6489
    839790    -63.1902
    839800    -66.4853
    839810    -62.0513
    839820    -63.5283
    839830    -64.8276
    839840    -63.7533
    839850    -63.4058
    839860    -64.6485
    839870    -60.3149
    839880    -62.8859
    839890    -59.3732
    839900    -62.3611
    839910     -62.722
    839920    -61.9509
    839930    -64.0507
    839940    -61.9256
    839950    -64.9537
    839960     -63.676
    839970    -63.0629
    839980    -61.0821
    839990    -61.0137
    840000    -62.5485
    840010    -62.0421
    840020    -61.1538
    840030    -60.1396
    840040    -66.4161
    840050    -66.0349
    840060    -58.6988
    840070    -67.7805
    840080    -60.6003
    840090    -66.9063
    840100    -64.4963
    840110    -65.0473
    840120     -57.891
    840130    -64.2203
    840140    -68.6413
    840150     -67.943
    840160    -62.8997
    840170    -65.5422
    840180    -68.0726
    840190    -64.2829
    840200    -63.3843
    840210    -67.0612
    840220    -69.6204
    840230    -64.2366
    840240    -61.4201
    840250     -61.183
    840260     -65.157
    840270    -65.6484
    840280    -69.0281
    840290    -67.5183
    840300    -67.5619
    840310    -66.3529
    840320    -65.2431
    840330    -62.8711
    840340    -65.1257
    840350    -69.1617
    840360    -63.5416
    840370    -60.2491
    840380    -70.2558
    840390    -68.6616
    840400    -69.3376
    840410     -63.561
    840420     -67.354
    840430     -70.854
    840440    -67.8758
    840450    -66.6735
    840460    -68.5149
    840470    -65.1982
    840480    -68.2259
    840490    -68.0891
    840500    -66.7103
    840510    -66.1314
    840520    -66.9984
    840530    -68.8014
    840540    -67.0855
    840550    -68.6568
    840560    -70.8544
    840570    -69.1488
    840580     -64.112
    840590    -66.1844
    840600    -63.7595
    840610    -71.0667
    840620    -64.7213
    840630      -63.28
    840640    -63.1744
    840650    -64.8303
    840660    -63.9642
    840670     -61.582
    840680     -65.697
    840690    -63.3961
    840700    -62.1986
    840710    -61.8337
    840720    -66.5596
    840730     -65.216
    840740     -62.053
    840750    -67.5102
    840760    -66.3257
    840770    -66.2928
    840780    -67.1597
    840790    -66.4329
    840800     -64.202
    840810    -64.9183
    840820    -65.3361
    840830    -61.2118
    840840    -61.5681
    840850    -60.0196
    840860    -58.8835
    840870     -62.825
    840880    -61.2378
    840890    -66.0929
    840900     -59.986
    840910    -69.7078
    840920    -65.9889
    840930    -63.6966
    840940     -62.751
    840950    -64.4754
    840960    -63.0767
    840970    -65.9269
    840980    -63.2899
    840990    -65.9463
    841000    -65.8149
    841010    -64.4298
    841020    -58.8684
    841030    -67.4728
    841040    -63.2933
    841050    -67.9163
    841060    -68.8326
    841070    -65.9315
    841080    -67.4678
    841090     -62.802
    841100    -67.4294
    841110    -65.8614
    841120    -65.0667
    841130    -66.3325
    841140    -61.4287
    841150    -65.3587
    841160    -64.6097
    841170    -66.2093
    841180    -59.1508
    841190    -64.6461
    841200    -64.4271
    841210    -64.3576
    841220    -64.2581
    841230    -67.4396
    841240    -68.0395
    841250    -65.8703
    841260    -66.5483
    841270    -69.3152
    841280    -71.6199
    841290     -70.864
    841300    -66.0432
    841310    -64.8113
    841320    -65.5014
    841330    -65.5318
    841340     -68.331
    841350    -64.4751
    841360    -65.3034
    841370    -67.5372
    841380    -64.7111
    841390    -66.9447
    841400    -66.9425
    841410    -63.1968
    841420    -69.1828
    841430    -67.5067
    841440    -69.4169
    841450    -68.5156
    841460    -52.9311
    841470    -70.7075
    841480    -68.8664
    841490    -68.1645
    841500    -67.6311
    841510    -66.7097
    841520    -68.6224
    841530    -67.1624
    841540    -68.1734
    841550    -66.8719
    841560    -62.6643
    841570    -71.5822
    841580    -63.6315
    841590     -64.843
    841600    -68.3059
    841610    -67.0045
    841620    -62.3245
    841630    -65.5765
    841640    -67.5359
    841650    -63.6726
    841660     -66.538
    841670    -67.2708
    841680    -63.5676
    841690    -67.5818
    841700    -67.6851
    841710    -64.7178
    841720    -65.2481
    841730    -64.3062
    841740    -65.1396
    841750    -66.1259
    841760    -70.6545
    841770    -69.3394
    841780    -66.5766
    841790    -51.7235
    841800    -70.5972
    841810      -69.67
    841820      -68.17
    841830    -68.5088
    841840    -72.8703
    841850    -52.1367
    841860    -63.2932
    841870    -69.3552
    841880    -67.8041
    841890    -63.6401
    841900    -66.1513
    841910     -66.928
    841920    -68.3037
    841930    -65.8219
    841940    -65.7973
    841950    -67.0509
    841960    -68.0407
    841970    -66.8479
    841980    -65.1751
    841990     -68.713
    842000    -68.4818
    842010    -69.9564
    842020    -64.6205
    842030    -69.1759
    842040    -66.9491
    842050    -68.1264
    842060    -61.2962
    842070     -65.818
    842080    -68.1886
    842090    -66.4939
    842100    -64.7137
    842110    -62.2167
    842120     -65.459
    842130     -63.897
    842140    -65.6988
    842150    -65.8584
    842160    -65.4212
    842170    -65.2169
    842180    -66.5533
    842190    -65.0913
    842200    -62.4061
    842210    -66.6701
    842220    -66.8485
    842230    -68.7691
    842240    -65.1039
    842250    -66.2845
    842260    -64.3209
    842270    -65.0841
    842280    -65.7749
    842290    -66.7461
    842300    -68.2715
    842310    -67.1692
    842320    -66.2673
    842330    -61.2439
    842340    -68.9313
    842350    -64.0693
    842360    -63.5877
    842370    -64.8073
    842380    -64.9995
    842390     -66.085
    842400     -64.037
    842410    -66.9109
    842420     -64.978
    842430    -67.2402
    842440    -63.7751
    842450    -64.0585
    842460    -65.0444
    842470    -64.8605
    842480    -66.5316
    842490     -67.546
    842500    -68.9822
    842510    -65.1668
    842520    -68.9197
    842530    -64.5423
    842540    -67.9823
    842550    -69.8751
    842560     -70.259
    842570    -68.0968
    842580    -65.4742
    842590    -73.7167
    842600    -63.0806
    842610    -64.3234
    842620    -68.2942
    842630    -71.1719
    842640    -69.3144
    842650    -70.5354
    842660    -70.5489
    842670    -68.9927
    842680    -67.9884
    842690    -70.0109
    842700    -66.8566
    842710    -50.4358
    842720    -66.3398
    842730    -66.4314
    842740    -70.8843
    842750    -68.0022
    842760    -70.4024
    842770    -65.4583
    842780    -64.7775
    842790    -73.9308
    842800     -62.571
    842810    -66.6594
    842820    -65.8925
    842830    -65.3703
    842840    -69.0216
    842850    -69.5236
    842860    -64.2018
    842870    -63.2799
    842880     -66.595
    842890    -71.7135
    842900    -65.0595
    842910     -66.541
    842920    -68.9389
    842930    -61.0248
    842940    -67.8814
    842950    -68.0777
    842960    -69.6447
    842970    -65.6312
    842980    -67.5065
    842990    -66.2795
    843000       -69.5
    843010    -68.8823
    843020    -65.6981
    843030    -68.7893
    843040     -64.591
    843050    -64.8072
    843060    -67.0049
    843070    -65.4617
    843080    -66.3226
    843090    -63.8728
    843100    -64.2566
    843110     -66.912
    843120    -67.9139
    843130    -67.8407
    843140     -65.725
    843150    -67.7586
    843160    -67.5444
    843170     -67.529
    843180    -69.1226
    843190    -64.5791
    843200     -66.222
    843210    -68.0181
    843220    -71.4484
    843230    -69.4761
    843240    -69.6566
    843250    -69.7819
    843260    -66.2185
    843270    -67.6546
    843280    -63.7975
    843290    -64.9593
    843300     -62.375
    843310    -67.1544
    843320    -61.6536
    843330    -66.2077
    843340    -63.4688
    843350    -63.6514
    843360    -69.6359
    843370    -64.8528
    843380    -66.7218
    843390     -66.025
    843400    -66.0317
    843410    -64.7986
    843420    -67.5232
    843430     -63.679
    843440    -68.0765
    843450    -67.1081
    843460    -66.6205
    843470    -65.8079
    843480    -64.5816
    843490     -63.595
    843500    -60.2885
    843510    -61.9103
    843520    -58.7754
    843530    -63.0818
    843540    -65.0178
    843550    -56.5364
    843560    -60.0441
    843570    -60.4916
    843580    -58.7645
    843590      -65.01
    843600    -58.6963
    843610    -62.2035
    843620    -59.6841
    843630    -67.1596
    843640     -60.736
    843650    -64.7689
    843660    -61.9879
    843670    -61.7506
    843680    -59.1633
    843690    -63.9032
    843700    -62.1344
    843710    -59.7033
    843720    -66.0208
    843730    -63.4736
    843740    -65.3702
    843750    -66.1682
    843760    -60.3393
    843770    -62.8846
    843780     -66.722
    843790    -62.6431
    843800     -64.153
    843810    -65.5032
    843820    -64.0466
    843830    -68.7014
    843840    -65.1642
    843850    -66.8414
    843860    -60.9508
    843870    -60.8763
    843880    -60.7102
    843890    -62.6248
    843900    -62.2254
    843910    -62.8486
    843920    -62.9265
    843930    -63.1515
    843940    -67.1811
    843950    -66.3606
    843960    -64.7912
    843970    -64.5386
    843980    -59.7608
    843990    -63.7387
    844000    -60.1561
    844010    -62.0458
    844020    -60.6614
    844030    -63.2538
    844040    -62.8993
    844050    -60.7945
    844060    -61.3495
    844070    -61.6609
    844080     -60.684
    844090    -59.9982
    844100    -61.1264
    844110    -65.2411
    844120     -62.893
    844130    -60.2766
    844140    -65.7165
    844150    -59.8708
    844160    -62.6845
    844170    -62.8615
    844180    -62.1545
    844190    -61.1046
    844200    -64.8817
    844210    -65.0657
    844220    -62.6946
    844230    -61.9052
    844240    -61.6632
    844250    -62.6982
    844260    -68.7912
    844270    -68.7365
    844280    -66.1632
    844290    -63.2759
    844300    -63.8512
    844310    -62.7029
    844320    -62.0428
    844330    -62.5875
    844340    -61.8977
    844350    -62.7097
    844360    -59.5476
    844370    -58.8682
    844380    -64.5832
    844390    -63.3522
    844400    -62.9922
    844410     -65.185
    844420     -63.583
    844430     -62.639
    844440    -64.1794
    844450    -65.3768
    844460     -62.446
    844470    -66.2448
    844480    -64.7597
    844490    -62.0599
    844500    -67.2148
    844510     -60.912
    844520    -64.2407
    844530    -62.7633
    844540    -65.5992
    844550    -61.4052
    844560    -61.0578
    844570    -60.3174
    844580    -60.0311
    844590    -65.8876
    844600     -62.472
    844610    -65.7032
    844620    -65.7219
    844630    -63.3892
    844640    -63.6189
    844650    -61.9241
    844660    -59.0128
    844670    -63.2697
    844680    -60.1851
    844690    -65.2461
    844700    -62.2118
    844710    -61.6505
    844720    -60.5029
    844730     -62.765
    844740    -61.1039
    844750    -64.5424
    844760    -62.6037
    844770    -66.9106
    844780    -63.1655
    844790    -64.8998
    844800    -63.7061
    844810    -63.9608
    844820    -64.6127
    844830    -63.6159
    844840     -63.525
    844850    -63.0961
    844860    -61.9113
    844870    -64.0145
    844880    -60.0687
    844890    -61.1342
    844900    -65.6012
    844910    -60.5611
    844920    -61.1471
    844930    -63.1027
    844940    -63.7047
    844950     -60.892
    844960    -64.7738
    844970    -61.0492
    844980    -63.2187
    844990    -63.3863
    845000    -61.3929
    845010    -62.0874
    845020    -62.1337
    845030    -64.0568
    845040    -63.1581
    845050    -62.6237
    845060    -65.7925
    845070    -66.0256
    845080    -63.5532
    845090    -61.8373
    845100    -60.8902
    845110    -61.6066
    845120    -64.4792
    845130     -62.001
    845140    -60.5226
    845150    -56.9505
    845160    -59.5996
    845170      -60.64
    845180     -62.793
    845190    -63.9969
    845200    -63.2354
    845210    -66.1693
    845220    -64.9348
    845230    -62.3224
    845240     -62.633
    845250    -66.1994
    845260    -64.1929
    845270    -64.8509
    845280    -65.1582
    845290    -64.9893
    845300    -60.8001
    845310    -63.3459
    845320    -65.7759
    845330    -64.2895
    845340    -61.9433
    845350    -63.8722
    845360    -65.3239
    845370     -64.503
    845380    -67.7535
    845390    -61.2882
    845400     -65.049
    845410    -66.0156
    845420    -67.5081
    845430    -64.9682
    845440    -65.0663
    845450    -63.5638
    845460    -61.4641
    845470    -60.2094
    845480    -64.5086
    845490    -62.4812
    845500     -63.729
    845510    -66.7045
    845520    -68.8877
    845530    -61.6667
    845540    -65.2677
    845550    -60.0985
    845560    -64.1511
    845570    -64.4903
    845580     -65.875
    845590      -67.34
    845600    -62.4182
    845610    -63.9988
    845620    -64.9121
    845630    -65.6004
    845640     -64.933
    845650    -66.7072
    845660     -62.717
    845670    -59.9717
    845680    -65.1329
    845690    -65.9844
    845700    -64.0342
    845710    -71.3357
    845720    -65.9215
    845730    -65.9529
    845740    -67.5942
    845750    -65.0834
    845760    -63.7449
    845770    -64.0256
    845780    -63.7602
    845790    -59.3563
    845800    -64.6347
    845810    -64.2877
    845820    -64.6225
    845830    -63.4476
    845840    -61.4007
    845850    -60.8063
    845860    -64.8796
    845870    -61.4734
    845880    -60.3826
    845890    -61.8835
    845900    -58.8056
    845910     -60.533
    845920    -58.9066
    845930    -59.1093
    845940    -59.9295
    845950    -60.2788
    845960    -62.6647
    845970    -64.4246
    845980    -60.2242
    845990    -59.9069
    846000    -61.1821
    846010    -61.3336
    846020      -62.11
    846030    -63.8725
    846040    -64.1169
    846050    -61.1149
    846060    -59.1659
    846070    -64.4193
    846080    -58.0464
    846090    -59.2518
    846100    -58.5163
    846110    -60.3056
    846120    -65.1795
    846130    -59.0764
    846140    -57.5771
    846150    -58.4719
    846160    -60.4299
    846170    -61.6807
    846180    -62.3772
    846190     -64.197
    846200    -62.0127
    846210     -64.374
    846220    -58.5273
    846230    -62.6562
    846240    -62.5329
    846250    -62.6014
    846260    -59.6206
    846270    -59.4357
    846280    -61.4476
    846290    -57.7122
    846300    -56.5049
    846310     -59.185
    846320    -62.1232
    846330    -62.4504
    846340     -59.691
    846350    -60.3586
    846360    -64.2567
    846370    -61.6821
    846380    -61.9741
    846390     -61.246
    846400     -61.404
    846410    -65.9162
    846420     -65.784
    846430    -67.9986
    846440    -67.1127
    846450    -61.3557
    846460    -63.9932
    846470    -64.5387
    846480    -61.5461
    846490     -66.494
    846500    -65.0647
    846510    -61.4258
    846520    -61.1922
    846530    -61.7026
    846540    -62.5863
    846550    -64.9162
    846560    -63.0495
    846570    -62.5868
    846580    -61.3997
    846590    -66.6794
    846600    -63.5425
    846610    -63.3066
    846620    -62.9035
    846630    -66.2061
    846640    -64.5958
    846650    -62.9013
    846660    -64.9233
    846670    -61.5645
    846680    -68.2108
    846690    -68.1376
    846700    -65.9801
    846710    -65.4315
    846720    -65.5771
    846730    -64.9161
    846740    -63.2475
    846750    -63.7919
    846760    -62.6748
    846770    -64.8717
    846780    -66.3015
    846790    -61.6419
    846800    -63.8362
    846810    -65.6006
    846820    -67.2572
    846830     -65.738
    846840    -65.6281
    846850     -64.213
    846860    -63.5006
    846870    -67.5302
    846880    -65.6068
    846890    -63.1246
    846900    -63.1731
    846910    -66.5418
    846920    -65.3932
    846930    -63.2483
    846940    -60.3565
    846950    -58.9125
    846960    -59.6739
    846970    -62.2039
    846980    -62.2261
    846990    -63.6517
    847000    -60.8792
    847010    -61.6395
    847020    -64.5854
    847030    -61.1404
    847040    -68.1314
    847050    -62.3183
    847060    -64.5794
    847070    -60.9525
    847080    -65.0565
    847090    -60.4191
    847100    -61.1101
    847110    -61.2142
    847120    -61.4782
    847130    -60.5756
    847140    -61.1982
    847150    -58.9484
    847160    -61.9318
    847170    -61.2658
    847180    -60.8158
    847190    -62.0227
    847200    -63.5091
    847210    -61.3957
    847220    -62.1179
    847230    -60.8619
    847240    -63.5836
    847250     -61.833
    847260    -60.9747
    847270    -58.7823
    847280    -58.7754
    847290    -61.6154
    847300    -59.7645
    847310    -62.9824
    847320    -59.4246
    847330    -60.0427
    847340    -56.0845
    847350    -57.9878
    847360    -57.5287
    847370    -60.9973
    847380    -57.5084
    847390    -60.5864
    847400    -57.3977
    847410    -58.0245
    847420    -62.5485
    847430    -60.2685
    847440    -60.0428
    847450    -60.5507
    847460    -59.2875
    847470    -57.2054
    847480    -59.3245
    847490    -58.0578
    847500    -57.8082
    847510    -56.7228
    847520    -57.8378
    847530    -57.1868
    847540    -61.2852
    847550    -59.6429
    847560    -58.1376
    847570    -58.6297
    847580    -58.4786
    847590    -59.8114
    847600    -61.2008
    847610    -63.4433
    847620    -58.3565
    847630    -58.2767
    847640    -56.8247
    847650     -61.969
    847660    -64.0197
    847670    -57.7546
    847680    -61.7945
    847690    -59.0894
    847700    -66.2398
    847710    -61.6731
    847720    -61.5729
    847730    -62.4167
    847740    -65.2987
    847750    -62.6522
    847760    -61.3965
    847770    -59.4268
    847780    -59.7446
    847790    -60.2015
    847800    -59.8355
    847810    -58.5168
    847820    -60.8084
    847830    -64.3156
    847840    -61.2283
    847850    -60.8532
    847860    -65.7646
    847870    -61.6709
    847880    -55.1255
    847890    -61.3884
    847900    -59.8725
    847910     -59.607
    847920    -60.4888
    847930    -60.6902
    847940    -61.6765
    847950    -63.4531
    847960     -58.041
    847970    -60.1803
    847980    -61.5592
    847990    -61.6954
    848000    -65.2691
    848010    -61.7465
    848020    -60.7303
    848030    -58.0285
    848040    -60.2214
    848050    -56.6555
    848060    -60.8554
    848070    -59.6692
    848080    -58.0508
    848090    -61.4462
    848100      -59.69
    848110    -58.0082
    848120    -65.3603
    848130     -62.353
    848140     -58.472
    848150    -55.3146
    848160    -58.2442
    848170    -58.0071
    848180    -60.6944
    848190     -58.909
    848200    -60.3566
    848210    -55.8999
    848220    -58.4479
    848230    -59.2176
    848240    -55.7153
    848250    -61.6775
    848260    -61.7054
    848270    -58.5201
    848280    -60.0851
    848290    -62.5102
    848300      -60.91
    848310    -62.4298
    848320    -60.1012
    848330    -60.0073
    848340    -60.0325
    848350    -59.7445
    848360    -63.6376
    848370    -57.9875
    848380    -60.8069
    848390     -58.498
    848400    -60.9645
    848410     -59.945
    848420    -60.0687
    848430    -58.5271
    848440    -61.7497
    848450    -60.7839
    848460    -57.3889
    848470    -62.2812
    848480    -62.6287
    848490    -57.8178
    848500    -59.4522
    848510     -59.737
    848520    -60.3967
    848530    -62.3168
    848540    -64.9308
    848550    -58.5673
    848560     -61.499
    848570    -59.6183
    848580    -56.8704
    848590    -56.5226
    848600     -60.125
    848610    -56.4481
    848620    -60.4628
    848630    -61.6575
    848640    -60.5693
    848650    -59.3773
    848660    -59.5777
    848670    -60.6347
    848680    -60.2491
    848690    -58.1734
    848700    -57.8138
    848710    -61.2641
    848720    -59.3638
    848730    -57.5165
    848740    -60.0226
    848750    -58.1058
    848760    -60.3163
    848770    -58.6828
    848780    -58.4154
    848790    -60.0664
    848800    -55.4017
    848810    -58.3671
    848820    -60.0091
    848830      -56.43
    848840    -60.7439
    848850    -60.6931
    848860    -60.6095
    848870    -61.9032
    848880    -62.7763
    848890    -54.6045
    848900    -61.9796
    848910    -63.1925
    848920    -61.5694
    848930    -63.0394
    848940     -60.182
    848950     -58.933
    848960    -60.6771
    848970    -64.5385
    848980    -58.1734
    848990    -61.6889
    849000    -57.8024
    849010     -58.379
    849020    -57.0135
    849030    -61.4435
    849040    -60.7492
    849050    -61.0882
    849060    -59.1487
    849070    -60.5547
    849080    -62.2783
    849090    -62.0682
    849100    -62.3518
    849110    -60.0232
    849120    -62.4063
    849130    -59.1727
    849140    -58.0949
    849150    -60.9895
    849160     -59.137
    849170    -54.9593
    849180    -61.1242
    849190    -61.0527
    849200     -59.049
    849210    -62.6368
    849220    -59.4175
    849230    -61.7246
    849240    -60.2904
    849250    -60.7603
    849260    -59.7272
    849270     -61.656
    849280    -59.6894
    849290    -61.4693
    849300    -63.2935
    849310    -64.1871
    849320    -59.9139
    849330    -59.1748
    849340    -61.1011
    849350    -64.4019
    849360    -57.7075
    849370    -58.8648
    849380    -56.6001
    849390    -57.0231
    849400    -58.0402
    849410    -58.0618
    849420    -57.6581
    849430    -59.7584
    849440    -60.4677
    849450    -63.3554
    849460      -63.24
    849470    -63.8134
    849480    -64.9289
    849490    -59.6884
    849500    -62.1216
    849510    -61.3293
    849520    -60.1461
    849530    -61.8408
    849540    -62.2963
    849550    -63.7177
    849560    -62.4563
    849570    -58.2336
    849580    -62.4901
    849590    -59.7238
    849600    -59.5778
    849610    -64.7393
    849620    -59.0821
    849630    -59.7716
    849640    -61.6616
    849650    -60.7967
    849660     -60.053
    849670    -65.1937
    849680    -62.1873
    849690    -60.3115
    849700    -60.5385
    849710     -60.082
    849720    -60.8586
    849730    -62.3075
    849740    -61.0307
    849750    -60.6785
    849760    -61.6029
    849770     -58.547
    849780    -60.6438
    849790    -61.3386
    849800    -61.4256
    849810     -60.609
    849820    -58.9087
    849830    -62.1842
    849840    -57.9092
    849850    -60.7443
    849860     -60.453
    849870    -63.0546
    849880    -64.2449
    849890    -62.8193
    849900    -60.0662
    849910    -61.6366
    849920    -59.7045
    849930     -63.006
    849940    -61.3226
    849950    -58.6151
    849960    -59.1753
    849970    -64.7753
    849980    -63.4528
    849990    -59.6446
    850000    -61.7572
    850010    -63.3986
    850020    -61.3975
    850030    -66.4232
    850040    -61.7158
    850050    -61.9664
    850060    -65.6864
    850070     -62.329
    850080     -63.616
    850090    -60.6065
    850100    -62.2935
    850110    -58.1481
    850120    -59.8067
    850130      -59.07
    850140    -62.5153
    850150    -61.8556
    850160    -64.1593
    850170    -65.5301
    850180     -61.881
    850190    -61.9529
    850200    -62.7522
    850210    -59.4809
    850220     -63.169
    850230    -58.1512
    850240    -59.3287
    850250    -65.3428
    850260     -60.644
    850270    -61.0182
    850280       -59.5
    850290    -62.9471
    850300    -57.6553
    850310    -63.9914
    850320    -63.2648
    850330    -61.8701
    850340    -62.5169
    850350    -61.9305
    850360    -63.0231
    850370    -63.5513
    850380    -66.1237
    850390     -59.773
    850400    -61.8975
    850410    -60.8458
    850420    -65.3447
    850430    -62.2134
    850440    -62.5324
    850450     -67.589
    850460    -65.2272
    850470    -60.6597
    850480    -59.8111
    850490    -62.4082
    850500    -61.7569
    850510    -62.1709
    850520    -60.7316
    850530     -57.906
    850540    -58.2225
    850550    -59.7186
    850560    -60.5483
    850570    -62.9246
    850580    -63.3844
    850590    -60.9227
    850600    -62.5925
    850610    -63.7429
    850620    -59.4119
    850630    -58.9969
    850640    -63.3938
    850650    -66.5915
    850660     -63.025
    850670    -60.9496
    850680    -59.8111
    850690     -55.887
    850700    -64.1037
    850710    -59.2608
    850720    -61.1641
    850730    -61.7329
    850740    -59.4431
    850750    -61.6082
    850760    -60.7101
    850770    -60.2431
    850780    -59.2886
    850790    -61.3697
    850800    -61.3001
    850810    -59.9815
    850820     -60.285
    850830    -63.9059
    850840    -60.5202
    850850    -57.7634
    850860    -62.7541
    850870    -63.4371
    850880    -62.1528
    850890    -54.3658
    850900    -60.8822
    850910    -61.5347
    850920    -59.5536
    850930    -58.9916
    850940    -62.1737
    850950    -56.2091
    850960    -54.6245
    850970    -57.2397
    850980    -56.8684
    850990     -60.669
    851000    -57.0741
    851010    -61.4634
    851020    -61.9354
    851030    -61.7056
    851040    -57.7036
    851050    -57.0672
    851060     -58.798
    851070    -59.8546
    851080    -59.9106
    851090    -61.8125
    851100     -62.285
    851110    -59.8457
    851120    -61.4764
    851130    -63.5252
    851140    -61.6141
    851150    -57.2474
    851160    -55.9713
    851170    -57.9052
    851180    -60.7123
    851190    -58.7352
    851200    -58.1155
    851210     -61.263
    851220    -59.9287
    851230    -57.9416
    851240    -56.5094
    851250    -54.6719
    851260    -55.5418
    851270      -59.61
    851280    -63.7276
    851290    -59.2321
    851300    -59.2774
    851310    -59.4244
    851320    -59.6775
    851330     -55.852
    851340    -61.1765
    851350     -57.112
    851360    -59.7553
    851370    -62.1002
    851380    -57.6222
    851390    -61.2819
    851400    -57.0851
    851410    -60.2169
    851420    -59.0441
    851430    -57.5416
    851440     -54.848
    851450    -59.0045
    851460    -55.7692
    851470    -60.5483
    851480    -58.9759
    851490    -59.6677
    851500    -57.2224
    851510    -62.2399
    851520    -64.7304
    851530    -64.0675
    851540    -61.5308
    851550    -60.1396
    851560    -62.9812
    851570    -60.1302
    851580    -59.8423
    851590    -62.3379
    851600    -62.4003
    851610    -56.9584
    851620    -61.0993
    851630    -62.5637
    851640     -58.594
    851650    -62.3585
    851660    -60.2124
    851670    -60.2157
    851680    -55.2045
    851690    -55.6416
    851700    -58.0266
    851710    -56.9146
    851720      -58.48
    851730    -57.5536
    851740    -58.0887
    851750    -56.2357
    851760    -57.6452
    851770     -59.106
    851780    -57.7111
    851790    -56.3965
    851800    -58.8395
    851810    -57.3651
    851820    -58.2306
    851830    -58.2173
    851840    -57.6931
    851850    -59.9284
    851860    -61.1066
    851870    -56.0171
    851880    -55.4849
    851890    -59.5399
    851900    -59.7795
    851910    -59.9954
    851920    -60.9182
    851930    -60.6059
    851940    -60.1294
    851950    -60.0924
    851960     -60.542
    851970    -57.5721
    851980    -58.4046
    851990     -60.623
    852000    -60.4662
    852010    -63.3015
    852020    -58.4435
    852030     -59.887
    852040    -55.8448
    852050      -60.07
    852060    -60.4437
    852070    -63.9823
    852080    -62.4586
    852090    -63.6787
    852100    -60.3313
    852110    -64.1376
    852120    -59.4797
    852130    -61.7524
    852140    -59.3746
    852150    -58.2709
    852160    -60.5026
    852170    -61.7065
    852180    -60.8649
    852190    -61.1793
    852200    -62.4368
    852210    -62.4572
    852220    -57.0054
    852230    -64.7979
    852240    -62.9746
    852250    -59.1371
    852260     -61.074
    852270    -64.6443
    852280    -61.3828
    852290    -61.8373
    852300    -59.1481
    852310    -56.7604
    852320    -62.9923
    852330    -55.5877
    852340    -55.1492
    852350    -61.9925
    852360     -61.526
    852370    -59.9038
    852380    -61.4372
    852390    -59.0996
    852400    -61.3418
    852410    -59.3868
    852420    -61.6286
    852430    -56.2855
    852440    -57.7078
    852450    -62.0354
    852460    -57.7543
    852470    -60.8791
    852480    -56.6549
    852490    -58.6385
    852500    -57.9908
    852510     -56.811
    852520    -59.9587
    852530    -60.0699
    852540    -57.6642
    852550    -59.1748
    852560    -59.2995
    852570    -58.7488
    852580     -61.997
    852590    -58.9749
    852600    -61.3927
    852610    -62.0999
    852620     -60.934
    852630    -60.5901
    852640    -59.1715
    852650    -57.7834
    852660    -61.3181
    852670    -57.8274
    852680    -58.4914
    852690    -60.2745
    852700    -61.9879
    852710    -59.3776
    852720    -59.7652
    852730    -62.0399
    852740    -57.6405
    852750    -65.3228
    852760    -62.7541
    852770    -61.6136
    852780    -62.4587
    852790    -63.9712
    852800    -60.5339
    852810    -62.2365
    852820    -61.0397
    852830     -62.144
    852840    -59.4286
    852850    -58.9507
    852860    -59.5021
    852870     -63.081
    852880    -60.4426
    852890     -61.119
    852900    -56.9348
    852910    -55.1038
    852920    -62.1453
    852930    -62.3265
    852940    -60.7226
    852950    -57.8918
    852960    -60.3136
    852970    -62.8479
    852980    -60.1639
    852990    -60.2951
    853000    -58.6772
    853010    -58.7997
    853020    -62.7129
    853030    -60.3401
    853040    -59.5192
    853050    -56.9739
    853060    -61.3956
    853070    -63.0755
    853080    -60.8475
    853090    -63.1887
    853100    -60.5336
    853110     -57.078
    853120    -57.5695
    853130    -58.6888
    853140    -60.6757
    853150    -61.1709
    853160    -58.8098
    853170    -58.8184
    853180    -61.0809
    853190    -60.5297
    853200    -59.5299
    853210    -61.3166
    853220    -60.6054
    853230    -62.1528
    853240    -62.7238
    853250    -61.1727
    853260    -59.2557
    853270    -58.9056
    853280    -61.4412
    853290     -60.836
    853300    -61.4159
    853310    -56.9901
    853320    -56.7772
    853330    -61.2843
    853340    -58.2526
    853350    -57.0005
    853360    -55.9527
    853370    -60.9548
    853380    -58.9657
    853390    -57.4569
    853400    -59.0483
    853410    -58.1179
    853420    -61.7027
    853430    -57.4876
    853440    -59.5153
    853450    -59.2562
    853460    -58.6451
    853470    -58.2337
    853480    -58.0691
    853490    -60.4345
    853500    -60.6546
    853510    -63.0642
    853520    -60.5438
    853530    -56.4621
    853540     -60.277
    853550    -63.3363
    853560    -59.5524
    853570    -62.2026
    853580    -57.6234
    853590    -64.3437
    853600    -60.6739
    853610    -59.2131
    853620    -58.0633
    853630    -60.8656
    853640    -57.9815
    853650     -58.481
    853660    -60.4658
    853670     -59.663
    853680    -59.1324
    853690     -59.143
    853700    -58.8529
    853710    -57.0698
    853720    -60.4218
    853730    -60.9188
    853740    -62.9119
    853750    -60.8197
    853760    -59.7163
    853770    -60.5094
    853780    -59.5251
    853790    -60.5083
    853800    -58.1852
    853810    -59.4444
    853820    -61.5607
    853830    -59.9166
    853840    -62.2077
    853850    -60.8841
    853860    -56.7757
    853870    -63.3343
    853880     -58.002
    853890    -59.3032
    853900    -61.0949
    853910    -65.0273
    853920    -55.6138
    853930    -57.2449
    853940    -59.3039
    853950    -57.7551
    853960    -58.5107
    853970    -58.3867
    853980    -57.8944
    853990    -62.8869
    854000    -60.5821
    854010    -57.6332
    854020     -56.853
    854030    -59.3436
    854040    -60.2286
    854050    -59.6169
    854060    -60.3468
    854070     -62.726
    854080     -57.536
    854090    -58.2896
    854100    -61.1737
    854110     -60.655
    854120    -61.2986
    854130    -60.2483
    854140    -59.0908
    854150    -59.5141
    854160    -56.6586
    854170    -59.1778
    854180    -57.9981
    854190     -61.495
    854200    -59.5916
    854210    -58.8814
    854220    -63.3257
    854230    -59.5981
    854240     -60.685
    854250    -59.6798
    854260     -57.119
    854270    -59.3259
    854280    -60.0246
    854290    -63.7269
    854300    -60.0671
    854310    -58.3389
    854320    -61.5436
    854330    -58.8901
    854340    -60.7082
    854350    -59.0543
    854360    -60.7909
    854370    -59.0047
    854380    -59.9704
    854390     -63.067
    854400    -57.2368
    854410    -59.1107
    854420    -60.8703
    854430    -59.6182
    854440    -60.2716
    854450    -57.9009
    854460    -61.3327
    854470    -57.4643
    854480    -57.6487
    854490    -58.8832
    854500     -59.312
    854510    -61.4553
    854520    -60.3531
    854530    -59.6985
    854540    -63.5216
    854550    -59.4828
    854560    -55.9497
    854570    -56.8954
    854580    -59.9882
    854590    -61.2896
    854600    -58.9121
    854610     -59.504
    854620    -60.0452
    854630    -58.0184
    854640    -58.3369
    854650     -60.531
    854660    -56.1921
    854670    -59.2081
    854680     -65.506
    854690    -62.5591
    854700    -60.0706
    854710    -58.9265
    854720    -57.7758
    854730    -57.2939
    854740    -60.4323
    854750    -57.5132
    854760    -58.5251
    854770    -61.1901
    854780    -57.0855
    854790    -59.8672
    854800    -59.9765
    854810    -58.9967
    854820    -59.3889
    854830    -61.0311
    854840    -56.0096
    854850    -60.6657
    854860    -58.4129
    854870    -58.3437
    854880    -57.8901
    854890    -57.8585
    854900    -59.2714
    854910    -57.9992
    854920    -57.2065
    854930    -61.4585
    854940    -58.9676
    854950    -59.4083
    854960    -59.0901
    854970    -63.3193
    854980     -59.965
    854990    -59.2913
    855000    -56.6459
    855010    -61.0964
    855020    -62.2467
    855030    -58.4717
    855040    -58.2541
    855050    -62.5096
    855060    -60.7143
    855070    -58.7629
    855080    -59.2711
    855090     -59.984
    855100    -57.2877
    855110     -61.106
    855120     -58.527
    855130    -58.2146
    855140    -57.9912
    855150    -61.1313
    855160    -58.6182
    855170    -59.7847
    855180    -65.4046
    855190     -56.701
    855200    -58.3563
    855210    -63.6479
    855220    -60.4718
    855230    -61.9682
    855240    -59.6046
    855250    -60.0062
    855260    -59.7544
    855270    -56.2906
    855280    -57.1739
    855290    -60.1083
    855300     -59.245
    855310    -60.7435
    855320    -61.8512
    855330    -61.2617
    855340    -61.1067
    855350    -60.2348
    855360    -60.0107
    855370    -62.1303
    855380    -55.6741
    855390    -63.6147
    855400    -59.0282
    855410    -59.2593
    855420    -61.4691
    855430    -60.8224
    855440    -61.6637
    855450    -57.6396
    855460     -59.615
    855470    -61.5577
    855480    -57.8397
    855490    -58.3271
    855500    -60.8456
    855510    -61.3607
    855520    -59.0746
    855530    -62.0994
    855540     -55.552
    855550    -59.4332
    855560    -58.2169
    855570    -56.9467
    855580     -56.675
    855590    -55.5606
    855600    -56.9043
    855610    -59.0648
    855620    -56.2023
    855630     -55.858
    855640    -58.4247
    855650    -58.1046
    855660    -56.1223
    855670    -57.7011
    855680    -59.5767
    855690    -59.0377
    855700    -62.2468
    855710    -60.5487
    855720     -62.678
    855730    -60.5272
    855740    -60.5848
    855750    -63.2047
    855760    -62.1598
    855770    -58.3655
    855780    -62.7681
    855790    -61.3678
    855800    -60.6385
    855810    -61.4543
    855820    -59.5124
    855830    -57.7971
    855840    -59.1083
    855850     -62.359
    855860    -54.9029
    855870    -55.6671
    855880    -59.2216
    855890    -57.3308
    855900    -56.7174
    855910    -57.5796
    855920    -57.8498
    855930     -57.464
    855940    -60.1979
    855950    -62.1662
    855960    -59.9183
    855970    -60.8334
    855980    -59.7819
    855990    -60.9362
    856000    -61.1856
    856010    -60.5852
    856020     -61.376
    856030    -60.4598
    856040    -60.6961
    856050    -61.3985
    856060    -55.4181
    856070    -65.4192
    856080    -61.8733
    856090    -66.8942
    856100    -60.3635
    856110     -61.787
    856120     -62.618
    856130    -64.3133
    856140    -59.1123
    856150      -61.23
    856160     -62.519
    856170    -63.6541
    856180    -64.1552
    856190    -57.7709
    856200    -60.3302
    856210    -62.1793
    856220    -60.6788
    856230    -62.5601
    856240    -61.3959
    856250    -64.8557
    856260    -59.9477
    856270    -65.9011
    856280    -64.0819
    856290    -61.1212
    856300    -62.9161
    856310    -64.6167
    856320    -62.5105
    856330    -58.0041
    856340     -61.647
    856350    -62.3136
    856360    -60.4792
    856370    -58.3967
    856380    -59.8321
    856390    -58.4107
    856400    -58.7953
    856410    -62.1241
    856420     -60.153
    856430     -65.082
    856440    -59.6609
    856450    -59.7905
    856460    -63.3395
    856470    -58.5819
    856480    -63.3813
    856490    -58.2966
    856500    -66.2764
    856510    -63.0478
    856520    -56.5129
    856530    -55.6045
    856540    -59.3763
    856550    -56.7695
    856560    -60.3445
    856570    -58.0647
    856580    -58.1876
    856590    -61.0943
    856600    -59.4866
    856610    -55.3246
    856620    -57.9627
    856630    -60.3295
    856640    -60.6494
    856650    -57.0886
    856660    -59.2738
    856670    -57.5177
    856680     -56.875
    856690     -57.876
    856700    -57.6067
    856710    -58.9944
    856720    -57.8665
    856730    -59.2252
    856740    -57.0362
    856750    -60.5358
    856760    -56.8909
    856770    -55.6183
    856780    -59.7068
    856790    -60.4649
    856800    -60.6047
    856810    -60.6469
    856820    -61.0824
    856830    -57.9203
    856840    -55.2594
    856850    -59.4332
    856860    -59.2331
    856870    -58.9272
    856880    -60.1042
    856890     -56.825
    856900    -59.5993
    856910    -58.7669
    856920    -56.0573
    856930     -57.537
    856940    -56.6868
    856950    -56.0232
    856960    -58.1545
    856970    -57.0693
    856980    -60.4315
    856990    -56.7002
    857000    -57.3104
    857010    -57.7036
    857020    -59.9801
    857030    -62.2865
    857040    -61.9332
    857050    -57.9078
    857060    -57.7649
    857070    -58.8689
    857080    -59.7835
    857090     -63.494
    857100    -61.6213
    857110    -60.3969
    857120    -58.3681
    857130    -56.7099
    857140    -59.6995
    857150    -60.5459
    857160    -60.9725
    857170    -59.1573
    857180    -62.0375
    857190     -59.049
    857200    -60.5342
    857210    -59.3266
    857220    -57.4146
    857230    -61.3341
    857240    -58.7951
    857250      -56.71
    857260    -56.6202
    857270    -57.3703
    857280    -60.1314
    857290    -59.1762
    857300    -62.7851
    857310     -60.963
    857320    -58.0095
    857330    -61.3496
    857340     -63.888
    857350    -61.7861
    857360    -59.2334
    857370    -58.8019
    857380    -60.2375
    857390    -60.2543
    857400    -60.3694
    857410    -58.4767
    857420    -59.8468
    857430    -60.7728
    857440    -59.4722
    857450    -60.7985
    857460    -64.0958
    857470    -55.9948
    857480    -56.9221
    857490     -58.708
    857500    -58.4395
    857510    -64.0213
    857520    -60.9072
    857530     -63.549
    857540    -62.0637
    857550    -62.7361
    857560    -61.8055
    857570    -61.5245
    857580    -65.1518
    857590    -61.7192
    857600    -61.0215
    857610    -62.5094
    857620    -61.8683
    857630    -62.1739
    857640    -59.9067
    857650    -61.4338
    857660    -60.7073
    857670    -60.4674
    857680    -61.1345
    857690    -59.7189
    857700    -62.0821
    857710     -64.982
    857720    -62.1464
    857730    -63.2036
    857740    -62.3992
    857750    -63.5035
    857760    -62.4395
    857770    -61.9049
    857780    -62.1931
    857790    -61.6223
    857800    -62.5316
    857810    -60.2814
    857820    -63.6763
    857830    -59.6198
    857840    -60.9328
    857850    -62.4831
    857860    -59.3556
    857870    -62.2004
    857880    -60.2126
    857890    -61.0995
    857900    -61.5181
    857910    -63.0106
    857920     -60.785
    857930    -61.4944
    857940    -62.4164
    857950    -59.7056
    857960    -65.1354
    857970    -62.2438
    857980     -62.261
    857990    -62.1231
    858000    -60.8432
    858010    -62.2811
    858020    -60.0492
    858030    -65.1174
    858040    -62.1731
    858050    -63.9573
    858060     -62.723
    858070    -58.5176
    858080    -61.3407
    858090    -58.7514
    858100    -59.3335
    858110    -62.3562
    858120    -61.0378
    858130    -59.8363
    858140    -60.5977
    858150    -58.2181
    858160    -61.5753
    858170     -59.564
    858180    -65.4904
    858190     -63.442
    858200    -65.3137
    858210    -62.9915
    858220    -64.2095
    858230    -64.4533
    858240    -64.9503
    858250    -61.4507
    858260    -63.6626
    858270    -64.3929
    858280    -61.7702
    858290    -61.7655
    858300    -60.5521
    858310    -62.2154
    858320    -62.0098
    858330    -62.7868
    858340    -61.0546
    858350    -59.1691
    858360     -62.121
    858370     -63.703
    858380     -64.183
    858390     -57.813
    858400    -62.6696
    858410    -60.4438
    858420    -58.5814
    858430    -61.0076
    858440      -60.12
    858450    -59.8761
    858460    -60.3521
    858470    -60.2434
    858480    -59.4093
    858490    -59.5566
    858500    -62.5647
    858510    -59.4964
    858520     -62.533
    858530    -57.8222
    858540     -61.592
    858550    -62.5622
    858560    -60.2046
    858570    -63.8154
    858580    -63.2564
    858590    -62.1792
    858600    -59.1001
    858610    -60.9796
    858620    -59.0474
    858630    -60.8712
    858640    -62.3914
    858650    -60.9338
    858660    -58.5653
    858670    -62.1704
    858680    -59.5771
    858690     -61.105
    858700    -63.7649
    858710    -59.0544
    858720    -63.6052
    858730    -59.3495
    858740    -57.8431
    858750    -58.9349
    858760    -60.5704
    858770    -62.3272
    858780    -59.2217
    858790    -58.0338
    858800    -60.9963
    858810    -62.0809
    858820    -60.8146
    858830    -59.5773
    858840    -62.3604
    858850    -60.9199
    858860    -59.3153
    858870    -61.1732
    858880    -60.8887
    858890    -63.1157
    858900    -62.2356
    858910    -58.9352
    858920    -62.6088
    858930    -58.1775
    858940    -61.1649
    858950    -60.9718
    858960    -58.0924
    858970    -60.7287
    858980    -60.9212
    858990    -59.9145
    859000    -57.5275
    859010    -60.5492
    859020    -60.9478
    859030    -60.7087
    859040    -55.5131
    859050    -60.6752
    859060    -59.2569
    859070    -59.0349
    859080    -61.2897
    859090    -60.4361
    859100    -61.2917
    859110    -58.6357
    859120    -60.5719
    859130    -59.8432
    859140    -59.8849
    859150    -62.1921
    859160    -61.4689
    859170    -61.4201
    859180    -62.0831
    859190    -59.3802
    859200    -58.1433
    859210    -58.5759
    859220    -62.0523
    859230    -59.0083
    859240    -61.5353
    859250    -61.9016
    859260    -60.5472
    859270    -61.5348
    859280    -66.4126
    859290    -60.7987
    859300    -64.9472
    859310    -61.0169
    859320    -64.9135
    859330    -62.8873
    859340    -62.7551
    859350    -63.7522
    859360    -62.1582
    859370    -65.3464
    859380    -62.2116
    859390    -64.8798
    859400    -65.3551
    859410    -70.5494
    859420    -66.2786
    859430    -64.9877
    859440    -63.5443
    859450    -61.5691
    859460    -62.5681
    859470    -62.0365
    859480    -62.8493
    859490    -60.6732
    859500    -59.6378
    859510    -59.9117
    859520    -66.6067
    859530    -63.9529
    859540    -62.6355
    859550     -64.633
    859560    -57.4896
    859570    -62.7802
    859580    -60.8303
    859590    -61.5253
    859600    -60.7138
    859610    -61.2563
    859620    -63.0851
    859630    -62.6591
    859640    -63.2814
    859650    -62.3342
    859660    -63.7314
    859670    -60.5356
    859680    -60.7066
    859690    -65.4308
    859700    -69.2807
    859710    -62.5051
    859720     -61.219
    859730    -64.3567
    859740    -60.9089
    859750    -59.1845
    859760    -61.1046
    859770     -59.951
    859780    -61.9834
    859790    -56.9195
    859800    -58.9767
    859810    -57.4625
    859820     -63.095
    859830    -58.4533
    859840    -63.8769
    859850    -62.4386
    859860    -56.0654
    859870    -58.5774
    859880    -60.3553
    859890    -62.1105
    859900    -59.6174
    859910    -57.9796
    859920    -59.4818
    859930    -57.7358
    859940    -58.1597
    859950    -59.6764
    859960    -56.2287
    859970      -63.03
    859980    -58.1192
    859990    -59.6444
    860000    -59.8014
    860010    -60.7725
    860020    -58.3722
    860030    -64.9677
    860040    -63.3145
    860050    -65.2481
    860060    -66.9776
    860070    -64.9761
    860080    -63.0489
    860090    -58.9269
    860100    -63.4894
    860110    -64.1132
    860120    -58.6498
    860130    -60.4979
    860140    -59.0127
    860150    -62.3666
    860160    -59.2052
    860170    -61.5132
    860180    -60.0283
    860190    -57.9575
    860200    -59.5741
    860210      -62.66
    860220    -61.8576
    860230    -60.7699
    860240    -60.7425
    860250    -59.1005
    860260    -60.2885
    860270    -59.1075
    860280    -61.6655
    860290    -60.7455
    860300     -61.921
    860310    -57.6733
    860320    -57.3086
    860330    -57.7342
    860340    -60.9868
    860350    -62.1766
    860360    -58.3705
    860370    -63.8985
    860380    -60.5948
    860390    -63.1456
    860400    -58.2616
    860410    -61.5094
    860420    -59.6259
    860430    -58.9369
    860440    -59.0655
    860450    -61.5269
    860460    -60.5286
    860470    -60.5072
    860480    -60.6646
    860490    -59.9691
    860500    -59.7741
    860510    -60.8228
    860520    -60.1293
    860530    -61.5143
    860540    -59.1892
    860550    -59.8851
    860560    -64.7547
    860570    -62.4839
    860580    -59.1592
    860590    -64.5683
    860600    -59.8259
    860610    -64.2735
    860620    -62.8157
    860630    -62.8887
    860640    -61.7768
    860650    -61.6659
    860660    -60.6775
    860670     -59.687
    860680    -57.7576
    860690    -59.7749
    860700    -64.2352
    860710    -61.7216
    860720    -61.3456
    860730    -60.6399
    860740    -59.3321
    860750    -55.0568
    860760    -65.7427
    860770    -59.8473
    860780    -61.9049
    860790    -62.5296
    860800     -59.266
    860810    -60.0801
    860820    -61.4619
    860830     -58.916
    860840    -66.7773
    860850    -60.6741
    860860    -65.4541
    860870    -61.0619
    860880    -61.7494
    860890    -61.5061
    860900    -58.8517
    860910    -64.7381
    860920    -61.9427
    860930      -60.49
    860940    -60.0493
    860950    -63.3779
    860960    -55.5897
    860970    -59.0415
    860980     -62.758
    860990    -62.7573
    861000    -59.9435
    861010    -61.6383
    861020    -63.2035
    861030    -61.4915
    861040    -57.4244
    861050    -61.7838
    861060    -62.8763
    861070    -59.5532
    861080    -62.5571
    861090    -62.0942
    861100    -60.4523
    861110    -62.6269
    861120    -62.8563
    861130    -63.2525
    861140    -60.2496
    861150    -60.2544
    861160    -61.5003
    861170     -61.128
    861180    -60.5907
    861190    -62.2986
    861200    -62.8365
    861210    -55.8283
    861220    -57.0544
    861230    -59.6032
    861240    -58.4819
    861250    -57.8828
    861260     -60.863
    861270    -59.4086
    861280    -59.2549
    861290    -56.6897
    861300    -63.2049
    861310     -59.042
    861320    -57.2426
    861330     -60.681
    861340    -61.2417
    861350    -62.0409
    861360    -58.8862
    861370    -58.4286
    861380    -58.5242
    861390    -56.8182
    861400    -62.2504
    861410    -62.0389
    861420    -60.1901
    861430    -59.3002
    861440    -61.3049
    861450    -57.9447
    861460    -63.2046
    861470    -64.5781
    861480    -58.7761
    861490    -63.2924
    861500    -59.0079
    861510    -57.9165
    861520    -60.1194
    861530    -59.5792
    861540    -56.0903
    861550    -60.3184
    861560     -56.952
    861570    -62.0013
    861580    -58.4565
    861590    -58.8122
    861600    -58.8987
    861610    -61.2802
    861620    -60.8929
    861630    -60.3211
    861640    -59.7743
    861650       -59.6
    861660    -56.8038
    861670     -62.185
    861680    -60.9801
    861690    -62.3808
    861700    -62.5266
    861710    -61.8414
    861720     -60.404
    861730     -60.499
    861740    -62.9508
    861750    -63.3055
    861760    -57.0503
    861770    -58.7441
    861780    -59.3754
    861790    -58.1956
    861800    -62.4888
    861810    -61.5797
    861820    -58.0986
    861830    -59.7774
    861840    -57.8636
    861850    -61.3376
    861860    -61.9584
    861870    -62.1399
    861880    -59.7855
    861890    -58.4352
    861900    -61.5968
    861910     -61.643
    861920     -59.827
    861930    -60.3009
    861940    -63.8823
    861950      -60.95
    861960    -61.4544
    861970    -59.4428
    861980    -58.4639
    861990    -57.8273
    862000     -58.079
    862010     -58.704
    862020    -62.0957
    862030    -66.5019
    862040    -65.4856
    862050    -60.9944
    862060    -56.0747
    862070    -58.7704
    862080    -61.0522
    862090    -63.1541
    862100     -60.339
    862110    -59.1455
    862120     -63.327
    862130    -61.6325
    862140    -57.4414
    862150     -59.755
    862160    -57.9047
    862170    -58.8649
    862180    -59.9095
    862190    -62.0925
    862200    -59.6692
    862210    -60.7908
    862220    -59.9052
    862230    -62.4694
    862240    -59.4441
    862250    -57.9233
    862260    -60.4581
    862270    -59.2445
    862280    -61.2531
    862290    -59.7392
    862300    -58.0822
    862310    -59.6485
    862320    -57.6788
    862330     -57.757
    862340    -57.4799
    862350    -59.5358
    862360    -59.3575
    862370    -58.4729
    862380     -57.273
    862390    -56.5623
    862400    -55.5315
    862410    -59.9824
    862420    -59.2402
    862430    -60.0422
    862440    -59.9914
    862450    -61.5142
    862460      -59.17
    862470    -60.6918
    862480    -59.7446
    862490    -58.2635
    862500    -58.3339
    862510    -62.2741
    862520    -57.2587
    862530    -58.0809
    862540    -57.8112
    862550    -60.6424
    862560    -58.1686
    862570    -60.3627
    862580    -60.0112
    862590    -65.3666
    862600    -60.1798
    862610    -62.5491
    862620     -59.432
    862630    -64.7816
    862640    -59.3963
    862650    -63.9982
    862660     -63.343
    862670    -61.8354
    862680    -60.8991
    862690    -59.9076
    862700    -60.4529
    862710    -64.9362
    862720    -63.4209
    862730    -57.4301
    862740    -65.1689
    862750    -66.6569
    862760    -62.8521
    862770      -62.86
    862780    -62.3958
    862790    -66.5564
    862800     -62.443
    862810    -60.9994
    862820    -65.7691
    862830    -60.6138
    862840    -58.8092
    862850    -61.8939
    862860    -66.3808
    862870    -66.3722
    862880    -62.5655
    862890    -61.7753
    862900    -65.1977
    862910    -64.3162
    862920    -66.8596
    862930    -68.5387
    862940    -65.2142
    862950    -67.8188
    862960    -63.8752
    862970    -66.3522
    862980    -67.8989
    862990    -66.7957
    863000     -60.881
    863010     -67.316
    863020    -63.1787
    863030    -63.0618
    863040    -65.7382
    863050     -64.708
    863060    -64.0557
    863070    -65.9513
    863080    -64.9629
    863090    -66.9737
    863100    -64.2007
    863110    -62.9337
    863120    -63.6621
    863130    -63.5437
    863140    -60.0088
    863150    -65.0077
    863160    -60.9648
    863170    -63.4504
    863180    -60.8935
    863190    -60.9906
    863200    -60.8099
    863210    -57.4125
    863220    -61.4833
    863230    -64.4503
    863240    -60.0951
    863250    -61.8827
    863260     -64.946
    863270    -64.6626
    863280    -65.0368
    863290    -63.0685
    863300    -66.2998
    863310    -66.2147
    863320    -65.7483
    863330     -64.898
    863340    -65.5646
    863350    -65.8072
    863360    -61.5515
    863370    -59.6385
    863380    -66.4947
    863390     -65.031
    863400    -67.6627
    863410    -60.4856
    863420    -63.7373
    863430    -67.6093
    863440    -60.6904
    863450    -61.0542
    863460    -58.3846
    863470    -64.4539
    863480    -65.7884
    863490    -65.0816
    863500    -66.1173
    863510    -64.1475
    863520    -66.3185
    863530    -60.7406
    863540    -64.2572
    863550    -63.6465
    863560    -58.8215
    863570    -65.1516
    863580    -63.3663
    863590    -62.6888
    863600    -66.1404
    863610    -62.2214
    863620    -61.9766
    863630     -63.877
    863640    -63.3329
    863650    -66.1267
    863660    -62.7463
    863670    -60.5859
    863680    -61.6701
    863690    -60.7208
    863700    -61.1226
    863710    -67.2322
    863720    -63.1768
    863730    -63.4756
    863740    -60.4436
    863750    -65.8133
    863760    -66.4255
    863770    -64.6945
    863780    -63.6959
    863790    -59.1234
    863800    -66.0518
    863810    -64.2199
    863820    -61.0824
    863830    -66.0661
    863840    -64.1486
    863850    -64.4976
    863860    -61.8879
    863870    -62.4235
    863880    -60.4379
    863890    -64.3034
    863900    -67.4063
    863910    -61.1582
    863920    -60.0113
    863930    -63.2885
    863940     -66.304
    863950    -59.0682
    863960     -66.584
    863970    -62.9564
    863980      -66.01
    863990    -66.5441
    864000    -69.5475
    864010    -69.2575
    864020    -61.5775
    864030    -65.0274
    864040    -66.8508
    864050    -62.1416
    864060    -64.2021
    864070     -62.536
    864080    -62.2483
    864090    -58.0293
    864100    -61.6817
    864110    -60.4608
    864120    -59.9284
    864130    -64.8085
    864140    -65.5494
    864150    -60.5886
    864160    -59.5339
    864170    -60.5819
    864180    -62.1007
    864190    -60.1266
    864200    -64.0667
    864210    -60.1671
    864220    -57.3762
    864230    -59.0798
    864240     -59.977
    864250     -57.944
    864260    -62.3266
    864270    -61.3636
    864280    -60.4464
    864290    -61.3727
    864300    -64.2834
    864310    -56.2457
    864320    -56.6277
    864330    -59.5394
    864340    -60.5199
    864350    -63.7921
    864360    -61.6318
    864370    -59.0685
    864380    -61.1426
    864390    -60.1477
    864400    -58.7462
    864410    -59.1845
    864420     -61.278
    864430    -56.4824
    864440    -57.3311
    864450    -59.9409
    864460    -58.5507
    864470    -62.7488
    864480    -57.6618
    864490    -57.4089
    864500    -58.8893
    864510    -57.5025
    864520    -60.9427
    864530    -62.1178
    864540    -59.1876
    864550     -62.029
    864560     -60.759
    864570    -60.9314
    864580    -57.3575
    864590     -64.679
    864600     -58.649
    864610    -57.0898
    864620    -57.1772
    864630    -57.4966
    864640    -56.1483
    864650    -55.7906
    864660    -58.7669
    864670    -57.5493
    864680    -58.8176
    864690    -58.5328
    864700    -57.2314
    864710    -55.6069
    864720    -56.3794
    864730    -57.8125
    864740    -55.5127
    864750    -61.3079
    864760    -59.2433
    864770      -55.75
    864780     -61.878
    864790    -59.0786
    864800    -61.7253
    864810    -56.8604
    864820    -58.1021
    864830    -57.9079
    864840     -59.937
    864850     -59.225
    864860    -58.4262
    864870    -58.0941
    864880    -60.7632
    864890    -61.8103
    864900    -60.9409
    864910    -57.5469
    864920    -59.2113
    864930    -59.2241
    864940     -61.135
    864950    -56.9692
    864960    -63.5129
    864970    -58.3296
    864980    -61.0593
    864990    -58.0944
    865000    -62.8075
    865010    -60.3292
    865020    -61.7651
    865030    -62.9234
    865040    -60.4574
    865050    -58.8139
    865060    -59.6897
    865070    -58.2488
    865080    -57.2729
    865090    -62.5482
    865100    -59.3218
    865110    -62.9934
    865120    -60.2288
    865130    -60.4255
    865140     -62.726
    865150    -61.8617
    865160      -62.41
    865170    -60.8287
    865180    -60.9312
    865190    -60.7543
    865200    -60.3962
    865210    -62.5753
    865220    -63.6273
    865230    -59.5417
    865240     -60.021
    865250     -62.887
    865260     -60.268
    865270    -63.9716
    865280    -62.8828
    865290    -60.1955
    865300    -56.7922
    865310    -57.9129
    865320    -60.5399
    865330    -61.0396
    865340    -58.0275
    865350    -58.4028
    865360    -61.1447
    865370    -60.3257
    865380     -57.079
    865390    -57.6886
    865400    -57.5583
    865410    -56.3546
    865420    -58.2501
    865430    -59.2658
    865440    -56.6924
    865450    -60.5815
    865460    -59.0207
    865470    -59.4132
    865480    -55.4754
    865490    -58.1228
    865500    -58.8025
    865510    -59.4886
    865520    -58.6685
    865530    -59.2501
    865540    -61.5296
    865550    -61.9338
    865560    -59.3021
    865570    -59.3077
    865580    -61.4419
    865590    -59.2223
    865600    -61.4474
    865610    -61.6721
    865620     -54.123
    865630    -54.2207
    865640    -60.4801
    865650     -61.305
    865660    -60.0098
    865670    -57.2383
    865680    -60.4376
    865690     -63.744
    865700    -60.3582
    865710    -57.2961
    865720    -62.8675
    865730    -58.1349
    865740    -58.9173
    865750    -58.0293
    865760    -54.1647
    865770    -58.6531
    865780    -62.4643
    865790    -59.8108
    865800    -57.2372
    865810    -55.8295
    865820    -62.3126
    865830    -61.1984
    865840    -60.4233
    865850    -59.8888
    865860    -59.6649
    865870    -60.2093
    865880     -60.522
    865890    -61.3656
    865900    -61.5468
    865910    -56.9487
    865920    -60.7717
    865930    -56.4766
    865940    -63.0753
    865950    -61.4065
    865960    -57.3335
    865970     -57.264
    865980    -59.3818
    865990     -56.925
    866000    -58.0465
    866010    -58.2783
    866020    -60.7079
    866030    -59.6074
    866040    -61.3016
    866050    -59.4255
    866060    -59.7964
    866070    -56.4328
    866080    -58.8879
    866090    -61.2722
    866100    -59.7855
    866110    -60.8015
    866120    -56.4117
    866130    -59.1665
    866140    -62.2298
    866150    -61.4636
    866160    -55.5539
    866170    -55.4588
    866180    -58.3518
    866190    -58.2246
    866200    -60.1298
    866210    -55.8839
    866220      -61.51
    866230    -59.3209
    866240    -56.6929
    866250    -55.1254
    866260    -60.2641
    866270    -58.6922
    866280    -58.5243
    866290    -61.5444
    866300    -61.2961
    866310    -58.8022
    866320    -59.4691
    866330    -55.0131
    866340    -57.5896
    866350    -61.0466
    866360    -59.0549
    866370    -58.3264
    866380    -60.9916
    866390    -58.6442
    866400    -57.9784
    866410    -56.6906
    866420    -59.3546
    866430    -57.5267
    866440    -55.2179
    866450     -57.744
    866460    -57.7858
    866470    -54.7356
    866480    -56.5597
    866490    -55.2436
    866500    -56.4303
    866510     -56.633
    866520    -55.2638
    866530    -56.8048
    866540    -60.7011
    866550    -57.3823
    866560     -56.374
    866570    -60.9258
    866580    -60.6698
    866590     -57.778
    866600    -58.3641
    866610     -55.513
    866620    -62.2367
    866630    -57.3669
    866640     -60.361
    866650    -56.8457
    866660    -57.2744
    866670    -59.4835
    866680     -60.031
    866690    -54.2633
    866700    -59.6831
    866710    -57.4996
    866720    -57.4175
    866730     -60.535
    866740    -57.2796
    866750    -58.6313
    866760    -59.2385
    866770    -63.1554
    866780    -57.8454
    866790    -58.0349
    866800    -58.7242
    866810    -58.0472
    866820    -56.4684
    866830    -61.7621
    866840    -59.4254
    866850    -55.4999
    866860    -61.3908
    866870    -56.4041
    866880    -58.5833
    866890    -58.8889
    866900    -57.9866
    866910    -57.9616
    866920    -62.6055
    866930    -61.4033
    866940    -60.2754
    866950    -59.1539
    866960    -57.8405
    866970    -59.3067
    866980    -60.8943
    866990    -58.3479
    867000    -55.7501
    867010    -57.9675
    867020    -57.8867
    867030    -56.4861
    867040    -56.2562
    867050    -59.1859
    867060    -62.2301
    867070    -57.8227
    867080    -57.3534
    867090    -59.4911
    867100    -58.4863
    867110    -57.3045
    867120     -59.905
    867130    -58.1966
    867140    -57.9972
    867150    -59.3272
    867160    -58.2471
    867170    -58.0445
    867180     -58.863
    867190    -59.4075
    867200    -60.6709
    867210    -63.4629
    867220    -58.9803
    867230     -59.455
    867240    -61.6242
    867250    -59.1209
    867260    -58.6976
    867270    -59.8226
    867280    -57.0638
    867290    -62.6068
    867300    -57.1916
    867310    -61.2572
    867320    -58.7022
    867330    -60.9772
    867340    -56.5086
    867350    -62.3584
    867360    -57.4772
    867370    -58.6952
    867380    -57.0485
    867390    -56.5443
    867400    -58.7255
    867410    -57.3269
    867420    -58.3512
    867430    -55.0346
    867440    -60.1531
    867450    -61.3901
    867460    -62.9164
    867470    -61.8763
    867480    -61.3051
    867490    -56.1941
    867500    -58.2456
    867510    -54.7346
    867520    -55.0753
    867530    -57.7883
    867540    -61.0238
    867550    -59.0718
    867560    -55.4613
    867570     -55.021
    867580    -56.9032
    867590    -61.0106
    867600     -58.614
    867610    -55.8826
    867620    -59.6342
    867630     -55.705
    867640    -58.9397
    867650    -59.0076
    867660     -59.997
    867670     -61.291
    867680    -61.3805
    867690    -63.0213
    867700     -57.392
    867710     -58.155
    867720    -57.3327
    867730    -58.4018
    867740    -58.9999
    867750    -58.4529
    867760    -59.3641
    867770    -57.1159
    867780    -59.6712
    867790    -54.8857
    867800    -55.8969
    867810     -55.772
    867820     -59.596
    867830    -59.2043
    867840    -57.2244
    867850    -58.8219
    867860    -56.0838
    867870    -56.7911
    867880    -57.3926
    867890    -56.1171
    867900    -58.5437
    867910    -60.7912
    867920    -59.5476
    867930     -55.345
    867940    -54.8635
    867950    -57.4925
    867960    -60.0439
    867970    -56.5421
    867980    -56.1639
    867990    -59.2668
    868000    -58.4615
    868010    -60.1226
    868020    -56.8053
    868030    -60.4372
    868040     -58.847
    868050    -56.5995
    868060    -60.9455
    868070    -54.2084
    868080    -54.4298
    868090    -57.7836
    868100    -57.1826
    868110    -59.5364
    868120    -55.4037
    868130    -59.4807
    868140    -55.2953
    868150    -58.5704
    868160    -55.1116
    868170    -57.6314
    868180    -59.0205
    868190    -60.7835
    868200    -61.0888
    868210    -57.5902
    868220    -60.4715
    868230    -56.8329
    868240    -55.5254
    868250    -60.5331
    868260    -59.8789
    868270    -57.8664
    868280    -59.5487
    868290    -59.4861
    868300    -60.3765
    868310     -57.973
    868320    -60.2278
    868330    -58.9572
    868340    -58.6602
    868350    -58.9853
    868360    -59.4054
    868370    -56.4682
    868380    -56.7605
    868390    -56.9689
    868400    -59.1961
    868410    -60.2115
    868420    -59.5578
    868430    -57.7272
    868440    -61.8938
    868450    -57.7699
    868460    -59.7351
    868470    -59.1968
    868480    -61.0429
    868490    -58.7833
    868500    -56.8927
    868510    -58.9701
    868520    -57.7308
    868530    -57.1022
    868540    -57.3928
    868550     -56.741
    868560    -54.8265
    868570    -57.6032
    868580    -54.8527
    868590    -57.7657
    868600    -57.8819
    868610    -57.7706
    868620    -58.5849
    868630    -56.4735
    868640    -55.9975
    868650    -57.8642
    868660    -59.0754
    868670    -58.0671
    868680     -57.831
    868690    -58.5336
    868700    -59.8888
    868710    -53.7796
    868720    -56.4365
    868730    -57.5092
    868740    -56.2683
    868750    -55.7518
    868760    -59.7612
    868770       -60.2
    868780    -56.6246
    868790    -58.6604
    868800    -57.7485
    868810    -60.3027
    868820    -57.4137
    868830    -55.0726
    868840    -60.4561
    868850     -60.917
    868860     -59.266
    868870    -55.5099
    868880    -59.7764
    868890    -58.0572
    868900     -58.696
    868910    -57.7436
    868920    -60.9749
    868930    -57.4351
    868940     -58.283
    868950    -61.2838
    868960    -57.7575
    868970    -60.3578
    868980     -61.542
    868990    -58.5796
    869000    -56.1692
    869010    -59.2464
    869020    -58.9468
    869030    -58.2581
    869040    -61.1092
    869050    -58.6529
    869060    -59.3591
    869070     -56.498
    869080    -60.1995
    869090    -58.7889
    869100    -58.1971
    869110     -58.194
    869120    -56.9196
    869130    -58.5079
    869140    -56.0421
    869150    -57.8281
    869160    -57.1132
    869170    -60.9581
    869180    -59.3481
    869190    -61.0372
    869200    -59.2345
    869210    -58.4584
    869220    -58.4028
    869230    -56.1023
    869240    -59.2795
    869250    -60.2259
    869260    -65.2547
    869270    -65.0468
    869280    -60.7891
    869290    -61.8694
    869300    -63.5366
    869310    -59.4454
    869320     -57.444
    869330     -60.309
    869340    -63.7617
    869350    -57.0273
    869360    -53.9769
    869370    -62.0259
    869380     -61.704
    869390    -60.3708
    869400    -63.0597
    869410    -59.5515
    869420    -58.1849
    869430    -61.6218
    869440    -62.0741
    869450    -60.7602
    869460    -61.3265
    869470    -55.1349
    869480    -59.2854
    869490    -59.8484
    869500    -56.4295
    869510    -56.5484
    869520     -60.614
    869530    -58.4376
    869540    -57.1038
    869550     -55.893
    869560    -60.2122
    869570    -59.5896
    869580    -60.4767
    869590    -59.8878
    869600    -59.4669
    869610    -58.7003
    869620    -58.3284
    869630    -57.7171
    869640     -58.809
    869650    -65.9314
    869660    -59.3837
    869670    -63.1028
    869680     -58.246
    869690    -59.9035
    869700    -59.2637
    869710    -59.6427
    869720    -59.0591
    869730    -61.5476
    869740    -58.7502
    869750    -55.4232
    869760    -58.9514
    869770    -60.0617
    869780    -55.2483
    869790    -62.5978
    869800    -61.9864
    869810    -59.0236
    869820    -61.6277
    869830    -59.2076
    869840    -60.5211
    869850    -60.0813
    869860    -62.1741
    869870    -58.7551
    869880     -64.473
    869890     -62.465
    869900    -60.1784
    869910    -60.5872
    869920    -59.0564
    869930    -59.0672
    869940    -61.2988
    869950    -59.2803
    869960    -58.9539
    869970    -61.0641
    869980    -57.5132
    869990    -58.4686
    870000     -59.869
    870010    -60.1751
    870020    -60.7208
    870030    -58.3283
    870040    -57.4225
    870050    -62.5066
    870060    -55.9506
    870070    -59.5029
    870080    -58.7033
    870090    -60.0894
    870100    -61.3458
    870110    -61.9645
    870120    -64.1445
    870130    -60.9938
    870140    -60.6711
    870150    -60.2055
    870160    -58.1958
    870170    -58.8583
    870180    -61.8392
    870190    -58.0464
    870200    -58.3025
    870210    -61.7651
    870220    -59.7464
    870230    -59.2818
    870240    -61.9246
    870250    -59.4879
    870260    -58.3008
    870270    -56.4959
    870280    -56.0732
    870290    -58.2261
    870300    -59.3598
    870310    -61.4687
    870320    -56.4775
    870330    -61.5619
    870340    -56.6319
    870350     -57.013
    870360    -58.0782
    870370    -59.5607
    870380    -59.1212
    870390    -56.8373
    870400    -60.0537
    870410    -60.3836
    870420    -61.9509
    870430    -61.0554
    870440    -57.0317
    870450    -58.4608
    870460    -56.4217
    870470    -59.6333
    870480    -56.5259
    870490    -59.9908
    870500    -59.2034
    870510    -62.5049
    870520    -61.5906
    870530    -57.5708
    870540    -63.6033
    870550    -64.1904
    870560     -56.018
    870570    -58.1227
    870580     -59.185
    870590    -59.0712
    870600    -58.4279
    870610    -56.0354
    870620    -59.0408
    870630     -59.717
    870640    -58.2262
    870650    -59.5214
    870660    -58.3661
    870670    -55.8433
    870680    -55.1529
    870690    -64.8035
    870700    -62.2326
    870710    -61.0162
    870720    -59.0953
    870730    -58.5989
    870740    -57.4953
    870750    -60.4357
    870760    -58.1741
    870770    -56.4591
    870780    -59.4567
    870790    -59.1674
    870800    -58.6131
    870810      -66.92
    870820    -62.5416
    870830    -60.6405
    870840     -62.342
    870850    -63.0564
    870860    -63.3282
    870870    -59.5531
    870880    -61.3464
    870890    -61.4254
    870900    -62.5879
    870910    -61.5563
    870920    -58.1954
    870930    -68.0568
    870940    -62.3682
    870950    -62.7118
    870960    -62.9901
    870970     -65.073
    870980    -62.4079
    870990     -61.186
    871000    -62.6135
    871010    -60.6161
    871020    -60.2556
    871030    -65.5245
    871040    -62.8523
    871050    -60.0331
    871060    -61.2982
    871070    -61.4925
    871080    -63.8962
    871090     -61.478
    871100    -63.3057
    871110    -61.5058
    871120    -55.7699
    871130    -59.7951
    871140    -60.5389
    871150    -62.3436
    871160     -64.607
    871170    -63.6642
    871180     -60.404
    871190    -59.8098
    871200     -60.208
    871210    -65.0649
    871220    -59.9456
    871230    -59.7276
    871240    -59.1251
    871250    -64.6758
    871260    -60.6081
    871270     -69.275
    871280    -60.1483
    871290    -63.4607
    871300    -62.7742
    871310      -62.43
    871320    -63.2041
    871330    -64.6851
    871340    -61.8545
    871350    -63.4996
    871360    -62.5144
    871370    -63.6038
    871380    -61.8932
    871390    -62.0258
    871400    -61.9704
    871410    -62.8705
    871420    -62.0084
    871430    -64.1407
    871440    -61.0389
    871450    -62.8671
    871460    -61.3686
    871470    -61.4504
    871480    -59.1981
    871490    -61.8149
    871500    -62.3052
    871510    -62.7175
    871520    -58.2326
    871530    -59.3744
    871540    -64.1531
    871550    -59.1351
    871560    -65.6203
    871570     -60.382
    871580    -64.3104
    871590    -62.6463
    871600    -59.0928
    871610    -61.5523
    871620    -59.0512
    871630     -61.507
    871640    -61.2052
    871650    -59.8813
    871660    -59.8496
    871670    -62.3754
    871680     -59.856
    871690    -60.9798
    871700    -60.8095
    871710     -65.078
    871720    -58.7719
    871730     -60.863
    871740    -60.0929
    871750    -63.6132
    871760    -60.8733
    871770    -59.0921
    871780    -59.6243
    871790     -60.643
    871800     -60.369
    871810    -60.4512
    871820    -62.7197
    871830    -64.5276
    871840    -63.0916
    871850    -61.9116
    871860    -63.9952
    871870    -60.2964
    871880    -60.9556
    871890    -65.5859
    871900    -66.1102
    871910     -66.605
    871920    -68.5698
    871930    -64.2455
    871940    -64.5278
    871950    -66.5484
    871960    -67.3471
    871970    -67.8307
    871980    -66.1001
    871990    -67.4771
    872000    -67.4956
    872010    -64.2159
    872020    -67.7127
    872030    -64.0745
    872040     -64.439
    872050    -61.8043
    872060    -59.0169
    872070    -65.2662
    872080    -61.1593
    872090    -59.4557
    872100    -62.0992
    872110    -61.4645
    872120    -60.8773
    872130    -62.5281
    872140    -62.4397
    872150    -59.7117
    872160    -64.2808
    872170    -57.0845
    872180    -61.1248
    872190    -60.9189
    872200    -63.3992
    872210    -65.6894
    872220    -62.0007
    872230    -59.0202
    872240    -60.1814
    872250    -62.4753
    872260    -61.3282
    872270    -61.6567
    872280    -62.5918
    872290    -59.6204
    872300    -59.1631
    872310    -60.3261
    872320    -60.2297
    872330    -60.6026
    872340    -67.0377
    872350    -61.3843
    872360    -58.0551
    872370    -62.1145
    872380    -60.7751
    872390    -59.4696
    872400    -60.6308
    872410    -61.4992
    872420    -63.0123
    872430    -58.5706
    872440    -58.1228
    872450    -61.8169
    872460    -60.8322
    872470    -63.4651
    872480    -57.9338
    872490    -60.9605
    872500    -60.2578
    872510    -60.0102
    872520    -56.6651
    872530    -61.0686
    872540    -57.4103
    872550    -59.7517
    872560    -58.6236
    872570    -59.1544
    872580    -60.9532
    872590    -61.2459
    872600    -54.3247
    872610    -58.2061
    872620    -60.2169
    872630    -60.1213
    872640    -60.0099
    872650    -60.9553
    872660    -58.0075
    872670    -57.6001
    872680    -63.8641
    872690    -61.6345
    872700     -60.976
    872710    -62.5429
    872720    -61.4576
    872730    -61.5594
    872740    -58.8523
    872750    -62.9036
    872760    -63.6667
    872770    -61.4406
    872780    -62.4565
    872790    -64.0287
    872800    -62.1437
    872810    -62.4134
    872820     -60.896
    872830    -61.9535
    872840    -59.8144
    872850    -63.6917
    872860    -60.3711
    872870    -58.8664
    872880    -61.2319
    872890    -64.6473
    872900    -60.8056
    872910    -63.3673
    872920    -62.8642
    872930    -61.7871
    872940     -55.775
    872950    -59.0454
    872960    -57.2335
    872970    -59.3941
    872980    -56.3358
    872990    -63.1622
    873000    -61.8014
    873010    -59.4814
    873020    -62.3227
    873030    -55.6835
    873040    -60.3437
    873050    -60.6149
    873060    -60.5222
    873070    -57.5235
    873080    -58.0904
    873090    -60.2326
    873100    -62.4256
    873110    -65.5346
    873120    -59.2853
    873130    -64.8069
    873140    -61.3993
    873150    -62.6255
    873160    -64.4592
    873170    -58.5124
    873180    -60.5565
    873190    -62.5921
    873200    -57.4561
    873210     -57.993
    873220    -59.5244
    873230    -62.8348
    873240    -63.8869
    873250    -63.2762
    873260    -57.0312
    873270     -58.388
    873280    -59.7425
    873290    -57.8722
    873300    -61.9646
    873310    -58.2481
    873320     -59.707
    873330    -62.6091
    873340    -61.1628
    873350    -61.9454
    873360    -59.5747
    873370    -59.3361
    873380    -57.5516
    873390    -56.2758
    873400    -61.6136
    873410    -61.0295
    873420    -60.0446
    873430    -62.1268
    873440    -63.9329
    873450    -61.2878
    873460    -64.0292
    873470    -61.6324
    873480    -59.1087
    873490    -57.6893
    873500    -65.3098
    873510    -61.5923
    873520    -63.0488
    873530    -63.6815
    873540    -63.7618
    873550    -60.7356
    873560    -59.2732
    873570    -66.0753
    873580    -61.0986
    873590    -60.7038
    873600    -59.0245
    873610    -59.3704
    873620    -63.4659
    873630    -61.7561
    873640    -62.2436
    873650    -62.8311
    873660    -61.7831
    873670    -62.5756
    873680    -66.0566
    873690    -59.8933
    873700    -59.0698
    873710    -63.4608
    873720    -64.0208
    873730    -65.9928
    873740    -63.3014
    873750    -67.4842
    873760     -64.628
    873770    -61.7006
    873780    -59.9824
    873790    -62.5685
    873800    -61.8708
    873810    -62.0077
    873820    -63.0562
    873830    -61.3012
    873840    -59.3456
    873850     -56.976
    873860    -64.1132
    873870     -62.411
    873880    -62.1031
    873890    -63.5798
    873900    -59.0308
    873910    -62.0247
    873920    -59.5393
    873930    -61.0912
    873940      -59.88
    873950    -61.8939
    873960    -58.8979
    873970    -58.2657
    873980    -60.8623
    873990    -62.0961
    874000    -57.5738
    874010     -58.643
    874020    -56.9159
    874030     -60.618
    874040    -62.4391
    874050     -62.186
    874060      -59.31
    874070    -60.3287
    874080    -59.9746
    874090     -61.414
    874100    -59.4749
    874110    -63.2004
    874120    -60.4455
    874130    -61.1271
    874140    -64.1351
    874150    -62.2104
    874160    -56.3724
    874170    -56.8319
    874180    -58.8504
    874190    -57.6357
    874200     -61.726
    874210    -59.5329
    874220    -66.2008
    874230    -64.0475
    874240    -60.9307
    874250     -56.868
    874260     -64.143
    874270    -62.6056
    874280    -59.1979
    874290    -60.7327
    874300    -59.2958
    874310    -64.9742
    874320    -59.0548
    874330    -62.5927
    874340    -58.3361
    874350    -58.1124
    874360    -61.7292
    874370    -61.2836
    874380    -63.5871
    874390    -58.8804
    874400    -59.3904
    874410     -59.997
    874420    -62.8036
    874430    -64.0108
    874440    -62.3516
    874450    -59.7137
    874460    -58.5454
    874470    -60.5205
    874480    -56.7437
    874490    -60.7983
    874500    -57.1045
    874510    -61.0391
    874520    -63.7787
    874530    -56.6268
    874540    -60.0052
    874550    -61.6796
    874560    -60.1694
    874570    -56.7924
    874580    -60.9946
    874590    -61.7839
    874600    -62.3585
    874610    -63.1883
    874620    -60.4099
    874630    -59.9894
    874640    -61.9366
    874650    -63.8263
    874660    -61.2302
    874670    -58.8571
    874680    -57.9092
    874690    -58.7296
    874700    -59.9021
    874710    -59.3169
    874720    -56.6131
    874730    -63.1619
    874740    -57.7724
    874750    -67.5855
    874760    -62.9531
    874770    -63.1625
    874780    -60.3157
    874790    -60.3522
    874800    -62.1726
    874810    -65.0789
    874820    -62.1849
    874830    -61.9934
    874840    -61.9475
    874850    -60.5801
    874860    -58.5722
    874870      -61.73
    874880    -64.7564
    874890     -59.026
    874900    -60.6197
    874910    -60.0856
    874920    -59.9307
    874930    -62.7115
    874940    -58.7728
    874950    -61.6888
    874960    -60.3457
    874970    -62.7997
    874980     -60.862
    874990    -61.0838
    875000    -58.9487
    875010     -56.129
    875020    -55.9383
    875030    -62.9365
    875040    -63.7743
    875050    -59.8156
    875060    -68.1604
    875070    -60.1466
    875080    -63.6104
    875090    -61.8232
    875100    -58.5319
    875110    -56.6795
    875120    -58.9755
    875130     -61.334
    875140     -59.602
    875150    -62.6071
    875160    -62.3809
    875170    -63.1021
    875180    -59.1859
    875190    -64.1691
    875200    -62.0378
    875210    -61.7895
    875220     -59.052
    875230    -59.5216
    875240    -59.6728
    875250      -59.58
    875260    -60.4663
    875270    -63.8781
    875280    -59.9114
    875290    -58.2274
    875300     -61.002
    875310    -62.5331
    875320    -62.8955
    875330    -58.7375
    875340    -62.4357
    875350    -61.2584
    875360    -64.5246
    875370    -61.3986
    875380    -63.3648
    875390    -59.3267
    875400    -60.3259
    875410    -58.8559
    875420    -61.7033
    875430    -58.7991
    875440    -62.5267
    875450    -59.8801
    875460    -63.6738
    875470    -61.7768
    875480    -60.7577
    875490    -63.2437
    875500    -58.2942
    875510    -60.6792
    875520    -58.9221
    875530    -59.7778
    875540    -62.2003
    875550    -64.8563
    875560    -59.9827
    875570    -65.0893
    875580    -58.8923
    875590    -59.4802
    875600    -60.3623
    875610    -60.3785
    875620    -59.2635
    875630    -63.9535
    875640    -60.9159
    875650    -59.9128
    875660    -61.7114
    875670    -60.2263
    875680    -57.2781
    875690    -61.1408
    875700    -60.8584
    875710    -62.1373
    875720    -62.8868
    875730    -61.6015
    875740     -61.436
    875750    -60.5691
    875760    -61.9025
    875770    -57.6716
    875780    -59.0133
    875790    -61.6727
    875800    -59.6648
    875810    -61.8486
    875820    -64.2687
    875830    -63.1935
    875840    -63.5172
    875850     -61.697
    875860    -63.4151
    875870    -66.4702
    875880    -68.3982
    875890    -61.7927
    875900    -62.9044
    875910    -59.5886
    875920    -62.0684
    875930    -61.0028
    875940    -61.3147
    875950    -63.1031
    875960     -60.871
    875970    -65.8906
    875980    -60.6354
    875990    -58.0912
    876000    -58.8115
    876010    -58.1438
    876020    -58.9038
    876030    -60.2648
    876040    -63.1794
    876050    -61.1348
    876060    -59.6965
    876070     -57.674
    876080    -61.7103
    876090    -60.1272
    876100    -62.6119
    876110    -59.6604
    876120    -56.5561
    876130     -60.557
    876140    -61.5001
    876150    -60.0247
    876160    -63.3477
    876170    -53.7848
    876180    -60.2518
    876190    -58.3499
    876200    -58.1786
    876210    -63.9399
    876220    -63.2533
    876230    -60.0823
    876240    -61.1945
    876250    -59.2647
    876260    -61.6282
    876270    -62.9195
    876280      -59.39
    876290    -65.2685
    876300     -56.617
    876310    -57.9303
    876320    -60.0008
    876330    -60.0109
    876340    -62.9544
    876350    -61.8149
    876360     -62.217
    876370    -66.2084
    876380    -60.1345
    876390    -63.6737
    876400    -64.0905
    876410     -58.439
    876420     -57.881
    876430    -61.4596
    876440    -62.6595
    876450     -63.442
    876460    -60.5541
    876470    -61.0389
    876480    -59.0581
    876490    -61.3907
    876500    -62.9235
    876510    -60.1469
    876520    -62.5371
    876530    -60.6485
    876540    -61.4845
    876550    -57.6194
    876560    -59.8944
    876570    -55.9142
    876580    -59.0262
    876590    -56.5011
    876600    -58.6407
    876610    -59.8087
    876620    -56.7211
    876630    -60.0913
    876640    -60.0811
    876650    -59.3176
    876660    -56.5066
    876670    -63.0544
    876680    -59.0229
    876690    -58.5582
    876700     -61.749
    876710    -61.3608
    876720    -64.3973
    876730    -61.1051
    876740    -56.2733
    876750    -61.6557
    876760    -63.8293
    876770    -62.8582
    876780     -61.206
    876790    -56.0429
    876800    -57.1325
    876810    -59.5367
    876820    -58.3574
    876830    -59.4015
    876840    -63.0557
    876850    -60.5076
    876860    -61.4788
    876870    -62.1744
    876880    -60.2533
    876890    -63.5757
    876900    -61.6387
    876910    -63.0676
    876920    -57.5065
    876930    -62.2238
    876940    -58.6982
    876950    -66.0708
    876960    -60.4579
    876970    -62.5354
    876980    -63.2798
    876990    -60.6008
    877000    -58.4373
    877010    -61.5755
    877020     -58.542
    877030    -61.5901
    877040    -59.8011
    877050    -60.1133
    877060    -60.8167
    877070    -59.0595
    877080    -62.0792
    877090    -61.3438
    877100    -59.0021
    877110    -59.9059
    877120    -64.3268
    877130    -59.6168
    877140      -60.87
    877150    -58.1055
    877160    -61.5612
    877170    -63.2567
    877180    -62.2005
    877190    -59.2295
    877200    -65.1087
    877210    -63.1214
    877220    -64.3087
    877230    -58.4923
    877240    -61.5786
    877250    -59.1084
    877260    -61.1041
    877270    -61.7106
    877280    -64.5458
    877290    -57.9394
    877300    -63.7678
    877310    -63.8698
    877320    -62.7436
    877330    -61.6103
    877340    -60.9501
    877350    -61.7533
    877360    -59.4913
    877370    -62.1552
    877380    -59.4422
    877390    -61.2236
    877400    -60.7815
    877410    -61.6301
    877420    -60.6109
    877430    -60.1309
    877440    -61.5056
    877450    -60.3007
    877460    -63.7268
    877470    -64.2431
    877480     -65.203
    877490     -59.501
    877500    -60.8695
    877510    -62.8907
    877520    -59.4463
    877530    -63.1241
    877540     -69.866
    877550    -67.0403
    877560    -64.7002
    877570    -63.3839
    877580    -62.3291
    877590    -63.9004
    877600    -60.6841
    877610    -60.1732
    877620    -64.7615
    877630    -64.9504
    877640    -66.5415
    877650    -62.6451
    877660    -63.7224
    877670    -60.0686
    877680    -61.5807
    877690    -60.5396
    877700    -59.7363
    877710    -62.9127
    877720    -61.9104
    877730    -58.0638
    877740    -62.7679
    877750    -59.9943
    877760    -59.9937
    877770    -61.2668
    877780    -63.9364
    877790    -61.4597
    877800    -61.9055
    877810     -59.491
    877820    -56.8915
    877830    -63.3369
    877840    -61.4787
    877850     -64.193
    877860    -57.7083
    877870    -57.3556
    877880    -61.0589
    877890    -62.3816
    877900    -61.8764
    877910    -57.8756
    877920     -61.153
    877930    -63.0648
    877940    -60.5047
    877950    -64.4911
    877960    -63.9316
    877970    -59.5265
    877980    -63.7843
    877990    -60.7617
    878000    -65.6469
    878010    -61.2445
    878020    -62.3147
    878030    -61.8101
    878040    -60.2962
    878050    -59.6059
    878060    -61.3541
    878070    -62.7575
    878080    -58.6179
    878090    -63.0926
    878100    -63.9809
    878110     -66.038
    878120    -60.3856
    878130    -61.5214
    878140    -59.7177
    878150    -59.6425
    878160    -61.1088
    878170    -60.9666
    878180     -54.918
    878190    -62.5296
    878200    -66.4003
    878210    -60.3935
    878220    -62.1109
    878230    -59.3278
    878240    -61.0797
    878250     -60.292
    878260    -58.8832
    878270    -62.1836
    878280    -64.9139
    878290    -61.5159
    878300     -62.136
    878310    -61.1719
    878320    -66.2861
    878330    -60.4385
    878340    -64.0284
    878350    -61.9529
    878360    -63.7654
    878370    -61.2579
    878380    -63.4542
    878390    -63.6265
    878400    -59.9519
    878410    -61.6413
    878420    -67.1492
    878430    -60.1587
    878440     -62.895
    878450    -61.4568
    878460    -64.4888
    878470    -61.7037
    878480    -62.7994
    878490    -63.2657
    878500    -61.5076
    878510    -62.5499
    878520     -62.715
    878530    -62.3933
    878540    -59.2225
    878550    -60.3134
    878560    -61.3557
    878570    -61.8557
    878580    -58.6926
    878590    -60.9953
    878600    -59.1168
    878610    -60.3538
    878620    -56.6728
    878630    -59.6284
    878640     -61.882
    878650    -60.1145
    878660    -61.0388
    878670    -63.6426
    878680    -62.5533
    878690    -59.7582
    878700    -60.2277
    878710    -65.0334
    878720    -61.7624
    878730    -60.4949
    878740     -60.719
    878750    -63.8428
    878760    -63.1135
    878770     -59.491
    878780    -65.4273
    878790    -62.3802
    878800    -55.9655
    878810    -61.4761
    878820    -58.0902
    878830    -58.3703
    878840     -61.973
    878850    -59.5056
    878860    -60.2149
    878870    -60.5326
    878880    -60.8467
    878890    -61.5991
    878900    -63.9751
    878910    -62.5821
    878920    -60.9091
    878930    -61.3142
    878940     -61.604
    878950     -61.708
    878960    -65.5085
    878970    -61.6899
    878980    -61.9277
    878990     -64.653
    879000    -60.5864
    879010    -62.0666
    879020     -63.141
    879030    -64.2995
    879040     -63.142
    879050    -61.0568
    879060    -62.5604
    879070    -61.9562
    879080    -65.4031
    879090    -61.9076
    879100    -63.6273
    879110    -60.2278
    879120    -62.7415
    879130     -62.592
    879140    -62.8732
    879150    -60.4873
    879160    -59.4983
    879170    -62.0623
    879180    -61.8146
    879190    -60.4789
    879200    -58.8674
    879210    -60.5359
    879220    -61.7359
    879230    -61.1999
    879240    -63.5855
    879250    -58.4292
    879260    -61.1631
    879270    -61.2593
    879280    -62.7874
    879290     -60.039
    879300    -64.0439
    879310    -64.4265
    879320      -60.35
    879330     -62.791
    879340    -66.7326
    879350    -62.1597
    879360    -63.3318
    879370    -60.9155
    879380    -59.4047
    879390    -65.3856
    879400    -57.1421
    879410    -60.7697
    879420    -62.6865
    879430    -62.5435
    879440    -61.3281
    879450    -62.5137
    879460    -62.9165
    879470    -61.4204
    879480    -61.2866
    879490    -60.1193
    879500      -58.97
    879510     -61.845
    879520    -60.3017
    879530    -64.2353
    879540    -66.2546
    879550    -62.7717
    879560    -59.7889
    879570    -62.7499
    879580    -62.9643
    879590    -61.6234
    879600    -60.8455
    879610    -66.0031
    879620    -61.3773
    879630    -66.3063
    879640    -63.5243
    879650    -60.4364
    879660    -65.1548
    879670    -65.4031
    879680    -60.7054
    879690    -63.6716
    879700    -62.8572
    879710    -59.1505
    879720    -64.7234
    879730    -61.1019
    879740    -62.2619
    879750    -64.1138
    879760    -63.8251
    879770    -65.1858
    879780    -60.9776
    879790    -61.5945
    879800     -62.839
    879810    -59.6427
    879820    -63.4023
    879830    -62.4012
    879840    -59.4465
    879850    -59.1948
    879860    -58.3402
    879870    -62.6406
    879880    -62.0455
    879890    -62.1529
    879900    -60.0407
    879910    -63.9036
    879920     -62.278
    879930    -65.4125
    879940    -61.8707
    879950    -60.5785
    879960     -56.163
    879970    -59.8427
    879980    -62.6154
    879990    -61.2196
    880000    -61.0101
    880010    -57.4168
    880020    -61.4274
    880030    -57.2465
    880040    -58.6414
    880050    -62.1464
    880060    -61.4743
    880070    -58.3098
    880080    -59.5332
    880090    -59.2215
    880100    -55.0992
    880110    -61.3054
    880120    -62.5519
    880130    -63.1761
    880140    -60.5916
    880150    -62.0254
    880160     -59.883
    880170    -61.2077
    880180    -60.8346
    880190    -60.9115
    880200    -61.1979
    880210    -60.4127
    880220    -59.5794
    880230    -60.8767
    880240    -59.2682
    880250    -56.7685
    880260    -59.7327
    880270    -59.7084
    880280    -64.1689
    880290    -61.7927
    880300    -64.1143
    880310    -62.4187
    880320    -62.0194
    880330    -65.2908
    880340     -62.923
    880350    -61.7449
    880360    -61.3926
    880370    -61.2751
    880380    -57.8585
    880390    -57.7559
    880400    -58.9694
    880410    -59.5144
    880420     -59.886
    880430    -60.5447
    880440    -58.0669
    880450    -57.6526
    880460    -62.1494
    880470    -59.1644
    880480    -60.9736
    880490    -57.4576
    880500    -59.2336
    880510     -66.447
    880520    -55.4887
    880530    -64.0829
    880540    -63.4056
    880550    -60.8612
    880560    -62.8214
    880570    -64.1003
    880580    -56.1712
    880590     -58.791
    880600    -62.8112
    880610    -61.4197
    880620    -59.1215
    880630    -61.6143
    880640    -61.1908
    880650    -64.1621
    880660    -59.9917
    880670    -58.7462
    880680     -58.178
    880690     -66.175
    880700    -62.5068
    880710    -62.4098
    880720    -62.2772
    880730    -60.7029
    880740    -60.5622
    880750     -59.468
    880760    -62.2128
    880770    -58.1473
    880780    -59.1531
    880790     -60.142
    880800    -59.2608
    880810    -61.0669
    880820    -63.4902
    880830    -61.0398
    880840    -59.0143
    880850    -63.5939
    880860     -62.374
    880870    -59.2993
    880880    -58.0979
    880890    -58.7712
    880900    -62.8503
    880910    -62.7746
    880920    -63.9216
    880930    -59.3551
    880940    -61.8901
    880950    -60.2532
    880960    -62.3011
    880970    -62.0436
    880980    -59.0001
    880990    -61.1505
    881000    -58.0262
    881010    -59.0608
    881020    -60.7161
    881030    -61.9453
    881040    -61.1911
    881050    -59.1017
    881060    -59.0263
    881070     -61.071
    881080    -57.8847
    881090     -59.006
    881100    -61.7418
    881110    -59.3554
    881120    -59.6111
    881130    -60.9657
    881140    -58.5528
    881150    -60.8833
    881160    -58.0192
    881170    -62.7411
    881180    -60.7675
    881190    -61.4886
    881200    -59.4884
    881210    -59.3625
    881220    -61.9042
    881230    -62.0797
    881240     -55.612
    881250     -60.654
    881260     -56.719
    881270    -60.9252
    881280    -59.0488
    881290    -63.5208
    881300    -62.6216
    881310    -57.4622
    881320    -56.2024
    881330    -59.2825
    881340    -55.9231
    881350    -58.9468
    881360    -58.5943
    881370    -60.8293
    881380    -61.8765
    881390    -62.0252
    881400     -60.447
    881410    -56.9117
    881420    -60.0669
    881430    -61.1664
    881440    -58.9543
    881450    -61.2546
    881460    -56.7078
    881470    -58.4953
    881480    -59.4031
    881490    -56.0958
    881500    -60.2942
    881510    -58.0255
    881520    -57.2568
    881530     -56.482
    881540    -58.1653
    881550    -60.6716
    881560    -57.4955
    881570    -63.3311
    881580    -59.9801
    881590     -60.461
    881600    -60.1779
    881610    -64.5224
    881620    -61.1539
    881630    -63.3923
    881640    -61.2281
    881650    -56.9541
    881660    -61.2219
    881670     -61.246
    881680    -63.6874
    881690     -60.674
    881700    -62.3524
    881710    -58.2447
    881720    -63.2943
    881730    -60.5469
    881740    -58.7002
    881750    -62.7591
    881760    -60.5454
    881770    -58.1711
    881780    -61.1226
    881790     -63.934
    881800    -63.3166
    881810    -56.8743
    881820    -62.0834
    881830    -61.4862
    881840     -60.971
    881850    -58.8607
    881860    -55.5143
    881870    -62.9991
    881880    -61.8231
    881890    -65.3608
    881900    -64.1658
    881910    -61.3303
    881920    -61.1435
    881930    -61.9656
    881940    -60.4125
    881950    -60.7155
    881960    -61.6839
    881970    -59.0683
    881980    -58.0175
    881990    -61.0001
    882000    -61.1262
    882010    -57.1445
    882020    -59.7679
    882030    -59.5475
    882040    -61.2209
    882050    -62.2894
    882060    -60.9644
    882070    -60.3103
    882080    -62.4452
    882090    -60.1169
    882100    -62.1233
    882110    -58.6448
    882120      -61.99
    882130    -61.3017
    882140    -60.0686
    882150    -62.4125
    882160      -64.12
    882170    -60.5898
    882180    -60.0744
    882190    -60.4252
    882200    -63.9572
    882210    -60.5048
    882220    -60.9058
    882230    -60.9395
    882240    -58.4117
    882250    -62.2402
    882260    -60.2417
    882270     -61.041
    882280    -60.8588
    882290    -62.8316
    882300    -61.8912
    882310    -59.3564
    882320    -61.9394
    882330    -61.7545
    882340    -60.4779
    882350    -63.7987
    882360    -61.0267
    882370    -60.1735
    882380     -62.739
    882390    -61.6426
    882400    -61.3757
    882410    -62.8423
    882420    -62.1373
    882430    -59.0001
    882440    -60.8645
    882450     -62.188
    882460    -57.4414
    882470    -59.4162
    882480    -63.6838
    882490     -58.464
    882500     -62.936
    882510    -59.3029
    882520      -60.33
    882530    -59.4369
    882540    -59.0221
    882550    -61.6874
    882560    -58.6212
    882570    -60.6574
    882580    -62.4824
    882590     -59.465
    882600    -66.5854
    882610    -58.9309
    882620    -61.4606
    882630    -60.1826
    882640    -58.6947
    882650    -61.8638
    882660     -59.776
    882670    -65.2731
    882680    -62.3816
    882690    -65.7592
    882700    -63.3892
    882710    -62.7542
    882720    -60.6131
    882730    -62.5343
    882740    -60.5544
    882750    -59.1898
    882760     -60.548
    882770    -61.3809
    882780    -62.2321
    882790    -59.4198
    882800    -62.5678
    882810    -58.4683
    882820    -59.3228
    882830    -63.2366
    882840     -63.241
    882850    -56.3354
    882860    -62.1688
    882870    -61.6727
    882880    -62.0474
    882890    -57.4644
    882900    -63.3648
    882910    -59.5843
    882920    -62.3045
    882930    -59.2672
    882940     -63.628
    882950    -57.6251
    882960    -56.9017
    882970    -62.6054
    882980    -66.8772
    882990    -61.9909
    883000    -62.2436
    883010    -60.9728
    883020    -60.5919
    883030    -60.3666
    883040    -62.9229
    883050    -61.6467
    883060    -61.6637
    883070    -60.5956
    883080    -62.3778
    883090    -60.4382
    883100    -63.0701
    883110    -60.7253
    883120    -62.2501
    883130    -60.7925
    883140    -62.3077
    883150    -62.5731
    883160    -61.4302
    883170    -63.2418
    883180    -59.8159
    883190    -61.0049
    883200    -63.0209
    883210    -61.8962
    883220    -60.3158
    883230    -59.6999
    883240    -57.7349
    883250    -58.3386
    883260    -57.9622
    883270    -59.9952
    883280    -60.5461
    883290    -57.6584
    883300     -64.494
    883310    -63.5508
    883320    -61.6602
    883330    -62.9292
    883340    -64.5736
    883350    -60.9474
    883360    -62.6223
    883370    -64.2274
    883380    -63.5672
    883390     -59.923
    883400    -57.1744
    883410    -64.1056
    883420    -60.1385
    883430    -61.0795
    883440    -64.5667
    883450     -58.773
    883460    -62.7704
    883470    -62.2594
    883480    -61.3945
    883490     -59.833
    883500    -57.0506
    883510    -62.4843
    883520    -63.5815
    883530    -63.1563
    883540    -62.8557
    883550     -63.227
    883560    -64.3556
    883570    -63.6915
    883580    -61.5192
    883590    -58.4089
    883600    -60.6516
    883610    -65.6897
    883620    -66.3071
    883630     -63.524
    883640    -58.9515
    883650    -59.7524
    883660    -60.6791
    883670    -64.2603
    883680    -63.0618
    883690    -60.8019
    883700    -62.2561
    883710    -62.4399
    883720     -62.913
    883730    -60.6744
    883740    -61.8262
    883750    -65.7702
    883760    -59.9074
    883770    -60.6805
    883780    -62.3473
    883790    -62.5838
    883800    -62.5855
    883810    -65.4262
    883820    -62.0185
    883830    -60.7077
    883840    -65.3071
    883850    -60.4414
    883860    -62.1954
    883870    -62.4427
    883880      -63.13
    883890    -61.6309
    883900    -64.2665
    883910    -63.4416
    883920    -66.9218
    883930    -64.9682
    883940    -62.8948
    883950     -60.696
    883960    -64.0709
    883970    -63.4899
    883980    -56.7996
    883990    -64.5108
    884000    -64.9352
    884010    -61.6312
    884020    -65.4884
    884030    -63.6212
    884040    -63.4891
    884050    -65.0081
    884060    -66.5141
    884070    -61.0257
    884080    -60.3075
    884090    -62.8824
    884100    -64.6269
    884110    -62.6944
    884120    -62.3838
    884130    -61.5414
    884140    -61.1402
    884150    -64.8455
    884160    -60.8079
    884170    -62.6527
    884180    -60.6173
    884190    -57.6492
    884200    -58.2371
    884210    -62.0963
    884220    -67.7123
    884230    -61.8383
    884240     -61.783
    884250    -61.7119
    884260    -63.4036
    884270    -65.3549
    884280     -61.811
    884290    -58.9614
    884300    -61.5217
    884310    -58.8954
    884320     -63.349
    884330    -60.7883
    884340    -60.4362
    884350    -60.1991
    884360    -61.2465
    884370    -65.4454
    884380     -59.744
    884390    -61.9974
    884400    -63.9098
    884410    -63.4217
    884420    -65.9256
    884430    -61.5153
    884440    -62.9427
    884450    -64.3319
    884460    -65.6781
    884470    -67.0553
    884480    -63.1068
    884490    -61.5316
    884500    -61.7135
    884510    -64.7074
    884520    -64.0247
    884530    -63.3512
    884540     -63.872
    884550    -61.3809
    884560    -60.8506
    884570    -64.6275
    884580    -64.2156
    884590    -63.7403
    884600    -64.5442
    884610    -62.6772
    884620     -70.043
    884630    -63.0799
    884640    -67.5101
    884650    -63.3344
    884660    -69.5091
    884670    -63.2632
    884680    -65.4861
    884690    -62.5909
    884700    -61.6712
    884710    -62.4618
    884720    -61.5854
    884730     -62.145
    884740    -63.7602
    884750     -60.021
    884760     -65.972
    884770    -60.4686
    884780    -61.0922
    884790    -62.6948
    884800    -60.0557
    884810    -68.2052
    884820    -63.2466
    884830     -58.632
    884840    -59.0452
    884850    -63.8194
    884860    -62.3767
    884870    -60.8793
    884880    -62.3804
    884890    -65.7237
    884900    -59.3583
    884910    -60.8593
    884920    -60.5415
    884930    -58.3069
    884940    -61.1478
    884950    -63.0655
    884960    -65.2003
    884970    -55.9306
    884980    -61.1233
    884990    -63.2811
    885000    -63.3641
    885010    -58.5788
    885020    -64.2113
    885030    -63.4061
    885040    -64.0527
    885050    -57.4609
    885060    -63.2641
    885070    -57.9978
    885080    -60.6302
    885090    -60.4397
    885100    -58.5043
    885110    -62.1463
    885120     -62.231
    885130    -61.3306
    885140    -61.3414
    885150    -62.3261
    885160    -63.4591
    885170     -58.964
    885180    -63.0986
    885190    -60.3708
    885200     -64.248
    885210    -61.3226
    885220    -62.2809
    885230    -64.2098
    885240    -63.1566
    885250    -63.9145
    885260      -61.65
    885270    -63.1043
    885280     -63.821
    885290    -61.0432
    885300    -64.1517
    885310     -65.517
    885320    -64.5997
    885330    -63.1564
    885340    -65.3157
    885350    -62.4778
    885360    -63.4316
    885370    -61.8268
    885380    -64.5845
    885390    -61.6946
    885400    -61.6738
    885410    -62.2243
    885420    -60.1483
    885430    -64.4118
    885440     -57.257
    885450     -60.752
    885460    -59.4588
    885470    -58.2222
    885480    -56.5004
    885490    -61.4584
    885500    -58.3196
    885510    -57.2524
    885520    -64.8025
    885530    -60.8586
    885540    -62.6887
    885550    -62.3095
    885560    -60.5128
    885570    -58.5568
    885580    -59.5524
    885590    -62.3992
    885600     -60.315
    885610     -64.725
    885620    -64.4482
    885630    -64.7248
    885640    -64.1133
    885650    -62.4281
    885660    -66.2808
    885670    -61.7999
    885680    -61.3157
    885690     -63.865
    885700    -59.4412
    885710    -60.3226
    885720    -59.5585
    885730    -63.5566
    885740    -57.4182
    885750    -62.4483
    885760    -61.3789
    885770    -62.4128
    885780    -61.3404
    885790    -64.5928
    885800    -61.4981
    885810    -61.3773
    885820    -60.4524
    885830    -60.9525
    885840    -59.6639
    885850    -68.5038
    885860    -61.6204
    885870    -64.9945
    885880    -63.7815
    885890    -64.7401
    885900    -61.7534
    885910    -58.5147
    885920    -58.8427
    885930    -62.6098
    885940     -61.018
    885950    -60.7101
    885960    -60.9081
    885970    -63.9385
    885980    -59.9124
    885990    -58.0693
    886000    -59.4934
    886010    -61.1757
    886020    -61.6248
    886030     -59.248
    886040    -61.6046
    886050    -60.1935
    886060    -62.4832
    886070    -61.9575
    886080    -63.5346
    886090    -63.6392
    886100    -59.8964
    886110    -62.3792
    886120    -62.3368
    886130    -63.3002
    886140    -61.5431
    886150     -60.311
    886160     -64.994
    886170    -62.1075
    886180    -60.3771
    886190    -63.4139
    886200    -64.0236
    886210     -58.953
    886220    -65.1963
    886230    -61.9504
    886240    -61.9897
    886250    -60.1499
    886260    -62.2401
    886270    -60.4566
    886280    -61.6988
    886290    -58.8087
    886300    -62.9908
    886310    -61.8718
    886320    -60.8228
    886330    -62.7953
    886340    -58.8272
    886350    -60.9536
    886360    -62.1613
    886370    -60.8081
    886380      -61.08
    886390    -60.6759
    886400    -62.0547
    886410    -57.6728
    886420    -64.0544
    886430    -62.0479
    886440    -64.2766
    886450    -60.2013
    886460    -61.5328
    886470     -63.697
    886480    -61.8267
    886490    -65.5241
    886500    -63.0101
    886510    -62.2135
    886520    -61.0083
    886530    -61.9216
    886540    -62.3727
    886550    -63.7853
    886560    -63.2134
    886570    -66.3882
    886580    -62.6338
    886590    -63.0173
    886600    -60.2773
    886610    -64.9343
    886620    -61.9837
    886630    -60.5949
    886640    -64.9112
    886650    -61.3042
    886660    -59.6125
    886670    -62.8419
    886680     -61.681
    886690    -61.5885
    886700    -59.6925
    886710    -61.0461
    886720     -61.977
    886730    -63.5569
    886740     -63.083
    886750    -61.0801
    886760    -60.8199
    886770    -61.5344
    886780    -62.1017
    886790    -62.2195
    886800    -61.9193
    886810    -60.3132
    886820    -58.5029
    886830    -56.7643
    886840    -62.2814
    886850    -60.8091
    886860    -59.9882
    886870    -62.9049
    886880    -62.7064
    886890     -59.645
    886900    -57.6663
    886910    -62.5497
    886920    -60.7762
    886930    -60.1327
    886940    -59.8877
    886950    -59.3693
    886960    -58.8943
    886970    -55.8917
    886980    -63.0764
    886990    -61.6607
    887000    -61.4083
    887010     -64.858
    887020    -58.4715
    887030     -62.552
    887040    -62.9126
    887050    -62.0292
    887060    -59.5452
    887070    -61.4853
    887080    -59.2537
    887090    -60.9039
    887100    -60.9206
    887110     -60.095
    887120      -61.35
    887130    -63.6298
    887140     -60.308
    887150    -61.9407
    887160    -56.0448
    887170    -60.1764
    887180    -63.7649
    887190    -62.6397
    887200    -59.3483
    887210    -63.5264
    887220      -64.92
    887230    -61.0397
    887240    -61.1465
    887250    -61.6999
    887260    -60.4206
    887270    -61.6409
    887280    -60.1105
    887290     -60.787
    887300    -63.1367
    887310    -61.8134
    887320     -58.732
    887330    -61.7383
    887340    -59.0124
    887350    -59.9434
    887360    -63.0058
    887370    -62.6036
    887380    -59.3804
    887390    -60.6857
    887400    -62.9007
    887410    -58.3719
    887420    -60.9309
    887430    -61.0767
    887440    -57.3735
    887450     -60.508
    887460    -62.9408
    887470    -61.6629
    887480    -62.4307
    887490    -66.5032
    887500    -62.0276
    887510    -56.6388
    887520    -60.8687
    887530    -61.5709
    887540    -55.1712
    887550    -63.9491
    887560    -62.9983
    887570    -64.2485
    887580    -57.6217
    887590    -59.6718
    887600    -60.2669
    887610    -58.1509
    887620    -60.4357
    887630    -60.9654
    887640    -61.7768
    887650    -58.3203
    887660    -64.6192
    887670    -63.2373
    887680    -57.7172
    887690    -59.7573
    887700    -59.7535
    887710     -60.485
    887720    -58.2365
    887730    -64.2358
    887740    -60.3436
    887750    -62.6115
    887760    -63.6116
    887770    -60.8289
    887780    -58.5306
    887790    -61.7056
    887800    -60.1969
    887810    -62.6912
    887820    -59.5859
    887830    -61.7102
    887840    -58.7436
    887850    -58.5053
    887860    -59.2355
    887870    -62.9774
    887880    -58.7264
    887890    -59.9619
    887900    -61.2509
    887910    -62.7318
    887920    -63.0159
    887930    -64.2139
    887940     -64.152
    887950    -64.9118
    887960    -59.6439
    887970     -63.452
    887980      -61.29
    887990    -61.1691
    888000    -57.1418
    888010    -62.3006
    888020    -64.4461
    888030    -60.1394
    888040    -58.1749
    888050    -57.7034
    888060     -62.463
    888070    -58.8045
    888080    -61.9967
    888090    -62.0842
    888100    -62.4347
    888110    -59.2888
    888120    -60.6975
    888130     -59.204
    888140    -57.2945
    888150    -62.8559
    888160    -62.9633
    888170    -65.1843
    888180     -61.093
    888190    -60.3298
    888200    -62.0225
    888210    -60.1402
    888220    -62.2816
    888230    -59.1931
    888240    -59.7561
    888250    -62.6195
    888260    -60.3957
    888270    -62.3883
    888280    -62.1889
    888290    -58.8019
    888300    -62.7224
    888310    -58.7261
    888320      -60.03
    888330    -59.0451
    888340    -61.4789
    888350    -63.3658
    888360    -61.1982
    888370    -58.8036
    888380    -63.9788
    888390    -61.7661
    888400    -61.1755
    888410    -61.6435
    888420    -60.2925
    888430    -64.4052
    888440    -64.1811
    888450    -59.2398
    888460    -61.2169
    888470    -64.4586
    888480    -62.8611
    888490    -60.7349
    888500    -60.9194
    888510    -63.3058
    888520    -60.1403
    888530    -62.6532
    888540    -60.3184
    888550      -60.85
    888560    -63.4024
    888570    -61.8353
    888580     -61.419
    888590     -60.659
    888600    -61.7374
    888610    -60.5055
    888620    -58.2627
    888630    -60.4854
    888640    -63.2678
    888650    -58.8447
    888660    -64.0113
    888670    -60.5464
    888680    -62.6502
    888690    -61.6172
    888700    -64.7051
    888710    -60.3854
    888720    -65.4429
    888730    -60.6314
    888740     -62.472
    888750    -63.5552
    888760    -63.9298
    888770    -63.2154
    888780    -62.0543
    888790    -61.3192
    888800     -61.621
    888810    -63.7276
    888820    -61.9883
    888830    -64.8606
    888840    -66.0461
    888850    -63.8628
    888860    -59.0206
    888870    -60.6879
    888880    -61.7375
    888890    -60.3322
    888900    -60.0892
    888910    -63.4398
    888920    -60.6923
    888930    -58.6249
    888940    -58.3428
    888950     -60.264
    888960    -58.6593
    888970    -60.0809
    888980    -61.1503
    888990    -60.6151
    889000    -61.8331
    889010    -68.0532
    889020    -62.3676
    889030    -61.9918
    889040     -63.036
    889050    -61.7212
    889060    -58.4654
    889070     -61.368
    889080    -62.9405
    889090    -60.5683
    889100    -61.3654
    889110    -65.9688
    889120    -60.5081
    889130    -61.9434
    889140    -62.9549
    889150    -62.3019
    889160    -63.0815
    889170    -60.9364
    889180    -62.1668
    889190    -62.0413
    889200    -60.8107
    889210    -62.7462
    889220    -59.9871
    889230    -62.4329
    889240    -62.3322
    889250    -63.5938
    889260    -61.3864
    889270    -64.7388
    889280    -58.6536
    889290    -62.2558
    889300    -63.2205
    889310    -60.1399
    889320    -62.0747
    889330    -61.2997
    889340    -58.4497
    889350    -59.8382
    889360    -59.6752
    889370    -62.3239
    889380    -58.4838
    889390    -57.2749
    889400    -57.9654
    889410    -59.4414
    889420    -59.6569
    889430    -57.0115
    889440    -56.1358
    889450    -60.4661
    889460    -57.9679
    889470    -59.4041
    889480    -60.4517
    889490     -59.585
    889500    -61.4236
    889510    -58.7528
    889520    -58.7467
    889530    -54.6868
    889540    -56.5984
    889550    -59.5209
    889560    -57.0476
    889570    -56.2868
    889580    -59.5237
    889590    -59.1084
    889600    -56.0264
    889610    -58.6814
    889620    -61.3433
    889630    -58.2327
    889640    -63.8723
    889650    -59.9455
    889660    -62.8537
    889670    -62.8359
    889680    -62.0896
    889690    -64.9685
    889700    -61.6438
    889710    -61.7728
    889720    -61.9387
    889730    -61.7978
    889740    -62.9677
    889750    -62.4992
    889760    -63.2268
    889770    -59.1341
    889780    -61.3625
    889790    -58.7693
    889800    -62.8885
    889810    -61.9582
    889820    -61.4916
    889830    -60.4148
    889840    -61.7652
    889850    -59.4412
    889860    -60.7631
    889870    -61.8032
    889880    -59.1238
    889890    -60.5657
    889900    -63.8283
    889910    -65.1045
    889920    -60.7705
    889930    -63.4094
    889940     -62.138
    889950    -59.3831
    889960    -64.1185
    889970    -63.1933
    889980    -62.3466
    889990    -56.5474
    890000    -62.1853
    890010    -60.0746
    890020    -62.9272
    890030    -63.1918
    890040    -60.5535
    890050    -61.2033
    890060    -60.5418
    890070    -60.9221
    890080     -61.933
    890090    -63.1894
    890100    -61.8959
    890110    -60.0054
    890120     -60.908
    890130    -62.8125
    890140     -61.302
    890150    -61.4766
    890160    -63.7224
    890170    -66.2793
    890180    -63.7794
    890190    -60.4045
    890200    -65.2234
    890210    -58.9262
    890220    -59.7123
    890230    -62.1418
    890240    -62.0974
    890250    -62.2228
    890260    -60.7492
    890270    -61.8276
    890280    -62.1474
    890290    -62.2376
    890300    -64.5006
    890310    -65.3839
    890320    -64.0159
    890330    -65.1121
    890340    -63.5702
    890350    -59.7201
    890360    -66.0957
    890370    -63.1323
    890380    -63.1918
    890390    -63.7291
    890400    -65.6415
    890410    -59.0017
    890420    -62.7313
    890430    -63.9627
    890440    -64.5688
    890450    -63.3074
    890460    -60.9531
    890470     -62.599
    890480    -58.5756
    890490    -62.5691
    890500    -64.2633
    890510    -62.3385
    890520    -63.5567
    890530    -64.1861
    890540    -62.2413
    890550    -59.9461
    890560    -61.8763
    890570    -64.0186
    890580    -62.7461
    890590    -63.8698
    890600    -62.1761
    890610    -64.1283
    890620    -64.5297
    890630    -63.0361
    890640    -63.8568
    890650    -61.4803
    890660    -60.0899
    890670    -66.2125
    890680    -61.6733
    890690    -62.8186
    890700    -64.4238
    890710     -57.917
    890720    -62.2828
    890730    -61.9851
    890740    -67.5158
    890750    -65.6871
    890760    -60.4264
    890770    -60.9567
    890780     -62.289
    890790    -62.4764
    890800    -60.6359
    890810    -59.1048
    890820    -61.1094
    890830    -62.9247
    890840    -60.6274
    890850    -57.2704
    890860    -62.4685
    890870    -61.7944
    890880    -63.5629
    890890     -62.779
    890900    -61.2027
    890910    -62.4403
    890920    -63.2617
    890930    -58.5582
    890940    -61.0461
    890950    -63.0722
    890960    -62.7762
    890970    -62.3771
    890980    -57.2141
    890990    -62.0362
    891000     -64.901
    891010    -63.5271
    891020    -58.8457
    891030     -60.852
    891040    -60.6935
    891050    -60.0985
    891060    -62.5957
    891070    -61.4728
    891080    -64.0184
    891090    -60.4884
    891100    -58.7651
    891110    -60.4532
    891120    -60.0312
    891130    -62.9133
    891140    -62.3532
    891150     -60.259
    891160    -62.5065
    891170    -64.1325
    891180    -63.4036
    891190     -60.686
    891200    -61.2052
    891210     -64.757
    891220    -63.3122
    891230    -59.9583
    891240    -61.4831
    891250    -61.0297
    891260    -58.7391
    891270    -58.8239
    891280    -63.4397
    891290    -63.7799
    891300    -59.2976
    891310    -57.3328
    891320    -60.9606
    891330     -56.194
    891340    -63.5825
    891350    -61.9694
    891360    -59.2683
    891370    -61.5915
    891380     -60.951
    891390    -62.0144
    891400    -62.1773
    891410    -64.1097
    891420    -61.7413
    891430    -58.5687
    891440    -63.9468
    891450    -63.4754
    891460    -61.3835
    891470      -60.51
    891480    -61.4294
    891490    -59.6737
    891500    -58.2086
    891510    -62.9382
    891520    -60.2509
    891530    -63.1101
    891540    -58.8038
    891550    -61.0969
    891560    -61.0969
    891570    -59.3895
    891580    -64.4004
    891590    -61.5745
    891600    -63.5554
    891610    -59.4946
    891620    -61.1869
    891630    -62.2548
    891640    -63.1229
    891650    -63.4557
    891660    -60.6705
    891670    -64.1292
    891680    -62.4474
    891690     -61.066
    891700    -61.4923
    891710    -57.9865
    891720    -63.5692
    891730    -63.8372
    891740    -64.5384
    891750    -62.2555
    891760    -64.0312
    891770    -62.4812
    891780    -66.1284
    891790    -59.1708
    891800    -62.5669
    891810    -62.7803
    891820    -65.8839
    891830    -63.5663
    891840    -62.2278
    891850    -62.2801
    891860    -63.5591
    891870    -58.1289
    891880    -60.6797
    891890    -59.3797
    891900    -61.6735
    891910    -59.0382
    891920    -66.0633
    891930    -60.6965
    891940    -58.7463
    891950    -61.2318
    891960    -63.4185
    891970    -60.5002
    891980    -58.6586
    891990    -63.2577
    892000    -64.6964
    892010    -60.2757
    892020    -58.9139
    892030    -59.9497
    892040     -63.138
    892050    -60.1329
    892060     -58.766
    892070    -58.5823
    892080    -58.9401
    892090    -65.1367
    892100    -59.5316
    892110    -62.7035
    892120    -61.9218
    892130    -60.6683
    892140    -62.4216
    892150    -59.3651
    892160    -60.6942
    892170    -59.8739
    892180    -61.3931
    892190    -61.0214
    892200    -58.6499
    892210    -57.2316
    892220    -64.8083
    892230    -59.3234
    892240    -65.5268
    892250    -64.5832
    892260    -59.1281
    892270    -63.1295
    892280    -65.4596
    892290    -59.7987
    892300    -59.3756
    892310    -56.8514
    892320    -63.5443
    892330    -60.8984
    892340    -60.0128
    892350     -59.133
    892360     -58.676
    892370    -63.2685
    892380    -59.1392
    892390    -65.3535
    892400    -60.6421
    892410    -61.8379
    892420    -63.2019
    892430    -53.9403
    892440    -59.8582
    892450    -57.6612
    892460    -64.4079
    892470    -66.0297
    892480    -62.0402
    892490    -61.2868
    892500     -66.784
    892510    -63.8487
    892520    -59.9937
    892530    -62.1946
    892540    -67.7311
    892550    -61.7779
    892560    -59.8144
    892570    -57.9686
    892580    -59.5565
    892590    -60.2431
    892600    -58.7483
    892610     -64.036
    892620    -57.3564
    892630    -57.1867
    892640    -59.7827
    892650    -59.2109
    892660    -59.5821
    892670    -61.9358
    892680    -60.3368
    892690    -65.7769
    892700    -59.6771
    892710      -60.88
    892720    -61.2476
    892730    -57.4716
    892740    -54.1307
    892750    -55.3023
    892760    -59.4155
    892770     -56.988
    892780    -65.1345
    892790     -65.407
    892800    -62.6571
    892810    -59.7885
    892820    -64.3827
    892830    -55.5157
    892840     -57.759
    892850    -57.3746
    892860    -59.9736
    892870    -62.1277
    892880    -58.0908
    892890     -59.083
    892900    -63.8198
    892910    -60.5694
    892920     -63.781
    892930    -58.3035
    892940    -64.6086
    892950    -64.4024
    892960    -57.5382
    892970    -59.4966
    892980    -58.9411
    892990    -58.8698
    893000    -56.7773
    893010    -57.6426
    893020    -56.3498
    893030    -57.3628
    893040     -61.213
    893050    -60.6807
    893060    -59.7658
    893070    -58.5382
    893080    -59.6163
    893090    -57.0109
    893100    -55.1784
    893110    -63.6401
    893120    -56.5983
    893130     -56.776
    893140    -60.5354
    893150    -61.3519
    893160    -56.9482
    893170    -57.6039
    893180    -56.7205
    893190    -54.0644
    893200    -62.8041
    893210    -57.9671
    893220    -59.4221
    893230    -61.5917
    893240    -57.1569
    893250     -58.126
    893260    -57.4885
    893270     -57.916
    893280     -60.582
    893290    -60.3809
    893300    -59.3045
    893310     -59.737
    893320    -59.3866
    893330    -56.8747
    893340    -62.0789
    893350    -59.7448
    893360    -57.5394
    893370    -59.2365
    893380    -61.8855
    893390    -58.2193
    893400    -59.5773
    893410    -57.1767
    893420    -57.5874
    893430    -59.8333
    893440    -59.3099
    893450    -56.6974
    893460     -58.023
    893470    -57.0351
    893480    -58.0843
    893490    -54.7777
    893500    -59.3192
    893510    -55.7611
    893520    -60.7914
    893530    -59.9451
    893540    -58.4344
    893550    -56.4123
    893560    -56.6239
    893570    -59.2581
    893580     -58.851
    893590    -57.2126
    893600    -57.9109
    893610    -58.7895
    893620    -57.2387
    893630    -56.5749
    893640    -59.6576
    893650    -58.1201
    893660    -58.2024
    893670    -58.0852
    893680    -59.2195
    893690    -61.9622
    893700    -59.4619
    893710    -61.9031
    893720    -61.4431
    893730    -59.6512
    893740    -60.7901
    893750     -64.034
    893760     -59.707
    893770    -60.9471
    893780    -61.6662
    893790     -60.626
    893800    -62.7114
    893810    -60.6879
    893820    -62.2465
    893830    -58.4953
    893840    -60.1809
    893850    -60.4155
    893860    -60.7391
    893870    -58.1597
    893880    -65.0939
    893890    -63.5977
    893900    -56.3755
    893910    -61.1179
    893920    -60.8878
    893930    -59.3925
    893940    -63.7733
    893950     -55.844
    893960    -63.2071
    893970    -60.6384
    893980      -61.43
    893990    -63.1973
    894000    -60.4508
    894010    -60.9234
    894020    -60.1772
    894030    -64.8013
    894040    -65.5806
    894050    -64.4361
    894060    -61.2594
    894070    -63.6523
    894080     -66.923
    894090    -62.0652
    894100    -62.7162
    894110    -61.3545
    894120    -65.6933
    894130    -62.8178
    894140    -62.6269
    894150    -58.7892
    894160    -63.2642
    894170    -58.4886
    894180    -64.0709
    894190    -64.3351
    894200    -62.2173
    894210     -61.492
    894220    -62.5412
    894230    -60.0732
    894240    -60.3473
    894250    -62.9348
    894260    -62.3885
    894270    -61.5291
    894280    -60.6802
    894290    -61.5069
    894300    -60.2055
    894310    -62.2825
    894320    -61.9199
    894330    -66.3079
    894340    -61.1495
    894350    -57.8929
    894360    -62.5592
    894370    -61.3702
    894380    -60.6359
    894390    -59.4061
    894400    -63.4855
    894410    -60.9382
    894420    -59.5361
    894430    -62.1926
    894440    -58.5511
    894450    -55.5396
    894460    -57.0555
    894470    -59.0623
    894480    -53.7934
    894490    -58.0587
    894500    -59.6181
    894510    -61.9741
    894520    -58.4392
    894530    -61.3006
    894540    -60.3782
    894550    -59.2521
    894560    -57.8281
    894570    -59.2908
    894580    -61.6697
    894590    -60.5165
    894600      -60.24
    894610    -60.9071
    894620    -59.2117
    894630     -63.753
    894640    -62.7057
    894650    -60.8841
    894660    -62.8616
    894670    -56.6809
    894680    -59.3554
    894690    -57.6158
    894700    -58.8004
    894710    -55.1113
    894720    -58.2225
    894730    -56.4878
    894740    -59.1705
    894750    -61.8802
    894760    -60.2922
    894770    -55.8509
    894780    -62.4171
    894790    -58.0821
    894800    -58.3526
    894810     -61.024
    894820    -56.5358
    894830    -60.9371
    894840    -59.7981
    894850    -56.5733
    894860    -57.1795
    894870    -55.7984
    894880    -58.2545
    894890    -59.9617
    894900    -61.9521
    894910    -60.8436
    894920    -60.9086
    894930    -62.9857
    894940    -56.2694
    894950    -61.2977
    894960    -63.8078
    894970    -58.8468
    894980     -61.853
    894990    -56.0552
    895000    -58.4919
    895010    -60.1703
    895020    -61.9193
    895030    -54.9201
    895040     -56.071
    895050    -55.5337
    895060    -62.3883
    895070     -56.262
    895080    -57.7329
    895090    -61.2426
    895100    -55.5894
    895110    -59.6981
    895120    -61.1993
    895130    -60.7291
    895140    -61.7895
    895150    -58.7615
    895160    -57.0979
    895170    -60.1231
    895180     -62.908
    895190    -56.9339
    895200    -59.5197
    895210    -56.0526
    895220    -61.5077
    895230    -59.2953
    895240    -61.0573
    895250    -60.7134
    895260    -61.8628
    895270    -56.8116
    895280    -61.4139
    895290    -57.0225
    895300    -60.2335
    895310    -58.6044
    895320    -55.9292
    895330    -58.7272
    895340    -59.3781
    895350    -56.5333
    895360    -57.0711
    895370    -57.4466
    895380    -59.6382
    895390    -60.5433
    895400    -57.5031
    895410    -56.3817
    895420    -57.5834
    895430    -60.2764
    895440    -59.8652
    895450    -63.0047
    895460    -57.3701
    895470     -58.376
    895480    -58.3215
    895490     -59.664
    895500    -59.6254
    895510    -56.6308
    895520    -55.9217
    895530    -57.0057
    895540    -58.0136
    895550    -59.7286
    895560    -62.8493
    895570    -57.0224
    895580    -58.6294
    895590    -57.9882
    895600    -58.8541
    895610    -57.7537
    895620    -60.9596
    895630    -63.0588
    895640    -63.3519
    895650    -57.6724
    895660    -59.1052
    895670     -60.128
    895680     -61.644
    895690    -57.2857
    895700      -59.84
    895710    -58.2099
    895720    -60.7571
    895730    -59.0158
    895740    -63.2807
    895750    -61.0784
    895760    -64.8297
    895770    -58.5119
    895780    -61.3135
    895790      -62.24
    895800    -64.1474
    895810    -61.3204
    895820    -59.5114
    895830     -58.912
    895840    -59.8006
    895850    -59.1649
    895860    -62.3827
    895870    -63.4891
    895880    -61.7169
    895890    -58.9372
    895900     -62.297
    895910    -62.3808
    895920    -62.7239
    895930    -58.5914
    895940     -64.406
    895950    -59.5497
    895960    -59.3903
    895970    -59.8235
    895980    -59.5944
    895990    -60.4473
    896000    -56.4316
    896010    -58.7125
    896020    -60.5208
    896030    -64.2271
    896040    -58.5464
    896050    -64.7819
    896060    -61.0336
    896070     -63.987
    896080    -63.3266
    896090    -62.5287
    896100    -61.0593
    896110    -55.4677
    896120    -60.1046
    896130    -60.8557
    896140    -63.1357
    896150    -63.9466
    896160    -60.2132
    896170    -60.8543
    896180    -59.3836
    896190    -61.4097
    896200    -64.7725
    896210    -64.9083
    896220    -62.3976
    896230    -65.2324
    896240    -60.7273
    896250    -61.1596
    896260    -61.2013
    896270    -66.5891
    896280    -59.5522
    896290    -63.6527
    896300    -60.7426
    896310    -59.9195
    896320    -63.4241
    896330     -60.856
    896340    -63.4589
    896350    -60.5231
    896360    -61.4824
    896370    -62.5159
    896380    -59.2621
    896390    -62.1521
    896400    -60.9541
    896410    -62.7353
    896420    -59.9309
    896430    -59.8449
    896440    -61.8863
    896450    -60.6834
    896460    -63.4383
    896470     -58.262
    896480    -60.1844
    896490    -62.3342
    896500    -58.5478
    896510    -61.3751
    896520    -63.2876
    896530    -61.1767
    896540    -60.3089
    896550    -61.8798
    896560    -62.7255
    896570    -59.7913
    896580    -61.0136
    896590    -61.0693
    896600    -61.8502
    896610    -65.9137
    896620    -61.9647
    896630    -59.9239
    896640    -60.7531
    896650    -62.1494
    896660    -60.2517
    896670    -62.1877
    896680    -60.9156
    896690    -63.3155
    896700    -55.3155
    896710    -62.5663
    896720    -59.3818
    896730    -57.4005
    896740    -57.0789
    896750    -57.7658
    896760    -58.5218
    896770    -57.4152
    896780    -56.9481
    896790    -58.9728
    896800     -57.821
    896810    -64.8666
    896820    -61.4209
    896830    -61.6418
    896840    -64.2473
    896850    -58.3441
    896860    -58.5402
    896870    -65.4172
    896880    -59.3852
    896890    -59.4019
    896900     -61.041
    896910    -61.3558
    896920    -59.7703
    896930    -59.8008
    896940    -60.1306
    896950    -60.4634
    896960    -60.9869
    896970    -60.8595
    896980    -59.2533
    896990    -59.2824
    897000    -58.9621
    897010    -57.4764
    897020    -57.0098
    897030     -59.248
    897040     -63.586
    897050    -64.6701
    897060     -60.972
    897070    -65.0324
    897080     -61.553
    897090    -59.9799
    897100    -63.4211
    897110    -56.1309
    897120    -61.8494
    897130    -62.9246
    897140    -62.1452
    897150    -65.8305
    897160    -60.5388
    897170    -58.8376
    897180    -65.3428
    897190    -63.6248
    897200    -58.6301
    897210    -57.6975
    897220    -63.4112
    897230     -61.479
    897240    -60.3221
    897250    -60.8064
    897260    -60.4701
    897270    -60.9376
    897280    -59.7232
    897290    -58.9685
    897300    -68.7886
    897310    -61.0591
    897320    -61.4363
    897330    -63.4527
    897340    -60.4235
    897350    -61.1091
    897360    -60.2695
    897370    -57.2856
    897380    -60.3357
    897390      -60.59
    897400     -61.148
    897410    -59.0919
    897420    -58.0449
    897430    -58.6562
    897440    -61.2576
    897450    -60.1877
    897460    -58.7326
    897470    -59.5912
    897480    -60.4036
    897490    -60.9495
    897500    -62.6226
    897510    -63.5491
    897520    -60.0138
    897530    -60.8554
    897540    -57.2288
    897550     -60.255
    897560     -59.045
    897570    -55.8745
    897580    -62.4416
    897590    -56.4869
    897600     -60.246
    897610    -60.8449
    897620    -62.5656
    897630    -61.9243
    897640    -61.0967
    897650    -61.7749
    897660    -63.9867
    897670    -64.5172
    897680    -61.2012
    897690    -64.3564
    897700    -64.6463
    897710    -63.8786
    897720    -60.1909
    897730    -63.1309
    897740    -62.5742
    897750    -59.8936
    897760    -67.1889
    897770    -63.9695
    897780     -62.837
    897790    -61.8769
    897800    -59.8932
    897810    -63.8935
    897820    -64.8579
    897830    -60.3305
    897840    -61.5838
    897850    -63.3103
    897860    -63.5787
    897870    -68.5153
    897880     -62.801
    897890    -61.8352
    897900    -63.2335
    897910    -61.4298
    897920    -59.7098
    897930    -58.1616
    897940    -61.3036
    897950    -63.7035
    897960      -61.09
    897970    -62.6343
    897980    -58.4003
    897990    -58.3633
    898000    -63.1511
    898010    -57.1251
    898020    -61.2703
    898030    -59.8805
    898040    -61.9537
    898050    -61.0903
    898060    -58.2252
    898070    -60.2798
    898080    -60.5332
    898090    -65.1583
    898100    -61.7089
    898110    -59.3206
    898120    -62.3084
    898130    -57.3986
    898140     -58.493
    898150    -59.6849
    898160    -56.9667
    898170    -60.9231
    898180    -65.0252
    898190    -58.1522
    898200    -58.5883
    898210    -59.8282
    898220     -58.401
    898230    -61.8026
    898240    -59.8423
    898250    -63.5834
    898260    -56.9106
    898270    -56.5639
    898280     -59.262
    898290    -56.1895
    898300     -58.879
    898310    -61.1152
    898320    -60.4419
    898330    -58.4342
    898340     -63.109
    898350    -59.9613
    898360    -61.5189
    898370    -61.0599
    898380    -62.0693
    898390    -58.8462
    898400    -63.2285
    898410    -60.1027
    898420    -60.9663
    898430    -57.8327
    898440    -61.4021
    898450    -59.8596
    898460    -60.6486
    898470    -60.5686
    898480    -61.2819
    898490    -59.7896
    898500    -65.1414
    898510    -61.7667
    898520    -62.8974
    898530    -60.2415
    898540    -61.6717
    898550    -62.7374
    898560    -59.7637
    898570    -61.7378
    898580    -61.1444
    898590     -60.482
    898600    -61.0806
    898610     -62.092
    898620     -62.665
    898630    -60.4991
    898640    -62.0655
    898650    -60.4115
    898660    -58.1518
    898670     -62.584
    898680     -61.353
    898690    -60.4319
    898700    -62.1693
    898710    -61.8187
    898720    -63.0667
    898730    -60.6486
    898740    -58.5133
    898750    -64.7109
    898760    -65.0341
    898770    -60.5115
    898780    -61.3789
    898790    -60.9289
    898800    -61.8221
    898810    -62.2037
    898820    -66.8391
    898830    -56.8724
    898840    -63.4237
    898850    -61.5747
    898860    -62.2369
    898870    -62.5715
    898880    -63.2348
    898890    -62.4086
    898900    -61.3041
    898910    -59.6325
    898920    -59.6227
    898930    -61.8332
    898940    -59.8493
    898950    -63.4513
    898960     -62.107
    898970    -63.1702
    898980    -59.3172
    898990    -61.3194
    899000    -60.0253
    899010    -59.3675
    899020    -59.3234
    899030    -60.5372
    899040    -61.9572
    899050    -59.1825
    899060    -59.7882
    899070    -59.1799
    899080    -64.2942
    899090    -59.6055
    899100    -63.7114
    899110    -59.0125
    899120    -61.5653
    899130    -58.6446
    899140    -63.2844
    899150    -59.9646
    899160    -60.4243
    899170    -61.2148
    899180    -61.5006
    899190    -58.8223
    899200    -54.9075
    899210    -60.5215
    899220     -61.783
    899230    -58.5412
    899240    -60.1904
    899250    -60.1426
    899260    -60.3214
    899270     -57.672
    899280    -58.3443
    899290    -61.4406
    899300     -60.723
    899310    -67.6179
    899320    -62.6433
    899330    -59.1376
    899340    -63.5387
    899350    -62.3082
    899360    -57.8383
    899370    -62.7858
    899380    -58.3473
    899390    -59.5672
    899400     -59.164
    899410    -56.9868
    899420    -60.0392
    899430    -59.5791
    899440    -60.8501
    899450    -62.9399
    899460    -60.8623
    899470    -61.3249
    899480    -60.1676
    899490    -63.9766
    899500    -63.8319
    899510    -54.5903
    899520     -60.788
    899530    -60.1315
    899540    -60.9988
    899550    -59.5612
    899560     -62.874
    899570    -57.5389
    899580    -59.7283
    899590    -63.2334
    899600    -58.9492
    899610    -59.8978
    899620    -57.4046
    899630    -62.3209
    899640    -59.8996
    899650    -60.3958
    899660    -58.9071
    899670    -62.5527
    899680    -63.5106
    899690    -60.1396
    899700    -61.2291
    899710    -62.8417
    899720    -59.1693
    899730    -60.3071
    899740    -65.2164
    899750    -64.3423
    899760    -59.1503
    899770    -59.9725
    899780    -61.1106
    899790    -62.5024
    899800    -58.0662
    899810      -63.79
    899820    -62.3659
    899830    -63.1861
    899840    -59.8933
    899850     -59.022
    899860    -65.4318
    899870    -62.2103
    899880    -58.6608
    899890    -61.0432
    899900    -56.6545
    899910    -63.0356
    899920    -61.5403
    899930    -60.8019
    899940    -61.1147
    899950    -59.3085
    899960    -60.7551
    899970    -62.5583
    899980    -63.8455
    899990     -64.871
    900000    -62.6825
    900010    -67.1759
    900020    -60.6536
    900030    -62.3798
    900040    -63.4407
    900050    -59.2963
    900060    -64.8771
    900070    -61.4037
    900080    -61.2298
    900090    -61.8779
    900100     -62.473
    900110    -64.7229
    900120    -60.8202
    900130    -61.5883
    900140     -63.242
    900150     -59.863
    900160    -64.7727
    900170    -58.6379
    900180    -62.5441
    900190    -62.6141
    900200    -61.0786
    900210    -63.6244
    900220    -59.8002
    900230    -58.8289
    900240     -56.842
    900250    -59.6041
    900260    -61.6722
    900270    -59.8766
    900280     -60.918
    900290    -61.2153
    900300    -59.8969
    900310    -59.1166
    900320    -61.5848
    900330    -61.1863
    900340    -62.6787
    900350    -60.9593
    900360    -60.6474
    900370    -60.6518
    900380    -60.9775
    900390    -61.1963
    900400    -61.4472
    900410    -58.3152
    900420    -60.9347
    900430    -60.7314
    900440    -61.6476
    900450     -58.012
    900460    -58.2231
    900470    -58.6961
    900480    -62.8605
    900490    -58.6463
    900500    -59.2538
    900510    -58.8731
    900520    -58.9502
    900530    -60.6297
    900540    -63.3935
    900550    -61.1227
    900560    -60.9363
    900570    -57.5501
    900580    -56.9628
    900590    -60.2961
    900600    -57.6153
    900610    -61.5301
    900620    -60.2885
    900630    -60.7088
    900640    -56.5828
    900650    -59.3239
    900660    -57.8369
    900670    -63.3066
    900680    -61.5581
    900690    -59.1678
    900700    -62.0154
    900710    -59.1498
    900720    -62.3626
    900730    -60.8359
    900740    -60.6445
    900750    -56.3668
    900760    -62.3777
    900770    -62.9951
    900780    -61.7146
    900790    -62.7543
    900800    -59.3456
    900810    -61.4353
    900820    -57.9999
    900830    -62.0746
    900840    -57.3288
    900850    -61.4237
    900860    -58.4305
    900870    -55.8028
    900880    -62.3024
    900890    -58.9184
    900900     -66.631
    900910    -62.2959
    900920      -65.51
    900930    -68.5109
    900940    -65.2296
    900950    -61.8438
    900960    -62.8895
    900970    -61.9792
    900980    -59.4178
    900990    -62.3342
    901000    -60.7657
    901010    -62.1614
    901020    -60.1183
    901030    -62.8074
    901040    -65.2529
    901050    -59.6838
    901060    -61.6957
    901070    -60.5876
    901080    -64.0318
    901090    -61.4608
    901100    -60.5594
    901110    -60.4693
    901120    -61.3113
    901130    -59.8634
    901140    -63.6604
    901150    -63.9911
    901160    -64.4553
    901170    -60.1848
    901180    -59.8822
    901190    -60.2202
    901200    -63.8455
    901210    -64.4286
    901220    -60.5753
    901230    -65.6902
    901240      -57.72
    901250    -63.7069
    901260    -65.3056
    901270    -58.7507
    901280    -55.9766
    901290    -60.7741
    901300    -60.7191
    901310    -63.3761
    901320    -62.1606
    901330    -62.1033
    901340    -59.4457
    901350    -61.4361
    901360    -61.0502
    901370    -59.5939
    901380    -59.5364
    901390    -60.6513
    901400    -62.2611
    901410    -61.6114
    901420    -64.4452
    901430    -65.6925
    901440    -63.0155
    901450    -64.6096
    901460    -65.4426
    901470    -61.9027
    901480    -60.2708
    901490    -64.3801
    901500    -61.0674
    901510    -62.1044
    901520    -65.2876
    901530    -64.1016
    901540    -57.0253
    901550    -62.9739
    901560     -62.068
    901570    -59.4345
    901580    -60.6353
    901590    -66.0774
    901600    -64.3164
    901610    -63.9246
    901620    -63.5635
    901630     -63.765
    901640     -61.844
    901650     -61.249
    901660    -63.3021
    901670    -58.6623
    901680    -60.5715
    901690    -64.8999
    901700    -59.8372
    901710    -63.8381
    901720    -61.1167
    901730    -58.6894
    901740    -61.3797
    901750    -60.0756
    901760    -55.9887
    901770    -59.7095
    901780    -59.8957
    901790    -56.8155
    901800    -57.9569
    901810    -60.3206
    901820    -59.1188
    901830    -62.5384
    901840    -63.2232
    901850    -58.5211
    901860    -61.4662
    901870    -60.5916
    901880    -62.7283
    901890    -58.4494
    901900    -61.6368
    901910    -58.9213
    901920    -60.2782
    901930    -58.4016
    901940    -57.5262
    901950    -56.2807
    901960    -61.1156
    901970    -61.4278
    901980    -58.5241
    901990    -61.0397
    902000     -57.778
    902010    -60.0148
    902020    -55.7384
    902030    -60.8458
    902040    -62.2397
    902050    -57.9022
    902060    -59.1322
    902070    -60.0229
    902080    -57.4488
    902090    -59.4517
    902100    -63.8138
    902110    -63.0632
    902120    -58.6145
    902130    -59.2151
    902140    -59.8354
    902150    -60.9318
    902160    -64.2516
    902170    -60.9735
    902180    -58.8004
    902190    -60.2122
    902200    -61.1446
    902210    -60.5341
    902220    -60.0603
    902230    -60.4145
    902240    -59.6899
    902250    -63.8031
    902260    -59.3087
    902270     -55.925
    902280    -60.3029
    902290    -60.1622
    902300    -59.7608
    902310     -62.944
    902320     -62.896
    902330    -56.0702
    902340    -60.3124
    902350    -61.4906
    902360     -60.809
    902370    -61.2959
    902380    -60.3072
    902390    -59.2578
    902400    -61.4327
    902410    -58.1147
    902420    -63.6837
    902430    -59.6077
    902440    -62.9142
    902450     -62.738
    902460    -62.6672
    902470    -58.1152
    902480     -59.256
    902490    -60.3214
    902500     -61.383
    902510     -64.487
    902520    -59.2362
    902530    -58.9376
    902540    -59.4342
    902550    -62.6582
    902560    -61.9796
    902570    -65.3527
    902580    -61.1307
    902590    -62.4634
    902600    -60.8348
    902610    -59.8256
    902620     -59.251
    902630    -62.0112
    902640    -57.9628
    902650    -60.1227
    902660    -56.9392
    902670    -59.2351
    902680    -62.3863
    902690    -58.3188
    902700    -61.5632
    902710     -63.556
    902720    -59.9569
    902730    -62.0838
    902740     -58.246
    902750    -55.5285
    902760    -59.3847
    902770    -58.9444
    902780    -61.3637
    902790    -57.0962
    902800    -59.3113
    902810    -59.5925
    902820    -59.7639
    902830    -59.6506
    902840    -61.6394
    902850    -61.5752
    902860    -60.0433
    902870    -59.3261
    902880    -60.3591
    902890    -59.9238
    902900    -60.6599
    902910    -59.3956
    902920    -60.7014
    902930    -59.5733
    902940    -59.7195
    902950    -63.7703
    902960    -60.9651
    902970     -61.954
    902980    -56.0358
    902990    -60.2221
    903000    -60.6248
    903010    -64.9523
    903020    -60.0168
    903030     -64.156
    903040    -57.9946
    903050    -57.6211
    903060    -58.8893
    903070      -58.48
    903080    -62.8009
    903090    -57.5928
    903100    -59.3776
    903110    -65.6918
    903120    -61.1032
    903130    -66.5532
    903140    -59.6603
    903150    -60.5604
    903160    -63.8333
    903170    -62.3899
    903180    -64.4616
    903190    -62.8823
    903200    -63.8977
    903210    -62.2015
    903220    -59.3337
    903230    -61.2348
    903240     -66.268
    903250    -63.7458
    903260     -64.116
    903270    -65.5499
    903280    -61.9532
    903290    -61.5389
    903300     -61.177
    903310    -61.8626
    903320    -58.6074
    903330    -62.7924
    903340    -58.5016
    903350    -59.8504
    903360    -64.4147
    903370    -63.0969
    903380    -60.8189
    903390    -63.3099
    903400    -64.5098
    903410    -62.5456
    903420    -60.4203
    903430    -63.0223
    903440    -64.7058
    903450    -60.3698
    903460    -57.4537
    903470    -62.0598
    903480    -59.0689
    903490    -60.5769
    903500    -62.8793
    903510    -63.8833
    903520    -55.8436
    903530    -58.0213
    903540     -57.765
    903550    -61.7507
    903560    -62.4471
    903570    -64.3505
    903580    -63.1773
    903590    -60.9494
    903600    -62.8719
    903610    -56.4015
    903620    -61.5935
    903630    -61.0013
    903640    -60.9798
    903650    -57.9241
    903660    -63.0892
    903670    -58.9742
    903680    -61.6444
    903690    -60.8827
    903700     -62.604
    903710    -59.6087
    903720    -62.8462
    903730    -61.9149
    903740    -62.8745
    903750    -61.3704
    903760    -57.2814
    903770    -58.4093
    903780    -61.3712
    903790    -59.1143
    903800    -62.8372
    903810     -58.567
    903820    -62.8803
    903830    -58.1158
    903840    -61.1666
    903850    -61.3847
    903860    -61.5664
    903870    -58.1019
    903880    -65.9408
    903890    -59.6795
    903900    -59.7738
    903910    -59.1228
    903920    -59.3174
    903930    -60.7622
    903940    -63.5621
    903950    -59.7692
    903960    -61.4155
    903970    -58.9403
    903980    -64.6318
    903990    -59.5083
    904000    -63.4259
    904010    -61.1082
    904020    -57.8099
    904030    -60.9017
    904040    -62.8409
    904050    -60.7284
    904060    -62.4263
    904070    -58.6699
    904080    -59.7693
    904090    -58.1287
    904100    -61.8566
    904110    -63.5591
    904120    -59.6481
    904130    -58.5135
    904140    -60.0761
    904150    -59.5816
    904160    -59.5703
    904170    -58.9618
    904180    -60.9515
    904190    -62.7273
    904200    -57.1287
    904210    -58.8271
    904220    -59.9458
    904230     -60.785
    904240    -61.0359
    904250    -61.1507
    904260    -59.9141
    904270    -64.1127
    904280    -59.1092
    904290    -58.3475
    904300    -57.6442
    904310     -58.379
    904320    -58.1471
    904330    -59.0089
    904340    -59.3076
    904350    -58.9215
    904360     -62.418
    904370    -62.8604
    904380    -60.1081
    904390    -63.6147
    904400    -61.5956
    904410    -57.8233
    904420    -61.8743
    904430    -60.9018
    904440    -64.2175
    904450     -54.404
    904460    -60.4126
    904470    -58.2456
    904480    -59.9596
    904490    -55.8703
    904500    -56.4586
    904510    -60.4335
    904520    -60.2932
    904530    -59.0001
    904540     -59.667
    904550    -58.5064
    904560    -57.3322
    904570    -60.9516
    904580    -57.8557
    904590    -62.1269
    904600    -62.8418
    904610     -57.933
    904620    -59.7304
    904630    -59.5806
    904640    -65.4477
    904650    -63.1038
    904660    -61.4018
    904670    -56.9098
    904680     -61.234
    904690    -59.6195
    904700    -58.6577
    904710    -58.1627
    904720    -58.3771
    904730    -58.0468
    904740    -58.8177
    904750    -57.6311
    904760    -59.5991
    904770    -59.8752
    904780    -58.9568
    904790     -60.188
    904800    -63.9319
    904810    -62.3615
    904820    -58.0096
    904830    -65.5899
    904840    -65.4524
    904850    -60.1658
    904860    -61.1458
    904870    -59.8644
    904880    -60.5238
    904890     -60.285
    904900      -61.11
    904910    -61.5763
    904920    -61.2381
    904930    -61.6797
    904940    -61.5284
    904950    -63.4057
    904960    -62.1051
    904970    -60.4364
    904980    -62.4988
    904990    -66.3077
    905000    -62.7956
    905010    -59.2196
    905020    -61.6581
    905030    -60.1395
    905040    -58.9783
    905050    -57.7835
    905060    -61.0114
    905070    -60.0754
    905080    -58.2173
    905090     -60.213
    905100    -59.1563
    905110    -60.2617
    905120    -58.6266
    905130    -59.3568
    905140    -62.1923
    905150    -64.3523
    905160    -61.6569
    905170    -63.0802
    905180    -64.5799
    905190    -58.5588
    905200    -63.4247
    905210    -59.9144
    905220    -66.8894
    905230     -64.186
    905240    -62.9711
    905250    -62.7752
    905260    -61.9332
    905270    -61.0357
    905280     -60.838
    905290    -62.7069
    905300     -61.615
    905310    -60.9366
    905320    -64.5605
    905330    -62.0133
    905340    -61.3967
    905350    -62.9771
    905360    -58.6912
    905370    -59.3575
    905380    -61.6752
    905390    -61.7133
    905400    -60.9205
    905410    -62.7037
    905420    -61.0848
    905430    -60.9536
    905440    -60.3091
    905450    -65.2228
    905460    -61.4832
    905470    -62.5365
    905480    -63.4838
    905490    -65.0423
    905500    -62.7679
    905510     -60.689
    905520    -61.1605
    905530    -62.4912
    905540      -62.56
    905550    -64.2627
    905560    -62.7433
    905570    -63.8161
    905580    -58.8145
    905590    -59.9711
    905600    -60.8414
    905610    -58.5657
    905620    -62.5569
    905630    -60.1367
    905640    -61.3595
    905650    -63.7261
    905660    -62.1148
    905670    -62.0624
    905680    -62.3985
    905690    -61.4618
    905700    -64.1709
    905710    -61.4451
    905720    -59.6838
    905730    -57.6436
    905740    -66.1758
    905750    -60.7327
    905760    -63.7441
    905770    -61.4861
    905780     -59.983
    905790     -61.741
    905800    -63.7149
    905810    -61.6855
    905820    -57.8919
    905830    -59.9817
    905840    -60.8829
    905850     -58.323
    905860    -60.4984
    905870     -60.614
    905880    -61.9364
    905890    -60.0947
    905900    -59.6766
    905910    -62.7096
    905920     -62.501
    905930    -63.0307
    905940    -62.2655
    905950    -60.7999
    905960    -57.9233
    905970    -61.8868
    905980    -59.3488
    905990    -62.9774
    906000    -59.4029
    906010    -59.5361
    906020    -59.8126
    906030    -63.2429
    906040    -62.2018
    906050    -61.1494
    906060    -62.6716
    906070    -58.5409
    906080     -63.482
    906090    -59.4173
    906100    -58.3443
    906110    -59.0845
    906120    -61.3389
    906130    -60.5677
    906140      -59.71
    906150    -59.7331
    906160    -62.3825
    906170    -61.7315
    906180    -62.9611
    906190    -60.3953
    906200    -64.8839
    906210    -61.3395
    906220    -59.6312
    906230    -61.7918
    906240    -60.5867
    906250    -55.5919
    906260    -61.2426
    906270    -63.3167
    906280    -61.8951
    906290    -65.6281
    906300    -62.5687
    906310    -56.9486
    906320    -58.5289
    906330    -63.6323
    906340    -62.7185
    906350    -61.8654
    906360    -62.1619
    906370    -60.7193
    906380    -59.0602
    906390    -62.1432
    906400    -59.2065
    906410    -61.2994
    906420    -64.4857
    906430     -62.144
    906440     -60.452
    906450    -57.4662
    906460    -61.3994
    906470    -60.5232
    906480    -61.4075
    906490    -65.1762
    906500    -59.2828
    906510    -65.6031
    906520    -62.4312
    906530    -56.6482
    906540    -57.9496
    906550    -56.6044
    906560    -60.8844
    906570    -59.3376
    906580     -57.534
    906590    -60.0471
    906600    -60.0144
    906610    -61.4603
    906620    -59.5847
    906630    -62.8246
    906640    -64.4604
    906650    -62.1333
    906660    -56.1032
    906670    -59.0858
    906680    -62.0959
    906690    -62.6744
    906700    -61.6525
    906710    -61.7172
    906720    -62.7205
    906730    -62.2725
    906740    -55.2608
    906750    -57.5479
    906760    -57.3103
    906770    -59.6815
    906780    -61.0359
    906790     -58.683
    906800    -58.0838
    906810    -57.4053
    906820    -61.5227
    906830    -57.3452
    906840    -57.2334
    906850    -57.1218
    906860    -61.4599
    906870    -54.8428
    906880    -58.9598
    906890    -59.9176
    906900    -58.9582
    906910    -63.5134
    906920    -59.1466
    906930    -59.5138
    906940    -60.2016
    906950    -57.9981
    906960    -59.8466
    906970    -59.1737
    906980    -60.2196
    906990    -60.6806
    907000    -60.4407
    907010    -55.7317
    907020    -61.1307
    907030    -63.4393
    907040    -59.9939
    907050    -58.9152
    907060    -56.5058
    907070     -58.752
    907080    -58.5739
    907090    -59.1907
    907100     -59.868
    907110     -59.092
    907120    -58.3715
    907130    -57.2828
    907140     -55.088
    907150      -57.77
    907160    -55.6701
    907170    -56.3418
    907180    -53.8874
    907190    -60.5334
    907200    -62.8336
    907210    -57.7911
    907220    -59.2316
    907230    -58.1762
    907240    -61.9107
    907250     -56.805
    907260    -58.9671
    907270    -60.6889
    907280    -59.0992
    907290    -61.8208
    907300     -56.339
    907310    -56.6793
    907320    -63.7651
    907330    -57.8483
    907340    -60.9631
    907350    -58.5135
    907360    -57.9156
    907370    -56.4502
    907380    -54.5929
    907390    -60.8576
    907400    -57.6155
    907410    -56.1314
    907420    -61.4205
    907430    -59.8763
    907440    -59.7096
    907450    -61.0553
    907460    -56.5339
    907470    -57.1387
    907480    -63.8951
    907490    -61.6107
    907500    -64.1629
    907510    -59.7464
    907520    -63.6472
    907530    -60.3184
    907540    -62.4203
    907550     -57.583
    907560    -65.2863
    907570    -63.4204
    907580     -57.248
    907590    -63.5168
    907600    -62.4995
    907610    -60.4083
    907620    -61.2847
    907630    -58.9618
    907640    -58.4947
    907650    -57.9374
    907660    -57.0634
    907670    -58.6396
    907680    -62.9151
    907690    -60.8711
    907700    -63.5418
    907710    -61.3305
    907720    -61.7663
    907730    -61.9092
    907740    -59.3168
    907750    -57.3738
    907760    -64.5336
    907770    -58.6532
    907780    -58.9819
    907790    -55.4952
    907800    -61.8898
    907810     -63.086
    907820    -62.6113
    907830    -61.2372
    907840    -62.4658
    907850     -61.173
    907860    -57.8656
    907870    -56.4062
    907880    -56.5371
    907890    -56.9922
    907900    -58.7312
    907910    -61.7858
    907920     -61.075
    907930     -59.974
    907940    -64.9883
    907950    -66.3582
    907960    -61.2708
    907970     -58.684
    907980    -61.3815
    907990    -60.5419
    908000    -61.8744
    908010    -61.4073
    908020    -60.7387
    908030    -61.0396
    908040    -65.8215
    908050    -62.9037
    908060    -60.7489
    908070    -59.5863
    908080    -59.6778
    908090    -59.7911
    908100    -59.3621
    908110      -59.01
    908120    -55.8566
    908130    -59.8278
    908140    -58.1775
    908150    -57.6414
    908160    -61.4701
    908170    -55.9745
    908180    -57.1068
    908190    -58.2318
    908200    -58.3329
    908210    -55.4882
    908220    -59.5959
    908230    -59.0832
    908240    -61.3052
    908250    -58.8965
    908260    -59.0469
    908270    -61.8364
    908280    -60.1749
    908290     -58.852
    908300    -66.7777
    908310    -60.2824
    908320    -61.5448
    908330    -58.3104
    908340    -62.4748
    908350    -56.6066
    908360    -62.7031
    908370    -63.2761
    908380      -58.91
    908390    -59.9168
    908400    -61.4879
    908410    -58.8947
    908420    -58.9987
    908430    -60.6674
    908440    -59.5502
    908450     -57.799
    908460    -59.3622
    908470    -61.7046
    908480    -62.2597
    908490    -61.3374
    908500     -59.687
    908510    -59.0282
    908520    -56.6132
    908530    -60.5126
    908540    -58.1869
    908550    -61.1278
    908560    -59.7252
    908570    -58.0346
    908580    -58.2761
    908590    -58.2053
    908600    -59.6874
    908610    -59.0812
    908620      -58.54
    908630     -58.211
    908640    -63.3032
    908650    -59.1306
    908660    -57.6958
    908670    -58.6326
    908680    -62.0424
    908690    -57.5433
    908700     -61.516
    908710    -57.1581
    908720    -55.7846
    908730    -59.9603
    908740    -59.1432
    908750    -59.1941
    908760    -61.2451
    908770    -62.2636
    908780    -60.2574
    908790    -59.8989
    908800    -60.1665
    908810     -62.326
    908820    -57.5988
    908830    -62.7927
    908840    -58.1599
    908850    -64.0174
    908860    -60.9719
    908870    -56.0714
    908880    -58.9515
    908890    -62.8935
    908900    -59.2229
    908910    -62.3232
    908920    -63.0815
    908930    -60.5784
    908940    -58.7687
    908950    -58.5346
    908960    -63.9269
    908970    -61.1145
    908980    -61.2694
    908990    -62.3379
    909000    -59.3125
    909010     -59.615
    909020    -58.1201
    909030    -61.4872
    909040     -65.352
    909050    -59.0689
    909060    -61.4731
    909070    -57.9472
    909080    -59.6104
    909090    -55.3197
    909100    -63.6074
    909110     -60.075
    909120    -60.8516
    909130    -54.5517
    909140    -59.2724
    909150    -63.7262
    909160    -56.0661
    909170    -61.5049
    909180    -60.2951
    909190    -57.3369
    909200    -59.3507
    909210    -63.2607
    909220    -56.5283
    909230    -62.9707
    909240    -58.1025
    909250    -63.9249
    909260    -62.9866
    909270    -59.2072
    909280     -62.572
    909290    -59.1196
    909300    -60.1778
    909310    -64.6704
    909320    -63.0178
    909330    -65.3029
    909340    -64.7675
    909350    -64.4203
    909360    -62.7748
    909370    -60.8434
    909380    -63.6176
    909390     -67.077
    909400    -65.9778
    909410     -63.902
    909420    -63.4042
    909430    -66.3224
    909440    -62.6347
    909450    -64.7713
    909460     -63.841
    909470    -65.6285
    909480    -66.3241
    909490    -65.6472
    909500    -63.0755
    909510      -66.66
    909520    -64.2478
    909530    -57.1939
    909540    -62.7691
    909550    -66.0215
    909560    -61.1792
    909570    -63.7563
    909580    -59.4303
    909590    -61.9963
    909600    -59.8992
    909610    -57.1958
    909620    -62.5572
    909630    -61.1514
    909640    -62.9848
    909650    -60.9226
    909660    -65.5112
    909670    -65.0495
    909680    -66.8522
    909690    -67.4081
    909700     -67.696
    909710     -64.489
    909720    -64.4816
    909730     -65.184
    909740    -61.4668
    909750    -64.7703
    909760    -64.2187
    909770    -61.8957
    909780    -63.4018
    909790    -63.1894
    909800    -61.4137
    909810    -58.5075
    909820    -64.8919
    909830    -66.2796
    909840    -62.6465
    909850    -62.2659
    909860    -59.0908
    909870    -60.2094
    909880    -61.2051
    909890    -64.5532
    909900    -66.7336
    909910    -63.0949
    909920    -67.5346
    909930    -57.7018
    909940    -62.8408
    909950    -64.7934
    909960    -63.0043
    909970    -68.2291
    909980    -62.2867
    909990    -65.4192
    910000    -59.6426
    910010    -57.0228
    910020    -59.9794
    910030    -58.9836
    910040    -61.6513
    910050    -61.5506
    910060    -66.1898
    910070    -63.9623
    910080     -66.379
    910090    -67.4373
    910100    -62.6271
    910110    -64.5584
    910120    -60.2386
    910130    -63.4173
    910140    -61.6643
    910150    -64.1566
    910160    -61.0795
    910170    -61.5539
    910180    -63.5302
    910190     -64.282
    910200     -66.891
    910210    -61.8603
    910220    -62.8984
    910230    -64.4095
    910240    -60.8232
    910250    -65.1271
    910260    -64.6281
    910270    -65.6854
    910280    -62.8497
    910290    -59.8911
    910300    -63.1534
    910310    -60.3987
    910320    -65.8906
    910330    -63.0664
    910340    -65.7502
    910350    -60.9062
    910360    -66.5165
    910370    -68.0213
    910380    -64.1968
    910390    -67.1573
    910400    -68.3075
    910410    -66.8307
    910420    -65.8805
    910430    -67.6385
    910440    -69.0961
    910450    -63.9884
    910460    -70.8882
    910470    -65.4883
    910480    -65.7564
    910490     -61.653
    910500    -65.7085
    910510    -69.4865
    910520    -66.2693
    910530      -67.67
    910540    -64.0995
    910550    -64.0653
    910560    -67.6354
    910570    -65.2543
    910580     -66.014
    910590    -66.8428
    910600    -65.4397
    910610    -63.0075
    910620    -71.4582
    910630    -65.6484
    910640    -66.4281
    910650    -66.8164
    910660    -64.1668
    910670    -69.9313
    910680    -64.8983
    910690    -66.0694
    910700    -69.1887
    910710     -62.979
    910720    -60.9469
    910730    -59.9003
    910740    -62.3784
    910750    -62.3998
    910760    -63.6206
    910770    -67.3965
    910780    -66.8331
    910790    -61.1587
    910800    -63.9885
    910810    -62.8345
    910820    -60.7355
    910830    -65.5953
    910840    -60.5163
    910850    -66.0788
    910860     -68.868
    910870     -68.821
    910880    -66.8301
    910890    -64.8603
    910900    -61.3606
    910910    -60.5628
    910920    -67.6048
    910930    -62.5475
    910940    -61.6889
    910950    -65.1498
    910960    -62.3448
    910970    -65.1045
    910980    -63.8034
    910990    -64.7455
    911000    -62.3022
    911010      -66.58
    911020    -61.0605
    911030    -65.2043
    911040     -63.906
    911050     -59.878
    911060    -62.8143
    911070    -64.2539
    911080    -61.6673
    911090    -61.4608
    911100    -64.6632
    911110    -63.3298
    911120    -63.2233
    911130    -64.3042
    911140    -62.5457
    911150    -66.2299
    911160    -65.2581
    911170    -66.9044
    911180    -67.3014
    911190    -65.6858
    911200    -63.7175
    911210    -57.9087
    911220    -59.2247
    911230    -61.0769
    911240    -67.4344
    911250    -64.6401
    911260    -66.1359
    911270    -59.6906
    911280    -66.1458
    911290    -64.4845
    911300    -61.6757
    911310     -62.936
    911320    -66.4254
    911330    -63.6453
    911340    -63.9665
    911350    -65.9233
    911360    -67.9036
    911370    -63.0231
    911380    -63.7949
    911390    -72.8313
    911400    -62.7882
    911410    -65.5781
    911420    -62.8327
    911430    -60.2255
    911440    -66.7944
    911450    -62.3047
    911460    -64.6592
    911470    -61.3919
    911480    -65.8154
    911490      -62.21
    911500    -64.3475
    911510    -61.5863
    911520    -63.7368
    911530    -63.9762
    911540    -67.5759
    911550     -65.994
    911560    -60.8328
    911570    -63.5387
    911580     -62.588
    911590    -62.1883
    911600    -62.3308
    911610    -62.7297
    911620     -63.833
    911630    -61.8421
    911640    -64.0405
    911650    -65.2281
    911660     -67.447
    911670    -65.4906
    911680    -66.3821
    911690     -64.051
    911700    -61.1601
    911710    -62.5467
    911720    -60.1556
    911730    -63.9331
    911740    -63.0139
    911750    -61.9024
    911760    -63.0589
    911770    -63.8243
    911780    -63.3072
    911790    -65.4444
    911800    -64.6725
    911810     -64.151
    911820     -63.976
    911830    -64.1924
    911840    -64.1043
    911850    -64.8414
    911860     -64.318
    911870    -63.7201
    911880    -61.4757
    911890    -64.4603
    911900    -59.6253
    911910    -54.2163
    911920    -60.2424
    911930    -61.1278
    911940    -63.7561
    911950    -62.5194
    911960    -61.1989
    911970    -62.3594
    911980    -65.3279
    911990    -63.1244
    912000    -62.2872
    912010    -62.5288
    912020    -60.6036
    912030    -67.2648
    912040    -63.4314
    912050    -60.5428
    912060    -62.4424
    912070    -63.1034
    912080    -64.5342
    912090    -64.8925
    912100    -60.5029
    912110    -63.6945
    912120    -66.3875
    912130    -66.2096
    912140    -63.8309
    912150    -66.7503
    912160    -63.1126
    912170    -70.4839
    912180     -62.708
    912190    -64.9963
    912200    -64.1435
    912210    -62.7149
    912220    -60.9408
    912230    -65.8928
    912240    -65.4973
    912250    -64.5994
    912260    -58.9417
    912270    -61.9126
    912280    -63.9914
    912290    -62.3426
    912300     -63.518
    912310    -67.2019
    912320     -63.376
    912330    -62.9645
    912340    -62.3705
    912350     -63.217
    912360    -62.1932
    912370    -63.9527
    912380    -60.0752
    912390    -61.9961
    912400    -65.6674
    912410     -64.838
    912420    -61.7015
    912430    -60.1741
    912440    -63.4825
    912450    -63.8499
    912460    -62.6256
    912470    -66.0208
    912480    -61.3651
    912490      -65.75
    912500    -65.3158
    912510    -62.7041
    912520    -63.1557
    912530    -64.2019
    912540    -62.9572
    912550    -65.4115
    912560    -67.6219
    912570     -67.645
    912580    -66.2973
    912590    -66.1422
    912600    -63.9217
    912610    -63.7547
    912620    -66.7159
    912630    -64.8174
    912640    -66.6277
    912650    -66.0538
    912660    -62.8781
    912670    -64.3163
    912680     -62.272
    912690    -65.1518
    912700    -64.3629
    912710    -63.9114
    912720    -71.0059
    912730    -63.6388
    912740    -66.6839
    912750    -61.7306
    912760    -65.9883
    912770    -63.7618
    912780    -61.7071
    912790    -61.1521
    912800    -64.4199
    912810     -64.234
    912820    -64.4621
    912830    -68.6258
    912840    -63.5692
    912850    -70.7968
    912860     -63.346
    912870    -64.1967
    912880     -63.678
    912890    -63.6393
    912900    -66.8322
    912910    -69.9408
    912920    -62.6776
    912930    -65.8374
    912940    -65.4364
    912950    -65.9692
    912960    -64.7793
    912970    -61.8237
    912980    -61.1202
    912990    -66.1627
    913000    -66.5384
    913010    -66.8131
    913020    -65.8943
    913030    -65.8462
    913040    -60.7216
    913050    -69.2469
    913060    -65.7274
    913070    -65.9909
    913080    -66.6299
    913090    -64.5794
    913100    -64.1265
    913110    -64.3233
    913120     -65.549
    913130    -65.8709
    913140    -62.6619
    913150    -63.0924
    913160    -69.2086
    913170    -64.5778
    913180    -62.4899
    913190    -63.4948
    913200    -66.2895
    913210    -64.2402
    913220    -63.5729
    913230    -61.8042
    913240    -64.6595
    913250    -65.6373
    913260    -68.3274
    913270    -70.0402
    913280    -61.3265
    913290    -60.6924
    913300    -65.0375
    913310    -66.0828
    913320    -65.6237
    913330    -64.9642
    913340    -66.1751
    913350    -66.7916
    913360    -70.8047
    913370    -64.8039
    913380    -65.0531
    913390     -65.672
    913400    -66.3085
    913410     -66.629
    913420    -67.6671
    913430    -68.6486
    913440    -62.4034
    913450    -63.4846
    913460    -65.7403
    913470    -61.9814
    913480    -64.4513
    913490    -67.0364
    913500    -62.3483
    913510    -61.4072
    913520    -65.2126
    913530    -66.6294
    913540     -67.199
    913550    -66.7499
    913560    -64.5421
    913570    -69.5879
    913580     -61.843
    913590    -61.4784
    913600    -68.7533
    913610    -70.1425
    913620    -65.2499
    913630    -65.1778
    913640    -62.4663
    913650    -61.9538
    913660    -60.1798
    913670     -64.984
    913680    -69.1748
    913690    -64.9309
    913700    -64.4066
    913710    -67.0692
    913720    -62.0348
    913730    -64.9581
    913740    -66.8971
    913750    -65.6272
    913760    -66.2222
    913770     -67.851
    913780      -67.01
    913790    -67.4861
    913800    -66.6501
    913810    -63.9771
    913820    -61.3571
    913830      -66.59
    913840    -66.1208
    913850    -65.5654
    913860    -63.7968
    913870    -66.7643
    913880    -65.0194
    913890    -67.2191
    913900    -66.2233
    913910    -63.0654
    913920    -68.5747
    913930    -62.2209
    913940    -63.7079
    913950    -65.9468
    913960    -64.3768
    913970    -64.1947
    913980    -63.2574
    913990    -63.4904
    914000    -61.8802
    914010    -66.2673
    914020    -62.5248
    914030    -62.7949
    914040    -63.7732
    914050    -60.9021
    914060    -69.4949
    914070    -65.9547
    914080    -64.6814
    914090    -63.2101
    914100    -64.7017
    914110    -63.2775
    914120    -64.3587
    914130    -64.5012
    914140    -65.4436
    914150    -67.7585
    914160    -62.7326
    914170    -68.4841
    914180    -62.9922
    914190    -64.7216
    914200    -66.8774
    914210    -62.8088
    914220    -65.0423
    914230    -63.9901
    914240    -65.8734
    914250    -65.0564
    914260    -65.1569
    914270    -64.2559
    914280    -64.2408
    914290     -64.094
    914300    -64.1319
    914310    -62.4167
    914320     -65.906
    914330      -61.89
    914340     -63.122
    914350    -62.2621
    914360    -56.4436
    914370    -60.1588
    914380    -57.7877
    914390     -56.344
    914400    -57.1261
    914410    -57.4943
    914420    -59.5449
    914430    -58.0871
    914440    -55.2034
    914450    -59.7694
    914460    -59.5045
    914470     -61.057
    914480    -58.4615
    914490    -58.4504
    914500    -58.0644
    914510    -56.0692
    914520    -61.6688
    914530    -63.7594
    914540    -58.3239
    914550    -62.0286
    914560    -60.3053
    914570    -65.7032
    914580    -61.6066
    914590     -64.774
    914600    -63.5232
    914610     -65.114
    914620    -62.0627
    914630    -59.9529
    914640    -64.9179
    914650    -65.9972
    914660    -61.0563
    914670    -63.8524
    914680    -62.0446
    914690    -66.7465
    914700    -62.8948
    914710    -68.0473
    914720    -61.6136
    914730    -62.6989
    914740    -64.0493
    914750    -65.0966
    914760    -67.7857
    914770    -60.7473
    914780    -60.5749
    914790    -64.2455
    914800    -63.2488
    914810    -64.9022
    914820    -60.5628
    914830     -65.472
    914840    -61.5373
    914850      -64.37
    914860    -64.2281
    914870    -63.7897
    914880     -63.065
    914890    -62.6847
    914900    -66.3612
    914910    -64.1122
    914920     -63.489
    914930     -65.601
    914940    -63.2434
    914950    -63.3039
    914960      -65.31
    914970    -67.2146
    914980    -61.6863
    914990    -61.3035
    915000    -64.9891
    915010    -62.0289
    915020    -65.5388
    915030    -65.8649
    915040    -65.2287
    915050    -62.7777
    915060    -64.0636
    915070     -62.243
    915080    -60.9688
    915090    -60.7519
    915100    -60.6828
    915110    -60.6788
    915120     -59.853
    915130    -65.4734
    915140    -64.8112
    915150    -62.2641
    915160    -61.8257
    915170    -62.0616
    915180    -66.7594
    915190    -67.0385
    915200    -65.3473
    915210    -62.3908
    915220    -60.0458
    915230    -62.8564
    915240    -66.3216
    915250    -65.1038
    915260    -58.3232
    915270    -65.3517
    915280    -64.8333
    915290    -67.6746
    915300    -64.6412
    915310    -64.9809
    915320    -64.1353
    915330    -62.8728
    915340    -65.4107
    915350    -60.0406
    915360    -62.9696
    915370     -58.966
    915380    -62.7039
    915390    -69.3032
    915400    -66.1025
    915410     -62.047
    915420    -64.3492
    915430    -59.2616
    915440    -64.7066
    915450    -64.3564
    915460      -61.43
    915470    -63.0588
    915480    -63.7359
    915490    -65.8073
    915500    -61.5192
    915510    -61.3121
    915520    -66.0938
    915530    -60.0764
    915540    -67.2083
    915550    -61.2067
    915560    -61.8881
    915570    -60.4996
    915580    -64.7083
    915590    -60.8171
    915600    -67.0563
    915610    -63.3507
    915620    -63.8529
    915630    -64.2352
    915640    -68.9945
    915650    -65.7627
    915660    -59.8464
    915670    -61.6791
    915680    -64.5201
    915690    -62.8428
    915700    -64.6995
    915710    -62.4582
    915720    -64.6653
    915730    -62.1382
    915740    -65.8465
    915750     -65.239
    915760    -63.7279
    915770    -63.6571
    915780    -63.4235
    915790     -66.254
    915800    -63.4957
    915810    -64.7624
    915820    -63.2093
    915830    -66.1898
    915840    -68.9007
    915850    -64.1709
    915860    -66.0475
    915870    -62.5845
    915880    -59.8506
    915890    -62.5834
    915900    -60.6495
    915910      -63.98
    915920    -43.6769
    915930     -67.078
    915940    -66.2588
    915950    -66.7634
    915960    -64.8592
    915970    -70.1461
    915980    -64.4583
    915990    -63.9583
    916000    -46.8434
    916010    -62.7722
    916020    -67.4901
    916030    -65.1008
    916040    -63.3445
    916050    -65.2199
    916060    -59.9715
    916070     -62.776
    916080    -61.2154
    916090    -57.9878
    916100    -66.9357
    916110    -60.9734
    916120     -67.026
    916130    -65.4864
    916140    -57.3669
    916150    -64.7329
    916160    -62.8066
    916170    -64.1704
    916180    -60.6236
    916190    -64.5909
    916200    -64.0448
    916210    -63.7029
    916220    -60.4008
    916230    -62.8754
    916240    -63.0506
    916250    -62.4248
    916260    -62.9339
    916270    -64.3197
    916280    -61.3754
    916290    -61.8703
    916300    -62.4147
    916310    -63.4329
    916320    -59.6775
    916330    -62.1722
    916340    -62.2513
    916350     -63.321
    916360    -66.4221
    916370    -66.9906
    916380    -57.1582
    916390    -62.4865
    916400    -61.8596
    916410    -66.7884
    916420    -64.0558
    916430    -65.6511
    916440    -61.2445
    916450    -64.1586
    916460    -59.7915
    916470     -59.283
    916480    -61.6681
    916490    -63.1782
    916500    -65.0145
    916510     -62.621
    916520    -67.8191
    916530    -62.8726
    916540    -62.7916
    916550    -63.4965
    916560     -60.652
    916570    -66.8546
    916580    -66.4557
    916590    -61.8232
    916600    -61.4386
    916610    -66.6854
    916620    -60.4763
    916630    -60.4794
    916640    -63.5596
    916650    -68.2643
    916660    -63.6795
    916670    -64.5307
    916680    -63.3274
    916690    -65.7804
    916700    -64.5847
    916710    -63.7532
    916720    -60.9085
    916730     -62.605
    916740    -66.7956
    916750    -61.7956
    916760    -61.7481
    916770     -62.064
    916780    -66.2421
    916790    -65.5361
    916800    -62.1696
    916810     -62.275
    916820    -65.8375
    916830     -63.156
    916840    -67.5972
    916850    -57.8957
    916860    -61.1991
    916870     -61.877
    916880     -65.235
    916890    -64.2534
    916900    -66.0794
    916910     -61.357
    916920    -60.8872
    916930     -60.233
    916940    -63.4639
    916950    -62.1384
    916960    -59.6603
    916970    -66.9974
    916980    -63.5529
    916990    -66.5506
    917000    -62.7873
    917010    -65.8393
    917020    -64.5949
    917030    -65.0155
    917040    -64.9809
    917050    -61.1944
    917060    -58.6818
    917070    -64.0365
    917080     -59.581
    917090    -61.6151
    917100    -59.3025
    917110    -62.8826
    917120    -63.9767
    917130    -62.4335
    917140    -60.3002
    917150    -59.9611
    917160    -62.1093
    917170     -60.688
    917180    -58.7413
    917190    -61.8823
    917200    -57.5504
    917210    -64.5374
    917220    -63.3693
    917230    -71.6658
    917240      -59.83
    917250    -62.2233
    917260    -65.9025
    917270    -61.1439
    917280    -62.5781
    917290    -62.9818
    917300      -62.55
    917310    -65.8073
    917320     -64.221
    917330    -57.4487
    917340    -65.8201
    917350    -63.3351
    917360    -67.7718
    917370     -61.115
    917380    -61.5703
    917390    -67.0319
    917400    -63.8306
    917410    -64.9439
    917420    -62.5709
    917430    -65.0254
    917440    -63.7275
    917450    -62.6089
    917460    -61.5518
    917470    -61.5046
    917480    -60.5561
    917490    -58.2411
    917500    -59.9827
    917510    -60.2958
    917520    -66.4854
    917530    -61.6504
    917540    -64.1403
    917550    -60.0567
    917560    -63.1955
    917570     -66.065
    917580    -63.1085
    917590    -62.6417
    917600     -67.583
    917610    -63.0302
    917620    -63.6728
    917630    -63.3187
    917640    -60.2909
    917650    -64.5928
    917660    -62.6257
    917670    -63.9355
    917680    -60.0138
    917690    -63.5461
    917700    -65.2013
    917710    -62.5881
    917720     -64.728
    917730    -61.9174
    917740     -62.685
    917750    -63.2862
    917760    -65.0177
    917770    -63.7116
    917780    -60.5601
    917790    -59.5447
    917800    -61.6985
    917810     -63.248
    917820    -62.0602
    917830     -60.926
    917840    -65.0659
    917850    -59.8985
    917860     -62.772
    917870    -61.1433
    917880    -66.2909
    917890    -61.8973
    917900     -60.415
    917910    -64.8141
    917920    -64.1279
    917930    -61.9118
    917940    -63.3395
    917950     -59.835
    917960     -62.286
    917970    -63.6166
    917980    -66.5045
    917990    -63.9573
    918000    -62.7751
    918010    -62.0545
    918020    -65.3185
    918030    -62.7419
    918040    -63.7124
    918050    -58.9931
    918060    -61.7664
    918070     -61.496
    918080    -61.8214
    918090    -61.3705
    918100    -61.7702
    918110    -61.3124
    918120    -62.9424
    918130    -62.1116
    918140    -58.9787
    918150    -60.9435
    918160    -58.7286
    918170    -61.2371
    918180    -62.7609
    918190    -57.1363
    918200    -58.0747
    918210    -60.1504
    918220    -58.9139
    918230    -60.0571
    918240    -62.1975
    918250    -63.9394
    918260    -62.9558
    918270    -64.9651
    918280    -59.3474
    918290    -61.5173
    918300    -63.3349
    918310    -60.8845
    918320    -59.4074
    918330    -63.4404
    918340     -63.135
    918350    -64.5396
    918360    -60.4126
    918370      -64.91
    918380    -59.3042
    918390    -54.8947
    918400    -57.1839
    918410    -54.4825
    918420    -61.1163
    918430    -61.6321
    918440    -58.5092
    918450    -60.3185
    918460    -58.5004
    918470    -58.5853
    918480    -63.8982
    918490    -54.5462
    918500     -55.247
    918510    -57.0445
    918520    -56.4665
    918530    -58.0558
    918540     -57.985
    918550    -57.4921
    918560    -59.4145
    918570    -57.0975
    918580    -58.6809
    918590    -56.9156
    918600    -56.0267
    918610    -56.4086
    918620    -60.8906
    918630    -60.8471
    918640     -58.102
    918650    -57.1836
    918660    -58.5756
    918670     -60.836
    918680    -60.1727
    918690     -59.107
    918700    -57.1864
    918710    -57.6432
    918720    -57.2758
    918730    -58.7996
    918740    -59.5737
    918750    -56.9797
    918760    -56.2086
    918770    -60.2339
    918780    -60.2788
    918790    -58.7091
    918800    -57.8772
    918810    -57.2125
    918820    -60.7615
    918830    -57.7631
    918840    -60.4989
    918850    -62.9028
    918860    -58.5122
    918870     -59.387
    918880     -63.639
    918890    -59.5021
    918900    -54.8497
    918910    -57.2838
    918920    -59.9218
    918930    -56.2231
    918940    -56.4222
    918950    -56.9477
    918960    -58.9899
    918970    -61.3092
    918980    -58.5474
    918990     -58.367
    919000    -57.0797
    919010    -59.5004
    919020    -55.2059
    919030    -60.6174
    919040    -56.4179
    919050    -54.7099
    919060    -57.1116
    919070    -59.1851
    919080    -56.0681
    919090    -58.7518
    919100    -54.8986
    919110    -58.6069
    919120    -54.8656
    919130    -59.4493
    919140    -56.7462
    919150    -58.6818
    919160    -61.0181
    919170    -59.2618
    919180    -57.8909
    919190    -60.1246
    919200    -59.7331
    919210    -58.9837
    919220    -60.5401
    919230     -56.608
    919240     -58.015
    919250    -56.2846
    919260    -60.9409
    919270    -57.9913
    919280    -59.1492
    919290    -54.4075
    919300    -60.4984
    919310    -60.4371
    919320    -58.0975
    919330     -57.947
    919340     -58.563
    919350    -60.9787
    919360    -58.6535
    919370    -57.1954
    919380    -54.8647
    919390    -61.9365
    919400    -61.2215
    919410     -57.758
    919420    -56.8176
    919430    -55.7431
    919440     -58.372
    919450    -58.8013
    919460    -60.9345
    919470     -61.206
    919480    -57.7886
    919490     -56.236
    919500    -58.2972
    919510    -58.7807
    919520    -60.4377
    919530    -55.3849
    919540    -56.5078
    919550    -58.5523
    919560    -57.2664
    919570    -57.5899
    919580    -61.5621
    919590    -59.4564
    919600    -60.7371
    919610    -59.8257
    919620    -56.9085
    919630    -63.2535
    919640    -60.5994
    919650    -56.9556
    919660    -58.7341
    919670    -57.9383
    919680    -58.5925
    919690    -58.5397
    919700    -57.1513
    919710    -57.7392
    919720    -60.3533
    919730    -60.2563
    919740    -60.0348
    919750    -56.3256
    919760    -58.9741
    919770    -54.6183
    919780    -59.8215
    919790    -58.6888
    919800    -55.8453
    919810    -57.9953
    919820    -58.5687
    919830    -54.4463
    919840    -57.0656
    919850    -57.9565
    919860    -56.2286
    919870    -58.9992
    919880    -60.1249
    919890    -61.7268
    919900    -61.7511
    919910    -58.3457
    919920    -63.7576
    919930     -58.162
    919940    -59.9397
    919950    -61.2218
    919960    -58.3626
    919970    -63.4578
    919980    -59.8148
    919990    -54.5843
    920000    -61.9372
    920010    -61.5692
    920020    -54.8101
    920030    -54.0186
    920040    -61.2225
    920050     -57.286
    920060    -57.4311
    920070    -55.8553
    920080    -56.3323
    920090     -59.437
    920100    -58.8125
    920110    -57.2813
    920120    -55.0927
    920130    -57.8084
    920140    -58.3804
    920150    -61.8259
    920160    -57.8486
    920170    -60.0286
    920180    -56.7816
    920190    -59.1701
    920200    -55.3069
    920210    -59.0524
    920220    -61.7471
    920230     -60.366
    920240    -63.5437
    920250    -56.7154
    920260    -59.8594
    920270    -59.2956
    920280    -55.8087
    920290    -63.7353
    920300    -61.2905
    920310    -66.1068
    920320    -61.0603
    920330    -60.2473
    920340    -59.7259
    920350    -59.5093
    920360    -55.3295
    920370    -59.9624
    920380    -59.5163
    920390    -60.5257
    920400    -55.0666
    920410    -59.6763
    920420    -60.0894
    920430    -62.1829
    920440    -63.1715
    920450    -61.0516
    920460     -61.206
    920470    -57.8188
    920480    -61.0488
    920490     -60.968
    920500    -55.6908
    920510    -56.1681
    920520    -55.4525
    920530    -58.6859
    920540    -62.4829
    920550    -59.6493
    920560    -56.7649
    920570    -54.8983
    920580    -56.3403
    920590    -60.6565
    920600    -55.5087
    920610    -57.8756
    920620    -57.4776
    920630    -57.2187
    920640    -58.8488
    920650    -63.9181
    920660     -58.548
    920670    -59.6185
    920680    -60.7901
    920690     -60.673
    920700    -63.8882
    920710    -60.9976
    920720    -57.9237
    920730    -59.4187
    920740    -57.5342
    920750    -57.5301
    920760    -58.9442
    920770     -61.229
    920780    -59.7615
    920790      -60.31
    920800    -60.0938
    920810    -60.7864
    920820    -60.4099
    920830    -58.0835
    920840    -57.0533
    920850    -58.1302
    920860    -61.5792
    920870    -55.0184
    920880    -60.3348
    920890    -59.6892
    920900    -58.8592
    920910    -56.2409
    920920    -60.6628
    920930    -55.7792
    920940    -56.3976
    920950    -53.6218
    920960    -61.2429
    920970    -58.5236
    920980    -59.6384
    920990    -59.4118
    921000     -61.337
    921010    -58.6085
    921020    -60.5725
    921030    -56.8095
    921040    -60.8633
    921050    -57.0413
    921060    -59.5507
    921070    -57.2966
    921080    -56.2171
    921090    -57.8153
    921100    -61.8827
    921110    -57.5129
    921120    -56.8781
    921130    -52.9846
    921140    -56.6055
    921150    -59.7276
    921160    -57.4623
    921170    -56.5856
    921180    -57.5071
    921190    -63.6306
    921200    -60.7352
    921210    -57.9015
    921220    -58.5155
    921230    -57.2219
    921240    -59.8983
    921250    -56.0532
    921260    -55.7976
    921270    -58.3761
    921280    -60.5932
    921290    -56.5164
    921300    -55.2294
    921310    -58.4899
    921320    -58.3405
    921330    -58.6158
    921340     -56.346
    921350    -60.1466
    921360    -55.5683
    921370    -58.8676
    921380    -62.3595
    921390     -59.013
    921400    -57.6306
    921410    -58.4775
    921420    -60.3603
    921430    -57.5012
    921440    -61.9277
    921450    -53.2958
    921460    -62.9419
    921470    -59.1609
    921480    -58.7392
    921490    -57.4675
    921500    -57.8884
    921510    -61.5761
    921520    -60.7746
    921530    -54.4851
    921540    -56.1663
    921550    -56.9914
    921560    -57.6119
    921570    -58.0656
    921580    -57.5316
    921590    -57.2536
    921600    -59.2639
    921610    -54.0953
    921620    -54.4583
    921630    -57.1203
    921640    -58.2025
    921650    -56.2881
    921660    -59.0145
    921670    -57.0129
    921680    -61.3329
    921690    -55.9237
    921700    -61.1296
    921710    -55.3482
    921720    -56.4803
    921730    -57.7314
    921740     -60.607
    921750    -58.7731
    921760    -56.0478
    921770    -60.8893
    921780    -56.8396
    921790    -55.1129
    921800    -61.7755
    921810    -60.6926
    921820    -57.8858
    921830    -55.9086
    921840    -60.6822
    921850    -57.0332
    921860    -59.7123
    921870    -59.8209
    921880    -54.6445
    921890    -54.3182
    921900    -56.7297
    921910    -57.1525
    921920    -56.5667
    921930    -58.6431
    921940    -55.7778
    921950    -60.1788
    921960    -54.6903
    921970    -58.8348
    921980    -60.3819
    921990    -55.5362
    922000     -55.433
    922010    -57.4948
    922020    -59.5044
    922030    -60.0408
    922040    -61.0695
    922050    -61.2352
    922060    -58.4032
    922070    -58.5198
    922080    -59.8324
    922090    -56.9042
    922100    -54.9954
    922110    -62.7729
    922120    -58.3154
    922130    -56.5033
    922140    -60.5172
    922150    -61.8977
    922160    -56.9137
    922170    -67.4569
    922180    -57.0943
    922190    -59.2726
    922200      -56.83
    922210    -61.1287
    922220    -59.0769
    922230    -59.4716
    922240    -58.9179
    922250    -61.5947
    922260    -55.2077
    922270     -59.875
    922280    -60.2664
    922290    -54.4607
    922300    -57.7195
    922310    -54.8494
    922320    -56.6764
    922330    -63.3193
    922340    -55.7266
    922350    -59.1049
    922360     -58.226
    922370    -62.4939
    922380    -58.9081
    922390    -55.2487
    922400    -59.2457
    922410    -57.9031
    922420    -55.9998
    922430    -60.2815
    922440    -53.6588
    922450    -57.2726
    922460    -57.1491
    922470    -58.1818
    922480    -62.0367
    922490    -57.4684
    922500     -59.359
    922510    -56.2316
    922520    -64.5065
    922530    -56.3759
    922540    -60.3845
    922550    -59.0989
    922560    -62.9854
    922570    -52.8257
    922580     -59.884
    922590    -61.1315
    922600     -61.091
    922610    -57.6979
    922620    -56.9107
    922630    -58.8314
    922640    -58.9109
    922650    -58.9621
    922660    -58.4271
    922670     -57.915
    922680    -59.4256
    922690    -57.7261
    922700    -61.8056
    922710    -54.8368
    922720    -60.3469
    922730    -57.6959
    922740    -56.5639
    922750    -59.4258
    922760    -58.8511
    922770    -56.7675
    922780     -64.705
    922790    -57.9424
    922800    -55.8011
    922810    -54.1427
    922820    -58.1819
    922830    -56.2818
    922840    -56.6164
    922850    -55.0534
    922860    -58.2249
    922870    -56.8805
    922880      -54.77
    922890    -55.2977
    922900    -56.9788
    922910    -54.2517
    922920    -57.5526
    922930    -58.3255
    922940    -60.6014
    922950     -55.378
    922960    -61.3279
    922970     -60.128
    922980    -59.9545
    922990    -54.7274
    923000    -56.3888
    923010    -58.6388
    923020    -61.0228
    923030    -61.4498
    923040    -60.6633
    923050    -60.0577
    923060    -56.1068
    923070    -60.4879
    923080    -61.5522
    923090     -55.974
    923100     -55.714
    923110    -60.0183
    923120     -57.892
    923130    -57.2642
    923140    -57.5136
    923150    -57.9268
    923160    -55.9725
    923170     -59.584
    923180    -56.8369
    923190    -59.4778
    923200    -57.6795
    923210    -57.9279
    923220    -57.2146
    923230    -59.7148
    923240    -56.8255
    923250    -56.2586
    923260    -56.3902
    923270    -57.6013
    923280    -59.3229
    923290    -61.1505
    923300    -55.8214
    923310    -59.3396
    923320    -56.7041
    923330    -61.5752
    923340    -56.8876
    923350    -52.4196
    923360    -56.6236
    923370    -62.1297
    923380    -56.8511
    923390    -58.4426
    923400    -53.0207
    923410    -57.5089
    923420    -56.9966
    923430    -61.0845
    923440     -61.939
    923450    -57.3159
    923460    -59.3087
    923470    -61.2715
    923480    -61.1769
    923490    -64.4542
    923500    -59.1728
    923510    -61.0249
    923520    -59.4675
    923530    -55.9315
    923540    -59.6501
    923550    -65.1217
    923560    -60.3451
    923570    -60.5023
    923580    -52.4232
    923590    -58.9778
    923600    -57.6564
    923610    -58.4884
    923620    -57.9326
    923630     -53.908
    923640    -60.7419
    923650    -64.1774
    923660    -60.7422
    923670    -60.2125
    923680    -60.6774
    923690    -61.8628
    923700    -62.5918
    923710    -58.4159
    923720    -59.7976
    923730    -62.6144
    923740    -60.9722
    923750    -61.5308
    923760    -64.7112
    923770    -60.0994
    923780    -64.0465
    923790    -62.4901
    923800    -61.7119
    923810     -63.142
    923820    -60.4343
    923830    -58.3756
    923840    -60.8482
    923850    -61.6021
    923860    -60.0117
    923870    -59.8062
    923880    -61.1872
    923890    -63.9737
    923900    -62.4704
    923910    -65.7262
    923920    -61.6783
    923930    -60.8686
    923940    -60.6283
    923950    -64.6961
    923960    -64.7948
    923970    -62.5102
    923980    -58.5568
    923990    -60.1928
    924000    -60.5723
    924010    -62.4303
    924020    -59.5031
    924030    -65.7525
    924040    -60.3355
    924050    -61.0974
    924060    -61.8784
    924070    -59.1489
    924080    -61.3634
    924090    -66.2226
    924100    -65.1842
    924110    -64.7334
    924120    -60.0279
    924130    -64.9261
    924140    -61.6654
    924150    -61.0238
    924160    -61.4798
    924170    -57.0993
    924180    -59.5146
    924190     -58.765
    924200     -58.745
    924210    -62.6907
    924220    -62.5755
    924230    -57.3792
    924240    -62.2144
    924250    -61.0522
    924260    -57.3159
    924270    -57.2049
    924280    -61.8344
    924290    -58.1694
    924300    -65.0672
    924310    -59.2939
    924320    -63.3344
    924330    -62.1281
    924340     -64.585
    924350    -60.7751
    924360    -63.5839
    924370    -58.8086
    924380    -58.4627
    924390    -62.0954
    924400    -62.5019
    924410    -64.6643
    924420    -66.0754
    924430    -63.4356
    924440    -64.7797
    924450    -60.0254
    924460     -61.293
    924470    -63.5067
    924480     -66.831
    924490    -59.3221
    924500    -59.2666
    924510    -60.2953
    924520    -61.3303
    924530    -64.3568
    924540    -60.8797
    924550    -63.6826
    924560    -63.3736
    924570    -58.2064
    924580    -60.8414
    924590    -57.4636
    924600    -62.7019
    924610    -57.7542
    924620    -61.7194
    924630    -61.6449
    924640    -60.5357
    924650    -59.8518
    924660     -62.435
    924670    -54.6942
    924680    -65.2063
    924690    -57.5349
    924700    -57.2048
    924710    -64.5489
    924720    -64.5308
    924730    -56.7307
    924740    -63.3832
    924750    -61.3153
    924760    -61.2406
    924770    -56.8086
    924780    -64.7278
    924790    -65.2877
    924800    -63.4176
    924810    -62.6287
    924820    -65.9207
    924830    -60.7507
    924840    -66.0168
    924850    -61.1813
    924860    -62.1334
    924870    -62.0094
    924880    -61.0865
    924890    -64.5973
    924900    -67.5977
    924910    -66.0581
    924920    -61.6969
    924930    -63.8718
    924940    -63.5594
    924950    -60.3451
    924960    -64.8029
    924970    -62.5193
    924980    -62.9962
    924990     -63.573
    925000    -62.9497
    925010    -61.8771
    925020     -66.456
    925030    -63.2955
    925040    -64.4135
    925050    -61.1232
    925060    -61.2621
    925070    -60.2879
    925080    -77.5759
    925090    -78.7808
    925100     -74.977
    925110    -59.8066
    925120    -78.4766
    925130     -74.137
    925140     -76.971
    925150    -70.9314
    925160      -71.35
    925170     -73.792
    925180    -71.6947
    925190    -79.5574
    925200    -74.1659
    925210    -75.0211
    925220    -73.1805
    925230    -73.5986
    925240    -67.8349
    925250     -76.109
    925260    -72.7721
    925270    -76.1819
    925280    -74.8719
    925290    -67.8867
    925300    -74.1111
    925310    -74.6586
    925320    -75.3146
    925330    -71.8392
    925340    -74.4154
    925350    -70.7552
    925360    -67.8795
    925370    -68.6573
    925380     -69.845
    925390    -71.4055
    925400    -71.5216
    925410    -71.8326
    925420    -55.9512
    925430    -77.0912
    925440    -71.4143
    925450    -75.0386
    925460    -72.0989
    925470    -74.0717
    925480    -73.2598
    925490    -73.9713
    925500    -77.1358
    925510    -73.4481
    925520    -72.2334
    925530     -75.822
    925540    -72.1764
    925550    -71.9696
    925560    -79.6753
    925570    -77.0957
    925580    -77.9366
    925590     -78.543
    925600    -73.2507
    925610    -71.3442
    925620    -73.2242
    925630    -75.9507
    925640    -73.1263
    925650    -76.3919
    925660    -76.4701
    925670    -74.9416
    925680    -75.2777
    925690      -77.21
    925700    -72.3871
    925710    -70.1966
    925720    -74.1151
    925730    -70.6878
    925740    -68.6066
    925750    -74.0439
    925760    -70.3218
    925770    -70.6926
    925780    -73.5441
    925790    -70.3855
    925800    -70.8126
    925810    -75.6741
    925820     -73.419
    925830    -69.7617
    925840    -70.8048
    925850    -70.6051
    925860     -73.335
    925870    -71.1292
    925880    -70.9915
    925890    -77.3625
    925900    -74.7445
    925910    -69.9962
    925920    -72.0723
    925930    -74.5108
    925940    -75.5257
    925950    -71.8395
    925960    -71.1191
    925970    -74.2387
    925980    -57.4189
    925990    -64.7382
    926000    -73.3286
    926010    -75.0504
    926020    -75.1246
    926030    -76.7443
    926040    -70.0825
    926050    -58.2397
    926060    -54.9536
    926070    -58.9777
    926080    -58.6616
    926090    -58.8329
    926100    -73.5879
    926110    -58.6287
    926120    -60.3252
    926130    -78.1075
    926140    -76.2102
    926150    -75.7147
    926160    -82.9716
    926170    -78.5709
    926180    -60.4378
    926190    -70.0181
    926200    -71.3054
    926210    -55.0625
    926220    -75.2894
    926230    -70.5866
    926240    -73.3193
    926250    -76.5839
    926260    -57.6492
    926270    -57.0824
    926280     -63.752
    926290    -63.3245
    926300    -59.0481
    926310    -58.8286
    926320    -54.4771
    926330    -54.4544
    926340    -74.4652
    926350    -52.4511
    926360    -68.7417
    926370    -73.7385
    926380    -54.2728
    926390    -57.4143
    926400    -60.7917
    926410    -53.8891
    926420    -57.9579
    926430    -56.9814
    926440    -59.4197
    926450    -56.1387
    926460    -56.8557
    926470    -55.0004
    926480    -56.6216
    926490     -56.723
    926500    -61.8851
    926510    -60.9218
    926520    -60.2453
    926530    -58.4016
    926540    -57.6435
    926550    -51.4036
    926560    -53.9971
    926570    -60.2841
    926580    -65.7253
    926590    -58.6131
    926600    -70.9238
    926610    -58.8952
    926620    -59.0018
    926630    -62.4936
    926640    -57.4873
    926650    -60.2002
    926660     -60.952
    926670    -59.8316
    926680    -64.8172
    926690      -68.68
    926700    -61.1303
    926710    -60.8506
    926720    -58.4643
    926730    -60.4788
    926740    -64.5697
    926750    -65.9145
    926760    -60.1045
    926770    -62.4133
    926780    -67.8492
    926790    -63.0444
    926800    -60.6658
    926810    -65.8913
    926820    -66.5159
    926830    -62.8566
    926840    -63.8951
    926850    -66.7108
    926860    -61.7738
    926870    -69.4234
    926880    -64.5482
    926890    -62.2496
    926900    -65.9058
    926910     -62.202
    926920    -62.5579
    926930    -61.8379
    926940     -65.784
    926950    -66.0748
    926960    -62.4506
    926970    -63.0992
    926980    -66.7968
    926990    -46.6463
    927000    -60.9988
    927010    -65.5502
    927020    -66.5891
    927030    -67.6694
    927040    -64.6292
    927050    -64.4842
    927060     -68.484
    927070    -60.8386
    927080    -65.0897
    927090    -63.1338
    927100    -59.9173
    927110     -68.567
    927120    -67.6627
    927130    -65.1845
    927140    -60.8005
    927150    -63.8052
    927160    -65.6254
    927170    -66.8947
    927180    -63.3399
    927190    -64.2816
    927200    -66.1579
    927210     -63.715
    927220    -65.0062
    927230    -67.1333
    927240    -63.5974
    927250    -62.6782
    927260    -67.2377
    927270    -64.1811
    927280    -60.0985
    927290    -64.6786
    927300    -46.4397
    927310    -61.3376
    927320    -62.3312
    927330    -60.5336
    927340    -63.4563
    927350    -61.9739
    927360    -68.6644
    927370    -69.3295
    927380    -66.9545
    927390     -61.522
    927400    -60.3711
    927410     -61.937
    927420    -60.7388
    927430    -64.0361
    927440    -61.9463
    927450    -66.0367
    927460    -59.3644
    927470    -62.4566
    927480    -65.3569
    927490    -66.9176
    927500    -64.3452
    927510    -64.2043
    927520    -61.2956
    927530    -62.3507
    927540    -44.4862
    927550    -64.0427
    927560    -61.7338
    927570    -58.1218
    927580    -59.9316
    927590    -57.1051
    927600    -58.5606
    927610    -57.0773
    927620    -57.4178
    927630    -57.9118
    927640    -58.1163
    927650    -57.0281
    927660     -61.597
    927670    -55.9965
    927680    -58.7678
    927690     -57.399
    927700     -59.147
    927710    -56.8005
    927720    -56.6427
    927730    -60.6391
    927740    -59.7965
    927750    -58.4678
    927760     -61.081
    927770    -61.6245
    927780    -61.9284
    927790    -75.2185
    927800    -57.2895
    927810    -75.5941
    927820    -62.9996
    927830    -61.9626
    927840    -60.7451
    927850    -63.6997
    927860    -63.0531
    927870    -62.9491
    927880    -64.5376
    927890    -65.5393
    927900     -62.994
    927910     -58.134
    927920    -60.7212
    927930    -59.3642
    927940    -54.4371
    927950    -62.3307
    927960    -61.7098
    927970    -59.3862
    927980    -63.1618
    927990    -59.9228
    928000    -64.9212
    928010     -57.924
    928020    -59.4068
    928030      -58.77
    928040    -64.1041
    928050     -63.193
    928060    -57.8213
    928070    -42.1977
    928080    -60.3987
    928090    -62.5097
    928100    -63.9167
    928110     -64.688
    928120    -60.3632
    928130    -63.8974
    928140     -62.286
    928150    -57.7915
    928160    -77.0524
    928170     -57.889
    928180    -56.1009
    928190    -60.4312
    928200    -56.5011
    928210    -60.8904
    928220    -63.3204
    928230    -58.1065
    928240    -60.0139
    928250     -60.492
    928260    -61.6218
    928270    -57.7867
    928280    -59.4005
    928290    -56.8814
    928300    -57.9536
    928310    -56.9023
    928320    -59.6926
    928330    -63.1099
    928340    -68.7843
    928350    -63.1089
    928360    -60.6503
    928370    -56.3842
    928380    -56.7174
    928390    -57.1512
    928400    -57.6001
    928410     -55.727
    928420    -59.8921
    928430    -58.8104
    928440    -62.9924
    928450    -59.4431
    928460    -60.6972
    928470    -61.3807
    928480    -60.7392
    928490    -59.1651
    928500    -60.4836
    928510     -62.597
    928520    -63.2806
    928530    -58.5313
    928540    -60.1336
    928550    -59.0385
    928560    -67.3613
    928570    -63.4667
    928580     -61.851
    928590    -59.7469
    928600    -62.4589
    928610    -40.0264
    928620    -65.5097
    928630    -62.2652
    928640     -62.041
    928650    -62.0157
    928660    -60.0352
    928670    -63.7066
    928680    -61.0797
    928690    -62.7162
    928700    -57.8662
    928710    -62.3766
    928720    -63.1518
    928730    -59.5494
    928740    -62.9458
    928750    -62.9668
    928760    -55.7358
    928770    -61.6219
    928780    -66.7841
    928790    -65.1174
    928800    -63.1517
    928810    -64.6686
    928820    -62.3195
    928830    -64.9913
    928840    -63.0505
    928850    -65.1672
    928860    -61.8273
    928870    -64.9527
    928880    -67.8082
    928890     -59.179
    928900    -67.5054
    928910    -62.8924
    928920    -63.1266
    928930    -61.8971
    928940    -58.2792
    928950    -63.2848
    928960    -63.9911
    928970    -63.6298
    928980    -58.4451
    928990    -40.4627
    929000    -62.8665
    929010    -59.8371
    929020    -66.9471
    929030    -64.5226
    929040    -66.6601
    929050    -59.6882
    929060    -62.6821
    929070    -63.2611
    929080    -64.2641
    929090    -64.9407
    929100    -64.4843
    929110    -64.1285
    929120    -66.8298
    929130    -64.8365
    929140    -63.0461
    929150    -64.0638
    929160    -65.2073
    929170    -66.8384
    929180    -60.5168
    929190     -65.511
    929200    -62.2998
    929210     -64.668
    929220    -66.2323
    929230    -62.1012
    929240    -65.0922
    929250    -61.0984
    929260    -64.0576
    929270    -68.3479
    929280    -63.0031
    929290      -63.88
    929300    -64.0541
    929310    -65.9042
    929320    -63.5902
    929330    -62.9586
    929340    -63.8344
    929350     -62.769
    929360    -63.0178
    929370    -63.3043
    929380    -65.3203
    929390    -65.7574
    929400    -66.4634
    929410    -65.6394
    929420    -62.3512
    929430    -64.1611
    929440    -61.1043
    929450    -66.6762
    929460    -63.7873
    929470    -63.2681
    929480    -43.6661
    929490    -68.5492
    929500    -67.0074
    929510    -61.4747
    929520    -60.8141
    929530    -61.7411
    929540    -60.6529
    929550     -64.163
    929560    -64.1823
    929570    -61.3432
    929580    -64.3528
    929590    -62.1601
    929600    -63.7173
    929610    -45.1352
    929620    -63.5863
    929630    -64.4582
    929640    -68.3399
    929650    -65.8818
    929660    -63.5449
    929670    -61.6953
    929680    -62.0827
    929690    -63.6687
    929700    -64.8891
    929710    -66.8773
    929720    -65.2498
    929730    -69.4039
    929740    -65.8617
    929750    -63.4649
    929760    -65.6302
    929770    -61.4052
    929780    -63.0326
    929790    -64.6886
    929800    -63.3866
    929810    -62.5538
    929820    -65.3686
    929830    -61.3979
    929840    -59.0071
    929850     -59.725
    929860    -76.4678
    929870    -58.4529
    929880    -62.4252
    929890    -59.2956
    929900    -57.7916
    929910    -62.6766
    929920    -59.4388
    929930    -58.2217
    929940    -59.0562
    929950    -62.9931
    929960    -64.3994
    929970    -62.7563
    929980    -62.9881
    929990    -65.6605
    930000     -43.981
    930010    -62.5196
    930020    -62.3596
    930030    -63.3454
    930040    -60.2283
    930050    -65.0672
    930060    -63.1892
    930070    -62.4915
    930080    -64.1605
    930090    -64.1835
    930100    -62.0428
    930110     -70.695
    930120    -64.0641
    930130     -61.778
    930140    -64.9201
    930150    -66.8274
    930160    -64.7043
    930170    -63.5659
    930180    -66.4588
    930190    -65.1255
    930200    -66.4216
    930210    -61.0953
    930220    -66.4492
    930230    -65.3552
    930240    -66.8718
    930250    -65.4383
    930260    -64.8356
    930270     -66.174
    930280      -63.08
    930290    -64.0391
    930300    -65.3561
    930310    -67.2655
    930320    -62.1402
    930330    -62.8508
    930340    -61.8412
    930350    -63.1262
    930360    -65.0185
    930370    -61.5168
    930380    -68.6644
    930390    -67.0009
    930400    -45.8558
    930410    -65.7825
    930420    -50.2582
    930430    -65.1106
    930440    -65.5208
    930450    -64.0246
    930460    -63.7267
    930470    -64.7716
    930480    -67.2827
    930490    -64.4339
    930500     -67.492
    930510     -63.009
    930520    -64.0265
    930530    -63.2158
    930540    -63.2416
    930550    -64.9221
    930560    -65.7225
    930570     -65.379
    930580    -62.3633
    930590    -63.0306
    930600    -63.2192
    930610    -62.5694
    930620    -65.8684
    930630    -62.8993
    930640    -65.9229
    930650    -66.6084
    930660    -61.8304
    930670    -65.3549
    930680    -63.8126
    930690    -63.3034
    930700    -62.1996
    930710    -62.4618
    930720    -64.8509
    930730    -67.4824
    930740    -64.9247
    930750    -62.2212
    930760    -59.5264
    930770    -63.5018
    930780     -64.311
    930790    -63.0216
    930800    -64.2915
    930810    -61.8687
    930820    -62.8948
    930830    -62.6659
    930840     -61.711
    930850    -65.5225
    930860    -62.2257
    930870    -60.1468
    930880    -65.1106
    930890    -64.5197
    930900    -63.4989
    930910    -64.7791
    930920    -64.9027
    930930     -63.416
    930940    -61.0443
    930950    -65.2926
    930960    -65.3011
    930970    -62.9758
    930980    -62.1389
    930990    -64.4607
    931000    -67.5114
    931010    -64.8991
    931020    -67.1945
    931030    -64.5246
    931040    -63.9399
    931050    -60.4725
    931060     -68.677
    931070    -61.1852
    931080    -67.1309
    931090    -67.7635
    931100    -64.2276
    931110    -69.4762
    931120    -63.4349
    931130    -64.9304
    931140    -64.3419
    931150    -61.6303
    931160    -65.8278
    931170    -66.6261
    931180    -62.5712
    931190    -55.7606
    931200    -60.4905
    931210    -60.9859
    931220    -63.9197
    931230    -60.1025
    931240    -59.9906
    931250    -66.4281
    931260    -65.6074
    931270    -60.1589
    931280    -62.5518
    931290    -61.0478
    931300    -63.1407
    931310    -62.8883
    931320    -58.7489
    931330    -62.9268
    931340    -58.4261
    931350    -62.7094
    931360    -63.2103
    931370    -60.4563
    931380    -64.8894
    931390     -62.221
    931400     -62.269
    931410    -59.3466
    931420    -55.9011
    931430    -59.6016
    931440    -62.9654
    931450     -61.257
    931460    -64.4599
    931470    -63.1649
    931480     -65.272
    931490    -63.5501
    931500    -67.0145
    931510    -64.7844
    931520    -65.9977
    931530    -68.9633
    931540    -64.4947
    931550    -67.2581
    931560       -62.5
    931570    -62.8168
    931580    -63.7842
    931590    -67.3421
    931600     -63.217
    931610    -62.8976
    931620    -67.5483
    931630    -64.4043
    931640    -65.6898
    931650    -60.1988
    931660    -65.1096
    931670    -63.6342
    931680    -63.3762
    931690    -65.4435
    931700    -69.7676
    931710    -64.2408
    931720    -65.0929
    931730    -66.7942
    931740    -63.9995
    931750    -62.5791
    931760    -63.9395
    931770    -68.4333
    931780    -59.2747
    931790    -66.5434
    931800    -60.3524
    931810    -63.4343
    931820    -68.4795
    931830     -69.508
    931840    -69.0081
    931850    -70.0302
    931860    -69.9331
    931870    -67.5376
    931880    -64.8228
    931890    -66.2718
    931900    -62.8534
    931910    -69.1508
    931920    -73.4897
    931930    -68.0835
    931940    -61.2923
    931950    -61.0844
    931960    -61.5873
    931970    -71.9832
    931980    -71.1627
    931990    -67.4495
    932000    -72.6718
    932010    -52.3058
    932020    -67.0343
    932030    -64.2394
    932040    -65.0159
    932050    -74.1072
    932060    -78.5301
    932070    -54.5529
    932080    -72.8392
    932090    -51.0726
    932100    -66.8831
    932110      -68.01
    932120    -69.4637
    932130    -63.4489
    932140    -63.6872
    932150     -64.466
    932160    -65.1234
    932170    -64.7889
    932180    -65.1035
    932190    -67.0406
    932200    -62.3115
    932210    -66.8136
    932220    -63.3943
    932230    -57.1816
    932240    -59.7064
    932250    -63.6014
    932260    -58.3103
    932270    -62.1369
    932280    -61.6186
    932290    -64.9098
    932300    -60.8195
    932310    -57.1324
    932320    -59.9699
    932330    -57.1732
    932340    -55.7766
    932350    -63.7782
    932360    -62.4125
    932370    -63.6209
    932380     -63.711
    932390    -65.3161
    932400    -61.9797
    932410    -62.8833
    932420     -56.666
    932430    -65.0437
    932440    -58.8433
    932450    -60.3283
    932460    -65.6048
    932470    -64.0874
    932480    -70.8962
    932490    -74.8694
    932500    -74.1822
    932510    -71.7952
    932520     -72.517
    932530    -72.7451
    932540    -69.4566
    932550     -69.429
    932560    -66.8806
    932570    -75.8879
    932580    -76.3523
    932590    -68.2726
    932600    -73.2774
    932610    -72.7677
    932620    -69.9916
    932630    -74.6149
    932640    -72.5688
    932650    -70.3602
    932660     -72.558
    932670    -74.0167
    932680    -78.6881
    932690    -73.5143
    932700    -63.9877
    932710    -70.1596
    932720    -68.9125
    932730    -69.8028
    932740    -70.1623
    932750    -74.3399
    932760    -73.3316
    932770    -71.7015
    932780    -70.4196
    932790    -63.6532
    932800    -70.9689
    932810    -69.1966
    932820    -65.1421
    932830    -72.7609
    932840    -71.4356
    932850    -69.0149
    932860     -71.747
    932870    -68.2009
    932880    -68.4169
    932890     -73.649
    932900    -67.6539
    932910    -68.0668
    932920    -68.4903
    932930    -72.5177
    932940    -67.3411
    932950    -64.7921
    932960    -66.4324
    932970    -66.9027
    932980    -64.8059
    932990    -65.7314
    933000    -63.0789
    933010    -67.8182
    933020    -68.1773
    933030    -68.4064
    933040    -64.7451
    933050    -65.6004
    933060    -54.8927
    933070    -57.3031
    933080    -61.4107
    933090    -57.4286
    933100    -61.6021
    933110    -59.5013
    933120    -59.8336
    933130    -57.2048
    933140    -53.3688
    933150    -55.6078
    933160    -56.1835
    933170    -55.4593
    933180    -57.8808
    933190    -55.6144
    933200    -56.7979
    933210    -54.5866
    933220    -56.8427
    933230    -54.0556
    933240    -58.3937
    933250    -55.1916
    933260    -57.1806
    933270    -56.7226
    933280    -54.2097
    933290    -54.2671
    933300    -55.9839
    933310    -60.1237
    933320    -59.0673
    933330    -54.2634
    933340    -59.6987
    933350    -53.2695
    933360    -52.4231
    933370     -55.262
    933380    -59.2789
    933390    -53.5419
    933400    -58.4917
    933410    -57.0527
    933420    -52.3346
    933430    -51.9804
    933440     -52.784
    933450     -53.539
    933460    -56.5765
    933470     -53.657
    933480    -56.3316
    933490    -54.8202
    933500    -57.8112
    933510    -52.7214
    933520    -56.2343
    933530    -62.1615
    933540    -58.3975
    933550    -54.3238
    933560    -57.2048
    933570    -57.4877
    933580    -56.3402
    933590    -57.5174
    933600    -59.0671
    933610     -57.234
    933620    -56.0797
    933630    -57.8868
    933640       -58.5
    933650    -55.0246
    933660    -61.7935
    933670    -56.8664
    933680    -60.9736
    933690     -58.016
    933700    -61.6874
    933710    -52.4945
    933720    -55.1003
    933730    -51.5345
    933740    -55.9631
    933750    -56.8014
    933760    -59.0683
    933770     -57.848
    933780    -57.3123
    933790    -56.0432
    933800    -54.3698
    933810    -57.2727
    933820    -55.0745
    933830    -58.3255
    933840    -60.9584
    933850    -56.1053
    933860    -52.3117
    933870    -52.5321
    933880    -55.2233
    933890    -54.5698
    933900    -56.2497
    933910     -61.553
    933920    -65.9389
    933930    -59.9014
    933940    -67.7806
    933950    -60.1969
    933960    -55.2929
    933970     -54.629
    933980     -57.379
    933990    -59.3603
    934000    -54.0712
    934010    -51.3634
    934020    -52.8764
    934030     -55.904
    934040    -55.4395
    934050    -59.0251
    934060    -59.5049
    934070    -57.6354
    934080    -60.7341
    934090    -59.1977
    934100     -61.973
    934110    -61.3381
    934120    -60.2618
    934130    -60.9123
    934140    -54.8447
    934150    -52.2511
    934160    -57.7659
    934170    -56.6322
    934180    -55.2676
    934190    -55.4556
    934200    -52.4221
    934210    -51.8813
    934220    -57.0182
    934230     -60.318
    934240    -66.8543
    934250    -55.8924
    934260    -59.8053
    934270    -58.3657
    934280    -55.8835
    934290    -52.7812
    934300    -54.7466
    934310    -64.5687
    934320     -65.589
    934330    -67.5925
    934340    -64.2546
    934350    -60.8743
    934360     -66.917
    934370    -65.6922
    934380    -62.1112
    934390    -60.4776
    934400    -63.2476
    934410    -62.9437
    934420    -63.0333
    934430    -62.9803
    934440    -62.3759
    934450    -62.7592
    934460    -56.9519
    934470    -62.7254
    934480    -62.5677
    934490    -68.9954
    934500    -68.0435
    934510    -61.7566
    934520    -62.7047
    934530    -67.3602
    934540     -63.672
    934550    -66.1842
    934560    -69.9245
    934570    -63.2041
    934580    -67.5332
    934590    -68.4403
    934600     -65.264
    934610    -61.6844
    934620    -66.1551
    934630    -67.6997
    934640    -63.5059
    934650    -64.0913
    934660    -64.8321
    934670    -59.3149
    934680     -62.746
    934690    -67.2704
    934700    -72.7206
    934710    -62.5348
    934720    -67.3153
    934730    -62.9223
    934740    -63.4356
    934750    -64.9257
    934760    -61.1474
    934770    -61.7275
    934780    -57.7548
    934790    -65.7477
    934800    -65.2097
    934810    -69.6619
    934820    -61.5115
    934830    -67.6318
    934840    -65.7258
    934850     -60.326
    934860    -62.2326
    934870     -62.234
    934880    -62.2412
    934890     -59.833
    934900    -60.5682
    934910    -67.8036
    934920    -67.3374
    934930    -63.9025
    934940    -67.6028
    934950    -63.7851
    934960    -67.5386
    934970    -68.9874
    934980    -69.3113
    934990    -61.5493
    935000     -57.967
    935010    -65.6337
    935020    -67.9558
    935030    -66.2468
    935040    -63.5587
    935050    -69.4774
    935060    -70.4166
    935070    -68.4315
    935080    -69.7921
    935090    -65.1283
    935100    -69.4452
    935110    -64.3864
    935120     -64.391
    935130    -65.9232
    935140    -69.1931
    935150    -62.8723
    935160    -59.5513
    935170    -53.5864
    935180    -59.8617
    935190    -59.3097
    935200    -63.1894
    935210     -62.392
    935220    -66.6321
    935230    -65.2186
    935240    -59.2635
    935250    -63.7527
    935260    -67.2209
    935270    -64.6598
    935280    -63.7156
    935290     -66.168
    935300    -64.0377
    935310    -65.0422
    935320    -62.1516
    935330    -61.5289
    935340    -61.3895
    935350    -62.1179
    935360    -63.1946
    935370    -61.7034
    935380    -66.2722
    935390      -51.91
    935400    -55.8621
    935410    -57.2014
    935420    -57.1176
    935430    -55.6904
    935440    -53.5548
    935450    -60.4173
    935460    -61.4385
    935470    -62.5863
    935480    -61.7034
    935490    -66.7298
    935500    -64.1329
    935510    -67.6624
    935520    -63.6662
    935530    -66.1109
    935540    -71.3277
    935550     -66.539
    935560    -70.4941
    935570    -66.5203
    935580    -65.3893
    935590    -65.1081
    935600    -68.8854
    935610    -67.0496
    935620    -69.4453
    935630      -67.75
    935640    -66.0784
    935650    -65.3862
    935660    -72.2605
    935670    -60.5195
    935680    -69.1202
    935690    -66.1297
    935700    -67.4778
    935710    -63.1613
    935720    -62.6384
    935730    -64.6331
    935740    -66.8915
    935750    -63.3409
    935760    -63.4769
    935770    -67.9723
    935780    -64.4294
    935790     -64.972
    935800    -67.5968
    935810    -64.2174
    935820    -64.7156
    935830    -64.8119
    935840      -65.09
    935850     -67.993
    935860    -64.1378
    935870    -62.7344
    935880    -62.6718
    935890    -63.1141
    935900    -63.0752
    935910    -59.0915
    935920    -66.1224
    935930     -60.994
    935940    -64.1524
    935950    -71.8898
    935960    -68.6029
    935970    -70.1832
    935980    -67.7335
    935990    -59.1557
    936000    -70.8921
    936010    -61.9761
    936020    -64.1144
    936030    -62.0322
    936040    -68.6705
    936050    -71.5331
    936060    -66.4033
    936070    -65.1851
    936080    -71.7437
    936090    -69.9414
    936100    -71.1769
    936110    -70.8736
    936120     -66.052
    936130    -74.5742
    936140    -68.5219
    936150      -67.39
    936160    -68.2309
    936170     -70.852
    936180    -59.4596
    936190     -59.956
    936200    -65.1466
    936210    -58.1918
    936220    -62.3092
    936230    -60.2239
    936240    -65.1187
    936250    -63.6734
    936260     -66.376
    936270    -66.4793
    936280    -74.0669
    936290    -62.0056
    936300    -63.5593
    936310    -62.0244
    936320       -64.9
    936330     -65.545
    936340     -58.742
    936350    -61.4168
    936360    -63.1614
    936370    -66.1951
    936380    -61.5778
    936390    -63.8504
    936400    -62.4567
    936410    -68.5278
    936420    -64.2198
    936430    -62.8055
    936440    -63.0516
    936450    -63.7622
    936460    -61.7573
    936470     -63.544
    936480    -66.6663
    936490    -63.3059
    936500    -66.1068
    936510    -67.8473
    936520    -63.4431
    936530    -67.1805
    936540    -64.3796
    936550    -65.9709
    936560     -63.358
    936570     -67.666
    936580    -66.6327
    936590    -63.8969
    936600    -65.4837
    936610    -65.8019
    936620    -66.6055
    936630    -64.7848
    936640    -67.1912
    936650    -66.7977
    936660    -67.0887
    936670    -66.2222
    936680    -69.5522
    936690    -66.7192
    936700    -64.3661
    936710    -74.5589
    936720    -70.3127
    936730    -65.5301
    936740    -63.9026
    936750    -68.7711
    936760     -63.362
    936770    -63.5906
    936780    -63.9501
    936790     -66.484
    936800    -70.6929
    936810    -63.9628
    936820    -68.7522
    936830     -68.189
    936840    -66.3217
    936850    -71.8873
    936860    -67.4785
    936870    -71.6532
    936880    -65.3763
    936890    -65.7525
    936900     -68.007
    936910    -70.6916
    936920    -66.9369
    936930    -64.5395
    936940    -69.7762
    936950    -66.2898
    936960    -71.5493
    936970     -68.122
    936980    -68.1372
    936990    -62.5752
    937000    -63.6702
    937010    -64.5654
    937020    -64.5972
    937030    -62.7565
    937040    -65.9842
    937050    -64.0714
    937060    -67.6834
    937070    -65.7625
    937080    -68.1173
    937090    -64.9206
    937100     -69.147
    937110    -63.6066
    937120    -60.1599
    937130    -68.9406
    937140    -66.7268
    937150    -66.5483
    937160    -70.9812
    937170    -69.5468
    937180    -68.5901
    937190    -62.0631
    937200    -67.7119
    937210    -67.2207
    937220     -64.598
    937230    -68.9486
    937240    -60.9552
    937250    -69.9464
    937260     -66.229
    937270    -66.6496
    937280     -65.221
    937290    -68.1223
    937300    -65.8611
    937310    -65.1454
    937320    -66.4613
    937330    -61.3518
    937340     -61.866
    937350    -66.7208
    937360    -63.6641
    937370     -63.665
    937380    -64.6604
    937390     -65.976
    937400     -62.204
    937410    -63.1162
    937420     -64.764
    937430    -67.8721
    937440    -63.5313
    937450    -64.7891
    937460     -60.593
    937470    -68.3567
    937480    -62.8524
    937490    -61.9028
    937500    -65.6133
    937510    -64.7523
    937520    -63.2926
    937530    -62.8199
    937540    -64.2964
    937550    -65.6768
    937560    -63.7083
    937570    -63.5018
    937580    -66.8831
    937590    -62.9203
    937600    -61.9952
    937610    -65.4294
    937620    -64.7957
    937630    -59.9161
    937640    -63.1342
    937650    -61.2598
    937660      -70.12
    937670    -68.1878
    937680    -64.5364
    937690    -66.3906
    937700     -66.281
    937710    -63.9398
    937720    -62.7195
    937730    -66.7087
    937740    -68.3165
    937750    -64.5482
    937760    -63.9912
    937770    -65.5409
    937780    -71.1491
    937790    -64.4025
    937800    -69.7859
    937810    -61.9841
    937820    -67.5611
    937830    -64.5291
    937840     -64.055
    937850     -64.331
    937860    -67.0343
    937870    -67.5524
    937880    -63.6452
    937890    -67.9167
    937900    -64.2178
    937910    -67.8427
    937920     -63.637
    937930     -61.522
    937940     -62.369
    937950    -68.2703
    937960    -62.0968
    937970    -62.5553
    937980    -64.0619
    937990    -63.1039
    938000    -64.7538
    938010    -64.0178
    938020      -65.32
    938030     -66.016
    938040    -63.9767
    938050    -62.7214
    938060    -65.7339
    938070    -61.6098
    938080    -66.6742
    938090    -63.7739
    938100    -70.0832
    938110    -61.3435
    938120    -66.5621
    938130    -71.6414
    938140    -66.7349
    938150    -64.3451
    938160    -61.6634
    938170    -71.5348
    938180    -64.5485
    938190    -62.1352
    938200    -64.7544
    938210    -75.3033
    938220    -66.1327
    938230    -63.6482
    938240    -66.2024
    938250    -64.9916
    938260    -66.4112
    938270      -64.38
    938280    -63.0207
    938290    -67.2629
    938300    -72.5129
    938310    -71.6516
    938320    -63.3921
    938330    -66.1847
    938340    -66.5705
    938350    -65.4093
    938360    -63.0923
    938370    -63.2678
    938380    -64.3863
    938390    -64.4353
    938400    -66.1994
    938410    -63.9173
    938420    -61.6991
    938430    -66.7478
    938440    -64.2803
    938450    -71.4998
    938460    -64.5503
    938470    -62.7214
    938480     -63.328
    938490    -64.2328
    938500    -64.7333
    938510    -66.0964
    938520     -65.548
    938530     -64.241
    938540    -66.4627
    938550    -63.6207
    938560    -66.9406
    938570    -64.6239
    938580    -62.6984
    938590    -67.1453
    938600    -65.1554
    938610    -63.0507
    938620    -66.5077
    938630    -61.2384
    938640    -63.8103
    938650    -66.1617
    938660    -62.3677
    938670     -68.333
    938680    -66.6736
    938690    -63.6989
    938700    -66.8261
    938710    -64.2753
    938720    -66.4849
    938730    -67.1728
    938740    -65.4767
    938750    -61.7479
    938760    -62.3621
    938770    -63.1973
    938780    -65.1875
    938790    -62.9642
    938800    -59.0258
    938810    -63.5057
    938820    -63.0793
    938830    -61.3314
    938840    -66.3401
    938850    -65.3189
    938860    -68.4809
    938870    -63.9287
    938880    -62.8434
    938890    -62.9041
    938900    -70.3811
    938910    -66.1892
    938920    -71.9152
    938930    -66.3868
    938940    -61.7113
    938950    -66.0925
    938960    -66.6472
    938970    -65.3803
    938980     -67.121
    938990    -68.1735
    939000     -67.429
    939010      -64.79
    939020     -66.299
    939030    -64.4417
    939040    -61.2074
    939050    -64.6988
    939060    -68.4011
    939070    -64.2567
    939080    -69.9916
    939090    -67.0171
    939100     -61.145
    939110    -65.8112
    939120    -63.6796
    939130    -69.2245
    939140    -63.5641
    939150    -65.0461
    939160    -61.1934
    939170    -63.1741
    939180    -62.6561
    939190    -72.5704
    939200    -63.5484
    939210    -62.2533
    939220    -65.1165
    939230    -61.8565
    939240      -63.36
    939250    -63.9556
    939260    -65.6952
    939270    -65.5592
    939280     -66.521
    939290    -66.1561
    939300    -67.9756
    939310     -68.838
    939320    -67.3324
    939330    -65.8274
    939340    -64.9346
    939350    -64.8954
    939360     -67.359
    939370    -64.5794
    939380    -65.8506
    939390     -67.161
    939400    -67.5138
    939410    -64.2271
    939420    -65.9412
    939430    -63.8707
    939440    -64.9013
    939450    -69.9801
    939460    -60.9742
    939470    -65.3947
    939480    -63.5861
    939490    -63.4132
    939500     -62.149
    939510    -66.6228
    939520     -60.312
    939530    -66.5274
    939540    -65.3819
    939550     -63.033
    939560    -61.7494
    939570     -60.367
    939580    -65.6561
    939590    -60.1153
    939600    -63.7156
    939610    -62.5887
    939620    -62.2755
    939630    -67.8618
    939640    -67.1569
    939650     -63.603
    939660     -65.299
    939670    -65.5815
    939680    -64.1462
    939690    -62.6616
    939700    -64.9457
    939710    -62.7296
    939720    -65.7688
    939730    -62.8294
    939740    -63.6901
    939750    -65.1472
    939760    -67.2411
    939770     -63.685
    939780    -65.2681
    939790    -65.4348
    939800    -64.2181
    939810    -59.6355
    939820    -67.7181
    939830    -66.4031
    939840    -63.8014
    939850    -66.2891
    939860    -67.8789
    939870    -65.7794
    939880    -65.6177
    939890    -64.1187
    939900    -63.2191
    939910    -64.2902
    939920    -62.5565
    939930    -68.0991
    939940    -70.2729
    939950    -62.5927
    939960    -63.0605
    939970    -63.6711
    939980    -63.2657
    939990    -63.5376
    940000    -68.3317
    940010    -65.0211
    940020    -67.0064
    940030    -66.4724
    940040    -71.2032
    940050    -61.9223
    940060    -64.6457
    940070    -62.2134
    940080    -65.9686
    940090    -68.1577
    940100    -64.2428
    940110    -67.2833
    940120    -61.7983
    940130    -63.5043
    940140    -69.1526
    940150    -65.8032
    940160    -64.7574
    940170    -65.1244
    940180    -66.4169
    940190    -65.2045
    940200    -61.6277
    940210    -64.9521
    940220    -65.9574
    940230    -66.6875
    940240    -65.4116
    940250    -60.9666
    940260     -64.098
    940270    -65.9878
    940280    -65.5201
    940290    -64.0694
    940300    -67.7721
    940310    -68.1459
    940320    -65.1946
    940330    -68.3751
    940340    -68.3407
    940350    -66.0512
    940360    -63.8779
    940370    -62.0299
    940380    -63.3421
    940390    -65.9732
    940400    -61.8418
    940410    -64.6351
    940420    -59.3672
    940430    -64.6522
    940440    -63.2954
    940450    -69.1997
    940460    -65.4943
    940470    -62.3493
    940480    -68.9766
    940490    -67.5972
    940500    -61.5969
    940510    -65.1983
    940520    -62.8813
    940530    -66.4063
    940540    -65.5056
    940550    -59.0294
    940560    -63.9099
    940570    -64.3056
    940580    -66.0659
    940590    -63.4547
    940600    -63.8562
    940610    -65.9817
    940620    -65.1033
    940630    -61.5014
    940640    -63.5178
    940650    -64.5425
    940660    -64.5659
    940670    -62.5488
    940680    -64.6612
    940690    -64.5545
    940700    -65.3341
    940710    -66.6987
    940720    -66.2023
    940730    -60.0772
    940740    -67.4803
    940750    -65.5432
    940760    -63.5932
    940770    -64.8795
    940780    -65.9106
    940790    -63.3938
    940800    -60.3311
    940810    -65.8711
    940820    -66.5303
    940830    -63.2618
    940840    -63.2102
    940850    -62.7044
    940860    -69.7277
    940870     -63.926
    940880    -63.3941
    940890    -64.6869
    940900    -66.5592
    940910    -61.6956
    940920    -61.6697
    940930    -63.4734
    940940    -59.6837
    940950    -66.3727
    940960    -68.3198
    940970    -59.9575
    940980    -60.2774
    940990    -63.6597
    941000    -61.5726
    941010    -59.3266
    941020     -66.487
    941030     -66.232
    941040    -63.0431
    941050    -67.7563
    941060    -62.3188
    941070    -66.8767
    941080    -64.7664
    941090     -62.767
    941100    -63.7769
    941110     -64.473
    941120    -62.7428
    941130     -65.684
    941140    -65.5133
    941150    -62.2298
    941160    -65.8038
    941170     -65.622
    941180    -68.5606
    941190     -65.425
    941200    -64.3322
    941210    -64.1888
    941220    -65.6402
    941230    -67.2074
    941240    -60.2034
    941250     -63.203
    941260    -67.6315
    941270    -62.5852
    941280    -59.8199
    941290    -56.4294
    941300    -64.5826
    941310    -59.3309
    941320    -64.1339
    941330    -67.8971
    941340    -64.5821
    941350    -58.8656
    941360    -66.6488
    941370    -61.4102
    941380    -65.3991
    941390    -64.9615
    941400    -63.5224
    941410    -59.1508
    941420    -68.8959
    941430    -63.3124
    941440    -63.7752
    941450    -59.7765
    941460     -66.449
    941470    -62.3585
    941480    -62.8376
    941490    -60.9529
    941500    -62.2629
    941510    -65.0898
    941520    -65.2701
    941530    -59.9644
    941540    -63.2043
    941550    -69.4099
    941560    -64.4261
    941570    -66.1319
    941580    -62.7597
    941590    -63.9609
    941600    -64.5879
    941610    -64.5424
    941620    -64.9324
    941630    -67.8351
    941640    -60.2514
    941650    -67.3621
    941660     -69.261
    941670    -64.2052
    941680    -65.0445
    941690    -60.8716
    941700    -66.3447
    941710    -64.2899
    941720    -68.2299
    941730    -64.4517
    941740    -62.4886
    941750    -64.9412
    941760    -59.8965
    941770    -62.4765
    941780    -64.8392
    941790     -62.876
    941800    -60.9166
    941810    -65.7994
    941820    -62.2369
    941830    -62.6142
    941840    -62.9553
    941850    -61.2241
    941860    -68.6657
    941870    -58.3623
    941880    -64.1958
    941890    -65.7817
    941900    -64.2626
    941910    -61.7514
    941920    -67.2506
    941930    -64.1974
    941940    -66.1479
    941950    -67.3279
    941960    -67.8399
    941970    -63.5705
    941980    -63.5053
    941990    -67.6316
    942000    -65.6893
    942010    -63.2432
    942020    -58.9151
    942030    -62.1716
    942040    -59.8516
    942050    -59.3614
    942060    -66.2947
    942070    -63.7684
    942080     -65.272
    942090    -63.5536
    942100    -62.7411
    942110    -65.2044
    942120      -63.09
    942130    -65.4868
    942140    -62.1631
    942150    -64.3225
    942160    -66.6151
    942170    -61.5761
    942180    -65.1601
    942190    -64.0379
    942200    -67.5709
    942210    -65.2014
    942220     -65.401
    942230    -66.2699
    942240    -62.8851
    942250    -62.2417
    942260    -61.7323
    942270    -64.0804
    942280    -64.9439
    942290    -68.6109
    942300    -65.6996
    942310    -64.5434
    942320    -62.7838
    942330    -65.8929
    942340     -71.107
    942350     -63.381
    942360    -66.1863
    942370     -62.448
    942380    -66.8717
    942390    -60.7239
    942400    -62.4039
    942410     -65.142
    942420    -63.7149
    942430    -63.1712
    942440     -64.541
    942450    -63.8995
    942460    -62.0134
    942470     -67.662
    942480    -62.8778
    942490    -63.6964
    942500    -59.3009
    942510    -63.0655
    942520    -61.4155
    942530    -63.6516
    942540    -64.6197
    942550    -62.5904
    942560    -68.3169
    942570    -59.9652
    942580    -69.4357
    942590    -66.7728
    942600     -64.491
    942610    -64.4144
    942620    -64.7207
    942630    -64.4823
    942640    -65.6339
    942650    -60.0836
    942660    -62.0113
    942670    -63.6045
    942680     -64.515
    942690    -62.5273
    942700    -65.1693
    942710    -62.5647
    942720    -59.2316
    942730    -56.6248
    942740    -58.6881
    942750    -59.9836
    942760    -65.5964
    942770    -66.3449
    942780    -59.7459
    942790    -59.0865
    942800    -61.3361
    942810    -61.7815
    942820    -58.4414
    942830    -57.6118
    942840    -60.7645
    942850    -60.3687
    942860    -59.1614
    942870    -61.1252
    942880    -56.2478
    942890    -57.5859
    942900    -65.8382
    942910    -55.3923
    942920    -63.2347
    942930    -61.7749
    942940    -57.5052
    942950    -58.9674
    942960     -60.987
    942970    -54.0883
    942980    -60.9112
    942990    -58.6896
    943000    -58.4032
    943010    -62.4013
    943020    -59.0916
    943030    -60.8715
    943040    -58.4711
    943050    -62.8736
    943060    -59.9106
    943070    -58.7035
    943080    -55.1873
    943090    -62.8022
    943100    -63.0639
    943110    -58.2287
    943120    -54.6682
    943130    -57.0259
    943140    -60.1205
    943150    -61.0227
    943160    -61.8852
    943170    -64.1161
    943180    -60.9579
    943190    -61.6217
    943200    -60.2279
    943210    -56.0692
    943220    -63.2357
    943230    -64.6735
    943240    -60.9299
    943250    -63.1873
    943260    -59.6245
    943270    -65.9359
    943280    -64.9228
    943290    -61.9348
    943300    -59.3885
    943310    -57.9343
    943320     -57.293
    943330    -58.3886
    943340    -58.7751
    943350    -60.8593
    943360     -61.066
    943370    -64.5749
    943380    -65.6238
    943390    -64.1283
    943400    -67.2557
    943410     -63.401
    943420    -66.7168
    943430    -65.4096
    943440    -61.8232
    943450    -69.4333
    943460    -62.2429
    943470    -55.4653
    943480    -61.9846
    943490    -61.5103
    943500    -62.4676
    943510    -59.2544
    943520    -57.6355
    943530    -65.6269
    943540    -65.0299
    943550    -57.7196
    943560    -59.4581
    943570    -62.7032
    943580    -59.3342
    943590    -59.3083
    943600    -58.0478
    943610    -59.3269
    943620    -56.6975
    943630    -61.9816
    943640    -63.9175
    943650    -59.5944
    943660     -58.924
    943670    -56.6248
    943680     -59.538
    943690    -62.3206
    943700    -55.7293
    943710    -62.2138
    943720    -64.7229
    943730    -58.9807
    943740    -58.7958
    943750    -64.6932
    943760    -61.2095
    943770     -62.557
    943780    -60.2012
    943790    -58.8882
    943800    -60.7197
    943810     -60.588
    943820    -66.5721
    943830    -63.9757
    943840    -60.9503
    943850    -61.1548
    943860    -64.0885
    943870    -58.3317
    943880    -63.2897
    943890    -57.5198
    943900    -63.8824
    943910    -65.4408
    943920    -63.5551
    943930    -66.9453
    943940    -61.6588
    943950     -64.664
    943960    -58.6591
    943970    -61.1232
    943980    -60.4942
    943990    -61.7385
    944000    -61.7514
    944010    -59.6781
    944020    -59.9369
    944030    -62.7798
    944040    -59.5626
    944050     -66.414
    944060    -63.4932
    944070    -60.2521
    944080    -67.1578
    944090    -64.1092
    944100    -63.9487
    944110    -63.8554
    944120    -64.6201
    944130    -63.5236
    944140    -64.1758
    944150    -65.0501
    944160    -63.6911
    944170    -64.3685
    944180    -59.2575
    944190       -65.6
    944200    -65.9543
    944210    -61.7544
    944220    -61.2421
    944230    -60.7819
    944240    -58.7559
    944250    -59.5312
    944260    -61.0488
    944270    -60.1276
    944280    -58.4722
    944290    -58.5743
    944300    -60.9344
    944310    -62.8491
    944320    -59.8527
    944330    -61.4344
    944340    -59.4783
    944350    -63.6445
    944360    -60.2559
    944370    -59.8703
    944380     -65.453
    944390    -63.2999
    944400    -63.5049
    944410     -62.383
    944420    -64.0822
    944430    -64.2027
    944440    -64.2571
    944450     -61.091
    944460    -63.0559
    944470     -58.374
    944480    -56.4487
    944490    -65.3232
    944500     -61.551
    944510    -58.0583
    944520    -60.6345
    944530    -56.2717
    944540    -58.9214
    944550    -59.2051
    944560    -58.5196
    944570     -60.402
    944580    -62.7015
    944590    -61.8735
    944600     -62.517
    944610    -57.8959
    944620    -56.3282
    944630      -60.74
    944640     -57.607
    944650    -60.1656
    944660    -60.6319
    944670    -60.5466
    944680    -55.6919
    944690    -59.7649
    944700    -59.8552
    944710    -54.8848
    944720    -61.2242
    944730    -57.7772
    944740    -63.7749
    944750    -66.5906
    944760    -62.6292
    944770    -61.5343
    944780    -62.5518
    944790      -60.08
    944800    -61.7828
    944810    -59.9611
    944820    -63.5665
    944830    -63.2307
    944840    -60.9944
    944850    -63.4599
    944860    -61.1304
    944870    -63.6423
    944880    -65.1017
    944890    -62.8281
    944900    -61.4907
    944910    -63.5685
    944920    -63.1761
    944930     -58.989
    944940    -61.4654
    944950     -57.468
    944960    -61.9095
    944970    -61.8015
    944980    -60.7853
    944990    -60.4909
    945000    -65.3163
    945010    -61.9935
    945020    -65.2534
    945030    -64.1674
    945040     -58.385
    945050    -64.8083
    945060    -61.9636
    945070    -66.1221
    945080    -63.6724
    945090    -66.6812
    945100    -66.9254
    945110    -66.4357
    945120    -66.4973
    945130     -62.203
    945140    -59.4825
    945150    -63.3647
    945160    -61.6285
    945170    -63.4181
    945180    -59.4027
    945190    -62.8701
    945200    -71.0944
    945210    -64.2792
    945220     -65.341
    945230    -60.7092
    945240    -63.8711
    945250    -61.6012
    945260    -59.1666
    945270    -59.9603
    945280    -62.7403
    945290    -58.1393
    945300    -58.6454
    945310    -58.2389
    945320    -61.0655
    945330    -59.6082
    945340    -64.2918
    945350    -67.0419
    945360    -62.3733
    945370    -63.7195
    945380    -59.4999
    945390    -62.2785
    945400    -61.6915
    945410    -57.5393
    945420    -62.2189
    945430    -63.9857
    945440    -62.2738
    945450    -56.9694
    945460     -61.913
    945470    -64.1483
    945480    -56.6168
    945490    -60.9114
    945500    -61.7879
    945510    -57.8534
    945520     -62.078
    945530     -61.118
    945540    -63.1299
    945550    -61.1819
    945560     -66.812
    945570     -61.219
    945580    -61.1036
    945590    -62.7878
    945600    -62.2479
    945610    -59.1664
    945620    -64.9106
    945630    -65.1466
    945640    -61.7013
    945650    -58.8165
    945660    -62.2386
    945670    -62.0391
    945680    -58.3731
    945690      -66.84
    945700      -62.78
    945710    -63.9621
    945720    -64.4061
    945730    -61.4443
    945740    -58.9828
    945750    -59.9878
    945760    -63.6323
    945770    -62.5223
    945780    -62.6133
    945790    -61.2821
    945800       -59.7
    945810    -64.7182
    945820    -63.6994
    945830    -61.9562
    945840    -63.7216
    945850    -65.4701
    945860    -59.7623
    945870    -62.2698
    945880    -65.6957
    945890    -62.7796
    945900    -64.4309
    945910    -62.3297
    945920    -63.3987
    945930     -65.165
    945940    -65.9944
    945950    -62.2382
    945960      -65.53
    945970    -63.1648
    945980    -65.9523
    945990    -63.5064
    946000    -60.8482
    946010     -61.759
    946020    -63.1146
    946030    -62.8602
    946040    -61.5176
    946050     -60.954
    946060    -63.9597
    946070    -60.9164
    946080     -59.761
    946090    -59.1726
    946100     -59.566
    946110    -58.9179
    946120    -60.2206
    946130    -60.4434
    946140    -57.4226
    946150     -61.574
    946160    -58.9344
    946170    -58.9849
    946180    -63.3856
    946190    -61.8054
    946200    -62.6952
    946210    -58.4493
    946220    -62.3522
    946230    -61.6054
    946240    -65.2249
    946250    -59.9034
    946260     -63.467
    946270    -60.2584
    946280    -63.1531
    946290    -58.1656
    946300    -63.6845
    946310     -61.192
    946320     -58.016
    946330    -63.1212
    946340    -62.9099
    946350    -61.6399
    946360    -61.4382
    946370    -60.2213
    946380    -63.1294
    946390    -62.1647
    946400    -56.8831
    946410    -62.8665
    946420     -59.296
    946430    -64.3954
    946440    -63.5837
    946450    -60.8774
    946460    -61.7971
    946470    -59.2286
    946480    -60.4639
    946490    -59.1668
    946500    -65.0726
    946510    -55.3342
    946520    -61.5801
    946530    -60.3091
    946540    -61.7861
    946550    -62.7479
    946560    -58.3592
    946570    -62.4243
    946580    -63.9986
    946590     -61.706
    946600     -59.453
    946610    -56.1853
    946620    -58.8758
    946630    -62.8428
    946640    -58.7118
    946650    -63.6586
    946660    -61.6298
    946670    -59.4469
    946680    -63.9073
    946690    -61.4751
    946700    -64.8417
    946710    -68.8609
    946720    -61.2796
    946730    -64.4997
    946740    -61.2156
    946750    -59.1114
    946760    -63.3435
    946770    -59.9898
    946780    -61.3067
    946790    -60.9414
    946800    -61.4222
    946810    -58.3318
    946820    -63.0665
    946830    -62.5822
    946840    -60.1424
    946850    -59.8857
    946860    -59.5925
    946870    -64.2873
    946880    -57.5166
    946890    -61.0035
    946900    -63.1239
    946910    -59.6686
    946920    -63.8287
    946930    -59.0582
    946940    -64.2431
    946950    -60.8639
    946960     -59.478
    946970    -62.2041
    946980    -61.9822
    946990    -60.0818
    947000    -59.7015
    947010    -59.9451
    947020    -62.1046
    947030    -62.7688
    947040    -62.1864
    947050    -59.0062
    947060    -61.7418
    947070    -64.7518
    947080    -63.6489
    947090    -65.0943
    947100     -62.069
    947110    -64.8173
    947120     -61.914
    947130    -60.9953
    947140    -63.8103
    947150     -60.287
    947160     -60.257
    947170    -64.3592
    947180     -58.926
    947190    -60.4282
    947200    -60.6448
    947210    -64.9201
    947220    -59.2047
    947230    -62.0241
    947240    -62.1275
    947250    -63.4195
    947260    -67.5375
    947270    -61.5927
    947280    -65.8722
    947290    -61.1764
    947300    -63.9387
    947310    -60.0419
    947320    -60.0946
    947330    -63.8359
    947340    -59.7146
    947350    -65.5194
    947360    -60.7949
    947370    -65.9897
    947380    -64.6403
    947390    -59.2938
    947400    -64.3001
    947410    -65.0588
    947420    -62.0192
    947430    -64.9769
    947440    -62.1843
    947450    -65.2084
    947460    -63.7415
    947470    -60.6023
    947480    -61.2868
    947490    -62.8451
    947500    -64.3107
    947510    -62.6082
    947520    -62.2144
    947530    -59.2646
    947540    -65.7997
    947550    -62.8372
    947560    -64.1622
    947570    -65.3993
    947580    -65.1418
    947590    -61.1425
    947600    -62.3342
    947610    -62.5797
    947620    -64.6929
    947630    -60.2329
    947640    -59.5249
    947650    -60.5821
    947660    -58.6676
    947670    -59.4988
    947680    -59.6859
    947690    -59.3717
    947700    -61.7095
    947710    -65.5715
    947720      -62.98
    947730    -56.2597
    947740    -59.7021
    947750    -61.4085
    947760    -57.2665
    947770    -60.0758
    947780    -59.7439
    947790    -60.9336
    947800    -64.3861
    947810    -65.1422
    947820    -60.2295
    947830     -63.492
    947840    -64.3179
    947850    -60.4691
    947860    -60.1493
    947870    -64.0809
    947880    -65.8969
    947890    -62.6178
    947900    -65.8797
    947910    -64.8493
    947920    -65.6909
    947930    -64.2188
    947940    -63.7666
    947950    -62.6245
    947960    -63.5694
    947970     -63.398
    947980    -61.8542
    947990    -63.3363
    948000    -62.8117
    948010    -59.8657
    948020    -68.0101
    948030    -62.3192
    948040    -63.3064
    948050    -63.4909
    948060    -62.3644
    948070    -59.0799
    948080    -68.0495
    948090     -63.963
    948100     -65.908
    948110     -67.307
    948120    -63.4246
    948130    -61.5904
    948140     -61.828
    948150    -67.1163
    948160    -62.2238
    948170    -63.4784
    948180    -63.4821
    948190    -60.6487
    948200     -64.475
    948210    -60.2986
    948220    -63.8034
    948230    -63.8035
    948240    -68.6266
    948250    -62.3451
    948260    -63.9965
    948270    -65.9241
    948280     -62.686
    948290    -67.6167
    948300    -60.5941
    948310    -71.2031
    948320     -60.512
    948330    -65.1466
    948340    -44.1354
    948350    -63.1235
    948360    -65.0202
    948370    -60.8661
    948380    -65.4986
    948390    -61.0042
    948400    -64.2063
    948410    -58.0284
    948420    -63.9015
    948430    -66.5918
    948440      -61.35
    948450     -60.207
    948460    -65.3225
    948470    -63.7985
    948480    -64.0276
    948490    -62.4612
    948500    -58.2928
    948510    -63.4856
    948520    -61.3925
    948530    -64.3475
    948540    -61.4006
    948550     -59.425
    948560    -57.5915
    948570    -60.4795
    948580    -57.8838
    948590    -63.5139
    948600    -64.4178
    948610     -63.677
    948620    -67.7556
    948630    -67.7439
    948640    -72.0407
    948650    -66.5503
    948660    -63.1349
    948670    -64.7114
    948680     -61.241
    948690       -62.5
    948700    -56.2625
    948710     -56.804
    948720    -57.6302
    948730    -58.5908
    948740    -57.5415
    948750    -62.1774
    948760    -64.8853
    948770    -60.5018
    948780    -65.6968
    948790    -59.9673
    948800    -58.4217
    948810    -60.5625
    948820    -62.4235
    948830      -59.96
    948840    -59.7908
    948850    -61.9329
    948860    -58.2274
    948870    -63.3817
    948880    -59.3155
    948890    -57.1186
    948900    -56.6499
    948910    -62.2796
    948920    -60.7056
    948930    -59.8187
    948940    -59.4213
    948950    -54.3723
    948960    -60.1469
    948970     -61.548
    948980    -60.3635
    948990    -60.3933
    949000    -65.8344
    949010    -60.2183
    949020    -58.4241
    949030    -59.6395
    949040    -68.3536
    949050    -64.4929
    949060    -63.9928
    949070    -66.0069
    949080    -66.7406
    949090    -67.1767
    949100    -64.9795
    949110    -59.8981
    949120    -62.6212
    949130    -59.3211
    949140    -64.9673
    949150    -65.5178
    949160    -65.7821
    949170    -65.0472
    949180    -64.3235
    949190    -64.2225
    949200    -60.7164
    949210    -60.5076
    949220    -59.3171
    949230    -62.7352
    949240    -61.1949
    949250    -61.8007
    949260    -62.4262
    949270    -59.6822
    949280    -60.9661
    949290    -63.0377
    949300    -59.9784
    949310    -59.8435
    949320    -63.1663
    949330    -57.5663
    949340    -62.5422
    949350    -66.8922
    949360    -58.8313
    949370    -59.0396
    949380    -62.3395
    949390    -60.1968
    949400    -61.8832
    949410    -57.8653
    949420    -60.4229
    949430    -57.2915
    949440    -61.4922
    949450    -56.2197
    949460    -59.0482
    949470    -61.4627
    949480    -60.7453
    949490    -63.8145
    949500     -59.336
    949510    -60.6635
    949520    -64.8183
    949530    -62.8404
    949540    -59.4356
    949550    -56.5163
    949560    -63.2384
    949570    -62.1038
    949580    -63.8179
    949590    -61.3105
    949600    -66.8926
    949610     -60.406
    949620    -62.2274
    949630    -60.0448
    949640    -66.2047
    949650      -62.87
    949660    -59.0461
    949670    -61.6478
    949680    -60.6506
    949690    -66.1044
    949700    -58.9067
    949710    -59.7019
    949720    -60.1144
    949730    -58.8153
    949740    -56.4722
    949750    -62.6001
    949760    -58.9109
    949770    -62.1002
    949780    -58.9535
    949790    -55.0581
    949800    -61.2909
    949810      -61.77
    949820    -61.6876
    949830    -59.3909
    949840    -61.4588
    949850    -65.1172
    949860     -61.706
    949870    -62.4901
    949880    -64.3661
    949890    -55.0387
    949900    -64.4391
    949910    -58.9006
    949920    -60.0582
    949930    -60.5502
    949940     -60.297
    949950    -61.8256
    949960    -56.8874
    949970    -57.5081
    949980     -57.296
    949990    -54.9889
    950000    -61.8658
    950010    -62.3415
    950020      -59.86
    950030    -56.6573
    950040    -60.4228
    950050     -61.001
    950060    -58.7059
    950070    -58.7614
    950080    -56.9056
    950090    -60.7871
    950100    -62.0194
    950110    -59.8587
    950120    -63.1049
    950130    -65.6652
    950140    -64.8066
    950150    -61.6357
    950160    -64.5563
    950170    -62.3496
    950180    -62.9348
    950190    -62.2962
    950200    -60.5848
    950210    -58.0014
    950220    -62.0697
    950230    -58.8006
    950240    -56.8781
    950250    -60.2627
    950260    -61.0033
    950270    -57.8202
    950280    -61.4403
    950290    -59.6827
    950300    -62.4027
    950310    -61.6069
    950320    -68.4299
    950330    -60.1531
    950340    -61.1258
    950350    -58.2388
    950360    -60.2811
    950370    -63.5198
    950380    -59.0251
    950390    -58.3988
    950400    -56.9305
    950410    -64.7272
    950420    -57.4871
    950430    -62.1483
    950440    -56.2335
    950450    -60.3792
    950460    -59.3521
    950470    -57.8943
    950480    -61.8935
    950490    -65.3959
    950500    -63.0884
    950510    -64.1198
    950520    -66.4264
    950530    -65.3474
    950540    -61.5673
    950550    -64.4928
    950560    -64.2248
    950570    -70.5582
    950580    -62.1946
    950590    -68.5793
    950600    -68.6574
    950610     -43.746
    950620    -63.6961
    950630    -59.4446
    950640    -65.4266
    950650    -59.6395
    950660    -64.9151
    950670    -63.5809
    950680    -64.3048
    950690    -66.4997
    950700    -62.1486
    950710    -63.3762
    950720    -66.0958
    950730    -64.1933
    950740     -64.715
    950750    -64.0532
    950760    -66.4396
    950770    -65.5151
    950780    -66.0988
    950790     -62.845
    950800    -68.4009
    950810    -62.8432
    950820    -65.1741
    950830    -61.0074
    950840    -64.7639
    950850    -65.4293
    950860    -64.5296
    950870    -63.6951
    950880     -66.727
    950890    -65.3678
    950900    -62.8646
    950910    -65.7404
    950920    -69.2275
    950930    -68.3832
    950940    -63.9173
    950950    -64.5234
    950960    -64.4158
    950970    -65.7642
    950980    -62.1478
    950990    -61.7981
    951000    -65.9921
    951010    -66.1554
    951020    -66.0273
    951030    -64.8569
    951040    -63.0942
    951050    -66.4447
    951060    -62.1662
    951070    -63.7955
    951080    -64.5832
    951090    -60.8752
    951100    -65.8986
    951110    -63.1975
    951120    -43.0979
    951130    -44.9848
    951140    -44.3796
    951150    -67.0417
    951160    -44.6251
    951170    -49.9596
    951180     -63.084
    951190    -48.7121
    951200    -44.3412
    951210     -63.748
    951220     -41.848
    951230    -64.7018
    951240     -64.388
    951250    -62.3969
    951260    -62.3507
    951270     -62.888
    951280    -66.1744
    951290    -63.2151
    951300    -64.5113
    951310     -59.646
    951320    -66.9284
    951330    -63.6699
    951340     -64.974
    951350    -70.9903
    951360    -65.2411
    951370    -65.7945
    951380     -65.615
    951390    -67.3659
    951400    -63.7242
    951410    -64.0818
    951420    -63.2083
    951430    -65.6696
    951440     -64.909
    951450    -65.6886
    951460    -61.6678
    951470    -68.2861
    951480    -58.5937
    951490    -59.9095
    951500    -60.6168
    951510    -60.9778
    951520    -58.8281
    951530    -62.1696
    951540    -59.8867
    951550    -55.5222
    951560    -58.4329
    951570    -66.5939
    951580    -63.0926
    951590    -62.0687
    951600    -65.5287
    951610    -61.3568
    951620    -57.2472
    951630    -61.6344
    951640    -62.1885
    951650    -61.0526
    951660    -59.8474
    951670    -64.7986
    951680    -60.8947
    951690    -58.0329
    951700    -58.4937
    951710    -59.8651
    951720    -59.2315
    951730     -61.056
    951740    -62.7766
    951750    -62.1873
    951760    -60.8997
    951770    -64.5754
    951780    -60.8847
    951790     -60.237
    951800    -60.7443
    951810    -62.3236
    951820    -60.1371
    951830    -59.9434
    951840    -62.6316
    951850    -63.8099
    951860    -62.4981
    951870    -65.4254
    951880    -60.1899
    951890    -60.6993
    951900    -62.3737
    951910    -58.7845
    951920     -64.236
    951930     -63.699
    951940    -58.9118
    951950    -61.4327
    951960     -59.248
    951970    -61.9519
    951980    -62.5233
    951990    -59.6185
    952000    -56.7637
    952010    -61.3801
    952020    -61.8793
    952030    -60.6195
    952040    -60.4154
    952050    -60.5277
    952060    -63.6543
    952070    -59.0094
    952080     -59.437
    952090    -62.8372
    952100    -63.3207
    952110    -63.9671
    952120    -60.6997
    952130    -59.6383
    952140    -59.7521
    952150    -56.2155
    952160    -63.9765
    952170    -58.7276
    952180    -60.8697
    952190    -61.5644
    952200    -59.6979
    952210    -59.0608
    952220    -58.9756
    952230    -59.9847
    952240    -58.8942
    952250    -58.8847
    952260    -60.7392
    952270    -60.3819
    952280    -59.9223
    952290    -57.5262
    952300    -62.5775
    952310    -59.7227
    952320    -62.6413
    952330    -60.4367
    952340    -53.9361
    952350    -58.3802
    952360    -62.6921
    952370    -60.7024
    952380    -65.7935
    952390    -57.5314
    952400    -59.1617
    952410    -61.1122
    952420    -63.4133
    952430    -62.0751
    952440    -62.0331
    952450    -63.2238
    952460    -61.9389
    952470     -66.708
    952480    -58.5808
    952490    -58.0913
    952500    -57.6531
    952510    -57.5715
    952520    -59.3335
    952530    -60.4359
    952540    -60.4215
    952550    -60.3304
    952560     -59.824
    952570    -61.3148
    952580    -62.6844
    952590    -56.6325
    952600    -56.2668
    952610    -56.5459
    952620    -63.2814
    952630    -59.4214
    952640    -63.3124
    952650    -56.6996
    952660    -66.3942
    952670    -63.5643
    952680    -62.6548
    952690    -64.9912
    952700    -66.1816
    952710    -48.8027
    952720    -57.0071
    952730    -58.1083
    952740    -59.2615
    952750    -59.8969
    952760    -59.4519
    952770    -60.6485
    952780    -66.1929
    952790    -59.7197
    952800    -55.8925
    952810    -54.1484
    952820    -59.6494
    952830    -55.5769
    952840    -63.1515
    952850    -60.7935
    952860    -57.0134
    952870    -61.8657
    952880    -57.5248
    952890    -55.1757
    952900    -59.8278
    952910    -56.4913
    952920    -57.0979
    952930    -61.5649
    952940    -57.0825
    952950    -57.1717
    952960    -60.3562
    952970    -60.5748
    952980    -62.6505
    952990    -59.5207
    953000    -62.1216
    953010     -60.852
    953020    -64.3174
    953030    -61.9705
    953040    -60.1085
    953050    -59.9015
    953060    -54.9792
    953070    -56.7709
    953080     -61.262
    953090    -56.9748
    953100    -59.5187
    953110     -68.866
    953120    -62.6507
    953130    -57.0176
    953140    -56.8406
    953150    -58.6765
    953160    -60.2037
    953170    -59.5271
    953180    -60.1005
    953190    -60.7683
    953200     -62.451
    953210    -56.1427
    953220    -59.5553
    953230    -61.3842
    953240    -58.1598
    953250    -63.5287
    953260    -60.2558
    953270    -66.0899
    953280    -58.9305
    953290    -55.4765
    953300    -58.3276
    953310    -61.4171
    953320    -65.0076
    953330    -66.6254
    953340    -64.6497
    953350    -69.1424
    953360     -63.207
    953370    -62.0885
    953380    -65.7074
    953390    -66.9179
    953400    -61.8731
    953410    -66.4878
    953420    -66.5513
    953430    -64.9185
    953440    -69.2109
    953450    -60.5863
    953460    -64.3207
    953470    -63.7932
    953480    -61.4519
    953490    -61.2572
    953500    -61.0432
    953510    -62.7449
    953520    -65.4856
    953530    -64.2881
    953540    -60.8155
    953550    -67.4498
    953560    -61.0441
    953570    -67.0153
    953580    -63.4002
    953590    -65.9965
    953600    -63.2806
    953610    -68.4768
    953620    -66.2861
    953630     -64.378
    953640    -64.3761
    953650    -63.9739
    953660    -63.4177
    953670    -64.5864
    953680    -66.3184
    953690    -65.3326
    953700    -64.4145
    953710    -62.2311
    953720    -67.4241
    953730    -59.7699
    953740    -64.5829
    953750    -64.0863
    953760    -62.3022
    953770      -60.57
    953780     -61.963
    953790     -61.707
    953800    -63.9294
    953810    -63.1916
    953820    -64.6284
    953830    -61.6697
    953840    -63.9829
    953850    -68.2294
    953860    -65.7434
    953870    -63.8433
    953880    -67.0277
    953890    -63.4816
    953900     -69.207
    953910    -68.3299
    953920    -63.4252
    953930    -63.6625
    953940     -63.013
    953950    -63.5672
    953960    -63.2806
    953970    -65.4337
    953980    -60.3804
    953990    -69.1719
    954000    -65.7511
    954010    -62.5409
    954020    -67.2686
    954030    -66.3366
    954040    -65.7965
    954050    -66.2718
    954060    -62.7894
    954070     -61.894
    954080    -62.4235
    954090    -61.2751
    954100    -62.2621
    954110     -59.054
    954120    -62.4124
    954130     -69.642
    954140    -62.7807
    954150    -69.3026
    954160     -58.922
    954170    -55.9589
    954180     -57.214
    954190    -58.9401
    954200    -58.7103
    954210    -61.8225
    954220    -60.3069
    954230    -57.1062
    954240    -61.4046
    954250    -56.9099
    954260     -60.656
    954270    -57.3026
    954280    -55.8339
    954290    -63.0402
    954300    -61.3772
    954310    -62.6082
    954320    -57.8376
    954330    -63.0047
    954340    -64.7914
    954350    -59.6956
    954360    -60.0426
    954370    -58.2076
    954380    -60.2731
    954390    -64.3258
    954400    -63.1816
    954410    -61.5312
    954420    -66.2395
    954430    -60.8866
    954440    -62.8941
    954450    -64.6698
    954460    -59.4465
    954470     -56.604
    954480    -64.6527
    954490    -70.2975
    954500     -62.727
    954510     -64.672
    954520    -62.0459
    954530    -60.0424
    954540    -60.2979
    954550    -61.7177
    954560    -62.8375
    954570    -60.6331
    954580      -62.15
    954590    -61.3411
    954600    -57.7508
    954610    -61.8037
    954620    -58.2057
    954630    -59.9827
    954640    -62.5843
    954650    -62.2094
    954660    -61.2923
    954670    -59.9457
    954680    -59.1584
    954690    -59.2918
    954700    -59.7277
    954710    -60.9611
    954720    -59.3504
    954730    -63.6088
    954740    -60.6853
    954750    -65.9668
    954760    -67.0116
    954770    -64.6807
    954780    -63.1426
    954790    -62.0244
    954800    -64.5768
    954810    -61.9088
    954820    -61.1747
    954830    -65.0602
    954840     -66.066
    954850     -61.371
    954860    -62.7066
    954870    -61.6676
    954880    -64.2693
    954890    -62.0011
    954900    -64.1905
    954910    -61.3533
    954920    -67.2171
    954930     -63.023
    954940     -61.814
    954950    -66.0363
    954960    -62.6609
    954970    -70.0227
    954980    -61.7847
    954990    -65.9948
    955000    -62.6392
    955010    -59.2611
    955020    -62.6687
    955030    -61.8506
    955040    -63.7021
    955050     -62.124
    955060    -57.9295
    955070    -62.2222
    955080    -59.8294
    955090    -65.1653
    955100    -64.2663
    955110    -64.8055
    955120    -65.8306
    955130    -65.6312
    955140    -67.6527
    955150    -63.2264
    955160    -64.8628
    955170    -68.0869
    955180    -66.6693
    955190    -66.9448
    955200    -61.7609
    955210    -64.6802
    955220    -66.3128
    955230    -67.0864
    955240    -63.8719
    955250    -68.5503
    955260      -63.92
    955270    -65.9561
    955280    -64.7571
    955290    -65.2522
    955300     -62.489
    955310     -67.018
    955320    -62.9228
    955330    -62.2465
    955340    -63.9584
    955350    -65.3739
    955360    -63.0087
    955370    -63.0517
    955380    -67.2326
    955390    -60.8478
    955400    -61.2987
    955410    -63.4699
    955420    -64.0937
    955430    -64.6731
    955440    -64.1936
    955450    -66.4734
    955460    -64.1626
    955470    -60.2749
    955480    -60.7639
    955490    -58.6536
    955500    -62.8351
    955510    -65.7494
    955520    -61.7028
    955530    -61.4062
    955540    -59.7259
    955550    -61.9059
    955560    -63.5316
    955570    -64.5024
    955580    -64.3988
    955590    -62.5657
    955600    -56.5129
    955610    -57.7141
    955620    -60.2497
    955630    -61.7473
    955640     -59.838
    955650    -60.7692
    955660    -60.1732
    955670    -66.5655
    955680    -60.4016
    955690     -62.206
    955700    -60.2342
    955710    -60.2071
    955720    -60.3837
    955730    -61.4704
    955740     -60.779
    955750    -62.3455
    955760    -60.2204
    955770    -64.4461
    955780    -61.4161
    955790    -62.0719
    955800    -62.5287
    955810    -60.4244
    955820    -57.3038
    955830    -63.2124
    955840     -64.096
    955850    -65.1277
    955860    -62.4325
    955870    -58.6125
    955880    -58.4022
    955890    -60.2496
    955900    -64.1083
    955910    -59.8291
    955920    -62.4741
    955930    -59.1728
    955940    -61.7555
    955950    -58.6866
    955960    -57.1826
    955970    -59.4475
    955980    -62.7091
    955990    -63.4372
    956000    -61.4832
    956010    -61.1128
    956020    -57.7797
    956030    -59.6034
    956040    -55.8675
    956050     -63.081
    956060    -67.2416
    956070    -63.8097
    956080    -46.9519
    956090    -62.2244
    956100    -62.3787
    956110    -63.5257
    956120    -59.4046
    956130    -62.6741
    956140    -59.0724
    956150    -57.2614
    956160    -63.5708
    956170    -43.1817
    956180    -44.5509
    956190    -66.6735
    956200     -61.403
    956210    -59.7649
    956220    -63.5781
    956230    -61.8286
    956240    -63.4049
    956250     -61.832
    956260     -63.423
    956270    -67.0767
    956280    -58.4187
    956290    -62.6376
    956300    -62.7861
    956310    -62.1334
    956320    -66.7987
    956330    -66.1196
    956340    -62.9472
    956350    -63.1994
    956360    -58.9174
    956370    -62.2052
    956380    -61.1484
    956390    -61.1782
    956400    -66.3606
    956410    -65.4069
    956420    -67.8999
    956430    -63.2894
    956440    -63.7695
    956450    -61.1615
    956460    -61.0541
    956470    -68.3671
    956480    -63.0415
    956490    -64.3175
    956500     -62.774
    956510    -60.8646
    956520    -63.3406
    956530    -63.8039
    956540    -63.8092
    956550     -59.091
    956560    -59.4229
    956570    -60.8884
    956580    -63.7272
    956590    -62.2768
    956600    -59.0572
    956610    -65.1535
    956620    -58.9185
    956630    -59.2896
    956640    -60.9701
    956650    -60.5595
    956660    -58.2486
    956670    -60.8662
    956680    -61.6632
    956690     -60.005
    956700    -60.4255
    956710    -60.1455
    956720    -58.0836
    956730    -61.6663
    956740     -59.738
    956750    -60.1315
    956760    -62.9681
    956770     -63.203
    956780    -59.7018
    956790    -59.4888
    956800     -63.093
    956810    -61.7608
    956820    -64.4109
    956830    -65.7646
    956840    -59.8405
    956850    -61.6602
    956860    -65.0525
    956870    -61.5289
    956880    -60.1234
    956890    -61.0265
    956900    -65.7157
    956910    -58.2441
    956920    -53.7808
    956930    -69.9313
    956940    -66.2089
    956950    -59.7699
    956960     -65.023
    956970    -63.3364
    956980    -61.8611
    956990    -59.6802
    957000    -67.6593
    957010    -58.5879
    957020    -61.5205
    957030    -64.2873
    957040    -62.0342
    957050     -63.046
    957060    -63.3432
    957070    -59.3978
    957080    -60.9386
    957090    -57.6917
    957100    -59.3443
    957110    -61.2034
    957120    -55.5747
    957130    -60.3347
    957140    -57.2287
    957150    -59.8199
    957160    -58.5688
    957170    -58.5361
    957180    -59.0449
    957190     -56.533
    957200    -56.6128
    957210    -63.1894
    957220     -62.813
    957230    -60.5994
    957240    -60.6673
    957250    -63.7049
    957260    -63.7433
    957270    -61.9879
    957280    -62.3159
    957290    -62.8819
    957300    -64.7611
    957310    -61.0629
    957320    -61.4608
    957330    -61.2114
    957340    -58.9752
    957350    -54.5731
    957360    -58.8867
    957370    -58.2307
    957380    -54.8764
    957390    -56.6036
    957400     -54.962
    957410    -60.0543
    957420    -65.1026
    957430    -62.8624
    957440    -63.2738
    957450    -56.6644
    957460    -59.2673
    957470    -60.6067
    957480    -59.1964
    957490    -61.1935
    957500    -60.7064
    957510     -61.959
    957520    -61.2304
    957530    -57.0866
    957540    -60.7563
    957550      -60.66
    957560    -61.0251
    957570    -57.4361
    957580    -61.9665
    957590    -58.7511
    957600     -63.434
    957610    -60.2533
    957620    -58.9356
    957630     -57.003
    957640    -59.6959
    957650    -62.5461
    957660    -58.0504
    957670    -60.6962
    957680    -56.8001
    957690    -56.0603
    957700    -61.3333
    957710    -60.4895
    957720    -60.1503
    957730    -66.4195
    957740    -68.5072
    957750    -58.5885
    957760    -59.9982
    957770    -58.7399
    957780     -65.111
    957790     -62.681
    957800     -60.014
    957810    -66.1339
    957820    -59.1698
    957830    -62.9628
    957840     -61.777
    957850     -64.031
    957860    -62.1721
    957870    -60.5864
    957880    -62.9922
    957890    -61.1993
    957900    -63.5021
    957910    -64.2329
    957920    -57.8483
    957930    -62.9813
    957940    -64.5377
    957950    -64.1958
    957960    -66.6269
    957970    -61.5984
    957980    -64.0717
    957990    -61.1187
    958000    -61.8437
    958010     -61.452
    958020    -62.5428
    958030    -60.9928
    958040     -63.197
    958050    -60.6876
    958060    -63.7365
    958070    -62.9442
    958080    -63.6656
    958090    -66.0849
    958100    -60.8528
    958110    -64.3293
    958120    -66.3092
    958130    -66.8123
    958140    -65.1868
    958150     -61.718
    958160    -63.8969
    958170    -61.3567
    958180    -61.5363
    958190    -63.2998
    958200    -66.8321
    958210    -58.6166
    958220    -62.9943
    958230    -60.5945
    958240    -62.7038
    958250    -67.9528
    958260    -60.4149
    958270    -64.5604
    958280    -65.6513
    958290    -62.7884
    958300    -60.8133
    958310    -61.2441
    958320     -63.828
    958330    -61.3426
    958340    -61.6989
    958350    -65.8218
    958360    -63.2838
    958370    -62.8121
    958380    -57.9705
    958390    -61.5974
    958400     -62.897
    958410    -63.4225
    958420    -60.3851
    958430    -63.1133
    958440    -63.6364
    958450    -64.8087
    958460    -65.0658
    958470    -61.3649
    958480    -61.0907
    958490    -61.9246
    958500    -63.8428
    958510    -67.8219
    958520    -66.2104
    958530     -62.247
    958540    -69.4172
    958550    -62.7148
    958560    -67.5449
    958570    -66.0869
    958580    -64.6631
    958590    -63.1865
    958600    -64.8867
    958610      -64.24
    958620    -63.5527
    958630    -61.8102
    958640     -57.859
    958650    -67.6215
    958660    -59.2863
    958670    -63.8996
    958680    -62.6917
    958690    -62.3367
    958700    -63.6813
    958710    -64.4032
    958720    -60.1747
    958730    -61.3812
    958740    -67.2116
    958750    -65.3735
    958760    -59.9029
    958770    -63.4139
    958780    -60.7283
    958790    -58.2644
    958800    -58.5203
    958810    -56.6031
    958820    -60.5747
    958830    -57.4074
    958840    -57.6765
    958850    -57.4598
    958860    -58.3194
    958870    -57.7398
    958880    -63.3594
    958890    -64.4762
    958900     -60.767
    958910    -60.1647
    958920    -62.2646
    958930    -61.4469
    958940     -61.864
    958950    -63.3897
    958960    -60.8635
    958970    -58.4636
    958980    -62.7449
    958990    -59.2165
    959000    -61.9302
    959010    -57.9011
    959020    -58.7231
    959030    -61.4447
    959040    -61.0372
    959050    -61.2356
    959060    -60.0051
    959070    -59.0352
    959080    -61.0047
    959090    -64.6613
    959100    -55.9237
    959110    -60.1028
    959120    -64.4868
    959130    -59.3299
    959140     -63.355
    959150    -68.1251
    959160    -58.6736
    959170    -64.1777
    959180    -62.0442
    959190    -62.8747
    959200    -66.2952
    959210    -61.2803
    959220    -65.7479
    959230    -60.1914
    959240    -58.4272
    959250    -58.6301
    959260      -60.16
    959270    -58.5638
    959280    -57.6996
    959290    -63.6921
    959300    -66.8443
    959310    -63.0122
    959320    -59.8271
    959330    -58.8635
    959340    -64.5756
    959350    -63.1641
    959360    -62.0764
    959370    -61.9691
    959380    -64.5647
    959390    -59.9942
    959400    -59.3845
    959410    -65.1266
    959420    -64.4154
    959430    -66.7695
    959440    -61.5682
    959450    -61.1072
    959460    -59.2889
    959470    -62.0192
    959480    -60.3169
    959490    -60.3979
    959500    -63.5558
    959510    -62.6656
    959520    -64.0795
    959530    -61.3897
    959540    -60.7171
    959550    -57.9701
    959560    -62.0867
    959570     -61.981
    959580    -60.3314
    959590    -60.8591
    959600    -64.0625
    959610    -61.0603
    959620    -64.5124
    959630    -58.7752
    959640    -69.0312
    959650    -62.4909
    959660    -63.0454
    959670    -62.2325
    959680    -61.8574
    959690    -64.6613
    959700    -61.5818
    959710     -61.609
    959720     -61.434
    959730      -64.24
    959740    -59.5923
    959750    -57.3504
    959760    -62.0293
    959770    -63.3753
    959780    -58.4658
    959790    -64.9356
    959800    -65.2078
    959810    -59.6489
    959820    -66.9945
    959830    -64.8231
    959840    -62.5343
    959850     -59.965
    959860     -65.885
    959870    -65.4769
    959880    -62.7384
    959890    -60.6424
    959900    -67.5896
    959910    -58.8053
    959920     -61.528
    959930    -65.8349
    959940    -62.8299
    959950    -60.0055
    959960    -60.7402
    959970     -61.135
    959980    -60.2299
    959990    -60.5953
    960000    -61.8557
    960010     -60.122
    960020    -66.5068
    960030    -60.8268
    960040     -63.478
    960050     -59.255
    960060    -60.4495
    960070    -61.9107
    960080    -59.5035
    960090    -63.8728
    960100    -64.8848
    960110    -64.0407
    960120    -64.3314
    960130    -62.5954
    960140    -59.0871
    960150    -60.5987
    960160    -58.7982
    960170    -62.2176
    960180    -58.5675
    960190    -58.6963
    960200    -62.7857
    960210    -61.7969
    960220    -60.7701
    960230    -62.4169
    960240    -63.1499
    960250    -59.5212
    960260    -63.5146
    960270    -61.6572
    960280    -55.4637
    960290    -57.6593
    960300    -58.8647
    960310    -63.3548
    960320    -62.6685
    960330    -60.8819
    960340    -62.4603
    960350    -61.8301
    960360    -57.9425
    960370     -61.944
    960380    -60.8017
    960390    -61.0219
    960400    -58.7159
    960410    -63.6019
    960420    -61.8844
    960430     -62.814
    960440    -65.0396
    960450     -64.906
    960460    -63.5227
    960470    -63.3498
    960480    -66.9095
    960490    -62.1349
    960500    -66.7839
    960510    -62.7171
    960520    -60.1099
    960530    -62.2125
    960540    -63.5825
    960550    -60.9522
    960560    -63.0999
    960570    -61.1258
    960580    -60.5391
    960590    -60.9026
    960600    -59.9068
    960610    -62.6567
    960620    -64.2406
    960630    -60.4134
    960640     -65.385
    960650    -63.6884
    960660    -66.8212
    960670    -65.8578
    960680    -65.0356
    960690    -65.8419
    960700    -66.9352
    960710    -61.8416
    960720    -64.4747
    960730    -63.1845
    960740    -58.6428
    960750    -64.6121
    960760    -61.6335
    960770    -65.3268
    960780    -62.5646
    960790    -62.2807
    960800    -60.4876
    960810    -61.2569
    960820    -62.7695
    960830    -62.8887
    960840    -64.5649
    960850    -54.7329
    960860    -63.8207
    960870     -62.009
    960880    -61.5863
    960890    -59.2035
    960900    -60.7998
    960910    -63.1621
    960920    -57.6345
    960930    -56.5046
    960940     -60.291
    960950    -60.5601
    960960    -58.8424
    960970    -60.4404
    960980    -64.8748
    960990    -60.1483
    961000    -55.7313
    961010    -55.8923
    961020    -57.4747
    961030    -54.5457
    961040    -60.6603
    961050    -55.7157
    961060    -56.7356
    961070    -60.8345
    961080    -54.5352
    961090    -54.1124
    961100    -60.7836
    961110    -54.3984
    961120     -60.366
    961130    -57.7895
    961140    -56.0745
    961150    -58.4744
    961160    -59.6747
    961170    -60.6779
    961180    -61.8764
    961190    -59.3301
    961200    -52.4238
    961210    -57.2396
    961220    -58.0388
    961230    -58.1896
    961240    -51.7439
    961250    -57.7045
    961260    -56.9545
    961270    -58.9547
    961280    -62.6186
    961290    -59.3384
    961300    -63.5002
    961310    -56.9645
    961320    -60.6501
    961330    -65.4068
    961340    -57.9988
    961350    -67.3475
    961360     -66.857
    961370    -57.2945
    961380     -64.874
    961390    -66.7999
    961400    -60.9412
    961410    -60.7726
    961420    -61.1754
    961430    -61.3186
    961440      -64.44
    961450    -57.7427
    961460    -60.3736
    961470    -59.3206
    961480    -61.6025
    961490    -61.2709
    961500    -63.4311
    961510    -62.3508
    961520    -63.2139
    961530    -65.1498
    961540    -60.0362
    961550    -60.3296
    961560    -57.3851
    961570    -57.6943
    961580    -60.5769
    961590    -56.9164
    961600    -62.5262
    961610    -61.7819
    961620     -62.837
    961630    -63.1539
    961640    -63.1361
    961650    -65.5048
    961660    -60.9114
    961670     -61.914
    961680    -65.4525
    961690     -65.521
    961700    -60.7345
    961710    -62.0928
    961720    -60.5145
    961730    -61.2001
    961740    -63.7149
    961750    -61.4982
    961760    -43.0202
    961770    -59.8623
    961780    -64.6095
    961790    -62.6403
    961800    -61.9296
    961810    -58.8986
    961820    -60.8524
    961830    -57.2874
    961840    -58.6239
    961850    -60.6951
    961860    -58.9859
    961870    -58.8646
    961880    -60.7997
    961890    -62.6701
    961900    -57.4023
    961910    -57.8487
    961920    -59.1366
    961930    -57.5134
    961940    -62.3967
    961950    -55.9035
    961960    -64.2219
    961970    -62.3232
    961980    -66.5336
    961990    -60.1692
    962000    -59.2088
    962010    -62.4246
    962020     -59.202
    962030    -60.4343
    962040    -62.8966
    962050    -61.0845
    962060    -63.0338
    962070    -57.0685
    962080    -58.6818
    962090    -58.1263
    962100    -63.7972
    962110    -64.4154
    962120    -60.6439
    962130    -60.5719
    962140    -58.0142
    962150    -61.0896
    962160    -56.3133
    962170    -64.1203
    962180    -61.6875
    962190    -58.3488
    962200    -56.5378
    962210    -60.0436
    962220    -55.8963
    962230    -60.6893
    962240    -58.5346
    962250    -57.4692
    962260    -56.3743
    962270    -59.4478
    962280    -57.1683
    962290    -65.2247
    962300    -57.3602
    962310    -57.7319
    962320    -58.9271
    962330       -59.2
    962340    -57.1531
    962350    -51.4634
    962360    -61.0939
    962370    -57.8699
    962380    -56.4493
    962390    -54.6349
    962400    -57.6382
    962410    -57.6943
    962420    -62.6965
    962430    -65.0801
    962440    -60.4931
    962450    -64.1153
    962460    -58.4084
    962470    -61.2297
    962480     -63.119
    962490    -64.7472
    962500    -61.8612
    962510    -58.4763
    962520    -58.8821
    962530    -61.6738
    962540      -58.92
    962550    -63.1573
    962560    -56.3331
    962570    -58.4909
    962580    -60.0005
    962590    -57.8155
    962600    -58.3544
    962610    -59.4213
    962620    -59.6506
    962630    -61.3342
    962640    -62.8251
    962650    -64.0786
    962660    -62.6992
    962670    -64.5503
    962680    -61.8914
    962690    -57.9831
    962700    -58.0114
    962710    -62.6182
    962720    -58.2109
    962730    -57.4658
    962740    -61.6099
    962750    -59.3562
    962760    -58.2483
    962770    -59.4064
    962780    -61.6783
    962790    -58.5289
    962800    -56.6491
    962810    -57.6242
    962820    -58.7117
    962830    -59.7175
    962840    -53.3033
    962850    -57.4756
    962860    -58.2907
    962870     -59.827
    962880    -58.2532
    962890    -57.8547
    962900    -63.7396
    962910    -62.6724
    962920    -66.6499
    962930    -64.8714
    962940    -65.9922
    962950    -64.7237
    962960    -62.6959
    962970    -61.8848
    962980    -57.6861
    962990    -62.0133
    963000    -63.8604
    963010    -60.1348
    963020    -57.3661
    963030    -58.9304
    963040    -60.5848
    963050    -55.4063
    963060    -61.1075
    963070    -59.3266
    963080    -56.3848
    963090    -56.9729
    963100    -58.6957
    963110    -61.0812
    963120    -62.7164
    963130    -60.3046
    963140    -59.3925
    963150    -59.4304
    963160    -58.7892
    963170    -57.6109
    963180    -61.6102
    963190    -65.5866
    963200     -59.675
    963210    -59.4678
    963220    -61.8234
    963230    -59.8488
    963240    -62.2668
    963250    -60.0709
    963260    -56.0596
    963270    -60.2684
    963280     -60.553
    963290    -59.2671
    963300    -60.9289
    963310    -61.0157
    963320     -58.028
    963330    -56.9706
    963340    -55.1782
    963350    -61.9998
    963360    -57.4647
    963370    -58.4097
    963380    -59.9386
    963390    -59.3116
    963400    -64.4713
    963410     -60.028
    963420    -63.5324
    963430    -63.7011
    963440    -60.7097
    963450    -64.8569
    963460    -65.5184
    963470    -60.9513
    963480    -61.5351
    963490     -61.354
    963500    -62.4793
    963510    -65.5477
    963520    -62.0217
    963530    -58.0834
    963540    -60.1096
    963550    -66.3206
    963560    -64.9757
    963570    -59.5833
    963580    -66.1099
    963590    -64.6728
    963600    -63.4772
    963610    -63.4628
    963620    -63.1993
    963630    -65.3627
    963640    -63.5355
    963650    -61.3177
    963660    -64.9025
    963670    -65.7491
    963680    -62.6885
    963690    -61.9037
    963700    -63.8092
    963710    -63.2537
    963720    -64.9462
    963730    -66.3375
    963740    -66.1913
    963750    -67.5098
    963760    -62.5447
    963770    -63.2342
    963780    -63.2508
    963790    -62.9644
    963800    -67.3876
    963810     -65.184
    963820    -63.9783
    963830    -65.9698
    963840     -67.266
    963850    -66.7907
    963860    -64.7441
    963870     -61.307
    963880    -64.0594
    963890     -60.097
    963900    -65.2431
    963910    -62.3294
    963920    -58.7111
    963930    -58.6794
    963940    -56.0609
    963950    -62.6033
    963960    -67.6858
    963970    -62.3465
    963980    -58.9254
    963990    -63.9423
    964000    -59.3392
    964010    -60.7301
    964020    -66.5556
    964030    -61.4345
    964040    -64.2364
    964050     -65.918
    964060    -65.2011
    964070    -63.4735
    964080    -63.9699
    964090    -62.4571
    964100    -63.7844
    964110    -62.5806
    964120    -64.4068
    964130    -62.5266
    964140    -64.1363
    964150      -62.37
    964160    -60.8112
    964170    -58.3207
    964180    -64.9529
    964190    -57.5547
    964200    -63.3645
    964210    -59.5126
    964220    -56.6898
    964230    -58.1139
    964240    -59.0259
    964250    -61.0824
    964260    -66.3708
    964270    -65.0194
    964280     -64.505
    964290    -62.1682
    964300    -63.5035
    964310    -62.3564
    964320    -67.2013
    964330    -62.0283
    964340    -65.3797
    964350    -63.1982
    964360    -62.5159
    964370    -61.7949
    964380    -65.8753
    964390    -65.0929
    964400     -43.395
    964410    -68.0483
    964420    -65.3591
    964430    -63.5896
    964440    -59.8654
    964450    -57.1936
    964460      -60.05
    964470    -63.0823
    964480    -64.8036
    964490    -63.2492
    964500    -62.8145
    964510    -66.9467
    964520    -63.4813
    964530    -59.8353
    964540     -64.443
    964550     -63.078
    964560    -64.8558
    964570    -62.7136
    964580    -61.5352
    964590    -65.5731
    964600    -62.5045
    964610    -66.4204
    964620    -65.3871
    964630    -64.6953
    964640    -64.7794
    964650    -63.1496
    964660    -65.6077
    964670    -63.9513
    964680    -66.3496
    964690    -62.0235
    964700     -62.042
    964710    -68.0955
    964720    -65.7281
    964730     -62.082
    964740    -62.6117
    964750     -63.283
    964760    -59.8126
    964770    -62.3348
    964780    -59.4874
    964790      -64.75
    964800    -62.3004
    964810    -61.9324
    964820    -66.5498
    964830    -61.5617
    964840    -65.9366
    964850    -59.7795
    964860    -62.7636
    964870    -62.0034
    964880    -58.1578
    964890    -62.1903
    964900    -60.5865
    964910    -63.4957
    964920    -67.8161
    964930    -61.9342
    964940    -61.0424
    964950    -63.4752
    964960    -66.0046
    964970    -63.7669
    964980    -63.4845
    964990    -64.8086
    965000    -63.1261
    965010    -64.7292
    965020    -61.2168
    965030    -62.8458
    965040    -64.5729
    965050    -64.9009
    965060    -64.0836
    965070    -63.2931
    965080    -65.2488
    965090    -64.4661
    965100    -62.0034
    965110    -61.9923
    965120    -66.6698
    965130    -64.4534
    965140    -67.7698
    965150     -68.865
    965160    -66.2181
    965170    -61.9078
    965180    -62.5553
    965190    -64.3396
    965200    -67.9673
    965210    -60.5854
    965220    -64.0152
    965230    -63.9797
    965240    -66.0232
    965250    -61.8959
    965260    -65.4297
    965270    -67.5573
    965280    -64.4127
    965290    -67.0075
    965300    -65.3928
    965310    -66.0359
    965320    -69.2642
    965330    -63.8001
    965340    -66.4373
    965350    -58.2937
    965360    -61.7826
    965370    -67.4208
    965380    -61.3057
    965390    -63.1579
    965400    -62.6844
    965410    -61.5471
    965420    -63.2532
    965430    -63.7754
    965440     -62.494
    965450     -62.798
    965460    -59.9918
    965470    -64.8445
    965480    -65.9028
    965490    -64.0612
    965500    -65.6283
    965510    -64.4911
    965520    -64.6052
    965530    -63.2467
    965540    -61.0343
    965550    -63.1432
    965560    -58.8667
    965570    -62.9949
    965580    -61.4276
    965590    -66.0208
    965600    -55.8715
    965610    -57.5707
    965620    -59.5114
    965630    -60.7012
    965640    -57.9682
    965650    -60.0614
    965660    -59.5221
    965670    -65.3602
    965680    -56.6469
    965690    -61.0322
    965700    -56.5155
    965710    -66.8813
    965720    -60.5124
    965730    -59.1561
    965740    -62.2424
    965750    -58.9428
    965760    -59.1144
    965770    -62.2659
    965780    -58.3168
    965790      -62.24
    965800    -57.0655
    965810    -53.6438
    965820    -61.3568
    965830    -57.9457
    965840    -60.3634
    965850    -59.0223
    965860    -57.5213
    965870    -63.8634
    965880    -59.1436
    965890    -54.3446
    965900    -60.1013
    965910     -59.112
    965920    -61.2414
    965930    -59.1406
    965940    -61.5383
    965950    -58.4894
    965960    -61.2495
    965970     -58.595
    965980    -60.7466
    965990     -61.964
    966000    -58.9637
    966010    -59.0071
    966020     -60.788
    966030     -54.557
    966040    -63.1609
    966050    -60.1223
    966060    -63.9999
    966070    -56.0409
    966080    -60.4742
    966090    -60.6321
    966100    -59.1737
    966110    -62.8473
    966120    -59.1963
    966130     -59.674
    966140    -60.5983
    966150    -61.2936
    966160    -58.0379
    966170    -61.4915
    966180    -58.2067
    966190    -61.3749
    966200    -58.4228
    966210    -60.8925
    966220    -60.3863
    966230    -60.0352
    966240    -62.8349
    966250    -62.8024
    966260    -62.8246
    966270    -62.8234
    966280    -60.1035
    966290    -57.3397
    966300    -62.4806
    966310    -59.7557
    966320    -59.6389
    966330    -59.2064
    966340    -62.5794
    966350    -57.0498
    966360    -56.8966
    966370    -63.8703
    966380    -57.7631
    966390    -61.0125
    966400    -62.0594
    966410    -57.2495
    966420    -59.9015
    966430     -60.903
    966440    -61.5295
    966450    -58.7771
    966460    -57.2426
    966470    -63.5681
    966480    -61.7955
    966490    -61.7398
    966500    -59.8367
    966510    -58.9653
    966520    -56.6825
    966530    -58.6995
    966540    -58.8604
    966550    -59.0732
    966560    -57.9816
    966570    -54.3255
    966580    -60.8627
    966590    -61.0206
    966600    -61.6615
    966610    -66.2543
    966620    -58.9775
    966630    -58.7591
    966640    -57.6112
    966650    -63.5314
    966660    -58.5501
    966670    -61.8128
    966680    -59.7177
    966690    -59.1293
    966700    -60.6556
    966710    -59.8062
    966720    -60.4107
    966730    -59.8722
    966740    -63.1853
    966750    -57.6188
    966760    -58.3631
    966770    -58.8019
    966780    -61.0347
    966790    -61.8258
    966800    -60.0646
    966810    -59.5919
    966820    -64.7329
    966830    -58.4303
    966840    -60.6993
    966850     -61.658
    966860    -59.1575
    966870    -60.3947
    966880    -61.5347
    966890    -57.0293
    966900    -60.2488
    966910    -62.4655
    966920    -62.3058
    966930    -59.8038
    966940    -57.5028
    966950    -61.2831
    966960    -59.3089
    966970    -57.7179
    966980    -63.0876
    966990    -59.0273
    967000    -60.4462
    967010    -65.2116
    967020    -60.6487
    967030    -60.6017
    967040    -57.0845
    967050    -62.5866
    967060    -64.9325
    967070    -57.6189
    967080    -61.6508
    967090    -60.5444
    967100    -64.8221
    967110    -64.4338
    967120    -59.1295
    967130    -63.0515
    967140    -63.4051
    967150    -57.0946
    967160    -58.2142
    967170    -69.5797
    967180    -59.3349
    967190    -62.7973
    967200    -61.7874
    967210    -60.7091
    967220    -62.9854
    967230    -61.3864
    967240    -62.6342
    967250    -62.7211
    967260    -60.2353
    967270    -62.4298
    967280    -62.2159
    967290     -63.121
    967300    -64.0073
    967310    -60.4035
    967320    -63.7488
    967330    -59.8194
    967340    -67.8927
    967350    -63.7707
    967360     -64.823
    967370    -61.1344
    967380     -63.893
    967390    -64.6869
    967400    -62.2793
    967410    -61.8705
    967420    -59.2452
    967430    -60.2391
    967440    -60.2432
    967450    -58.5963
    967460    -57.8797
    967470    -64.2111
    967480    -58.5024
    967490     -61.327
    967500    -58.5324
    967510    -61.7583
    967520    -55.8911
    967530    -59.6125
    967540    -59.5637
    967550    -58.4612
    967560    -62.4867
    967570    -60.4771
    967580    -62.5895
    967590    -59.5349
    967600    -62.7691
    967610    -59.6983
    967620    -55.4895
    967630    -56.9048
    967640    -60.2253
    967650    -55.4512
    967660    -59.6389
    967670    -60.7349
    967680    -64.3102
    967690    -57.7033
    967700    -60.4202
    967710    -60.9127
    967720     -58.554
    967730    -61.6725
    967740    -64.0381
    967750    -57.8009
    967760    -56.9606
    967770    -56.1526
    967780    -61.4612
    967790    -59.4678
    967800    -62.0424
    967810    -60.9733
    967820    -61.4125
    967830    -61.8561
    967840    -59.0539
    967850    -57.4629
    967860    -60.6692
    967870    -60.1951
    967880    -62.8921
    967890    -64.8889
    967900    -62.8725
    967910    -57.6866
    967920    -58.6256
    967930    -65.3233
    967940    -65.0805
    967950    -60.0054
    967960    -57.4659
    967970    -61.1594
    967980     -63.677
    967990    -62.1431
    968000    -63.7102
    968010    -67.8498
    968020    -64.9155
    968030    -59.6973
    968040    -62.6187
    968050    -60.9454
    968060    -63.6591
    968070    -62.0366
    968080    -64.6461
    968090    -60.8035
    968100    -61.6482
    968110    -62.2365
    968120    -65.1752
    968130    -61.7683
    968140    -65.0403
    968150    -60.6571
    968160     -61.191
    968170    -63.8408
    968180    -57.6502
    968190    -59.0525
    968200    -61.0101
    968210    -61.4788
    968220    -60.4331
    968230    -58.4457
    968240    -62.5959
    968250    -55.9506
    968260      -60.34
    968270    -60.1969
    968280    -62.0195
    968290     -57.793
    968300    -63.5803
    968310    -64.4714
    968320    -60.3996
    968330    -60.3898
    968340    -61.2621
    968350    -61.3684
    968360    -64.2739
    968370    -60.3392
    968380    -58.7396
    968390    -63.7346
    968400    -65.7235
    968410    -64.9692
    968420    -68.0522
    968430    -62.5479
    968440    -61.2974
    968450     -60.063
    968460    -61.0378
    968470     -61.178
    968480    -60.7449
    968490    -59.8885
    968500    -62.3877
    968510    -61.7634
    968520    -62.6792
    968530    -56.9269
    968540    -66.3598
    968550    -65.7323
    968560    -65.3079
    968570    -67.0912
    968580    -65.9132
    968590     -63.619
    968600     -62.546
    968610    -65.8125
    968620    -64.5743
    968630    -65.8947
    968640    -63.2264
    968650    -65.5963
    968660    -64.6649
    968670     -62.895
    968680    -64.4942
    968690    -66.4069
    968700    -62.7239
    968710    -61.7319
    968720    -66.7685
    968730    -61.1207
    968740    -67.2228
    968750    -61.8572
    968760    -60.5375
    968770    -61.3808
    968780    -63.7094
    968790    -60.3023
    968800    -64.2383
    968810    -61.2099
    968820    -66.3336
    968830     -64.646
    968840    -60.8478
    968850    -65.5736
    968860    -61.3355
    968870    -64.1168
    968880    -60.6897
    968890    -58.6415
    968900    -57.1757
    968910    -61.4878
    968920    -63.0908
    968930    -59.5974
    968940    -67.0827
    968950    -58.4103
    968960    -58.7926
    968970    -59.4258
    968980    -59.2141
    968990    -62.4651
    969000    -62.2747
    969010    -60.4597
    969020    -65.6789
    969030    -64.0889
    969040    -58.4816
    969050    -59.9664
    969060    -62.8165
    969070    -63.5257
    969080    -60.9988
    969090    -59.0446
    969100    -57.2494
    969110    -64.8656
    969120    -66.0333
    969130    -59.5378
    969140    -59.9445
    969150    -61.9368
    969160    -58.8927
    969170    -60.4147
    969180    -62.3795
    969190    -62.2197
    969200    -62.6773
    969210    -61.6871
    969220    -58.7614
    969230    -60.6824
    969240    -57.7139
    969250    -63.8642
    969260     -64.271
    969270    -57.6898
    969280    -62.5297
    969290    -58.8263
    969300    -63.2799
    969310    -61.5404
    969320    -63.5306
    969330    -59.3528
    969340    -63.0278
    969350     -63.716
    969360    -61.7908
    969370    -63.5926
    969380    -57.8206
    969390    -62.3361
    969400    -59.2508
    969410    -65.1937
    969420    -64.2215
    969430    -62.5848
    969440    -60.7344
    969450    -63.0916
    969460    -64.9348
    969470    -61.0776
    969480     -66.152
    969490    -62.7309
    969500     -65.358
    969510    -59.5849
    969520    -58.6648
    969530    -58.4961
    969540    -60.8254
    969550    -62.4305
    969560    -61.4294
    969570    -59.4996
    969580    -59.6519
    969590    -59.6307
    969600    -63.6741
    969610    -63.8791
    969620    -58.5572
    969630    -63.7556
    969640    -59.6218
    969650    -61.8178
    969660     -62.131
    969670    -62.2628
    969680    -59.4938
    969690    -62.6903
    969700     -63.466
    969710     -60.744
    969720    -62.8751
    969730    -63.5212
    969740    -62.2726
    969750    -59.7299
    969760    -60.8826
    969770    -61.5723
    969780    -64.2584
    969790     -58.835
    969800    -61.6441
    969810     -64.832
    969820    -60.4638
    969830    -64.7065
    969840     -65.221
    969850    -61.2074
    969860    -61.7206
    969870    -61.5057
    969880     -63.004
    969890     -63.424
    969900    -61.9757
    969910     -60.206
    969920     -64.807
    969930    -66.8287
    969940    -63.7326
    969950    -65.2488
    969960      -64.44
    969970    -61.0731
    969980    -64.6806
    969990    -65.1486
    970000    -59.7227
    970010    -65.3198
    970020    -61.0131
    970030    -60.0959
    970040     -60.414
    970050    -61.7963
    970060    -63.5951
    970070     -68.743
    970080    -57.5803
    970090    -63.6603
    970100    -59.6274
    970110    -64.9653
    970120    -64.1957
    970130    -58.3217
    970140    -59.9514
    970150    -58.8056
    970160    -64.1946
    970170    -60.3434
    970180    -59.9834
    970190    -63.1237
    970200    -57.3348
    970210    -61.1906
    970220    -61.5158
    970230    -63.2152
    970240    -62.3718
    970250    -61.5002
    970260    -69.5327
    970270    -60.5875
    970280    -60.4831
    970290    -63.6922
    970300    -62.9041
    970310       -66.8
    970320    -60.7319
    970330    -61.1388
    970340     -62.043
    970350     -63.393
    970360    -58.0922
    970370    -56.0403
    970380    -65.6932
    970390    -60.8695
    970400    -63.7768
    970410     -65.771
    970420    -58.9711
    970430    -59.0741
    970440    -66.1794
    970450    -60.9674
    970460    -59.6221
    970470    -62.2481
    970480    -60.8339
    970490    -63.3809
    970500    -64.5919
    970510    -62.8909
    970520    -57.9219
    970530    -59.6089
    970540     -63.948
    970550     -54.577
    970560     -58.072
    970570    -59.4383
    970580     -62.073
    970590    -63.1136
    970600    -60.3733
    970610    -62.8888
    970620    -61.0638
    970630     -57.514
    970640     -58.968
    970650    -58.1402
    970660    -62.0505
    970670     -56.906
    970680    -54.9178
    970690    -62.5005
    970700    -62.1923
    970710    -58.9523
    970720    -62.3758
    970730    -63.0302
    970740     -59.638
    970750     -58.634
    970760     -61.394
    970770    -58.5477
    970780    -62.4761
    970790    -64.5093
    970800    -61.5981
    970810    -59.1589
    970820    -55.6417
    970830     -59.806
    970840    -64.0358
    970850    -59.6785
    970860    -62.4333
    970870     -59.681
    970880    -62.1138
    970890    -60.1606
    970900    -63.2854
    970910    -61.9617
    970920    -61.0696
    970930    -55.9288
    970940    -57.9574
    970950     -62.177
    970960    -61.2923
    970970     -64.089
    970980    -59.4405
    970990    -59.1073
    971000    -61.5254
    971010    -57.2858
    971020     -62.526
    971030    -62.4979
    971040    -58.2981
    971050    -60.6908
    971060    -60.0628
    971070    -63.7733
    971080    -62.4097
    971090     -60.445
    971100    -60.9295
    971110    -62.3612
    971120      -58.83
    971130    -57.7804
    971140    -64.3327
    971150     -57.505
    971160    -58.2139
    971170    -57.8202
    971180    -60.0978
    971190    -55.8894
    971200    -56.9857
    971210     -59.749
    971220    -60.3551
    971230     -59.406
    971240    -60.3477
    971250    -62.5858
    971260    -55.6638
    971270    -62.7163
    971280    -61.1764
    971290    -60.1033
    971300    -57.2597
    971310    -59.6064
    971320    -65.8903
    971330    -62.5096
    971340     -60.876
    971350     -61.347
    971360    -59.8384
    971370    -62.9983
    971380    -62.8815
    971390    -60.4352
    971400     -61.467
    971410    -57.7601
    971420    -64.7775
    971430    -60.7931
    971440    -60.9237
    971450    -60.5485
    971460    -61.2295
    971470    -59.4022
    971480    -61.3252
    971490    -62.7489
    971500    -68.3307
    971510     -63.049
    971520    -59.5516
    971530    -58.8016
    971540    -60.1567
    971550    -60.8606
    971560     -62.081
    971570    -60.6405
    971580    -63.9419
    971590    -64.9419
    971600     -60.691
    971610    -59.6504
    971620    -59.7319
    971630    -61.5338
    971640    -64.3122
    971650    -66.2119
    971660    -57.0746
    971670    -62.3788
    971680    -59.9206
    971690    -62.3709
    971700    -60.9579
    971710    -60.5562
    971720    -62.4331
    971730    -58.8532
    971740    -58.0265
    971750    -58.9476
    971760    -60.6672
    971770    -61.1052
    971780    -57.7159
    971790    -57.4272
    971800    -60.6366
    971810    -58.7525
    971820    -59.1134
    971830    -56.5433
    971840    -59.3461
    971850    -61.8654
    971860    -56.9705
    971870    -58.2912
    971880    -54.7593
    971890    -60.2848
    971900    -62.7785
    971910    -56.7372
    971920    -54.3397
    971930    -61.0882
    971940    -60.7445
    971950    -60.0052
    971960    -59.6143
    971970    -63.2469
    971980    -62.0482
    971990    -56.7457
    972000    -60.2665
    972010    -61.1816
    972020    -58.4822
    972030    -59.5313
    972040    -61.1085
    972050    -62.2809
    972060    -62.4786
    972070     -62.403
    972080    -65.7326
    972090    -62.9313
    972100     -62.657
    972110     -63.682
    972120    -56.6871
    972130    -60.0529
    972140    -58.0433
    972150    -59.5371
    972160     -59.944
    972170    -58.6739
    972180    -58.9335
    972190    -59.8394
    972200    -60.2878
    972210    -58.2853
    972220    -56.1287
    972230    -58.7919
    972240    -56.3154
    972250    -62.5149
    972260    -56.7507
    972270    -61.3671
    972280    -55.3794
    972290    -56.6938
    972300    -56.5334
    972310     -57.429
    972320    -58.0611
    972330    -67.2692
    972340    -67.4014
    972350    -62.2389
    972360    -60.7189
    972370    -64.5912
    972380    -62.9828
    972390    -64.8112
    972400    -58.3933
    972410    -55.6226
    972420    -62.0843
    972430    -57.6279
    972440    -53.5808
    972450    -63.7263
    972460    -55.3013
    972470    -60.1336
    972480    -56.2568
    972490    -57.3261
    972500    -59.3811
    972510    -64.3926
    972520    -62.4556
    972530    -60.9996
    972540    -57.6063
    972550     -59.543
    972560    -63.5878
    972570    -61.2667
    972580    -62.3858
    972590    -63.0135
    972600     -66.418
    972610    -64.1679
    972620    -63.8573
    972630    -63.4897
    972640    -63.4974
    972650    -64.0569
    972660    -66.9022
    972670    -67.9125
    972680    -66.0603
    972690    -65.1154
    972700    -60.1009
    972710    -62.9093
    972720    -60.0721
    972730    -62.7272
    972740     -58.841
    972750    -60.6384
    972760    -61.6063
    972770    -60.8805
    972780    -64.3442
    972790    -62.0846
    972800    -61.0419
    972810    -57.3789
    972820     -60.533
    972830    -64.8055
    972840     -58.639
    972850    -60.0539
    972860     -63.786
    972870    -63.7075
    972880    -63.2634
    972890    -62.1809
    972900    -65.1735
    972910    -63.0161
    972920    -61.9313
    972930    -61.5471
    972940    -60.1001
    972950    -58.3549
    972960    -58.7059
    972970    -59.1448
    972980    -61.4416
    972990    -62.1641
    973000    -63.9462
    973010    -61.4979
    973020    -66.9061
    973030    -62.8278
    973040    -62.9069
    973050     -58.173
    973060    -56.8436
    973070    -65.7291
    973080    -63.0189
    973090    -63.9652
    973100    -64.1479
    973110    -57.1851
    973120    -62.4301
    973130    -59.1464
    973140    -57.3095
    973150    -61.5911
    973160    -56.4548
    973170    -61.6286
    973180    -55.6829
    973190    -59.3217
    973200    -60.0764
    973210    -60.9626
    973220    -64.9865
    973230    -57.1288
    973240    -59.5711
    973250    -59.6164
    973260    -55.6368
    973270    -57.6543
    973280    -57.9222
    973290    -57.3775
    973300    -59.4261
    973310     -57.572
    973320    -62.1897
    973330    -59.8044
    973340    -59.4159
    973350    -57.7844
    973360    -65.4208
    973370    -60.7355
    973380    -56.8273
    973390    -57.0289
    973400    -64.1423
    973410    -57.5298
    973420    -62.0902
    973430    -64.2824
    973440    -61.9698
    973450    -66.4149
    973460    -60.3673
    973470    -64.4173
    973480     -62.043
    973490    -63.4167
    973500    -66.9656
    973510      -61.74
    973520    -60.6016
    973530    -66.0652
    973540    -64.6153
    973550    -67.5038
    973560    -60.2264
    973570    -64.3369
    973580    -61.9662
    973590    -62.8789
    973600    -61.4667
    973610    -65.3041
    973620    -67.4818
    973630    -62.1454
    973640    -67.1643
    973650    -65.5286
    973660    -66.8797
    973670    -63.6052
    973680    -63.1372
    973690    -65.9909
    973700    -60.0131
    973710     -60.986
    973720    -64.5018
    973730     -67.526
    973740    -64.3874
    973750    -63.6598
    973760    -64.2527
    973770    -66.2421
    973780    -62.9508
    973790    -65.5768
    973800    -63.4688
    973810     -67.427
    973820    -68.7711
    973830    -67.4905
    973840    -64.6905
    973850    -62.2995
    973860    -62.9824
    973870     -62.027
    973880    -65.7958
    973890      -70.91
    973900    -63.4923
    973910    -62.5568
    973920     -58.984
    973930    -62.2325
    973940    -65.5783
    973950    -58.5876
    973960    -65.0221
    973970     -67.312
    973980    -63.7016
    973990    -63.0685
    974000    -62.1483
    974010    -60.5257
    974020     -60.924
    974030     -65.545
    974040    -60.9362
    974050    -66.5428
    974060    -61.4337
    974070    -65.3291
    974080    -64.1778
    974090    -67.4028
    974100    -63.5274
    974110    -64.5227
    974120    -64.4697
    974130    -63.1124
    974140    -61.6967
    974150    -63.2874
    974160    -67.1549
    974170      -59.24
    974180    -55.6413
    974190    -63.5112
    974200    -58.3633
    974210    -64.1161
    974220    -62.3828
    974230    -62.8345
    974240    -62.6202
    974250    -63.0477
    974260    -56.5835
    974270    -58.8453
    974280    -58.8456
    974290    -61.3726
    974300    -62.3218
    974310    -65.9026
    974320    -60.4868
    974330    -60.5568
    974340    -58.6036
    974350     -64.642
    974360    -63.7387
    974370    -62.1775
    974380     -65.954
    974390    -62.5324
    974400     -60.485
    974410    -57.7438
    974420     -62.851
    974430    -65.6924
    974440    -61.3513
    974450    -61.8107
    974460    -60.4721
    974470    -63.3538
    974480     -64.667
    974490    -68.5794
    974500    -69.0355
    974510    -68.4866
    974520    -62.1881
    974530    -66.9794
    974540    -58.8528
    974550     -61.795
    974560    -65.8162
    974570    -64.5115
    974580    -62.6437
    974590     -62.857
    974600    -66.5675
    974610    -64.0901
    974620    -65.1502
    974630    -63.4433
    974640    -67.7698
    974650     -62.516
    974660    -64.0774
    974670    -60.9973
    974680    -60.8491
    974690    -58.8661
    974700    -58.5699
    974710    -60.1525
    974720    -64.0029
    974730    -65.7593
    974740    -63.8643
    974750    -62.3121
    974760    -63.0346
    974770    -61.6812
    974780    -64.3629
    974790     -65.918
    974800    -59.8479
    974810    -63.7605
    974820    -57.4053
    974830    -59.8873
    974840    -58.5848
    974850    -68.1374
    974860    -56.2245
    974870    -61.4774
    974880    -61.3056
    974890    -60.4006
    974900    -61.6329
    974910    -58.8616
    974920    -58.9107
    974930    -62.6316
    974940      -61.59
    974950    -62.0629
    974960    -61.1732
    974970    -61.8257
    974980    -61.3634
    974990    -59.5556
    975000    -62.8251
    975010    -60.7941
    975020    -59.6424
    975030    -62.9143
    975040    -61.1456
    975050    -63.1185
    975060    -59.4775
    975070    -62.5125
    975080    -61.8022
    975090    -60.6499
    975100     -63.773
    975110     -58.917
    975120    -57.8463
    975130    -63.2769
    975140    -59.2339
    975150    -58.0864
    975160    -60.3607
    975170     -61.938
    975180    -56.9185
    975190      -59.22
    975200    -64.3911
    975210     -64.533
    975220    -58.1208
    975230    -63.0525
    975240    -60.9487
    975250    -62.2944
    975260     -60.902
    975270    -59.2083
    975280    -62.6829
    975290    -62.2768
    975300     -65.404
    975310    -60.4279
    975320    -62.1027
    975330    -64.9961
    975340    -60.0382
    975350    -64.5255
    975360    -59.8599
    975370    -56.5621
    975380     -62.163
    975390    -59.8446
    975400    -59.2372
    975410    -57.2406
    975420     -62.128
    975430    -60.4104
    975440    -59.5445
    975450    -56.1416
    975460    -60.5318
    975470    -59.9091
    975480    -58.9774
    975490    -63.4701
    975500    -58.6884
    975510    -59.6351
    975520    -59.3942
    975530    -58.2636
    975540     -59.965
    975550    -61.3715
    975560     -61.521
    975570    -63.0563
    975580    -60.5094
    975590    -61.2727
    975600    -64.5523
    975610    -62.7536
    975620    -65.4572
    975630    -66.6199
    975640    -61.3439
    975650    -60.2257
    975660    -61.5507
    975670    -60.9345
    975680    -61.5244
    975690    -55.9025
    975700    -57.2561
    975710     -57.802
    975720    -60.4646
    975730    -55.6939
    975740    -61.4532
    975750    -59.8681
    975760    -60.1231
    975770    -70.0753
    975780    -58.5128
    975790    -61.5392
    975800     -60.412
    975810    -62.5612
    975820    -63.0719
    975830    -58.3962
    975840    -58.7469
    975850    -60.8227
    975860    -61.3381
    975870    -58.6811
    975880    -58.7758
    975890    -65.5269
    975900     -59.443
    975910    -59.4548
    975920    -60.0198
    975930    -61.4519
    975940    -61.5129
    975950      -61.22
    975960    -61.1843
    975970    -57.4767
    975980    -59.0614
    975990    -57.4888
    976000    -60.5915
    976010    -61.3909
    976020    -61.1425
    976030     -61.779
    976040    -62.2004
    976050    -63.7899
    976060    -58.1268
    976070     -65.823
    976080    -64.4344
    976090    -60.9336
    976100     -59.856
    976110    -62.0436
    976120    -60.5097
    976130    -57.6124
    976140    -59.4929
    976150     -65.998
    976160    -60.7993
    976170    -62.7658
    976180     -59.989
    976190    -64.3918
    976200    -57.8303
    976210      -65.66
    976220    -63.4928
    976230    -61.0204
    976240    -69.3271
    976250    -59.3302
    976260    -63.0944
    976270     -61.396
    976280    -54.0816
    976290    -59.1212
    976300    -60.4942
    976310    -61.2221
    976320    -64.4217
    976330    -54.9548
    976340    -57.7147
    976350    -54.7387
    976360    -60.2404
    976370    -58.2535
    976380    -63.1655
    976390    -59.3623
    976400    -63.2694
    976410    -62.0453
    976420    -60.9295
    976430    -58.2511
    976440    -59.0735
    976450    -58.2915
    976460    -60.6192
    976470    -63.3614
    976480    -57.1909
    976490    -63.1468
    976500    -59.5402
    976510    -55.9649
    976520    -59.5329
    976530    -60.3365
    976540    -63.7065
    976550    -63.1883
    976560     -64.192
    976570    -61.5222
    976580     -64.887
    976590    -62.4869
    976600    -57.1825
    976610      -57.79
    976620    -58.6923
    976630     -60.185
    976640    -56.9594
    976650    -63.1459
    976660    -54.4007
    976670    -58.7448
    976680    -56.4897
    976690    -58.4133
    976700    -58.5159
    976710    -60.7043
    976720    -58.2709
    976730    -60.8541
    976740    -60.8837
    976750     -63.546
    976760     -55.305
    976770    -57.9498
    976780    -55.9996
    976790    -58.8822
    976800    -64.7945
    976810    -58.3806
    976820    -59.9907
    976830    -62.0013
    976840     -62.133
    976850    -58.6079
    976860    -58.5743
    976870    -59.1311
    976880    -60.3507
    976890    -60.4946
    976900     -64.328
    976910    -60.5961
    976920    -62.2956
    976930    -63.2773
    976940      -60.29
    976950    -61.3918
    976960    -61.5252
    976970    -58.9385
    976980    -60.6571
    976990    -58.7549
    977000    -61.5855
    977010    -58.6615
    977020    -59.7103
    977030    -58.1745
    977040    -63.2584
    977050    -56.7229
    977060    -58.7262
    977070    -62.9278
    977080    -58.6092
    977090    -55.6774
    977100    -63.3445
    977110    -63.2001
    977120    -60.3299
    977130    -60.5741
    977140    -61.4432
    977150    -57.9511
    977160    -59.7809
    977170    -58.4886
    977180    -62.3745
    977190    -56.4664
    977200    -61.0604
    977210    -58.3314
    977220    -61.6224
    977230    -59.3003
    977240    -59.2282
    977250    -60.1604
    977260    -60.4308
    977270    -61.0153
    977280    -57.2518
    977290    -63.6191
    977300     -64.485
    977310    -64.3131
    977320    -58.2365
    977330    -55.5105
    977340    -62.6083
    977350    -63.1635
    977360    -59.5713
    977370    -63.5461
    977380    -61.5783
    977390    -61.3448
    977400    -60.5914
    977410     -63.017
    977420    -63.3146
    977430    -59.7383
    977440     -59.208
    977450    -62.0847
    977460    -64.5974
    977470    -58.4158
    977480    -61.9866
    977490    -53.8621
    977500    -58.8868
    977510    -60.4137
    977520    -56.9484
    977530    -59.4936
    977540    -59.3368
    977550    -55.3713
    977560    -60.2518
    977570    -57.0505
    977580    -58.9924
    977590    -58.6348
    977600    -63.4014
    977610    -60.7783
    977620    -59.1966
    977630    -62.8548
    977640    -57.9585
    977650    -59.9543
    977660    -58.1698
    977670    -60.5633
    977680    -56.3317
    977690    -60.1227
    977700    -61.0644
    977710    -54.4497
    977720    -60.0037
    977730    -55.3257
    977740     -57.956
    977750    -57.2745
    977760    -59.2351
    977770    -59.0401
    977780    -59.3684
    977790    -59.4694
    977800     -58.862
    977810    -58.0871
    977820    -58.5806
    977830    -62.2842
    977840    -62.0871
    977850    -55.9811
    977860    -60.8074
    977870    -59.7292
    977880    -59.5649
    977890    -60.6099
    977900    -61.6581
    977910    -61.0934
    977920    -59.6349
    977930    -57.7299
    977940    -55.8905
    977950    -58.8017
    977960    -61.1895
    977970    -59.2053
    977980    -61.0032
    977990    -63.8437
    978000    -59.8691
    978010    -58.0165
    978020    -60.4057
    978030    -60.4135
    978040    -60.3411
    978050     -61.581
    978060    -59.6728
    978070    -58.4707
    978080    -58.3531
    978090    -58.2053
    978100    -57.1354
    978110    -59.6664
    978120    -58.9232
    978130    -56.2364
    978140    -58.8078
    978150    -56.3071
    978160    -57.9122
    978170    -56.3168
    978180    -61.3957
    978190    -55.5034
    978200    -57.7727
    978210    -61.7068
    978220     -56.365
    978230     -60.136
    978240    -59.5936
    978250    -59.4326
    978260    -59.6428
    978270    -63.3889
    978280    -55.1688
    978290    -59.1349
    978300     -57.142
    978310    -61.6553
    978320    -61.5749
    978330    -61.0665
    978340     -58.729
    978350    -51.5307
    978360    -56.3246
    978370    -61.2006
    978380      -60.94
    978390    -54.0638
    978400    -61.1595
    978410    -56.3108
    978420    -59.9605
    978430    -61.4711
    978440    -63.3773
    978450     -62.822
    978460    -58.7121
    978470    -61.5509
    978480    -57.5808
    978490    -56.8879
    978500    -56.8477
    978510    -56.0964
    978520     -60.586
    978530    -57.0386
    978540    -56.6126
    978550    -61.1757
    978560    -55.5261
    978570    -57.6346
    978580    -57.9843
    978590    -57.1488
    978600    -56.3276
    978610    -59.9144
    978620    -59.3873
    978630    -60.9284
    978640    -57.7211
    978650    -59.7582
    978660    -64.3276
    978670     -60.391
    978680    -59.4649
    978690    -57.7913
    978700    -55.9735
    978710    -59.2684
    978720    -57.9989
    978730    -62.4074
    978740    -59.0845
    978750    -56.6626
    978760    -63.7009
    978770    -59.5753
    978780    -60.2344
    978790    -60.2726
    978800    -57.4184
    978810    -57.3877
    978820    -61.1583
    978830    -56.6244
    978840    -59.7372
    978850    -59.4492
    978860    -63.9142
    978870    -59.6294
    978880    -57.0848
    978890    -60.7028
    978900    -61.3543
    978910    -61.0243
    978920    -58.4106
    978930    -62.2242
    978940    -62.3276
    978950    -60.3881
    978960    -60.4672
    978970    -55.7311
    978980    -56.9934
    978990     -57.709
    979000    -56.8238
    979010    -58.4168
    979020    -57.2302
    979030    -58.5859
    979040    -54.0346
    979050    -60.9643
    979060    -59.3833
    979070    -56.4881
    979080    -58.3383
    979090     -55.165
    979100    -57.5417
    979110    -57.8465
    979120    -62.2427
    979130    -58.6227
    979140    -61.5768
    979150    -61.4598
    979160    -66.8855
    979170    -60.5609
    979180    -60.1132
    979190    -60.9137
    979200    -58.9679
    979210    -63.2989
    979220    -60.3144
    979230    -57.4918
    979240    -57.7231
    979250    -60.9702
    979260    -54.8511
    979270    -60.9848
    979280    -60.8688
    979290    -63.0243
    979300    -56.5036
    979310    -55.9955
    979320    -61.2714
    979330    -61.8209
    979340    -53.3199
    979350    -61.4058
    979360     -62.181
    979370    -64.5354
    979380    -56.4384
    979390    -59.7271
    979400    -59.5969
    979410    -58.9916
    979420    -61.5576
    979430     -58.428
    979440    -65.3763
    979450    -61.4485
    979460    -61.5313
    979470    -60.4692
    979480    -60.9392
    979490    -55.0992
    979500    -61.2364
    979510    -61.0084
    979520    -54.5587
    979530     -57.181
    979540    -50.0176
    979550    -59.6996
    979560    -56.5366
    979570    -57.7275
    979580    -58.7308
    979590    -60.8753
    979600    -61.3761
    979610    -55.6989
    979620    -60.2153
    979630    -56.3837
    979640    -58.8683
    979650    -60.3984
    979660    -57.4551
    979670     -61.193
    979680    -63.0284
    979690     -60.537
    979700    -55.9908
    979710     -59.776
    979720    -60.4054
    979730    -58.4314
    979740    -56.3985
    979750    -59.6373
    979760    -59.9877
    979770    -61.4608
    979780    -59.8842
    979790     -57.908
    979800    -64.4777
    979810    -57.9773
    979820    -60.4622
    979830    -64.4213
    979840    -60.3343
    979850    -59.0505
    979860    -59.0736
    979870    -65.5645
    979880    -57.4398
    979890    -61.9807
    979900    -65.0241
    979910    -57.7334
    979920    -57.5249
    979930    -57.0669
    979940    -55.7178
    979950    -56.5493
    979960    -61.9677
    979970    -59.8214
    979980    -65.3315
    979990    -57.9329
    980000    -55.9878
    980010     -58.198
    980020      -57.37
    980030    -58.3287
    980040    -56.2747
    980050    -59.5112
    980060    -61.3559
    980070    -58.3342
    980080    -59.7006
    980090    -60.3963
    980100    -59.3895
    980110    -58.4018
    980120    -59.2237
    980130    -61.5593
    980140    -56.6321
    980150    -59.8787
    980160    -57.5725
    980170    -60.6039
    980180      -60.59
    980190     -61.932
    980200    -65.4271
    980210     -55.719
    980220    -60.7472
    980230    -61.6909
    980240    -59.3999
    980250    -63.2718
    980260    -58.1327
    980270    -60.6827
    980280    -59.1208
    980290    -51.4135
    980300    -58.0094
    980310    -59.0862
    980320    -57.8742
    980330    -58.6521
    980340    -55.0915
    980350    -58.5564
    980360    -60.1965
    980370    -59.4239
    980380    -57.5673
    980390    -54.9439
    980400    -58.5263
    980410    -58.4185
    980420    -59.5773
    980430    -58.3111
    980440    -54.0966
    980450    -63.4011
    980460    -55.3127
    980470    -57.5821
    980480    -54.2517
    980490    -55.3994
    980500    -59.9008
    980510    -59.6618
    980520    -59.9871
    980530    -58.3256
    980540    -61.3983
    980550    -56.2366
    980560    -63.3455
    980570      -55.64
    980580    -57.2577
    980590    -62.3388
    980600    -63.9743
    980610    -62.7681
    980620    -58.1396
    980630    -56.7283
    980640    -57.8555
    980650    -60.3922
    980660    -57.0282
    980670    -53.9846
    980680    -57.9101
    980690    -60.8797
    980700    -57.8967
    980710    -56.9713
    980720     -57.477
    980730    -56.6998
    980740    -56.0011
    980750    -57.5686
    980760    -55.0792
    980770    -59.9854
    980780    -61.9053
    980790    -62.2956
    980800    -62.8896
    980810    -60.9698
    980820    -57.9433
    980830    -61.9656
    980840    -64.1687
    980850    -60.8306
    980860    -58.0889
    980870    -62.2682
    980880    -59.0678
    980890    -62.5336
    980900    -64.3811
    980910    -60.2508
    980920    -56.7124
    980930    -60.5818
    980940    -58.5855
    980950    -56.0809
    980960    -57.6694
    980970    -63.6453
    980980    -56.3584
    980990     -54.878
    981000    -56.3501
    981010     -57.338
    981020    -57.9565
    981030    -59.6102
    981040    -61.1271
    981050    -58.8344
    981060     -56.031
    981070    -61.3075
    981080    -54.7232
    981090     -58.738
    981100    -61.7983
    981110     -57.681
    981120    -55.6418
    981130     -52.851
    981140    -61.7174
    981150    -61.9697
    981160    -57.3107
    981170    -58.2293
    981180    -62.5497
    981190      -59.57
    981200    -60.9935
    981210    -63.4826
    981220    -62.4053
    981230    -55.7084
    981240    -58.9414
    981250    -56.4645
    981260    -59.7552
    981270    -57.5875
    981280    -59.2613
    981290    -65.2666
    981300    -67.5189
    981310    -63.1943
    981320    -63.6072
    981330    -60.6458
    981340    -61.2779
    981350    -66.6475
    981360    -62.0898
    981370    -58.4414
    981380    -56.8247
    981390    -59.4472
    981400    -61.6605
    981410    -63.8085
    981420    -62.1773
    981430    -60.7828
    981440    -65.9121
    981450    -62.6708
    981460    -63.9918
    981470     -61.165
    981480    -62.6028
    981490    -59.4401
    981500    -66.5924
    981510    -60.5424
    981520    -57.0345
    981530    -61.0717
    981540    -62.2718
    981550    -61.9252
    981560    -60.9383
    981570    -57.6228
    981580    -57.8093
    981590     -60.649
    981600    -61.1761
    981610    -57.6448
    981620    -59.8039
    981630    -60.5495
    981640    -56.6091
    981650    -59.3798
    981660    -62.5681
    981670    -57.8919
    981680    -59.1536
    981690    -61.6117
    981700    -62.4109
    981710    -61.2246
    981720    -57.4565
    981730    -59.7746
    981740    -56.8052
    981750     -58.917
    981760    -61.6764
    981770    -63.1387
    981780    -58.3756
    981790    -56.3658
    981800    -56.8344
    981810    -61.2743
    981820    -60.1162
    981830    -57.0986
    981840    -62.1437
    981850    -60.0971
    981860     -58.911
    981870    -61.4519
    981880    -59.8442
    981890    -56.5292
    981900    -62.1961
    981910    -61.6477
    981920    -57.0299
    981930    -56.4466
    981940    -60.7121
    981950    -60.8749
    981960    -58.3613
    981970    -54.4259
    981980    -63.7136
    981990    -60.9449
    982000    -59.4052
    982010    -62.6433
    982020    -57.4902
    982030    -63.0529
    982040    -61.0382
    982050    -63.2166
    982060    -55.4014
    982070    -55.3751
    982080    -55.3674
    982090    -65.9737
    982100    -62.0018
    982110    -57.8613
    982120    -61.0031
    982130    -60.2923
    982140    -58.9682
    982150    -59.4705
    982160    -58.4986
    982170    -58.4725
    982180     -61.096
    982190    -56.5509
    982200    -59.3753
    982210    -55.1016
    982220    -59.2424
    982230    -58.3315
    982240    -62.8882
    982250    -62.5835
    982260    -64.6781
    982270    -58.9406
    982280    -60.7637
    982290    -62.6131
    982300    -59.0274
    982310    -63.4851
    982320    -64.0512
    982330    -60.9433
    982340    -64.4989
    982350    -60.8523
    982360    -61.1509
    982370    -61.2025
    982380    -61.8521
    982390    -59.9978
    982400    -67.5313
    982410    -60.0803
    982420    -59.4542
    982430    -62.2252
    982440     -63.779
    982450    -60.8061
    982460    -61.3844
    982470    -63.4707
    982480    -63.4409
    982490    -58.7888
    982500    -59.3677
    982510    -61.8783
    982520      -58.75
    982530    -56.7736
    982540    -63.0185
    982550    -58.4457
    982560    -57.4991
    982570     -62.629
    982580    -58.4267
    982590    -57.3113
    982600    -56.8568
    982610    -62.6934
    982620    -60.1435
    982630    -58.1455
    982640    -61.4722
    982650    -59.0585
    982660    -57.8435
    982670    -60.7484
    982680    -66.5986
    982690    -59.4381
    982700    -61.0653
    982710    -60.9128
    982720    -65.3343
    982730    -58.9082
    982740    -58.3197
    982750    -60.3361
    982760    -62.4956
    982770    -59.6497
    982780    -63.8493
    982790    -64.7177
    982800    -58.3881
    982810    -60.1233
    982820    -62.2762
    982830    -56.5601
    982840    -57.3694
    982850    -61.5721
    982860    -64.6752
    982870    -58.2274
    982880    -56.7017
    982890    -62.1674
    982900    -57.3969
    982910    -58.4011
    982920     -62.106
    982930    -60.4851
    982940    -62.2592
    982950    -63.3075
    982960    -61.4209
    982970    -59.0201
    982980    -55.9892
    982990    -65.5228
    983000    -61.0681
    983010    -64.2896
    983020    -58.6533
    983030    -62.7139
    983040    -64.2586
    983050    -63.0259
    983060    -66.9821
    983070      -65.69
    983080     -59.705
    983090    -61.5636
    983100     -62.699
    983110    -60.2655
    983120    -61.8211
    983130    -63.2448
    983140    -65.7546
    983150    -65.2242
    983160    -66.9607
    983170     -65.604
    983180    -61.6654
    983190    -59.0471
    983200    -59.9532
    983210    -55.1356
    983220    -59.8054
    983230    -58.8676
    983240    -60.9531
    983250    -62.6817
    983260    -60.9181
    983270    -57.3692
    983280     -63.917
    983290     -62.709
    983300    -61.9793
    983310    -60.1712
    983320    -62.5261
    983330    -60.8831
    983340    -62.6178
    983350    -62.6197
    983360    -61.9095
    983370    -58.8914
    983380    -63.6397
    983390    -60.5369
    983400    -61.5442
    983410    -58.9461
    983420    -62.0124
    983430    -58.9203
    983440    -60.3021
    983450    -63.2888
    983460    -58.9599
    983470    -59.5866
    983480    -59.7927
    983490    -64.2996
    983500    -59.2923
    983510     -57.853
    983520    -59.7084
    983530    -60.9495
    983540    -56.6136
    983550     -59.388
    983560    -57.7745
    983570    -59.9523
    983580    -57.2251
    983590    -58.8866
    983600      -58.63
    983610    -60.6681
    983620    -58.0604
    983630    -59.8971
    983640    -59.7423
    983650     -58.352
    983660    -62.7501
    983670     -65.443
    983680    -52.8361
    983690    -56.8492
    983700    -59.1588
    983710    -59.3656
    983720    -58.6147
    983730    -61.8392
    983740    -57.3676
    983750    -60.1828
    983760    -57.8454
    983770    -55.2836
    983780    -59.0192
    983790     -63.016
    983800    -58.7326
    983810    -61.2791
    983820    -56.6657
    983830    -62.6179
    983840    -58.0325
    983850    -57.7139
    983860    -60.2122
    983870     -59.442
    983880    -59.1464
    983890    -64.2611
    983900    -60.9756
    983910    -58.3273
    983920    -62.3782
    983930    -58.8801
    983940    -59.3383
    983950    -62.5215
    983960    -58.9156
    983970    -57.8803
    983980    -60.2266
    983990      -59.98
    984000    -59.2414
    984010    -60.6761
    984020    -65.4659
    984030    -57.3385
    984040    -61.9779
    984050    -63.0338
    984060    -66.7691
    984070     -58.893
    984080    -56.5437
    984090    -55.7905
    984100    -58.5947
    984110    -56.2319
    984120    -60.4758
    984130    -60.0855
    984140    -63.2511
    984150    -60.0537
    984160    -58.6412
    984170    -55.9181
    984180    -60.2016
    984190    -62.8968
    984200    -60.7841
    984210    -57.0531
    984220    -62.7611
    984230    -60.6227
    984240    -64.0601
    984250    -58.8537
    984260    -56.2718
    984270    -61.7918
    984280      -61.45
    984290    -56.9788
    984300     -58.755
    984310    -58.6407
    984320    -59.6465
    984330     -62.797
    984340    -58.1102
    984350    -58.7196
    984360    -62.9119
    984370     -59.278
    984380    -61.3741
    984390    -57.3803
    984400    -61.2142
    984410    -58.6851
    984420    -56.6513
    984430    -59.4985
    984440    -57.7707
    984450    -59.3595
    984460    -56.2798
    984470    -58.8283
    984480    -57.8223
    984490    -58.5262
    984500    -65.0928
    984510    -62.9113
    984520    -62.1243
    984530    -65.3884
    984540    -61.0755
    984550    -60.7225
    984560    -59.5244
    984570    -62.9571
    984580    -60.1474
    984590    -55.9962
    984600    -57.2353
    984610    -58.9408
    984620    -57.5761
    984630    -58.6601
    984640    -60.8193
    984650    -64.5274
    984660    -53.4918
    984670    -63.0304
    984680    -62.3901
    984690     -62.736
    984700    -63.4808
    984710    -56.1742
    984720    -57.6599
    984730    -57.6695
    984740    -61.8755
    984750    -63.0974
    984760    -61.8934
    984770    -59.1872
    984780    -57.4014
    984790    -59.1934
    984800    -57.2784
    984810    -57.5163
    984820    -58.4472
    984830    -59.3811
    984840    -59.0994
    984850    -55.3035
    984860    -60.2629
    984870    -62.1575
    984880    -58.4907
    984890    -62.3406
    984900    -54.5647
    984910    -60.4888
    984920    -60.4839
    984930    -60.0217
    984940    -59.6495
    984950    -60.4327
    984960    -58.8822
    984970    -59.4576
    984980    -58.1859
    984990     -54.008
    985000     -56.326
    985010    -66.0361
    985020    -62.3438
    985030    -60.2098
    985040    -59.6367
    985050    -60.1136
    985060    -60.7172
    985070    -60.3363
    985080    -61.2678
    985090    -58.7088
    985100    -60.3126
    985110    -56.2851
    985120    -59.0803
    985130    -58.4967
    985140    -63.8607
    985150    -63.2339
    985160     -60.153
    985170    -59.8136
    985180    -60.6417
    985190    -56.4525
    985200    -55.9066
    985210    -59.0362
    985220    -61.0459
    985230    -63.4566
    985240    -59.2653
    985250    -57.8326
    985260     -63.028
    985270    -60.7951
    985280    -63.6211
    985290    -61.1866
    985300    -56.8243
    985310    -58.3297
    985320    -59.7694
    985330    -57.7618
    985340    -58.9321
    985350    -56.1218
    985360    -60.4509
    985370    -61.7829
    985380    -57.5582
    985390    -62.5865
    985400    -54.6329
    985410    -59.6516
    985420    -61.5037
    985430     -59.336
    985440    -58.9971
    985450    -60.9237
    985460    -59.5183
    985470    -64.2174
    985480    -56.0237
    985490    -62.2392
    985500    -59.9174
    985510    -57.5906
    985520    -61.4628
    985530    -55.3179
    985540    -58.4254
    985550    -61.5034
    985560    -59.2405
    985570    -67.3979
    985580    -66.3305
    985590    -61.3966
    985600    -55.8107
    985610    -60.1944
    985620    -58.9489
    985630    -61.7425
    985640    -57.3424
    985650    -58.3729
    985660    -61.2031
    985670    -56.1953
    985680    -60.2238
    985690    -60.8563
    985700    -60.2031
    985710    -62.0768
    985720    -59.5382
    985730    -65.1213
    985740    -57.8041
    985750    -60.1523
    985760    -65.3839
    985770    -60.8908
    985780    -59.4537
    985790    -60.9405
    985800    -59.5306
    985810    -58.0728
    985820    -62.5376
    985830     -59.006
    985840    -58.5141
    985850    -59.8747
    985860    -56.4248
    985870    -62.1042
    985880    -56.9047
    985890     -61.548
    985900    -62.8089
    985910    -58.1874
    985920    -65.0619
    985930    -58.5436
    985940    -62.3838
    985950    -61.2629
    985960    -63.8081
    985970    -58.5508
    985980    -57.7626
    985990    -56.9457
    986000    -64.1683
    986010    -61.0975
    986020    -58.8195
    986030    -60.0578
    986040    -62.1853
    986050    -61.6477
    986060     -58.751
    986070     -57.428
    986080    -62.1516
    986090     -63.417
    986100    -58.0636
    986110    -57.9874
    986120    -59.3405
    986130    -64.9105
    986140    -63.3981
    986150    -61.0591
    986160    -58.9967
    986170    -54.0055
    986180    -57.0441
    986190    -59.8155
    986200     -59.672
    986210     -60.608
    986220    -60.5777
    986230    -59.5533
    986240    -60.9767
    986250    -60.6182
    986260    -60.2579
    986270    -61.6178
    986280    -61.1726
    986290    -65.8207
    986300    -59.2745
    986310      -63.41
    986320    -61.9214
    986330    -65.3879
    986340    -61.9412
    986350    -64.2681
    986360    -62.3103
    986370    -60.4475
    986380    -63.1272
    986390    -63.9109
    986400    -62.4169
    986410    -61.0245
    986420    -62.4608
    986430    -61.5755
    986440    -61.6198
    986450    -63.8793
    986460    -62.6602
    986470    -60.2752
    986480     -58.101
    986490    -63.0918
    986500    -64.0095
    986510    -65.7351
    986520    -63.6886
    986530    -62.5138
    986540    -64.5506
    986550    -60.0479
    986560    -63.2678
    986570    -62.3867
    986580    -60.3446
    986590    -61.2017
    986600     -61.632
    986610    -67.9784
    986620    -66.7401
    986630    -66.8778
    986640    -66.8789
    986650     -64.546
    986660    -65.5599
    986670    -62.4972
    986680    -63.7675
    986690    -62.6562
    986700    -68.9198
    986710     -62.885
    986720    -65.6906
    986730    -68.5607
    986740    -63.1042
    986750    -62.2178
    986760    -65.5515
    986770    -63.8858
    986780    -68.1984
    986790    -62.4817
    986800     -63.226
    986810     -61.419
    986820    -63.2185
    986830    -65.6288
    986840    -62.2223
    986850    -64.0128
    986860    -65.1557
    986870    -64.1848
    986880    -63.7058
    986890       -64.7
    986900    -63.9385
    986910    -60.0352
    986920    -63.4294
    986930    -60.8994
    986940    -63.1059
    986950    -63.8565
    986960    -59.8008
    986970    -62.5291
    986980    -62.1444
    986990     -63.715
    987000    -62.0048
    987010    -64.8357
    987020    -61.8201
    987030    -59.2672
    987040     -61.063
    987050    -57.3663
    987060    -58.7847
    987070    -62.1076
    987080    -57.4355
    987090    -58.0543
    987100    -59.8019
    987110    -63.9647
    987120     -62.962
    987130    -59.5546
    987140    -65.1731
    987150    -60.6754
    987160    -58.9144
    987170    -63.8334
    987180    -61.9776
    987190    -65.2783
    987200     -60.919
    987210    -63.8755
    987220    -63.3501
    987230     -62.151
    987240     -60.153
    987250     -60.701
    987260    -62.9683
    987270    -58.0395
    987280    -62.1977
    987290    -64.7628
    987300    -64.0769
    987310    -60.0959
    987320     -64.786
    987330     -61.537
    987340    -63.6617
    987350    -59.7805
    987360    -61.7183
    987370      -61.93
    987380    -66.8609
    987390     -65.756
    987400    -60.7723
    987410    -61.8878
    987420    -61.5251
    987430    -58.3492
    987440    -57.9883
    987450    -58.2564
    987460    -57.8348
    987470    -61.1192
    987480    -59.9393
    987490    -59.3214
    987500    -64.4745
    987510     -60.498
    987520    -58.2914
    987530    -64.0681
    987540    -59.6699
    987550     -59.248
    987560    -62.8869
    987570    -59.7156
    987580    -56.4496
    987590     -59.297
    987600    -62.4372
    987610    -58.9693
    987620    -54.6509
    987630    -58.4861
    987640      -58.24
    987650    -59.4478
    987660    -58.1123
    987670    -59.3796
    987680    -58.8348
    987690    -58.0013
    987700    -61.3597
    987710    -58.5436
    987720     -61.392
    987730    -57.2338
    987740    -58.8513
    987750    -59.7073
    987760     -64.188
    987770    -58.1732
    987780    -62.2177
    987790    -59.6257
    987800    -58.7342
    987810    -58.1638
    987820    -63.3751
    987830    -62.0581
    987840    -63.1205
    987850    -61.1623
    987860    -59.9255
    987870    -60.2584
    987880    -57.2567
    987890    -57.9697
    987900    -61.4144
    987910    -59.8699
    987920    -60.5572
    987930    -61.2337
    987940    -58.8656
    987950    -63.1997
    987960    -62.8316
    987970    -61.4284
    987980    -57.5151
    987990    -61.5029
    988000    -62.1647
    988010    -62.6811
    988020    -58.4743
    988030      -55.78
    988040    -63.6794
    988050    -56.2195
    988060    -61.5416
    988070    -61.0495
    988080    -60.7222
    988090    -62.3629
    988100    -62.7427
    988110    -58.9546
    988120    -60.0103
    988130    -60.1185
    988140    -54.8377
    988150    -61.2067
    988160    -56.0101
    988170    -59.0533
    988180    -61.1575
    988190     -63.489
    988200    -63.2795
    988210    -54.7854
    988220     -57.521
    988230    -59.7215
    988240    -56.8885
    988250    -61.1338
    988260    -57.9705
    988270    -63.1523
    988280    -56.6401
    988290    -63.8819
    988300    -59.4758
    988310     -62.611
    988320    -61.3097
    988330    -60.3967
    988340    -59.0442
    988350    -60.2822
    988360    -61.2074
    988370    -60.0025
    988380    -62.4924
    988390    -62.9506
    988400    -57.0858
    988410    -55.4704
    988420    -55.9225
    988430    -62.1724
    988440    -60.9052
    988450    -59.9574
    988460    -57.4613
    988470    -56.9803
    988480    -57.4603
    988490    -55.7244
    988500    -59.0734
    988510    -60.0183
    988520    -57.3886
    988530    -59.2164
    988540    -58.7535
    988550    -55.8013
    988560    -55.3627
    988570     -59.204
    988580    -61.7571
    988590    -61.9604
    988600    -61.0029
    988610    -61.2245
    988620    -57.6323
    988630    -59.4157
    988640    -61.6273
    988650     -57.261
    988660    -58.3656
    988670     -62.936
    988680    -59.3768
    988690    -55.3666
    988700    -59.4241
    988710     -55.608
    988720    -56.3313
    988730    -60.0785
    988740    -55.7789
    988750    -64.1885
    988760    -61.2773
    988770    -60.6031
    988780    -60.0202
    988790    -60.4479
    988800    -61.8902
    988810    -64.4708
    988820     -58.305
    988830    -62.3842
    988840    -58.5327
    988850    -59.8919
    988860    -60.6639
    988870    -59.2291
    988880    -59.3273
    988890    -61.0569
    988900    -62.7031
    988910    -64.0157
    988920     -63.647
    988930    -64.0116
    988940    -62.2959
    988950    -66.1342
    988960      -65.27
    988970    -59.3243
    988980     -61.105
    988990    -58.7869
    989000    -61.5991
    989010    -58.3298
    989020    -61.7309
    989030    -58.5455
    989040    -61.1691
    989050    -62.5187
    989060    -56.2825
    989070    -62.3283
    989080    -58.8996
    989090    -61.3046
    989100     -59.587
    989110    -61.9171
    989120    -58.2851
    989130    -64.4378
    989140    -64.1027
    989150    -58.6243
    989160    -59.1289
    989170    -59.0969
    989180    -59.3079
    989190    -56.1615
    989200    -57.5134
    989210    -60.1155
    989220    -61.6977
    989230    -61.7738
    989240     -59.279
    989250    -61.5802
    989260    -56.4078
    989270    -58.3799
    989280    -62.0239
    989290    -60.9412
    989300    -62.5098
    989310    -62.9248
    989320    -63.4478
    989330    -59.7638
    989340    -60.5586
    989350    -56.8364
    989360    -62.4696
    989370    -64.4791
    989380    -63.5867
    989390    -63.5438
    989400     -66.731
    989410    -65.2649
    989420    -64.8874
    989430    -62.3583
    989440    -64.9324
    989450     -65.508
    989460    -65.2119
    989470    -65.7566
    989480    -61.4758
    989490    -61.6734
    989500    -65.8302
    989510    -60.6354
    989520    -57.3335
    989530    -62.6001
    989540    -63.1468
    989550    -66.3262
    989560    -61.3821
    989570    -63.5173
    989580    -59.5558
    989590    -58.4907
    989600     -61.314
    989610    -60.0895
    989620    -60.9751
    989630     -59.079
    989640    -61.4227
    989650     -60.536
    989660    -62.2891
    989670    -64.6748
    989680    -61.0799
    989690     -63.064
    989700    -62.7543
    989710    -63.0075
    989720         -63
    989730    -61.8144
    989740    -61.3164
    989750    -62.9695
    989760    -57.8084
    989770    -57.6005
    989780    -59.0998
    989790    -58.8582
    989800    -60.3668
    989810    -58.2103
    989820    -60.2252
    989830    -63.1528
    989840     -62.504
    989850     -63.417
    989860    -62.6475
    989870    -69.3288
    989880    -62.7741
    989890    -59.8588
    989900    -60.2009
    989910    -64.8229
    989920    -60.4183
    989930    -64.2493
    989940    -60.1131
    989950    -61.6961
    989960    -56.8549
    989970    -57.1783
    989980    -61.4674
    989990    -58.3271
    990000    -60.2333
    990010    -62.8037
    990020    -62.6515
    990030    -56.0573
    990040      -62.62
    990050    -60.7125
    990060    -58.3489
    990070    -61.5078
    990080    -57.3695
    990090     -64.465
    990100    -62.0279
    990110    -61.1931
    990120    -65.0364
    990130    -63.1121
    990140    -58.7283
    990150    -60.5026
    990160    -57.9193
    990170    -60.2343
    990180    -63.0753
    990190    -61.1857
    990200    -63.6108
    990210    -58.1391
    990220    -60.7632
    990230    -59.8389
    990240       -60.5
    990250    -60.7753
    990260    -59.6618
    990270    -58.7516
    990280    -59.2961
    990290    -62.1283
    990300    -60.4351
    990310    -60.4619
    990320     -63.904
    990330    -61.6024
    990340      -66.58
    990350    -62.0903
    990360    -61.0842
    990370    -57.4639
    990380    -59.2414
    990390    -59.7404
    990400    -64.6791
    990410    -61.0953
    990420    -58.4783
    990430     -58.021
    990440    -63.6963
    990450     -61.531
    990460    -62.8064
    990470    -59.3791
    990480    -61.9999
    990490    -57.9989
    990500    -60.5207
    990510    -59.8329
    990520    -66.6562
    990530     -63.218
    990540    -64.2486
    990550     -57.896
    990560    -62.2985
    990570    -59.4025
    990580    -62.5722
    990590    -65.8876
    990600    -67.0253
    990610    -61.9858
    990620    -62.8875
    990630    -61.3613
    990640    -60.1589
    990650    -63.8734
    990660    -64.7898
    990670    -64.7259
    990680    -57.1362
    990690    -59.9792
    990700    -60.4898
    990710    -60.4155
    990720    -63.3791
    990730     -57.689
    990740    -61.2379
    990750    -58.9171
    990760    -56.9386
    990770    -57.8226
    990780    -64.3112
    990790    -61.4536
    990800    -70.6882
    990810    -60.1607
    990820    -61.0172
    990830    -61.7878
    990840    -58.7002
    990850    -59.0922
    990860    -61.2843
    990870    -58.8686
    990880    -60.5549
    990890     -62.301
    990900    -64.1949
    990910    -58.0152
    990920    -61.1639
    990930    -61.7928
    990940    -59.7265
    990950    -59.3742
    990960    -58.5432
    990970    -58.1355
    990980    -61.3046
    990990    -60.0778
    991000    -61.3525
    991010     -58.343
    991020    -62.2698
    991030    -61.2996
    991040     -64.216
    991050    -62.9415
    991060    -61.2782
    991070    -63.1711
    991080    -65.1563
    991090    -64.9084
    991100    -64.4844
    991110    -62.7929
    991120    -57.7109
    991130    -63.2666
    991140    -61.9238
    991150    -63.8514
    991160    -56.3549
    991170    -64.5887
    991180    -65.6838
    991190    -63.7418
    991200    -66.3382
    991210    -61.3638
    991220    -67.3981
    991230    -64.0514
    991240    -62.6766
    991250    -59.5055
    991260    -65.4941
    991270    -59.6714
    991280    -60.3416
    991290    -57.6074
    991300    -60.8453
    991310    -59.1939
    991320    -58.4054
    991330    -60.9854
    991340    -60.8114
    991350    -57.2807
    991360    -60.6222
    991370    -61.8677
    991380     -54.735
    991390    -59.2193
    991400    -65.9316
    991410    -59.9739
    991420    -60.8835
    991430     -61.053
    991440     -59.773
    991450    -61.2974
    991460    -62.8299
    991470    -64.7146
    991480    -64.0887
    991490    -61.8225
    991500    -63.7391
    991510    -66.4253
    991520    -57.1056
    991530    -61.1352
    991540    -62.9767
    991550    -66.0757
    991560    -61.4112
    991570    -62.2277
    991580    -60.7457
    991590    -66.3203
    991600    -63.6064
    991610    -63.0207
    991620     -64.911
    991630    -64.3497
    991640     -61.413
    991650    -58.6251
    991660    -55.9479
    991670    -60.9517
    991680    -62.7286
    991690    -58.1039
    991700    -59.9139
    991710    -61.3996
    991720    -64.5398
    991730    -62.9342
    991740    -62.3834
    991750    -60.7827
    991760    -63.8606
    991770    -61.5743
    991780    -61.4959
    991790    -64.1938
    991800    -56.7979
    991810    -61.3084
    991820    -57.3145
    991830    -64.1609
    991840    -62.8372
    991850    -62.9224
    991860    -61.9568
    991870    -62.5495
    991880    -61.6073
    991890    -63.8006
    991900    -63.6804
    991910    -63.5528
    991920    -63.9899
    991930    -68.0976
    991940    -65.2427
    991950    -63.9175
    991960    -62.9016
    991970    -62.8915
    991980     -64.228
    991990    -63.0052
    992000    -61.1877
    992010    -65.8232
    992020    -62.0395
    992030    -63.1921
    992040    -63.4655
    992050    -64.4771
    992060    -65.2481
    992070    -66.0123
    992080    -62.4923
    992090    -60.9561
    992100    -68.4336
    992110    -60.4823
    992120    -59.4722
    992130    -60.8732
    992140    -64.9329
    992150    -64.7195
    992160    -65.6274
    992170    -63.0878
    992180    -62.8249
    992190    -59.2706
    992200    -61.9895
    992210    -63.6722
    992220    -67.5189
    992230     -58.462
    992240    -65.1357
    992250    -59.3001
    992260    -64.7794
    992270    -60.9006
    992280     -63.181
    992290    -56.4215
    992300    -53.9533
    992310    -59.3303
    992320    -63.8669
    992330    -63.5181
    992340    -60.6899
    992350    -55.1069
    992360    -59.3206
    992370    -60.4512
    992380    -61.2834
    992390    -53.6108
    992400    -58.7903
    992410    -62.8797
    992420    -62.3171
    992430    -59.0444
    992440    -59.7184
    992450    -66.3898
    992460    -58.8556
    992470    -58.3149
    992480     -58.726
    992490    -58.8319
    992500    -55.3752
    992510    -62.2209
    992520    -56.1533
    992530    -56.8629
    992540    -58.4762
    992550    -56.4381
    992560    -62.9732
    992570     -59.443
    992580    -59.6767
    992590    -62.9417
    992600    -58.0606
    992610    -62.8706
    992620    -60.1213
    992630     -60.122
    992640     -60.586
    992650    -59.8433
    992660    -55.0823
    992670    -61.5227
    992680    -58.4479
    992690    -58.7524
    992700    -56.6973
    992710    -60.5529
    992720    -59.7438
    992730    -55.9332
    992740    -58.8002
    992750    -58.6018
    992760    -62.3279
    992770    -60.8407
    992780     -63.043
    992790    -57.8311
    992800    -59.6506
    992810    -58.7532
    992820    -61.2429
    992830    -59.5877
    992840    -60.0583
    992850    -62.2439
    992860    -57.8111
    992870    -58.3103
    992880    -61.9913
    992890    -57.1367
    992900    -58.6012
    992910    -61.5554
    992920    -58.4963
    992930    -56.0563
    992940    -58.1003
    992950    -59.1494
    992960     -58.304
    992970    -64.7782
    992980    -61.2478
    992990    -57.8628
    993000    -62.1664
    993010    -60.0072
    993020    -56.1408
    993030      -61.41
    993040    -59.6105
    993050    -63.7768
    993060    -57.8664
    993070     -58.831
    993080    -60.2827
    993090    -60.7251
    993100     -58.356
    993110    -58.8074
    993120    -58.8566
    993130    -61.4364
    993140     -57.775
    993150    -60.8528
    993160    -57.1632
    993170    -57.0233
    993180    -58.0005
    993190    -61.7803
    993200    -60.4274
    993210     -59.227
    993220    -61.2475
    993230    -58.2604
    993240    -59.3088
    993250     -60.515
    993260     -56.947
    993270    -59.4558
    993280    -56.6464
    993290     -63.507
    993300    -61.9998
    993310     -60.773
    993320    -55.0948
    993330    -58.3107
    993340    -62.1673
    993350    -62.9641
    993360    -62.9605
    993370     -60.447
    993380    -65.1215
    993390    -55.4211
    993400     -61.953
    993410    -56.1876
    993420    -63.3176
    993430    -58.2888
    993440    -61.2854
    993450    -58.8574
    993460    -58.9953
    993470    -59.5483
    993480    -61.9313
    993490    -62.4039
    993500    -57.8939
    993510     -59.699
    993520     -62.465
    993530    -60.9339
    993540    -62.9517
    993550    -59.8266
    993560    -58.3834
    993570     -61.577
    993580    -57.4934
    993590    -52.1748
    993600    -56.8158
    993610    -60.2869
    993620    -57.5099
    993630     -61.206
    993640    -59.9338
    993650    -59.6622
    993660    -59.9751
    993670    -59.4829
    993680    -64.2053
    993690    -60.2738
    993700    -59.5818
    993710    -58.1867
    993720    -61.4102
    993730    -63.7025
    993740    -60.6519
    993750    -61.8457
    993760    -54.7773
    993770    -60.9419
    993780    -60.4024
    993790    -61.8465
    993800    -60.2628
    993810    -58.0149
    993820     -65.411
    993830    -63.0432
    993840    -62.4465
    993850     -59.413
    993860    -59.6085
    993870    -59.7798
    993880     -65.966
    993890    -61.8839
    993900    -59.4259
    993910    -59.5514
    993920      -59.36
    993930    -59.5256
    993940    -59.6788
    993950    -59.7358
    993960     -61.066
    993970    -59.8018
    993980    -71.6193
    993990    -68.4796
    994000    -70.0333
    994010      -73.48
    994020    -73.8091
    994030    -68.7208
    994040    -74.0508
    994050    -74.8569
    994060    -68.7245
    994070    -72.1775
    994080    -73.1538
    994090    -72.3219
    994100     -69.318
    994110    -74.3017
    994120    -64.8402
    994130    -73.7835
    994140     -72.399
    994150    -72.3797
    994160    -73.0726
    994170    -73.3772
    994180    -72.5517
    994190    -71.0988
    994200    -72.4361
    994210    -69.4077
    994220    -68.1298
    994230    -68.0308
    994240     -73.375
    994250      -69.96
    994260    -74.1712
    994270    -65.4517
    994280    -71.3006
    994290    -70.9117
    994300    -73.7897
    994310    -67.4222
    994320    -70.9447
    994330    -70.3566
    994340    -66.7969
    994350    -64.1014
    994360    -69.8369
    994370    -67.8389
    994380    -66.5342
    994390    -68.8149
    994400    -67.9145
    994410    -69.3011
    994420    -72.2364
    994430    -75.5476
    994440    -71.2859
    994450    -72.5483
    994460    -72.0433
    994470    -74.9523
    994480    -69.7315
    994490    -67.2608
    994500    -68.2039
    994510    -71.2033
    994520    -66.2868
    994530    -73.6536
    994540    -73.2945
    994550    -71.9391
    994560    -68.9284
    994570    -73.8302
    994580    -70.8113
    994590    -73.9338
    994600    -67.8006
    994610    -74.5762
    994620    -74.6727
    994630    -76.4838
    994640    -70.7086
    994650    -69.1789
    994660    -70.1219
    994670    -70.0901
    994680    -68.3696
    994690    -74.7412
    994700    -76.6394
    994710    -69.7373
    994720    -75.5547
    994730     -69.139
    994740    -75.2316
    994750    -74.9643
    994760     -69.987
    994770    -66.3399
    994780    -70.1525
    994790    -68.2307
    994800    -66.0701
    994810    -72.9604
    994820    -69.8538
    994830    -73.7437
    994840    -67.4757
    994850    -67.1256
    994860     -69.132
    994870    -72.6069
    994880    -66.6937
    994890    -68.6496
    994900    -69.8661
    994910    -71.8851
    994920    -68.9177
    994930    -67.9684
    994940    -76.6821
    994950    -67.3367
    994960    -73.4147
    994970    -68.0894
    994980    -71.5502
    994990    -72.1837
    995000    -70.7749
    995010    -73.3571
    995020    -71.7727
    995030    -67.6927
    995040    -69.9521
    995050    -74.1501
    995060    -69.3512
    995070    -69.7488
    995080    -75.5186
    995090    -67.5475
    995100     -76.342
    995110    -73.2693
    995120    -71.8092
    995130    -70.8009
    995140    -70.2107
    995150    -65.0518
    995160    -66.9869
    995170    -72.8008
    995180    -69.5708
    995190    -75.5729
    995200    -74.5484
    995210    -69.3078
    995220    -71.3633
    995230    -69.0251
    995240    -71.3042
    995250    -70.1141
    995260    -66.6124
    995270    -70.2868
    995280    -70.1785
    995290    -67.6491
    995300     -69.574
    995310    -68.0122
    995320    -68.6501
    995330    -68.4772
    995340    -69.1695
    995350    -71.9331
    995360     -74.097
    995370    -73.8217
    995380    -70.9926
    995390    -67.8528
    995400    -66.7694
    995410    -64.5598
    995420    -67.5676
    995430    -68.0193
    995440    -68.4657
    995450    -70.3777
    995460    -69.3199
    995470    -67.4012
    995480    -69.1612
    995490     -71.461
    995500    -69.5008
    995510    -64.8204
    995520    -67.3452
    995530    -65.5219
    995540    -70.2127
    995550    -67.1579
    995560    -67.3152
    995570    -67.3392
    995580     -69.781
    995590    -70.6817
    995600    -73.4733
    995610    -64.2877
    995620    -69.0067
    995630    -70.5772
    995640    -68.5461
    995650    -71.5929
    995660    -69.4217
    995670    -64.9112
    995680    -72.9259
    995690    -66.9009
    995700    -67.6009
    995710    -70.4133
    995720    -70.1854
    995730     -71.197
    995740    -67.2374
    995750    -72.2019
    995760    -69.4107
    995770    -70.0933
    995780    -71.7908
    995790    -71.2463
    995800     -66.229
    995810    -67.2713
    995820    -69.7605
    995830     -68.744
    995840    -67.2521
    995850    -71.1821
    995860    -66.4894
    995870    -69.1943
    995880    -72.5678
    995890     -65.396
    995900    -71.4178
    995910    -71.0681
    995920    -70.0595
    995930    -68.7411
    995940    -66.9593
    995950    -66.6922
    995960    -68.6212
    995970    -69.5386
    995980    -71.8531
    995990    -69.5003
    996000    -66.5019
    996010    -66.5705
    996020    -69.9781
    996030    -71.9762
    996040    -68.9218
    996050    -68.1018
    996060     -67.856
    996070     -67.685
    996080    -69.0595
    996090    -68.2269
    996100    -67.2938
    996110    -68.8621
    996120    -68.9265
    996130    -68.5196
    996140     -67.383
    996150    -74.4991
    996160    -68.1207
    996170    -71.6531
    996180    -71.8725
    996190    -69.5252
    996200    -68.9652
    996210     -69.785
    996220    -70.1903
    996230    -68.1937
    996240    -74.5052
    996250    -72.7203
    996260    -68.6553
    996270    -73.5321
    996280    -64.5944
    996290    -67.7904
    996300     -67.953
    996310    -63.6413
    996320    -66.7058
    996330     -66.279
    996340    -67.9194
    996350    -67.3289
    996360     -68.389
    996370    -69.1681
    996380    -67.2577
    996390     -71.674
    996400    -67.0056
    996410    -66.8811
    996420    -71.7701
    996430    -68.0782
    996440    -69.4743
    996450    -74.0606
    996460      -72.21
    996470    -70.3384
    996480    -72.2287
    996490    -69.3307
    996500    -67.7728
    996510    -71.4014
    996520     -68.166
    996530    -66.3532
    996540    -65.4399
    996550    -68.1059
    996560    -65.9228
    996570    -68.4486
    996580    -71.1125
    996590    -70.9118
    996600    -69.4097
    996610    -69.7979
    996620    -70.5664
    996630     -68.719
    996640    -64.8889
    996650    -65.9513
    996660    -65.4392
    996670    -66.4845
    996680    -70.2782
    996690    -66.7641
    996700    -69.3677
    996710    -65.9201
    996720    -71.6805
    996730    -67.7076
    996740    -64.4939
    996750      -70.83
    996760     -67.105
    996770     -68.648
    996780    -70.0511
    996790    -69.7045
    996800    -70.6926
    996810    -67.5998
    996820    -70.5602
    996830    -70.6316
    996840    -70.3181
    996850    -71.3902
    996860    -66.7701
    996870    -70.9172
    996880    -66.7486
    996890    -69.4683
    996900     -71.848
    996910    -66.6312
    996920    -70.3651
    996930     -67.099
    996940    -66.9867
    996950     -67.008
    996960    -70.5013
    996970    -67.9043
    996980    -67.2076
    996990    -69.8913
    997000    -72.9938
    997010    -67.2393
    997020    -68.1377
    997030    -72.4986
    997040    -68.6954
    997050    -70.5599
    997060    -63.5791
    997070    -67.8791
    997080    -71.5025
    997090     -70.841
    997100    -72.1772
    997110    -67.5197
    997120    -68.1784
    997130    -70.2846
    997140    -65.5394
    997150    -72.1148
    997160    -67.5127
    997170    -70.4109
    997180    -70.1977
    997190    -68.7717
    997200    -70.0404
    997210    -66.1282
    997220      -67.79
    997230    -67.0916
    997240    -68.5089
    997250    -70.0395
    997260    -67.4249
    997270    -69.7541
    997280    -67.9834
    997290    -71.2052
    997300    -72.2652
    997310    -67.3709
    997320    -74.3874
    997330     -68.014
    997340    -70.2652
    997350     -68.753
    997360    -68.7622
    997370    -72.7254
    997380    -70.8075
    997390    -70.1433
    997400    -69.1936
    997410     -66.884
    997420    -69.1418
    997430    -73.0158
    997440    -69.2971
    997450    -70.6871
    997460    -70.3271
    997470     -69.007
    997480    -70.6091
    997490    -68.9108
    997500    -65.6883
    997510    -70.5021
    997520    -72.0335
    997530    -68.6679
    997540    -70.5668
    997550    -72.5241
    997560    -72.9776
    997570    -73.3178
    997580    -71.0524
    997590    -70.0908
    997600    -67.6483
    997610    -72.4775
    997620    -72.5299
    997630    -73.0558
    997640    -68.9921
    997650    -70.9214
    997660    -69.9948
    997670    -68.7314
    997680     -67.987
    997690    -73.8451
    997700    -71.3879
    997710    -75.9118
    997720    -66.8567
    997730    -69.4025
    997740    -74.4989
    997750    -70.1722
    997760    -67.9422
    997770     -71.354
    997780    -73.3737
    997790    -69.0705
    997800    -66.6259
    997810    -68.4696
    997820    -64.5892
    997830    -70.0529
    997840    -70.5523
    997850    -67.5649
    997860    -76.1418
    997870    -70.3107
    997880    -70.5293
    997890    -71.7285
    997900    -65.8893
    997910    -70.6167
    997920    -68.1594
    997930    -75.4642
    997940    -69.8959
    997950    -70.7126
    997960    -68.9549
    997970    -64.4339
    997980    -67.1404
    997990    -77.1796
    998000    -70.4044
    998010    -69.8137
    998020    -69.5786
    998030    -69.7428
    998040    -69.6846
    998050    -69.9715
    998060    -68.6989
    998070    -71.5495
    998080    -70.2845
    998090    -70.4634
    998100    -72.9338
    998110    -72.3489
    998120    -70.5729
    998130    -69.1975
    998140    -65.6613
    998150    -72.3156
    998160     -71.702
    998170    -69.7468
    998180    -67.9751
    998190     -73.863
    998200    -74.3135
    998210    -69.5732
    998220    -71.9099
    998230    -66.9138
    998240    -69.7936
    998250     -67.689
    998260    -69.3997
    998270    -70.4057
    998280    -65.9658
    998290    -71.1563
    998300    -71.8767
    998310    -67.0628
    998320    -70.1159
    998330    -66.6254
    998340    -71.0029
    998350    -69.9156
    998360    -68.4641
    998370    -69.4174
    998380    -67.3176
    998390    -68.7587
    998400    -66.4412
    998410     -66.982
    998420    -72.6652
    998430    -70.5456
    998440    -71.9309
    998450    -68.9994
    998460      -72.94
    998470    -69.1065
    998480    -70.8198
    998490    -66.8452
    998500     -72.631
    998510    -67.1988
    998520     -70.945
    998530    -72.1924
    998540    -65.4433
    998550    -71.9458
    998560    -74.4442
    998570    -70.8016
    998580    -72.6683
    998590    -73.6893
    998600    -69.6883
    998610    -72.9985
    998620     -70.313
    998630    -72.0067
    998640    -74.2586
    998650    -72.5468
    998660    -69.6964
    998670    -69.7143
    998680    -70.6508
    998690    -67.5983
    998700    -68.7412
    998710    -68.2708
    998720    -71.4679
    998730    -70.0642
    998740    -66.3933
    998750    -68.4106
    998760    -69.4493
    998770    -72.0853
    998780     -68.725
    998790     -67.324
    998800     -70.576
    998810    -74.8804
    998820    -70.7662
    998830    -69.6049
    998840    -69.7227
    998850    -73.8625
    998860    -75.5487
    998870    -72.5769
    998880    -72.3369
    998890    -73.3463
    998900     -70.266
    998910    -79.4463
    998920    -74.0647
    998930    -71.1061
    998940    -71.9755
    998950    -70.7754
    998960    -73.2103
    998970    -70.7192
    998980    -70.1419
    998990    -70.0169
    999000    -73.9028
    999010    -76.2882
    999020    -72.7049
    999030    -71.1895
    999040    -76.6314
    999050    -69.5105
    999060    -70.1681
    999070    -71.6624
    999080      -73.92
    999090    -73.7859
    999100    -72.1671
    999110    -71.9228
    999120    -73.0275
    999130    -70.3628
    999140    -70.2563
    999150     -70.157
    999160    -72.0059
    999170     -72.741
    999180    -66.9346
    999190    -70.3479
    999200    -69.4568
    999210    -68.8901
    999220    -70.5335
    999230    -74.4039
    999240    -70.8498
    999250    -71.6485
    999260     -71.254
    999270    -74.1326
    999280    -70.3006
    999290     -68.245
    999300     -73.248
    999310     -72.881
    999320    -74.1767
    999330    -69.7015
    999340    -74.6609
    999350    -67.8318
    999360    -70.7344
    999370    -69.7424
    999380    -71.3846
    999390    -70.3696
    999400    -70.1165
    999410     -70.312
    999420    -69.8519
    999430    -71.5357
    999440    -73.2772
    999450    -69.5357
    999460    -75.6607
    999470    -70.9576
    999480    -70.2687
    999490    -69.9768
    999500     -68.828
    999510    -73.5777
    999520    -74.3502
    999530    -69.6624
    999540    -73.1554
    999550    -69.7751
    999560    -70.2391
    999570    -75.4791
    999580     -69.648
    999590    -72.3975
    999600    -71.3277
    999610     -71.364
    999620    -75.3117
    999630    -75.8641
    999640    -74.4723
    999650    -74.9205
    999660    -69.1324
    999670    -69.3476
    999680    -69.0821
    999690    -69.6655
    999700     -71.513
    999710    -73.5706
    999720    -71.1488
    999730    -68.0295
    999740    -71.0247
    999750    -72.9459
    999760    -74.3309
    999770    -69.0087
    999780    -66.4265
    999790    -66.9821
    999800    -68.4472
    999810    -72.1457
    999820    -67.2315
    999830    -69.1862
    999840    -70.5631
    999850    -70.0815
    999860     -74.184
    999870    -69.1071
    999880    -67.7389
    999890    -75.7345
    999900     -66.904
    999910    -71.6355
    999920    -71.6938
    999930    -70.0771
    999940    -71.4189
    999950    -70.2189
    999960    -67.5715
    999970    -73.2492
    999980    -76.7769
    999990    -71.3803
     1e+06    -73.2008
