    750000    0.236908
    750010    0.236917
    750020    0.236689
    750030    0.232904
    750040    0.234795
    750050    0.230268
    750060     0.23682
    750070    0.235302
    750080    0.229701
    750090    0.236952
    750100    0.235143
    750110    0.237561
    750120    0.233348
    750130    0.237354
    750140    0.238094
    750150    0.242807
    750160    0.237248
    750170    0.239078
    750180    0.234156
    750190       0.231
    750200     0.23497
    750210    0.238082
    750220    0.236779
    750230    0.233041
    750240    0.235748
    750250    0.233727
    750260    0.229554
    750270    0.233194
    750280    0.232559
    750290    0.232801
    750300    0.239749
    750310    0.229526
    750320    0.231983
    750330    0.235078
    750340    0.235452
    750350    0.237254
    750360    0.232879
    750370    0.232883
    750380    0.241417
    750390    0.237822
    750400    0.240545
    750410    0.232404
    750420    0.235153
    750430    0.238145
    750440    0.236929
    750450    0.237949
    750460    0.238927
    750470    0.239968
    750480    0.238556
    750490    0.238358
    750500    0.237425
    750510    0.236712
    750520    0.239077
    750530     0.23738
    750540    0.233491
    750550    0.235764
    750560    0.241376
    750570    0.232565
    750580    0.239626
    750590    0.239982
    750600    0.236258
    750610    0.238506
    750620    0.234667
    750630    0.233793
    750640    0.233332
    750650     0.23547
    750660    0.236999
    750670    0.238402
    750680    0.236792
    750690    0.236329
    750700    0.240123
    750710    0.236624
    750720    0.239489
    750730    0.234993
    750740     0.23226
    750750    0.237641
    750760     0.23416
    750770    0.235155
    750780    0.240028
    750790     0.23552
    750800    0.236348
    750810    0.238152
    750820    0.234468
    750830    0.234654
    750840    0.231867
    750850    0.232679
    750860    0.234479
    750870    0.234179
    750880    0.239077
    750890    0.234374
    750900    0.233854
    750910    0.239894
    750920    0.238957
    750930     0.24191
    750940    0.235088
    750950    0.238251
    750960    0.241106
    750970    0.243581
    750980     0.23554
    750990    0.242081
    751000    0.243555
    751010    0.239292
    751020    0.232395
    751030    0.236613
    751040    0.237233
    751050    0.233557
    751060    0.231804
    751070    0.236195
    751080     0.24179
    751090     0.23495
    751100    0.240827
    751110    0.233027
    751120    0.236785
    751130     0.23325
    751140    0.234871
    751150     0.23188
    751160    0.232318
    751170    0.237512
    751180      0.2356
    751190    0.235076
    751200    0.239287
    751210    0.239596
    751220    0.234386
    751230    0.237309
    751240    0.244936
    751250    0.235129
    751260    0.241268
    751270    0.240351
    751280    0.239798
    751290    0.238265
    751300    0.235745
    751310    0.243874
    751320    0.233619
    751330    0.243453
    751340    0.235418
    751350    0.235707
    751360    0.242174
    751370    0.240377
    751380    0.238419
    751390     0.23833
    751400    0.236383
    751410    0.234845
    751420    0.231099
    751430    0.237307
    751440    0.236363
    751450    0.233598
    751460    0.234471
    751470    0.233129
    751480    0.235994
    751490    0.232076
    751500    0.227252
    751510     0.23496
    751520    0.235548
    751530    0.241282
    751540     0.23591
    751550    0.236106
    751560    0.232408
    751570    0.232297
    751580    0.234655
    751590    0.237526
    751600    0.238078
    751610    0.237287
    751620    0.234864
    751630    0.232012
    751640    0.239474
    751650    0.245892
    751660    0.233077
    751670    0.239009
    751680    0.235219
    751690    0.234134
    751700    0.235083
    751710    0.233159
    751720    0.235223
    751730    0.235253
    751740    0.233212
    751750    0.231097
    751760    0.235757
    751770    0.235267
    751780    0.239119
    751790    0.233857
    751800     0.24157
    751810    0.232198
    751820    0.240792
    751830     0.23287
    751840    0.234264
    751850    0.230747
    751860    0.228205
    751870    0.232539
    751880    0.232161
    751890    0.236746
    751900    0.236022
    751910    0.233742
    751920     0.23715
    751930     0.23258
    751940      0.2414
    751950    0.239075
    751960    0.235846
    751970    0.243468
    751980     0.23652
    751990    0.231124
    752000     0.23358
    752010    0.234533
    752020    0.237768
    752030    0.236648
    752040    0.240091
    752050    0.237513
    752060    0.234855
    752070    0.236407
    752080    0.234219
    752090     0.23883
    752100    0.235974
    752110    0.237622
    752120    0.239219
    752130    0.242117
    752140     0.23436
    752150    0.243491
    752160    0.242194
    752170    0.240531
    752180    0.236446
    752190    0.233787
    752200      0.2426
    752210    0.233486
    752220    0.238507
    752230    0.238295
    752240    0.233162
    752250    0.229522
    752260    0.237456
    752270    0.238577
    752280    0.233681
    752290    0.232185
    752300    0.236181
    752310    0.235663
    752320    0.228961
    752330    0.233733
    752340    0.234346
    752350    0.235636
    752360    0.235107
    752370    0.234931
    752380     0.23315
    752390    0.228157
    752400    0.231963
    752410    0.233427
    752420    0.234022
    752430    0.241687
    752440    0.239529
    752450    0.237782
    752460    0.232055
    752470    0.236206
    752480    0.237785
    752490    0.234446
    752500    0.235372
    752510    0.233199
    752520    0.236253
    752530    0.234476
    752540    0.232862
    752550    0.231566
    752560    0.233632
    752570    0.233112
    752580    0.234079
    752590    0.233121
    752600      0.2318
    752610    0.233207
    752620    0.239702
    752630    0.234876
    752640    0.231942
    752650    0.233622
    752660    0.231934
    752670    0.231273
    752680    0.236713
    752690    0.233121
    752700    0.232943
    752710     0.23148
    752720    0.232002
    752730    0.230623
    752740    0.232587
    752750    0.233549
    752760    0.232613
    752770    0.231089
    752780    0.235122
    752790    0.234019
    752800    0.229907
    752810    0.231873
    752820    0.230572
    752830     0.24042
    752840    0.231918
    752850    0.234223
    752860    0.235686
    752870    0.233691
    752880    0.232807
    752890    0.231824
    752900    0.231429
    752910    0.229965
    752920    0.231592
    752930    0.234964
    752940    0.237777
    752950    0.235072
    752960    0.230993
    752970    0.237748
    752980    0.236967
    752990    0.234279
    753000    0.234477
    753010    0.235438
    753020    0.229836
    753030    0.234338
    753040    0.232477
    753050    0.233204
    753060    0.236373
    753070    0.237433
    753080     0.23583
    753090    0.233391
    753100    0.232072
    753110     0.23331
    753120    0.239991
    753130    0.233762
    753140    0.237083
    753150    0.235164
    753160    0.234381
    753170    0.233337
    753180    0.232884
    753190    0.230497
    753200    0.236962
    753210    0.234917
    753220    0.236064
    753230    0.233321
    753240    0.235563
    753250    0.232029
    753260    0.232728
    753270    0.234596
    753280    0.234757
    753290    0.234531
    753300    0.226995
    753310    0.227166
    753320    0.229217
    753330    0.228043
    753340    0.233946
    753350     0.23384
    753360    0.233002
    753370    0.231618
    753380    0.237927
    753390    0.235814
    753400    0.233143
    753410     0.23591
    753420    0.232059
    753430    0.235827
    753440    0.239547
    753450    0.238917
    753460    0.233392
    753470    0.237905
    753480    0.237688
    753490    0.236029
    753500    0.238938
    753510    0.233683
    753520       0.233
    753530    0.235875
    753540    0.232013
    753550    0.237509
    753560    0.237204
    753570     0.23364
    753580    0.237333
    753590    0.235749
    753600    0.235643
    753610    0.235995
    753620    0.236148
    753630     0.23457
    753640    0.235393
    753650    0.237843
    753660    0.238602
    753670    0.235858
    753680    0.237734
    753690    0.244196
    753700    0.241234
    753710      0.2338
    753720    0.232761
    753730    0.233507
    753740    0.236804
    753750    0.235581
    753760    0.238729
    753770    0.231484
    753780    0.240333
    753790    0.234748
    753800    0.235796
    753810    0.235112
    753820    0.233542
    753830    0.234768
    753840    0.235872
    753850    0.234276
    753860    0.236962
    753870     0.23469
    753880    0.232748
    753890     0.23622
    753900    0.236499
    753910    0.234462
    753920    0.232452
    753930     0.23355
    753940    0.232421
    753950    0.233693
    753960    0.230807
    753970    0.229795
    753980    0.230538
    753990    0.234086
    754000    0.230586
    754010    0.235645
    754020     0.23752
    754030    0.234635
    754040     0.22958
    754050      0.2348
    754060    0.233319
    754070    0.234254
    754080    0.231432
    754090    0.235182
    754100    0.233082
    754110    0.237288
    754120    0.233668
    754130    0.233041
    754140    0.231953
    754150     0.23098
    754160    0.232685
    754170    0.236772
    754180    0.232528
    754190    0.233822
    754200     0.23419
    754210     0.23726
    754220    0.231655
    754230    0.229653
    754240      0.2295
    754250    0.234238
    754260    0.235543
    754270    0.230725
    754280    0.228587
    754290    0.234728
    754300    0.229825
    754310    0.229977
    754320    0.232219
    754330    0.235714
    754340    0.230912
    754350     0.23589
    754360    0.233079
    754370    0.235202
    754380    0.236302
    754390    0.233161
    754400    0.232825
    754410    0.228886
    754420    0.230366
    754430    0.229806
    754440    0.230582
    754450    0.235204
    754460    0.231628
    754470    0.237308
    754480    0.233488
    754490    0.232767
    754500    0.229793
    754510    0.231702
    754520    0.228731
    754530    0.228877
    754540    0.232469
    754550    0.234025
    754560    0.232503
    754570    0.235214
    754580    0.234515
    754590    0.233345
    754600    0.235694
    754610    0.232762
    754620    0.238988
    754630    0.230196
    754640     0.23443
    754650    0.233891
    754660    0.233689
    754670    0.225794
    754680    0.236875
    754690    0.235626
    754700    0.230007
    754710    0.231183
    754720    0.231177
    754730    0.231334
    754740    0.232869
    754750    0.229391
    754760    0.232436
    754770    0.229801
    754780    0.231649
    754790    0.233207
    754800    0.232223
    754810    0.232336
    754820     0.23395
    754830    0.228743
    754840    0.233976
    754850    0.232024
    754860    0.229387
    754870    0.232392
    754880     0.22941
    754890    0.231798
    754900    0.238911
    754910     0.23436
    754920    0.235446
    754930    0.233493
    754940     0.23076
    754950    0.233567
    754960     0.23187
    754970    0.233042
    754980    0.230976
    754990    0.235612
    755000    0.237944
    755010    0.234363
    755020    0.236036
    755030    0.235739
    755040    0.232868
    755050    0.232834
    755060    0.235354
    755070    0.233608
    755080    0.237211
    755090    0.237406
    755100    0.232279
    755110    0.232598
    755120    0.234236
    755130    0.236809
    755140    0.234008
    755150     0.23141
    755160    0.233437
    755170    0.233073
    755180     0.23776
    755190    0.229398
    755200    0.232895
    755210      0.2322
    755220    0.229558
    755230    0.230187
    755240    0.235448
    755250    0.234306
    755260    0.230332
    755270    0.232739
    755280    0.233666
    755290    0.234707
    755300    0.236585
    755310     0.23382
    755320    0.231803
    755330    0.228583
    755340    0.231223
    755350    0.227821
    755360    0.229742
    755370    0.235286
    755380    0.230071
    755390    0.230366
    755400    0.231816
    755410    0.234047
    755420     0.23267
    755430    0.229272
    755440    0.235422
    755450    0.233492
    755460    0.231731
    755470    0.234609
    755480    0.234955
    755490    0.233374
    755500    0.232011
    755510    0.230956
    755520    0.234419
    755530    0.234141
    755540    0.234654
    755550     0.23074
    755560     0.23675
    755570     0.23386
    755580    0.237123
    755590    0.234331
    755600    0.232592
    755610    0.234309
    755620    0.233298
    755630    0.236323
    755640    0.231715
    755650    0.236758
    755660    0.236266
    755670    0.234511
    755680    0.233628
    755690    0.235393
    755700    0.233206
    755710    0.235413
    755720    0.233993
    755730    0.234076
    755740    0.235614
    755750    0.236987
    755760    0.233883
    755770    0.237096
    755780    0.237827
    755790      0.2349
    755800    0.231457
    755810     0.23341
    755820    0.237248
    755830    0.232022
    755840    0.233755
    755850    0.231486
    755860     0.23604
    755870    0.232569
    755880    0.234302
    755890    0.233789
    755900    0.233439
    755910    0.232468
    755920    0.232021
    755930    0.235729
    755940    0.230042
    755950    0.234046
    755960    0.233872
    755970    0.233132
    755980    0.235279
    755990    0.230469
    756000    0.231643
    756010    0.229396
    756020    0.230714
    756030    0.228959
    756040     0.22808
    756050    0.229332
    756060    0.229131
    756070    0.229845
    756080    0.230169
    756090    0.227815
    756100    0.228396
    756110    0.231951
    756120    0.232789
    756130    0.229163
    756140    0.231288
    756150    0.234211
    756160    0.231586
    756170    0.234287
    756180    0.233358
    756190    0.232953
    756200    0.230486
    756210    0.230636
    756220    0.228615
    756230    0.232402
    756240    0.231973
    756250    0.231087
    756260    0.230173
    756270    0.231024
    756280     0.22714
    756290    0.229293
    756300    0.226766
    756310    0.231719
    756320    0.229433
    756330    0.225828
    756340    0.229115
    756350    0.223848
    756360     0.22687
    756370    0.226716
    756380    0.225651
    756390    0.228464
    756400    0.222377
    756410    0.231972
    756420    0.232106
    756430    0.229469
    756440    0.231454
    756450    0.229101
    756460    0.231169
    756470     0.23376
    756480    0.232377
    756490    0.233923
    756500    0.235232
    756510    0.229845
    756520    0.230426
    756530    0.227141
    756540    0.231476
    756550    0.230382
    756560    0.234326
    756570     0.23068
    756580    0.228784
    756590    0.233113
    756600    0.233906
    756610    0.229706
    756620    0.229655
    756630     0.23049
    756640     0.23187
    756650    0.233034
    756660    0.230377
    756670    0.231832
    756680    0.233301
    756690    0.228841
    756700    0.229682
    756710    0.229255
    756720    0.229962
    756730    0.232876
    756740    0.230731
    756750    0.235921
    756760    0.230953
    756770    0.231671
    756780    0.234764
    756790    0.234077
    756800    0.231944
    756810    0.232326
    756820    0.233332
    756830    0.232038
    756840    0.228106
    756850    0.231494
    756860    0.233093
    756870    0.230974
    756880    0.233351
    756890    0.233138
    756900    0.231652
    756910    0.231702
    756920    0.230456
    756930    0.228988
    756940    0.231954
    756950    0.232011
    756960    0.231533
    756970    0.230593
    756980    0.233844
    756990    0.227311
    757000    0.232641
    757010    0.231961
    757020    0.229914
    757030    0.229273
    757040    0.230861
    757050    0.230888
    757060    0.227736
    757070    0.230717
    757080    0.233167
    757090    0.228251
    757100    0.231841
    757110      0.2302
    757120    0.231897
    757130    0.227428
    757140     0.23164
    757150    0.231046
    757160    0.232837
    757170    0.231786
    757180    0.232852
    757190    0.231283
    757200    0.233232
    757210    0.232047
    757220    0.232317
    757230    0.228165
    757240    0.234883
    757250    0.234037
    757260    0.229673
    757270    0.236121
    757280    0.232806
    757290    0.232304
    757300     0.23018
    757310    0.236106
    757320    0.229137
    757330    0.232567
    757340    0.232842
    757350    0.230463
    757360    0.234606
    757370    0.232008
    757380    0.231996
    757390    0.231983
    757400    0.229639
    757410    0.231617
    757420    0.238001
    757430    0.229538
    757440    0.234855
    757450    0.237303
    757460     0.22851
    757470     0.23311
    757480    0.227491
    757490    0.229909
    757500    0.231171
    757510     0.23036
    757520    0.233362
    757530    0.234826
    757540    0.232405
    757550    0.228107
    757560     0.23214
    757570    0.236951
    757580    0.230788
    757590    0.232538
    757600    0.231188
    757610     0.22754
    757620    0.229138
    757630    0.230494
    757640    0.228562
    757650    0.235409
    757660    0.230598
    757670     0.23139
    757680    0.233922
    757690    0.232801
    757700    0.232728
    757710    0.231621
    757720    0.232331
    757730    0.230684
    757740    0.232114
    757750    0.231899
    757760    0.226869
    757770    0.228094
    757780    0.229016
    757790    0.229748
    757800    0.229707
    757810    0.228834
    757820    0.228587
    757830    0.234207
    757840    0.235746
    757850    0.229032
    757860    0.233286
    757870    0.230059
    757880    0.232234
    757890     0.23327
    757900    0.229706
    757910    0.230434
    757920     0.22697
    757930    0.234793
    757940    0.230326
    757950     0.22963
    757960    0.232348
    757970    0.232953
    757980    0.234481
    757990    0.230036
    758000     0.22634
    758010     0.23212
    758020    0.232683
    758030    0.232242
    758040    0.234316
    758050    0.231917
    758060    0.229382
    758070    0.231641
    758080    0.229469
    758090    0.233414
    758100    0.233525
    758110    0.235576
    758120    0.234638
    758130    0.236911
    758140    0.232484
    758150    0.234321
    758160    0.233454
    758170    0.235764
    758180    0.236413
    758190    0.234522
    758200     0.23055
    758210    0.230495
    758220    0.236309
    758230    0.234677
    758240    0.236279
    758250    0.236932
    758260    0.231863
    758270    0.233586
    758280    0.235125
    758290    0.234372
    758300    0.232022
    758310    0.231641
    758320    0.234009
    758330    0.232522
    758340    0.233901
    758350    0.233976
    758360    0.235611
    758370    0.234916
    758380    0.238365
    758390    0.234762
    758400    0.231591
    758410    0.232951
    758420    0.236741
    758430    0.233208
    758440    0.234912
    758450    0.234247
    758460    0.235403
    758470    0.233735
    758480    0.232558
    758490    0.230548
    758500    0.235323
    758510    0.233301
    758520    0.228085
    758530    0.227612
    758540     0.23389
    758550    0.231451
    758560    0.230551
    758570     0.23305
    758580    0.234118
    758590    0.229189
    758600    0.235096
    758610    0.228172
    758620    0.234075
    758630     0.23526
    758640    0.231287
    758650     0.23531
    758660    0.233974
    758670    0.230347
    758680    0.230753
    758690    0.231002
    758700    0.232616
    758710    0.229045
    758720     0.23494
    758730    0.232193
    758740    0.232095
    758750    0.234956
    758760    0.230534
    758770     0.23199
    758780     0.22867
    758790     0.23035
    758800    0.224841
    758810    0.235722
    758820    0.233597
    758830    0.231161
    758840    0.230226
    758850    0.231218
    758860    0.228792
    758870    0.236232
    758880    0.237407
    758890    0.234947
    758900    0.230499
    758910    0.232735
    758920     0.22835
    758930    0.232507
    758940    0.233117
    758950    0.230793
    758960    0.232373
    758970     0.23826
    758980    0.231346
    758990    0.228625
    759000    0.236018
    759010    0.238751
    759020    0.232036
    759030    0.231268
    759040    0.233565
    759050    0.235119
    759060     0.23056
    759070    0.232945
    759080    0.234204
    759090    0.230659
    759100    0.230241
    759110    0.230451
    759120    0.232859
    759130     0.23024
    759140    0.230203
    759150    0.230482
    759160    0.231727
    759170     0.23507
    759180    0.233285
    759190    0.231852
    759200    0.228542
    759210        0.23
    759220    0.230079
    759230    0.232072
    759240    0.228321
    759250    0.231629
    759260    0.230496
    759270    0.228839
    759280    0.228361
    759290    0.232052
    759300    0.229832
    759310     0.23195
    759320    0.231479
    759330    0.232386
    759340    0.233506
    759350    0.233658
    759360    0.233134
    759370    0.234688
    759380     0.23173
    759390    0.231044
    759400    0.232074
    759410    0.230039
    759420    0.226114
    759430    0.235563
    759440    0.232758
    759450    0.231692
    759460    0.236682
    759470    0.232576
    759480    0.231893
    759490    0.232025
    759500    0.230488
    759510    0.228195
    759520    0.229405
    759530    0.234339
    759540    0.231465
    759550    0.227395
    759560    0.231133
    759570    0.232751
    759580     0.22899
    759590    0.231209
    759600    0.231779
    759610    0.231442
    759620    0.232884
    759630    0.228316
    759640    0.229928
    759650    0.227631
    759660    0.226671
    759670    0.229292
    759680    0.228685
    759690     0.23425
    759700    0.233455
    759710    0.234711
    759720     0.23491
    759730    0.228992
    759740    0.234411
    759750    0.229959
    759760    0.227122
    759770     0.23095
    759780    0.231226
    759790    0.231181
    759800    0.227122
    759810    0.233709
    759820    0.235666
    759830    0.234576
    759840    0.232294
    759850    0.232161
    759860    0.232347
    759870    0.234032
    759880    0.230786
    759890     0.22823
    759900    0.231665
    759910    0.230728
    759920    0.228414
    759930     0.23245
    759940    0.230571
    759950    0.236109
    759960    0.231646
    759970    0.231886
    759980    0.229308
    759990    0.235625
    760000    0.221024
    760010    0.229527
    760020    0.230331
    760030    0.226007
    760040    0.227142
    760050    0.225308
    760060    0.231702
    760070    0.230809
    760080    0.228209
    760090    0.226638
    760100    0.228794
    760110    0.232331
    760120    0.231051
    760130    0.230779
    760140    0.231449
    760150    0.227175
    760160    0.230344
    760170    0.231382
    760180    0.229275
    760190    0.225528
    760200    0.233472
    760210    0.229915
    760220    0.232948
    760230    0.228504
    760240    0.225413
    760250    0.228982
    760260    0.233438
    760270    0.227976
    760280    0.230296
    760290    0.231207
    760300    0.229516
    760310    0.231454
    760320    0.226355
    760330     0.22412
    760340    0.232265
    760350    0.228914
    760360    0.230548
    760370    0.227443
    760380    0.231351
    760390    0.230093
    760400    0.230631
    760410    0.228781
    760420    0.229953
    760430    0.230322
    760440    0.231138
    760450    0.229928
    760460    0.235206
    760470    0.230642
    760480    0.226682
    760490    0.228409
    760500    0.231631
    760510    0.223713
    760520    0.232166
    760530    0.227943
    760540     0.22793
    760550    0.234674
    760560    0.233209
    760570     0.22889
    760580    0.233329
    760590    0.231404
    760600    0.232749
    760610    0.231323
    760620     0.23157
    760630    0.230607
    760640    0.231326
    760650    0.229521
    760660    0.228504
    760670    0.231214
    760680    0.231789
    760690    0.230855
    760700    0.231239
    760710    0.232938
    760720     0.23024
    760730    0.232689
    760740    0.231486
    760750    0.227432
    760760    0.231354
    760770    0.231718
    760780    0.228593
    760790    0.225963
    760800    0.232973
    760810    0.230973
    760820    0.231411
    760830    0.231316
    760840    0.227676
    760850    0.231403
    760860    0.228258
    760870    0.228342
    760880    0.232968
    760890    0.230305
    760900    0.233746
    760910    0.228517
    760920    0.231193
    760930    0.227747
    760940    0.230432
    760950    0.230546
    760960    0.229856
    760970    0.229175
    760980    0.230199
    760990    0.229283
    761000    0.228403
    761010    0.228539
    761020    0.229446
    761030    0.232691
    761040    0.230499
    761050    0.228706
    761060    0.232174
    761070    0.228626
    761080    0.226401
    761090    0.232628
    761100    0.228052
    761110    0.230368
    761120    0.229023
    761130    0.231345
    761140    0.234528
    761150    0.232482
    761160    0.228482
    761170    0.229935
    761180    0.230791
    761190    0.227926
    761200    0.231873
    761210     0.23178
    761220    0.230636
    761230    0.226493
    761240    0.228012
    761250    0.230863
    761260    0.235676
    761270    0.233632
    761280    0.234142
    761290    0.232883
    761300    0.228653
    761310    0.228718
    761320    0.232273
    761330    0.233225
    761340    0.236518
    761350    0.231338
    761360    0.232552
    761370    0.229975
    761380    0.232111
    761390    0.228651
    761400    0.233512
    761410    0.233134
    761420    0.233837
    761430    0.227874
    761440    0.232268
    761450    0.230081
    761460    0.231429
    761470    0.232223
    761480    0.234015
    761490    0.231203
    761500    0.231934
    761510    0.233577
    761520    0.230026
    761530    0.230843
    761540    0.229809
    761550    0.229506
    761560    0.230067
    761570    0.235253
    761580    0.229401
    761590    0.230216
    761600    0.229424
    761610    0.230768
    761620    0.230016
    761630    0.232142
    761640    0.227411
    761650    0.230757
    761660    0.232441
    761670     0.23064
    761680    0.230775
    761690    0.234539
    761700    0.229551
    761710    0.231586
    761720    0.232338
    761730    0.228112
    761740    0.224785
    761750    0.230689
    761760    0.230804
    761770    0.229243
    761780    0.233455
    761790    0.231411
    761800    0.228872
    761810    0.228532
    761820    0.233786
    761830     0.23241
    761840    0.231064
    761850    0.235312
    761860    0.232019
    761870    0.231942
    761880    0.228411
    761890    0.229499
    761900    0.230052
    761910    0.229645
    761920    0.232704
    761930    0.228343
    761940     0.22955
    761950    0.230702
    761960    0.231042
    761970    0.229047
    761980    0.229191
    761990    0.231686
    762000     0.23045
    762010    0.230158
    762020     0.22849
    762030    0.231553
    762040    0.229925
    762050     0.22809
    762060    0.227359
    762070    0.230564
    762080    0.229128
    762090    0.227476
    762100    0.230844
    762110    0.228035
    762120    0.229284
    762130    0.230315
    762140    0.229009
    762150     0.23141
    762160     0.22742
    762170    0.234628
    762180    0.229951
    762190    0.231878
    762200    0.229784
    762210    0.231169
    762220    0.233159
    762230    0.234845
    762240    0.231049
    762250    0.237526
    762260    0.236657
    762270      0.2306
    762280    0.231321
    762290    0.230236
    762300    0.231365
    762310     0.23245
    762320    0.230974
    762330    0.233295
    762340    0.230396
    762350    0.232051
    762360    0.228347
    762370    0.229482
    762380    0.231852
    762390    0.230596
    762400    0.227611
    762410    0.226178
    762420    0.233427
    762430    0.229463
    762440    0.233127
    762450    0.233925
    762460    0.230864
    762470    0.231012
    762480    0.230315
    762490    0.228957
    762500    0.227125
    762510     0.22769
    762520    0.230304
    762530    0.229929
    762540    0.228904
    762550    0.225979
    762560     0.23042
    762570    0.228796
    762580    0.231723
    762590    0.231786
    762600    0.229614
    762610    0.232211
    762620    0.230892
    762630     0.23284
    762640    0.232481
    762650    0.229643
    762660     0.22732
    762670     0.23226
    762680    0.234755
    762690    0.232075
    762700    0.231284
    762710    0.228367
    762720    0.229571
    762730     0.23119
    762740    0.233591
    762750    0.232811
    762760    0.229743
    762770    0.229591
    762780     0.23036
    762790    0.227854
    762800    0.228664
    762810    0.231817
    762820    0.232855
    762830    0.231009
    762840    0.232773
    762850     0.23019
    762860    0.229469
    762870    0.231865
    762880    0.230053
    762890    0.230592
    762900    0.230935
    762910    0.230962
    762920    0.226126
    762930    0.229465
    762940    0.229802
    762950    0.227267
    762960    0.231098
    762970    0.230253
    762980     0.22968
    762990    0.229545
    763000    0.230092
    763010    0.228677
    763020    0.228471
    763030    0.226798
    763040    0.230636
    763050    0.232423
    763060    0.228996
    763070    0.228991
    763080    0.230765
    763090      0.2297
    763100    0.232643
    763110    0.229345
    763120     0.22635
    763130    0.230043
    763140    0.237307
    763150    0.228744
    763160    0.233121
    763170    0.231212
    763180    0.225137
    763190    0.227629
    763200    0.232198
    763210     0.23067
    763220    0.230522
    763230    0.230523
    763240     0.23233
    763250    0.229169
    763260    0.232418
    763270    0.230271
    763280    0.234673
    763290    0.234455
    763300    0.229822
    763310    0.234546
    763320    0.232813
    763330    0.237464
    763340    0.234793
    763350    0.233645
    763360    0.233988
    763370    0.233207
    763380    0.235669
    763390    0.235963
    763400    0.234795
    763410    0.234611
    763420    0.233729
    763430    0.231723
    763440    0.231797
    763450    0.231355
    763460    0.230481
    763470    0.227985
    763480    0.230345
    763490    0.229369
    763500     0.22997
    763510    0.233447
    763520    0.232177
    763530    0.231215
    763540    0.225251
    763550    0.226899
    763560    0.229201
    763570    0.230475
    763580    0.231871
    763590    0.231733
    763600    0.231178
    763610    0.232193
    763620    0.228332
    763630    0.228764
    763640    0.228994
    763650    0.227081
    763660       0.229
    763670    0.231954
    763680    0.230568
    763690    0.234758
    763700    0.232055
    763710    0.232436
    763720    0.231951
    763730    0.229228
    763740    0.232935
    763750    0.232102
    763760     0.22718
    763770    0.233186
    763780    0.230799
    763790    0.236235
    763800    0.229359
    763810    0.227568
    763820    0.232728
    763830    0.232565
    763840    0.229623
    763850    0.236596
    763860    0.233985
    763870    0.228069
    763880    0.229983
    763890    0.227658
    763900    0.230405
    763910    0.230606
    763920    0.233499
    763930    0.229316
    763940    0.227787
    763950    0.231721
    763960    0.229951
    763970    0.235944
    763980    0.235943
    763990    0.232923
    764000    0.236845
    764010    0.231052
    764020    0.233848
    764030     0.23302
    764040    0.237055
    764050     0.23444
    764060    0.230169
    764070    0.230973
    764080    0.233151
    764090    0.232326
    764100    0.230586
    764110    0.229671
    764120     0.23174
    764130    0.231994
    764140    0.229012
    764150    0.232876
    764160    0.233196
    764170    0.234179
    764180    0.233352
    764190     0.23875
    764200    0.230368
    764210    0.231627
    764220    0.233515
    764230    0.236332
    764240    0.228429
    764250    0.228946
    764260    0.228699
    764270     0.23083
    764280    0.227931
    764290    0.232865
    764300    0.232588
    764310    0.228624
    764320    0.233038
    764330    0.229511
    764340    0.228575
    764350    0.230801
    764360    0.231059
    764370    0.234604
    764380     0.23262
    764390    0.230376
    764400    0.229443
    764410    0.232072
    764420    0.230477
    764430    0.228122
    764440    0.233929
    764450    0.235215
    764460    0.233946
    764470    0.233435
    764480    0.233177
    764490    0.234212
    764500    0.232901
    764510    0.232332
    764520    0.231989
    764530    0.235965
    764540    0.230422
    764550    0.228969
    764560    0.232922
    764570    0.233154
    764580     0.23219
    764590    0.229899
    764600    0.229096
    764610    0.235187
    764620    0.229323
    764630    0.234361
    764640    0.234377
    764650    0.233121
    764660    0.230794
    764670     0.23758
    764680    0.233126
    764690    0.230865
    764700    0.231865
    764710    0.230056
    764720    0.229122
    764730    0.235356
    764740    0.235908
    764750    0.230699
    764760    0.234139
    764770    0.237811
    764780    0.233029
    764790    0.232981
    764800    0.237666
    764810    0.231182
    764820    0.234388
    764830    0.234439
    764840    0.232421
    764850    0.227781
    764860    0.230334
    764870    0.235107
    764880    0.229953
    764890    0.231912
    764900    0.232743
    764910    0.228769
    764920    0.228288
    764930    0.229514
    764940    0.229275
    764950    0.228035
    764960    0.231696
    764970    0.231438
    764980    0.230263
    764990    0.231257
    765000    0.227125
    765010     0.23278
    765020    0.232677
    765030    0.230552
    765040    0.230264
    765050    0.231062
    765060    0.229793
    765070    0.230884
    765080    0.233585
    765090    0.233544
    765100     0.22736
    765110    0.228066
    765120    0.233845
    765130    0.227767
    765140    0.229603
    765150    0.232593
    765160    0.229281
    765170    0.232152
    765180    0.234354
    765190    0.226904
    765200    0.229584
    765210    0.233971
    765220    0.231133
    765230    0.233648
    765240    0.235152
    765250    0.231587
    765260    0.230774
    765270    0.228541
    765280    0.228922
    765290     0.23163
    765300    0.233703
    765310    0.230487
    765320    0.233427
    765330     0.23528
    765340     0.22871
    765350    0.229091
    765360    0.229882
    765370    0.234503
    765380    0.230813
    765390    0.230242
    765400    0.232455
    765410    0.226841
    765420    0.229558
    765430    0.229261
    765440    0.231459
    765450    0.232901
    765460    0.229749
    765470     0.22705
    765480    0.225814
    765490    0.228497
    765500    0.228258
    765510    0.230235
    765520    0.228313
    765530    0.228526
    765540    0.229112
    765550    0.227775
    765560    0.229161
    765570    0.228279
    765580     0.22808
    765590    0.228887
    765600    0.228178
    765610    0.232871
    765620    0.231501
    765630    0.228864
    765640    0.227513
    765650    0.229325
    765660    0.229618
    765670    0.233832
    765680    0.231351
    765690    0.227926
    765700    0.228755
    765710    0.232025
    765720     0.22826
    765730    0.227036
    765740    0.228406
    765750    0.232874
    765760    0.226168
    765770    0.229706
    765780    0.233742
    765790    0.232939
    765800    0.224831
    765810    0.231051
    765820     0.22887
    765830    0.232477
    765840    0.229286
    765850    0.229741
    765860    0.226783
    765870    0.230177
    765880    0.230987
    765890    0.227074
    765900    0.229887
    765910    0.230728
    765920    0.227056
    765930    0.230536
    765940    0.228802
    765950    0.228908
    765960    0.228388
    765970    0.229449
    765980    0.232059
    765990    0.227686
    766000    0.228174
    766010    0.230515
    766020    0.226213
    766030    0.230681
    766040    0.232992
    766050    0.230907
    766060    0.232674
    766070    0.230016
    766080    0.229953
    766090    0.227152
    766100    0.226664
    766110    0.228479
    766120    0.228035
    766130    0.231376
    766140    0.227621
    766150    0.228041
    766160     0.23255
    766170    0.231922
    766180     0.23039
    766190     0.22614
    766200    0.229339
    766210    0.225963
    766220    0.225908
    766230    0.228037
    766240    0.228446
    766250    0.227194
    766260    0.233821
    766270    0.231991
    766280    0.232335
    766290    0.226289
    766300    0.233831
    766310    0.229393
    766320    0.232469
    766330    0.228901
    766340    0.226658
    766350    0.226895
    766360    0.229023
    766370    0.228016
    766380    0.228125
    766390    0.229146
    766400    0.230304
    766410    0.228251
    766420     0.22494
    766430    0.228505
    766440    0.228548
    766450    0.229244
    766460    0.228358
    766470    0.232184
    766480    0.229984
    766490    0.231797
    766500    0.231668
    766510    0.229579
    766520    0.230343
    766530    0.225917
    766540    0.231122
    766550    0.233648
    766560    0.228178
    766570    0.230795
    766580    0.229402
    766590    0.231314
    766600    0.231224
    766610    0.226633
    766620    0.229842
    766630    0.232618
    766640    0.227682
    766650     0.22663
    766660     0.22687
    766670     0.22705
    766680    0.230561
    766690    0.227772
    766700    0.225489
    766710     0.22736
    766720    0.227292
    766730    0.227987
    766740    0.227659
    766750    0.226782
    766760    0.226733
    766770    0.226808
    766780    0.225565
    766790    0.224757
    766800    0.227649
    766810    0.227792
    766820    0.229246
    766830    0.227287
    766840    0.225401
    766850    0.225642
    766860    0.229249
    766870    0.227991
    766880    0.229307
    766890    0.230625
    766900    0.225633
    766910    0.227846
    766920    0.224932
    766930    0.227692
    766940    0.228948
    766950    0.229236
    766960    0.226755
    766970    0.230028
    766980    0.227396
    766990    0.226791
    767000    0.231569
    767010    0.230876
    767020    0.227723
    767030    0.224756
    767040    0.224801
    767050    0.230733
    767060    0.229785
    767070    0.225786
    767080    0.230474
    767090    0.230188
    767100    0.230885
    767110    0.226318
    767120    0.227027
    767130     0.22819
    767140    0.225713
    767150    0.230469
    767160     0.22848
    767170    0.224569
    767180    0.226957
    767190    0.222611
    767200    0.225631
    767210    0.229578
    767220    0.228364
    767230    0.228673
    767240    0.228286
    767250    0.226701
    767260    0.227838
    767270    0.228032
    767280    0.227422
    767290    0.228374
    767300    0.227005
    767310    0.226383
    767320    0.229077
    767330    0.224892
    767340    0.234107
    767350    0.227259
    767360    0.229798
    767370    0.228705
    767380     0.22794
    767390    0.228501
    767400    0.225719
    767410    0.227823
    767420    0.229805
    767430    0.229399
    767440    0.222843
    767450    0.229044
    767460    0.227997
    767470     0.22912
    767480    0.227067
    767490    0.229634
    767500    0.229461
    767510     0.22786
    767520    0.227692
    767530    0.229068
    767540    0.228096
    767550    0.227783
    767560    0.229186
    767570     0.22839
    767580    0.227566
    767590    0.227652
    767600    0.223972
    767610    0.227278
    767620     0.22906
    767630    0.230604
    767640    0.226953
    767650    0.230784
    767660    0.229978
    767670    0.224714
    767680    0.231112
    767690     0.22559
    767700    0.227716
    767710    0.229138
    767720    0.226024
    767730    0.226514
    767740    0.226987
    767750    0.227983
    767760    0.227083
    767770    0.227001
    767780    0.228547
    767790    0.227243
    767800    0.227937
    767810    0.226109
    767820    0.230249
    767830    0.228043
    767840    0.232903
    767850    0.230211
    767860    0.230764
    767870    0.225567
    767880    0.225718
    767890    0.223639
    767900    0.229885
    767910    0.228627
    767920    0.229532
    767930    0.228942
    767940    0.229272
    767950    0.223642
    767960    0.229339
    767970     0.23203
    767980    0.226711
    767990    0.228299
    768000    0.224552
    768010    0.225899
    768020     0.22692
    768030    0.227713
    768040    0.229624
    768050    0.227017
    768060    0.228678
    768070    0.229077
    768080    0.230752
    768090    0.228098
    768100    0.225112
    768110    0.224666
    768120     0.22351
    768130    0.227707
    768140    0.231585
    768150    0.223372
    768160     0.23252
    768170    0.226259
    768180    0.228938
    768190    0.228021
    768200    0.228123
    768210    0.231879
    768220    0.229411
    768230    0.227435
    768240    0.231554
    768250    0.224885
    768260    0.226709
    768270    0.228347
    768280    0.228445
    768290    0.228991
    768300    0.227893
    768310    0.227949
    768320    0.227419
    768330    0.230316
    768340    0.230481
    768350    0.226922
    768360    0.227916
    768370    0.229761
    768380     0.22695
    768390     0.22747
    768400    0.229121
    768410    0.229211
    768420    0.227425
    768430    0.226723
    768440    0.229982
    768450     0.22396
    768460    0.227207
    768470    0.226679
    768480    0.226623
    768490    0.226573
    768500    0.226793
    768510    0.229613
    768520    0.226583
    768530    0.225119
    768540    0.227476
    768550    0.233595
    768560    0.229189
    768570    0.230098
    768580     0.23088
    768590    0.226637
    768600    0.228251
    768610    0.228233
    768620    0.230586
    768630    0.228252
    768640    0.228994
    768650    0.226514
    768660    0.228391
    768670    0.229093
    768680    0.229452
    768690    0.227829
    768700    0.227251
    768710    0.230043
    768720    0.227136
    768730    0.229151
    768740    0.225697
    768750    0.226983
    768760    0.228316
    768770    0.228908
    768780    0.227416
    768790    0.227266
    768800    0.226109
    768810    0.228007
    768820    0.225109
    768830    0.223943
    768840     0.22569
    768850    0.225823
    768860    0.226068
    768870    0.227121
    768880    0.224403
    768890    0.226271
    768900    0.227844
    768910    0.220765
    768920    0.220445
    768930    0.227949
    768940    0.232888
    768950    0.228051
    768960    0.230641
    768970    0.225568
    768980    0.228029
    768990    0.237826
    769000    0.229996
    769010    0.231921
    769020    0.231094
    769030     0.23212
    769040    0.235169
    769050    0.230075
    769060    0.233788
    769070    0.228826
    769080    0.235018
    769090     0.23342
    769100    0.234046
    769110    0.233244
    769120    0.234035
    769130    0.232686
    769140    0.233854
    769150    0.238437
    769160    0.237465
    769170    0.228382
    769180    0.233017
    769190    0.232932
    769200    0.235976
    769210    0.232359
    769220    0.233992
    769230    0.232314
    769240    0.231386
    769250    0.231348
    769260    0.228769
    769270    0.230324
    769280    0.235158
    769290    0.233709
    769300    0.237494
    769310    0.233127
    769320    0.231743
    769330     0.23374
    769340    0.230025
    769350    0.230355
    769360     0.22681
    769370     0.22891
    769380    0.230608
    769390    0.230236
    769400    0.228085
    769410    0.232945
    769420    0.233799
    769430    0.230783
    769440    0.232641
    769450    0.230362
    769460    0.227819
    769470    0.229811
    769480    0.230757
    769490    0.231615
    769500    0.232284
    769510    0.233372
    769520    0.233998
    769530    0.230019
    769540    0.232506
    769550    0.232872
    769560    0.227615
    769570    0.230185
    769580    0.230582
    769590    0.225241
    769600    0.230124
    769610    0.234761
    769620    0.228489
    769630    0.229112
    769640      0.2323
    769650    0.232478
    769660    0.227947
    769670    0.231743
    769680    0.231918
    769690    0.231138
    769700     0.23036
    769710    0.234466
    769720    0.226626
    769730    0.232078
    769740    0.231892
    769750    0.231537
    769760    0.230663
    769770    0.230539
    769780     0.23414
    769790    0.233482
    769800    0.231128
    769810    0.229092
    769820    0.230753
    769830    0.230778
    769840    0.232758
    769850    0.232115
    769860    0.231323
    769870    0.235124
    769880    0.231395
    769890    0.232574
    769900    0.228489
    769910    0.233627
    769920    0.232236
    769930    0.234321
    769940    0.232878
    769950    0.230581
    769960    0.237898
    769970     0.23072
    769980     0.23625
    769990    0.233816
    770000    0.229855
    770010    0.228451
    770020    0.234461
    770030    0.234917
    770040    0.232616
    770050    0.226494
    770060    0.234828
    770070    0.233108
    770080    0.231092
    770090    0.235189
    770100    0.237988
    770110    0.238358
    770120    0.233668
    770130    0.234128
    770140    0.230668
    770150    0.237077
    770160     0.23439
    770170    0.235958
    770180    0.237034
    770190    0.234771
    770200    0.236553
    770210    0.230479
    770220    0.233083
    770230    0.233168
    770240    0.229809
    770250    0.231101
    770260    0.233555
    770270    0.235798
    770280    0.233734
    770290    0.234193
    770300    0.233152
    770310    0.235066
    770320      0.2274
    770330    0.235108
    770340       0.233
    770350    0.233892
    770360     0.23065
    770370    0.228507
    770380    0.235068
    770390    0.234427
    770400    0.235822
    770410    0.232504
    770420    0.231911
    770430    0.229876
    770440    0.230656
    770450    0.232188
    770460    0.234582
    770470    0.231959
    770480    0.234366
    770490    0.233418
    770500    0.232555
    770510    0.232478
    770520    0.232272
    770530    0.233882
    770540    0.234354
    770550     0.23093
    770560     0.22668
    770570    0.235667
    770580     0.22997
    770590     0.23068
    770600    0.232333
    770610    0.233852
    770620    0.233764
    770630    0.234914
    770640     0.23641
    770650    0.231803
    770660    0.229492
    770670    0.233838
    770680    0.228501
    770690    0.232335
    770700    0.234938
    770710    0.231198
    770720    0.233773
    770730    0.234145
    770740    0.237055
    770750    0.232267
    770760     0.23414
    770770    0.232011
    770780    0.232595
    770790    0.230598
    770800    0.231574
    770810    0.228988
    770820    0.234938
    770830    0.234279
    770840    0.230617
    770850    0.233273
    770860    0.233552
    770870    0.233463
    770880    0.231602
    770890    0.236816
    770900    0.233884
    770910    0.234166
    770920    0.234864
    770930    0.231802
    770940    0.225723
    770950     0.23246
    770960    0.230902
    770970    0.234789
    770980    0.229634
    770990    0.230157
    771000    0.233381
    771010     0.23813
    771020    0.230931
    771030    0.232344
    771040    0.230563
    771050    0.233409
    771060    0.227612
    771070    0.231258
    771080    0.230812
    771090    0.225652
    771100    0.233149
    771110    0.232368
    771120    0.229244
    771130    0.229481
    771140    0.227854
    771150    0.227988
    771160    0.231499
    771170    0.229057
    771180    0.229888
    771190    0.227145
    771200    0.233062
    771210    0.230854
    771220     0.23168
    771230    0.231208
    771240    0.227063
    771250    0.229746
    771260    0.230014
    771270      0.2314
    771280    0.230472
    771290    0.228158
    771300    0.225992
    771310    0.228281
    771320    0.228687
    771330    0.231303
    771340    0.228487
    771350    0.230497
    771360    0.228524
    771370    0.228612
    771380    0.232644
    771390    0.230104
    771400    0.234577
    771410    0.231459
    771420    0.226433
    771430    0.229046
    771440    0.229245
    771450    0.234844
    771460    0.229862
    771470    0.236005
    771480    0.229547
    771490    0.229437
    771500    0.229737
    771510    0.227278
    771520    0.227455
    771530    0.225832
    771540    0.233013
    771550    0.230977
    771560    0.231828
    771570    0.232881
    771580    0.230557
    771590    0.228574
    771600    0.231698
    771610    0.226183
    771620    0.230052
    771630    0.230502
    771640    0.227388
    771650    0.229534
    771660    0.228225
    771670    0.228817
    771680    0.226334
    771690    0.228242
    771700    0.227987
    771710    0.224714
    771720    0.228649
    771730    0.228022
    771740    0.227037
    771750    0.232211
    771760    0.229786
    771770    0.226174
    771780    0.228995
    771790    0.222413
    771800     0.22808
    771810    0.226156
    771820    0.224974
    771830    0.229124
    771840    0.226579
    771850    0.226993
    771860     0.22491
    771870    0.228481
    771880    0.226014
    771890    0.223083
    771900    0.229521
    771910    0.224542
    771920    0.225675
    771930    0.223239
    771940    0.219646
    771950    0.219008
    771960    0.225659
    771970    0.220773
    771980    0.226519
    771990    0.222482
    772000    0.223324
    772010    0.222973
    772020    0.227172
    772030    0.226776
    772040      0.2329
    772050    0.229333
    772060    0.230985
    772070    0.228122
    772080    0.228679
    772090    0.226945
    772100    0.230108
    772110    0.230631
    772120    0.237324
    772130    0.231463
    772140    0.230487
    772150    0.230599
    772160     0.23886
    772170    0.235886
    772180    0.233547
    772190    0.234983
    772200    0.231649
    772210    0.228533
    772220    0.229202
    772230    0.230295
    772240    0.236728
    772250     0.23439
    772260    0.230079
    772270    0.226697
    772280    0.231996
    772290    0.231309
    772300    0.232507
    772310    0.229388
    772320    0.229151
    772330    0.231745
    772340     0.22913
    772350    0.230967
    772360    0.231405
    772370    0.231764
    772380    0.228161
    772390    0.230192
    772400    0.232928
    772410    0.228199
    772420     0.23032
    772430     0.22882
    772440    0.227832
    772450    0.230514
    772460    0.229631
    772470    0.228448
    772480    0.229965
    772490    0.228546
    772500    0.228468
    772510    0.226816
    772520    0.227124
    772530    0.227561
    772540    0.230733
    772550    0.227926
    772560    0.227091
    772570    0.229506
    772580     0.22725
    772590    0.226304
    772600    0.225661
    772610     0.22337
    772620    0.231481
    772630    0.227958
    772640    0.230611
    772650    0.230542
    772660    0.226606
    772670     0.22636
    772680    0.228764
    772690    0.232462
    772700    0.227983
    772710    0.227198
    772720    0.226335
    772730    0.232849
    772740    0.227616
    772750    0.226998
    772760    0.227211
    772770    0.228628
    772780    0.225536
    772790     0.22865
    772800    0.227429
    772810    0.228583
    772820    0.225008
    772830    0.228319
    772840     0.22311
    772850    0.227791
    772860    0.227893
    772870    0.227101
    772880    0.230809
    772890     0.22803
    772900    0.228396
    772910    0.229049
    772920    0.230715
    772930    0.229143
    772940    0.225184
    772950    0.225935
    772960      0.2314
    772970    0.226832
    772980    0.227148
    772990    0.226092
    773000    0.228474
    773010    0.226055
    773020    0.229894
    773030    0.231495
    773040    0.231159
    773050    0.228481
    773060    0.229823
    773070    0.221392
    773080    0.227998
    773090    0.227237
    773100       0.233
    773110    0.229799
    773120    0.226388
    773130    0.228849
    773140    0.231811
    773150    0.231298
    773160    0.226038
    773170    0.227678
    773180    0.228409
    773190     0.22978
    773200    0.226367
    773210    0.226181
    773220    0.228451
    773230    0.226077
    773240    0.223267
    773250    0.228106
    773260    0.223387
    773270    0.226163
    773280     0.22834
    773290    0.225885
    773300    0.222585
    773310    0.224528
    773320    0.226184
    773330    0.224104
    773340    0.226927
    773350    0.224745
    773360    0.226887
    773370    0.228844
    773380    0.226919
    773390    0.225528
    773400     0.22745
    773410    0.227805
    773420    0.225833
    773430    0.227111
    773440    0.228063
    773450    0.225822
    773460     0.22917
    773470    0.226198
    773480    0.227208
    773490    0.228881
    773500    0.228065
    773510    0.227001
    773520    0.227742
    773530    0.222399
    773540    0.229982
    773550    0.227255
    773560    0.226878
    773570    0.230155
    773580    0.225321
    773590    0.229965
    773600    0.226242
    773610    0.227459
    773620    0.229092
    773630    0.230096
    773640    0.226577
    773650    0.227024
    773660     0.22913
    773670    0.227778
    773680    0.228261
    773690    0.226422
    773700    0.228735
    773710    0.231033
    773720    0.228855
    773730    0.227813
    773740    0.229964
    773750    0.225783
    773760    0.226674
    773770    0.228115
    773780    0.225246
    773790    0.226737
    773800    0.222928
    773810    0.225238
    773820    0.231141
    773830    0.227129
    773840     0.23212
    773850     0.22909
    773860     0.22509
    773870    0.225627
    773880    0.229323
    773890     0.22615
    773900    0.223401
    773910    0.223905
    773920    0.225365
    773930    0.227123
    773940     0.22521
    773950    0.228412
    773960    0.231308
    773970    0.224704
    773980    0.229255
    773990     0.22669
    774000    0.231517
    774010     0.23179
    774020    0.232677
    774030     0.22942
    774040    0.226653
    774050    0.223224
    774060     0.22885
    774070    0.229044
    774080    0.228433
    774090    0.229173
    774100    0.228004
    774110    0.228733
    774120    0.225954
    774130    0.229053
    774140     0.22878
    774150    0.229309
    774160    0.231785
    774170    0.229073
    774180     0.23149
    774190    0.231869
    774200    0.230362
    774210    0.230169
    774220    0.230951
    774230    0.228682
    774240    0.235247
    774250    0.232171
    774260    0.228807
    774270    0.227775
    774280    0.230303
    774290    0.226123
    774300    0.232086
    774310    0.225405
    774320     0.22934
    774330    0.225814
    774340    0.230374
    774350    0.229849
    774360    0.230571
    774370    0.233628
    774380    0.231619
    774390    0.229931
    774400    0.226753
    774410    0.227052
    774420    0.225961
    774430    0.232376
    774440    0.228148
    774450    0.227775
    774460    0.226537
    774470    0.230195
    774480    0.232508
    774490    0.230027
    774500    0.232526
    774510     0.23055
    774520    0.231497
    774530    0.231415
    774540    0.232213
    774550    0.231033
    774560    0.233051
    774570    0.230818
    774580     0.23001
    774590    0.230303
    774600    0.230847
    774610    0.231357
    774620    0.228707
    774630    0.233014
    774640    0.232596
    774650    0.230711
    774660    0.228837
    774670    0.232499
    774680    0.230418
    774690     0.23463
    774700    0.231827
    774710    0.233427
    774720    0.232963
    774730    0.230768
    774740    0.231669
    774750    0.229397
    774760     0.22969
    774770    0.229828
    774780    0.229663
    774790    0.236486
    774800    0.229627
    774810    0.232914
    774820    0.230274
    774830    0.230734
    774840    0.232779
    774850    0.228774
    774860    0.229319
    774870    0.226863
    774880    0.232323
    774890    0.229717
    774900    0.226239
    774910    0.227944
    774920    0.227897
    774930    0.229306
    774940    0.231709
    774950    0.229378
    774960    0.232809
    774970    0.230274
    774980    0.228062
    774990    0.227109
    775000    0.229777
    775010    0.233063
    775020    0.227956
    775030    0.230197
    775040    0.233177
    775050    0.234304
    775060    0.234051
    775070    0.236178
    775080    0.227127
    775090    0.230643
    775100    0.231378
    775110    0.233051
    775120    0.229816
    775130    0.230965
    775140    0.227536
    775150    0.227221
    775160    0.228254
    775170    0.228407
    775180    0.227661
    775190    0.229925
    775200    0.233362
    775210    0.233042
    775220    0.234933
    775230     0.23045
    775240    0.228459
    775250    0.227102
    775260    0.232758
    775270     0.22951
    775280    0.231935
    775290    0.227037
    775300    0.231317
    775310    0.234312
    775320    0.228987
    775330    0.230264
    775340    0.230784
    775350    0.229427
    775360    0.230667
    775370    0.230828
    775380    0.225222
    775390     0.23045
    775400    0.228989
    775410    0.228344
    775420    0.230607
    775430     0.23073
    775440     0.23266
    775450    0.230042
    775460    0.231259
    775470    0.232111
    775480     0.22516
    775490    0.231243
    775500    0.228081
    775510    0.233583
    775520    0.231949
    775530    0.228283
    775540    0.233796
    775550    0.229347
    775560    0.234805
    775570    0.226755
    775580    0.228403
    775590    0.228971
    775600    0.232843
    775610    0.228081
    775620     0.22987
    775630     0.22987
    775640    0.232484
    775650    0.225456
    775660     0.23072
    775670    0.228096
    775680    0.229242
    775690    0.226272
    775700     0.22936
    775710    0.231214
    775720    0.225812
    775730    0.228078
    775740    0.230942
    775750    0.231158
    775760    0.228412
    775770    0.230746
    775780    0.230822
    775790    0.231347
    775800    0.231135
    775810    0.229583
    775820    0.231156
    775830    0.228418
    775840    0.226875
    775850     0.22706
    775860    0.227186
    775870      0.2271
    775880    0.227304
    775890    0.229468
    775900    0.229856
    775910    0.230287
    775920    0.226568
    775930    0.228003
    775940    0.226388
    775950    0.227555
    775960    0.229292
    775970    0.227497
    775980    0.226621
    775990    0.228598
    776000    0.226532
    776010    0.227888
    776020    0.226138
    776030    0.232662
    776040    0.230333
    776050    0.227884
    776060    0.230103
    776070    0.230695
    776080    0.223435
    776090    0.227162
    776100    0.225796
    776110    0.231146
    776120    0.229128
    776130    0.223736
    776140    0.230667
    776150    0.225104
    776160    0.228054
    776170    0.229995
    776180    0.227138
    776190    0.227064
    776200    0.233592
    776210    0.226783
    776220    0.227395
    776230    0.228413
    776240    0.229926
    776250    0.231017
    776260    0.227514
    776270    0.226025
    776280    0.229149
    776290    0.226417
    776300    0.226085
    776310    0.227633
    776320     0.22629
    776330    0.227802
    776340    0.226586
    776350    0.230738
    776360     0.22986
    776370       0.226
    776380    0.229899
    776390    0.231903
    776400    0.232243
    776410    0.229525
    776420    0.230679
    776430     0.22466
    776440    0.227145
    776450    0.225453
    776460    0.226011
    776470    0.227143
    776480    0.227043
    776490    0.226323
    776500    0.225232
    776510     0.22664
    776520    0.228663
    776530    0.225735
    776540    0.229653
    776550    0.228784
    776560    0.231955
    776570    0.226478
    776580    0.228123
    776590    0.224635
    776600    0.228304
    776610    0.231046
    776620    0.226084
    776630    0.229932
    776640    0.226667
    776650    0.228577
    776660    0.228547
    776670    0.228523
    776680    0.224498
    776690     0.22941
    776700    0.227685
    776710    0.227764
    776720    0.225234
    776730    0.226329
    776740    0.226946
    776750    0.226392
    776760    0.228056
    776770    0.225884
    776780    0.228687
    776790    0.228497
    776800     0.22728
    776810    0.229737
    776820    0.226471
    776830    0.226776
    776840    0.230596
    776850    0.230812
    776860    0.226961
    776870     0.22948
    776880    0.223633
    776890     0.22997
    776900    0.228743
    776910     0.22531
    776920    0.225319
    776930    0.227348
    776940     0.22471
    776950    0.227433
    776960    0.228247
    776970     0.22733
    776980    0.228977
    776990    0.226595
    777000    0.228287
    777010    0.226417
    777020    0.227018
    777030    0.228394
    777040    0.226534
    777050    0.232359
    777060    0.233268
    777070    0.231502
    777080    0.226521
    777090    0.227975
    777100    0.227198
    777110     0.22707
    777120    0.227708
    777130     0.22827
    777140     0.22696
    777150    0.223846
    777160    0.224957
    777170    0.223666
    777180    0.226342
    777190    0.227393
    777200    0.229502
    777210    0.226479
    777220    0.225892
    777230    0.227009
    777240    0.228086
    777250    0.230044
    777260    0.228778
    777270    0.228343
    777280    0.226347
    777290    0.226883
    777300    0.226516
    777310     0.22928
    777320    0.224227
    777330    0.225908
    777340    0.227381
    777350    0.227024
    777360     0.22701
    777370    0.232577
    777380    0.227657
    777390    0.227458
    777400    0.228018
    777410    0.227751
    777420    0.229413
    777430    0.226375
    777440    0.226431
    777450    0.225142
    777460     0.22757
    777470    0.231624
    777480     0.22969
    777490    0.229276
    777500    0.224933
    777510    0.225215
    777520    0.230825
    777530    0.230881
    777540    0.225244
    777550    0.223418
    777560    0.226837
    777570    0.229662
    777580    0.230491
    777590    0.228134
    777600    0.226716
    777610    0.228612
    777620     0.22952
    777630    0.232052
    777640    0.227329
    777650    0.229819
    777660    0.232489
    777670    0.229883
    777680    0.230123
    777690    0.230622
    777700    0.226642
    777710    0.228196
    777720    0.227982
    777730     0.22661
    777740    0.226081
    777750    0.225894
    777760    0.230669
    777770    0.230117
    777780     0.23259
    777790    0.232765
    777800    0.228517
    777810    0.227193
    777820    0.228657
    777830    0.225272
    777840    0.229175
    777850    0.223348
    777860    0.229405
    777870    0.231456
    777880    0.229619
    777890    0.229619
    777900    0.226439
    777910    0.230195
    777920     0.22812
    777930    0.226913
    777940    0.226036
    777950    0.226725
    777960    0.226429
    777970    0.230702
    777980    0.225631
    777990     0.23244
    778000    0.226146
    778010    0.224442
    778020    0.232165
    778030    0.223536
    778040    0.227193
    778050    0.226403
    778060    0.232629
    778070    0.227531
    778080    0.227065
    778090    0.228596
    778100    0.227779
    778110    0.231605
    778120    0.224837
    778130    0.228564
    778140    0.232652
    778150    0.229079
    778160    0.230178
    778170    0.227916
    778180    0.225914
    778190    0.231366
    778200    0.224745
    778210    0.228731
    778220    0.229666
    778230     0.22902
    778240     0.23101
    778250    0.226903
    778260    0.231891
    778270    0.230544
    778280    0.230446
    778290    0.230671
    778300    0.226605
    778310    0.230693
    778320     0.23098
    778330    0.230582
    778340    0.229717
    778350    0.228148
    778360    0.226808
    778370    0.227158
    778380    0.228866
    778390    0.227153
    778400    0.229962
    778410    0.228527
    778420    0.228971
    778430    0.228635
    778440    0.227996
    778450     0.22716
    778460    0.230048
    778470    0.227878
    778480    0.229115
    778490    0.231184
    778500    0.227806
    778510    0.229894
    778520    0.229899
    778530    0.229203
    778540     0.22918
    778550    0.228255
    778560    0.227786
    778570    0.230628
    778580    0.230043
    778590    0.227515
    778600    0.229705
    778610    0.234816
    778620    0.228854
    778630    0.228957
    778640    0.228015
    778650    0.227365
    778660    0.230516
    778670    0.230899
    778680    0.233394
    778690    0.228924
    778700    0.226218
    778710    0.227714
    778720    0.231717
    778730    0.227545
    778740    0.230397
    778750    0.231378
    778760    0.229284
    778770    0.228706
    778780    0.231773
    778790    0.233637
    778800    0.229604
    778810    0.230194
    778820    0.228445
    778830    0.235239
    778840     0.23024
    778850    0.231918
    778860    0.228846
    778870    0.228447
    778880    0.229651
    778890    0.231129
    778900    0.233553
    778910    0.232275
    778920    0.230154
    778930     0.22744
    778940    0.229943
    778950     0.23333
    778960    0.229093
    778970    0.227929
    778980    0.232416
    778990    0.228697
    779000    0.226983
    779010    0.224529
    779020    0.229539
    779030    0.233489
    779040    0.230942
    779050    0.231842
    779060     0.23184
    779070    0.228654
    779080    0.224512
    779090    0.230692
    779100     0.23205
    779110     0.22916
    779120    0.229672
    779130    0.228061
    779140    0.230883
    779150     0.22567
    779160    0.226518
    779170    0.228653
    779180    0.226353
    779190    0.229188
    779200    0.226174
    779210    0.228897
    779220    0.227491
    779230     0.22657
    779240    0.225573
    779250    0.224029
    779260    0.231234
    779270    0.226264
    779280    0.230209
    779290    0.229339
    779300    0.226991
    779310    0.225413
    779320    0.227413
    779330    0.226812
    779340    0.231004
    779350    0.228863
    779360      0.2315
    779370    0.228402
    779380    0.228901
    779390    0.230021
    779400     0.22708
    779410    0.230728
    779420    0.228679
    779430    0.232387
    779440    0.230048
    779450    0.229762
    779460    0.224624
    779470    0.229303
    779480    0.226011
    779490    0.226905
    779500    0.229192
    779510    0.226026
    779520    0.232274
    779530    0.232127
    779540    0.224979
    779550    0.227315
    779560    0.224791
    779570    0.224503
    779580    0.224146
    779590    0.230353
    779600    0.228117
    779610    0.227542
    779620    0.231803
    779630    0.227062
    779640    0.226405
    779650    0.233681
    779660     0.22448
    779670    0.229454
    779680    0.225455
    779690    0.229294
    779700    0.228529
    779710    0.230437
    779720    0.231733
    779730    0.230454
    779740    0.229183
    779750    0.227489
    779760    0.230853
    779770    0.228559
    779780    0.228064
    779790    0.230133
    779800    0.224784
    779810    0.225164
    779820    0.228999
    779830    0.226411
    779840    0.225024
    779850    0.227554
    779860    0.230775
    779870    0.226942
    779880    0.225394
    779890    0.222669
    779900    0.232419
    779910    0.227985
    779920    0.233418
    779930    0.227196
    779940    0.226796
    779950    0.223957
    779960    0.235605
    779970    0.227486
    779980     0.23072
    779990    0.222066
    780000    0.225159
    780010    0.223978
    780020    0.225712
    780030    0.222803
    780040    0.228554
    780050    0.225017
    780060     0.22787
    780070     0.22487
    780080     0.22765
    780090    0.228218
    780100    0.224421
    780110    0.226035
    780120    0.227711
    780130    0.231405
    780140    0.226355
    780150     0.22667
    780160    0.224959
    780170    0.225719
    780180    0.226928
    780190    0.225064
    780200    0.227543
    780210     0.22757
    780220    0.228366
    780230    0.228507
    780240    0.227711
    780250      0.2296
    780260    0.227485
    780270    0.227911
    780280    0.228209
    780290    0.228782
    780300    0.227143
    780310    0.230571
    780320    0.228874
    780330    0.230815
    780340    0.232797
    780350    0.230021
    780360    0.234807
    780370     0.23065
    780380    0.226779
    780390    0.232362
    780400     0.22741
    780410    0.229954
    780420    0.229441
    780430      0.2257
    780440    0.226387
    780450    0.232803
    780460    0.227507
    780470    0.226499
    780480    0.232479
    780490    0.231005
    780500    0.227143
    780510    0.233744
    780520    0.225569
    780530    0.224237
    780540    0.227786
    780550    0.226549
    780560    0.231492
    780570    0.223518
    780580    0.226519
    780590    0.227728
    780600    0.227236
    780610    0.226753
    780620    0.229624
    780630    0.230246
    780640    0.227112
    780650     0.22788
    780660    0.228311
    780670    0.227018
    780680    0.223668
    780690    0.226129
    780700    0.225238
    780710    0.224371
    780720    0.227954
    780730    0.227297
    780740    0.231438
    780750    0.233396
    780760    0.231645
    780770    0.227916
    780780    0.228231
    780790    0.231071
    780800    0.230202
    780810     0.23244
    780820    0.234145
    780830    0.231044
    780840    0.229956
    780850    0.228472
    780860    0.226711
    780870    0.227399
    780880    0.229264
    780890    0.227763
    780900     0.23161
    780910    0.226658
    780920    0.232329
    780930     0.23015
    780940    0.230711
    780950    0.233806
    780960    0.231842
    780970     0.23036
    780980    0.232333
    780990    0.231495
    781000    0.226248
    781010    0.232125
    781020    0.227226
    781030    0.230066
    781040    0.231329
    781050    0.226494
    781060     0.22532
    781070     0.22538
    781080    0.228113
    781090    0.231691
    781100    0.224911
    781110    0.228884
    781120    0.225297
    781130    0.228113
    781140    0.226939
    781150    0.228827
    781160    0.228114
    781170    0.225812
    781180    0.229687
    781190    0.227651
    781200    0.227162
    781210    0.227412
    781220    0.225128
    781230    0.226931
    781240    0.226075
    781250    0.228339
    781260    0.231901
    781270    0.226224
    781280    0.227151
    781290    0.226066
    781300    0.227767
    781310    0.230473
    781320    0.226504
    781330     0.22902
    781340    0.230623
    781350    0.228145
    781360    0.230851
    781370     0.22411
    781380    0.228508
    781390    0.230084
    781400    0.229373
    781410    0.228222
    781420    0.231904
    781430    0.228687
    781440    0.230369
    781450    0.225745
    781460    0.229527
    781470    0.224173
    781480    0.229009
    781490    0.230727
    781500    0.228721
    781510    0.232089
    781520    0.228564
    781530     0.22865
    781540    0.230642
    781550    0.229411
    781560    0.229122
    781570    0.229628
    781580    0.231217
    781590    0.229333
    781600    0.227236
    781610     0.22848
    781620    0.230907
    781630    0.225721
    781640     0.22873
    781650    0.229714
    781660    0.224981
    781670    0.225609
    781680    0.227102
    781690    0.230349
    781700    0.225973
    781710    0.229527
    781720    0.230637
    781730    0.233219
    781740    0.228158
    781750    0.227739
    781760    0.228318
    781770    0.228674
    781780    0.229846
    781790    0.230269
    781800    0.225537
    781810    0.228697
    781820    0.231222
    781830    0.227574
    781840    0.228007
    781850     0.22667
    781860    0.230044
    781870    0.226556
    781880    0.227049
    781890    0.233534
    781900    0.230597
    781910    0.231521
    781920    0.227125
    781930    0.230332
    781940    0.231672
    781950    0.225268
    781960    0.229709
    781970    0.228795
    781980    0.227843
    781990    0.230917
    782000    0.226355
    782010    0.228536
    782020    0.231472
    782030    0.230727
    782040    0.227734
    782050     0.22865
    782060    0.231523
    782070     0.22637
    782080    0.224841
    782090    0.227908
    782100    0.227675
    782110    0.228481
    782120     0.22884
    782130     0.22359
    782140    0.229727
    782150    0.227198
    782160    0.228327
    782170     0.22899
    782180    0.225044
    782190      0.2276
    782200     0.22403
    782210    0.227326
    782220    0.230076
    782230    0.229739
    782240    0.227994
    782250    0.229224
    782260    0.232853
    782270    0.234441
    782280    0.232442
    782290    0.233733
    782300    0.230444
    782310    0.231382
    782320    0.227548
    782330    0.234449
    782340     0.23387
    782350    0.230538
    782360    0.232394
    782370    0.227479
    782380    0.230207
    782390     0.22916
    782400    0.231027
    782410    0.227174
    782420    0.230485
    782430     0.22943
    782440    0.230236
    782450    0.231965
    782460    0.232186
    782470    0.228218
    782480    0.227381
    782490    0.228802
    782500    0.232303
    782510    0.231349
    782520    0.228216
    782530    0.226865
    782540    0.227597
    782550    0.231292
    782560    0.230474
    782570    0.233029
    782580     0.23596
    782590    0.227139
    782600    0.229413
    782610    0.227472
    782620    0.233844
    782630    0.228363
    782640    0.234148
    782650    0.228979
    782660    0.231837
    782670    0.232303
    782680    0.234027
    782690    0.231093
    782700    0.227942
    782710    0.232598
    782720     0.22884
    782730     0.22891
    782740    0.231642
    782750    0.230116
    782760    0.232626
    782770    0.226769
    782780    0.227578
    782790    0.229909
    782800    0.226539
    782810    0.227215
    782820     0.22873
    782830     0.22986
    782840    0.232401
    782850    0.232464
    782860    0.231757
    782870    0.231704
    782880    0.229197
    782890    0.229992
    782900    0.231925
    782910     0.23015
    782920     0.22967
    782930    0.227089
    782940    0.232817
    782950    0.229261
    782960    0.229144
    782970     0.22956
    782980    0.229289
    782990    0.236743
    783000    0.229951
    783010    0.227741
    783020    0.229772
    783030    0.230487
    783040     0.22983
    783050    0.232284
    783060    0.233505
    783070    0.231121
    783080    0.229149
    783090    0.228499
    783100    0.232274
    783110    0.234573
    783120     0.22628
    783130    0.227782
    783140    0.227943
    783150     0.22751
    783160    0.231705
    783170    0.232588
    783180    0.230211
    783190    0.232424
    783200     0.22905
    783210    0.232137
    783220    0.228497
    783230     0.22674
    783240    0.226038
    783250    0.227566
    783260    0.228344
    783270    0.230874
    783280    0.231575
    783290    0.232057
    783300    0.227043
    783310    0.232361
    783320     0.23098
    783330    0.224747
    783340    0.230406
    783350    0.222161
    783360    0.227867
    783370    0.231404
    783380    0.233213
    783390    0.234914
    783400     0.22965
    783410     0.22889
    783420    0.227576
    783430    0.229022
    783440    0.229434
    783450    0.229675
    783460    0.231534
    783470    0.235967
    783480    0.233936
    783490    0.234014
    783500     0.23347
    783510     0.22891
    783520     0.23068
    783530    0.228741
    783540    0.227288
    783550    0.234242
    783560    0.227503
    783570    0.229524
    783580    0.235154
    783590    0.231876
    783600     0.23282
    783610    0.230419
    783620     0.23326
    783630    0.233782
    783640    0.233437
    783650    0.227204
    783660    0.231887
    783670    0.231999
    783680    0.227974
    783690    0.230192
    783700    0.230187
    783710    0.227936
    783720    0.230484
    783730    0.228853
    783740    0.228322
    783750    0.228335
    783760    0.227073
    783770    0.229546
    783780     0.22967
    783790    0.235291
    783800    0.229135
    783810    0.232855
    783820    0.227813
    783830    0.231982
    783840    0.230334
    783850    0.230169
    783860     0.23321
    783870    0.234312
    783880    0.236141
    783890    0.231412
    783900     0.23307
    783910    0.229206
    783920    0.226034
    783930    0.231626
    783940    0.224868
    783950    0.227059
    783960    0.230742
    783970    0.227709
    783980    0.229652
    783990    0.228733
    784000    0.227723
    784010    0.228731
    784020    0.231369
    784030    0.225175
    784040    0.230273
    784050    0.228508
    784060    0.230478
    784070    0.228693
    784080    0.231629
    784090    0.228453
    784100    0.227799
    784110    0.227401
    784120    0.227134
    784130    0.228371
    784140    0.226944
    784150    0.226414
    784160    0.224876
    784170    0.227085
    784180    0.229178
    784190    0.226342
    784200    0.230337
    784210    0.229257
    784220    0.228389
    784230     0.22731
    784240    0.228129
    784250    0.226361
    784260    0.228864
    784270    0.227027
    784280    0.227234
    784290    0.230441
    784300    0.223788
    784310    0.225654
    784320    0.227272
    784330    0.229167
    784340    0.228095
    784350    0.227992
    784360    0.227771
    784370    0.230285
    784380    0.226704
    784390    0.227769
    784400    0.222557
    784410    0.226363
    784420    0.227197
    784430    0.226331
    784440    0.226881
    784450    0.224373
    784460    0.226743
    784470    0.227728
    784480    0.230241
    784490    0.224116
    784500    0.232486
    784510    0.228529
    784520    0.227671
    784530    0.224948
    784540     0.23055
    784550    0.230291
    784560    0.226743
    784570     0.22861
    784580    0.227636
    784590    0.227599
    784600    0.224196
    784610    0.228134
    784620     0.23137
    784630    0.230465
    784640    0.227981
    784650    0.228326
    784660    0.226843
    784670    0.228712
    784680    0.226323
    784690    0.227319
    784700    0.229603
    784710     0.22925
    784720    0.226267
    784730     0.22822
    784740    0.225911
    784750    0.223808
    784760    0.226581
    784770    0.227089
    784780    0.233149
    784790    0.225712
    784800    0.225086
    784810    0.226005
    784820    0.226724
    784830    0.226628
    784840    0.225898
    784850    0.225951
    784860    0.230005
    784870     0.22743
    784880    0.231589
    784890    0.225746
    784900    0.226944
    784910     0.22642
    784920    0.227616
    784930    0.222903
    784940    0.227182
    784950    0.222797
    784960    0.227937
    784970    0.226889
    784980    0.227572
    784990    0.225943
    785000    0.227035
    785010    0.226368
    785020    0.227966
    785030    0.230017
    785040    0.230747
    785050    0.232765
    785060     0.22715
    785070    0.229644
    785080    0.230551
    785090    0.228001
    785100    0.228527
    785110    0.226077
    785120    0.229323
    785130    0.226182
    785140    0.225741
    785150    0.222762
    785160    0.230007
    785170    0.225397
    785180    0.226426
    785190    0.229035
    785200     0.22693
    785210    0.229478
    785220    0.230344
    785230    0.228495
    785240     0.22585
    785250    0.226715
    785260    0.228349
    785270    0.226992
    785280    0.230387
    785290    0.230467
    785300    0.229354
    785310    0.228207
    785320    0.227362
    785330    0.226943
    785340    0.226089
    785350    0.224532
    785360    0.228528
    785370    0.228403
    785380    0.229533
    785390    0.229982
    785400    0.228071
    785410    0.227986
    785420    0.229914
    785430     0.23119
    785440    0.232276
    785450    0.231053
    785460    0.228977
    785470     0.23035
    785480    0.229394
    785490    0.228046
    785500    0.232775
    785510    0.230413
    785520    0.233013
    785530    0.229396
    785540    0.228242
    785550    0.225058
    785560    0.224525
    785570    0.223723
    785580     0.23199
    785590    0.232049
    785600    0.224511
    785610    0.229098
    785620    0.221838
    785630    0.224424
    785640    0.222753
    785650    0.230356
    785660    0.227912
    785670    0.229377
    785680    0.226207
    785690    0.232398
    785700    0.229754
    785710    0.229529
    785720     0.23104
    785730    0.230054
    785740    0.231768
    785750    0.231392
    785760    0.229007
    785770    0.226249
    785780    0.226748
    785790    0.230823
    785800    0.229286
    785810    0.228654
    785820    0.225276
    785830    0.227782
    785840    0.231218
    785850    0.235001
    785860     0.22965
    785870    0.226308
    785880    0.226592
    785890    0.231328
    785900    0.227658
    785910     0.23146
    785920    0.233748
    785930    0.230849
    785940    0.231492
    785950     0.22844
    785960    0.228622
    785970    0.229677
    785980    0.225182
    785990    0.227193
    786000    0.226118
    786010    0.227335
    786020     0.22578
    786030    0.230131
    786040    0.224897
    786050    0.226089
    786060    0.224867
    786070    0.223366
    786080    0.222709
    786090    0.230838
    786100    0.225171
    786110    0.226191
    786120    0.226915
    786130    0.224005
    786140      0.2308
    786150     0.22897
    786160    0.223631
    786170      0.2242
    786180     0.22357
    786190    0.224949
    786200    0.229675
    786210    0.228006
    786220    0.230779
    786230     0.22283
    786240    0.223355
    786250      0.2228
    786260    0.227419
    786270    0.227146
    786280    0.226305
    786290    0.228627
    786300    0.225706
    786310    0.231734
    786320    0.224695
    786330    0.224621
    786340    0.224447
    786350    0.225273
    786360    0.226808
    786370    0.228423
    786380    0.227993
    786390     0.22637
    786400    0.226903
    786410    0.226904
    786420    0.225785
    786430    0.226112
    786440     0.22841
    786450     0.22087
    786460    0.229352
    786470    0.228335
    786480    0.227753
    786490    0.227707
    786500    0.226994
    786510    0.227243
    786520    0.229297
    786530    0.228586
    786540     0.22639
    786550    0.227747
    786560    0.227202
    786570    0.224804
    786580    0.232036
    786590    0.229325
    786600    0.229154
    786610    0.227792
    786620    0.228266
    786630    0.229599
    786640    0.227471
    786650    0.229021
    786660    0.227243
    786670    0.227006
    786680    0.226925
    786690    0.225635
    786700    0.226252
    786710    0.226968
    786720    0.224574
    786730    0.226188
    786740    0.223488
    786750    0.225042
    786760    0.225025
    786770    0.226327
    786780    0.225693
    786790     0.22366
    786800    0.225678
    786810    0.226961
    786820    0.227397
    786830    0.231393
    786840    0.225181
    786850    0.231043
    786860    0.226731
    786870    0.230388
    786880    0.227544
    786890    0.228459
    786900    0.226564
    786910    0.229598
    786920    0.226327
    786930    0.222658
    786940    0.228464
    786950    0.226479
    786960    0.228089
    786970    0.227652
    786980    0.231771
    786990    0.228035
    787000    0.231984
    787010    0.229711
    787020    0.229963
    787030    0.227642
    787040    0.228308
    787050    0.226608
    787060    0.233468
    787070    0.230107
    787080    0.226377
    787090    0.227266
    787100    0.225509
    787110    0.224781
    787120    0.227794
    787130    0.229413
    787140    0.228225
    787150    0.229605
    787160    0.230168
    787170    0.228711
    787180    0.227508
    787190    0.226703
    787200    0.228385
    787210     0.22735
    787220    0.228527
    787230    0.224883
    787240    0.232555
    787250    0.230043
    787260    0.227354
    787270    0.228867
    787280    0.228099
    787290    0.226752
    787300    0.225128
    787310    0.225672
    787320      0.2273
    787330     0.22918
    787340    0.225881
    787350    0.229005
    787360    0.227144
    787370    0.226748
    787380     0.22833
    787390    0.226064
    787400    0.225916
    787410    0.223054
    787420    0.226841
    787430    0.231007
    787440    0.226676
    787450    0.230364
    787460    0.227358
    787470    0.228543
    787480    0.226954
    787490    0.226351
    787500    0.224495
    787510    0.227721
    787520    0.230475
    787530    0.230621
    787540    0.228224
    787550    0.226903
    787560    0.230293
    787570    0.225292
    787580    0.233989
    787590    0.230831
    787600     0.22582
    787610    0.228177
    787620    0.229512
    787630    0.229901
    787640    0.226571
    787650    0.225166
    787660     0.22458
    787670    0.227734
    787680    0.230036
    787690    0.220463
    787700    0.228062
    787710    0.225383
    787720    0.229648
    787730    0.225914
    787740    0.222803
    787750    0.225057
    787760    0.228999
    787770    0.228138
    787780    0.226712
    787790    0.229525
    787800    0.226315
    787810    0.231629
    787820    0.226794
    787830    0.229473
    787840    0.231349
    787850    0.228518
    787860    0.228068
    787870    0.227512
    787880    0.227198
    787890    0.226539
    787900     0.23318
    787910    0.224912
    787920    0.229539
    787930    0.229012
    787940    0.230829
    787950    0.226373
    787960     0.22384
    787970    0.227536
    787980    0.227261
    787990    0.225116
    788000     0.22888
    788010    0.227812
    788020    0.226422
    788030    0.228323
    788040    0.227965
    788050    0.230262
    788060    0.226967
    788070    0.223367
    788080    0.230159
    788090     0.22596
    788100    0.227144
    788110     0.22549
    788120     0.22294
    788130    0.222499
    788140    0.231321
    788150    0.232566
    788160    0.229275
    788170    0.229407
    788180    0.229627
    788190    0.227766
    788200    0.227826
    788210    0.226175
    788220    0.229672
    788230      0.2326
    788240    0.226835
    788250    0.231682
    788260    0.229403
    788270     0.23413
    788280    0.229714
    788290    0.231623
    788300    0.229771
    788310    0.228173
    788320     0.22711
    788330    0.228291
    788340    0.232705
    788350    0.226161
    788360    0.231874
    788370    0.231511
    788380    0.232531
    788390    0.231749
    788400    0.229858
    788410    0.229021
    788420    0.230361
    788430    0.229069
    788440    0.230574
    788450    0.224516
    788460    0.230857
    788470       0.229
    788480    0.229627
    788490    0.229548
    788500    0.226191
    788510    0.228135
    788520    0.227897
    788530    0.232157
    788540      0.2277
    788550    0.227616
    788560    0.232975
    788570    0.229833
    788580     0.22948
    788590    0.229916
    788600    0.229421
    788610    0.231273
    788620    0.230915
    788630    0.224796
    788640    0.227911
    788650     0.22927
    788660    0.228286
    788670    0.229825
    788680    0.235483
    788690    0.231802
    788700    0.231129
    788710    0.229208
    788720    0.233259
    788730    0.230144
    788740    0.231699
    788750    0.228718
    788760    0.225739
    788770    0.233022
    788780    0.231142
    788790    0.225991
    788800    0.229913
    788810    0.226283
    788820    0.228125
    788830    0.231125
    788840     0.23071
    788850     0.22713
    788860    0.229901
    788870    0.231385
    788880    0.230262
    788890    0.230485
    788900    0.226853
    788910     0.22801
    788920    0.229267
    788930    0.228223
    788940    0.229182
    788950    0.226771
    788960    0.227908
    788970     0.23116
    788980    0.228368
    788990    0.230782
    789000    0.229081
    789010     0.23213
    789020    0.228696
    789030    0.228646
    789040    0.228358
    789050     0.23588
    789060    0.232791
    789070    0.223808
    789080    0.226999
    789090    0.226445
    789100    0.230218
    789110    0.230528
    789120    0.226916
    789130    0.228428
    789140    0.230069
    789150    0.227753
    789160    0.230859
    789170    0.230658
    789180    0.227501
    789190    0.226791
    789200    0.228073
    789210    0.229061
    789220    0.228923
    789230     0.22933
    789240    0.231944
    789250    0.228291
    789260    0.225892
    789270     0.22701
    789280    0.227615
    789290    0.232063
    789300    0.228852
    789310    0.227658
    789320    0.230074
    789330    0.226826
    789340     0.23007
    789350    0.229484
    789360    0.225485
    789370    0.228506
    789380     0.22941
    789390    0.226587
    789400    0.229424
    789410    0.227499
    789420    0.231115
    789430    0.226762
    789440    0.227479
    789450    0.225329
    789460    0.224728
    789470    0.231344
    789480     0.22512
    789490     0.22631
    789500    0.230806
    789510    0.228801
    789520    0.226454
    789530    0.231473
    789540    0.226149
    789550    0.229587
    789560    0.232443
    789570    0.229656
    789580    0.227193
    789590    0.231677
    789600    0.227339
    789610    0.229199
    789620    0.230923
    789630     0.23154
    789640    0.232222
    789650    0.231538
    789660    0.228622
    789670    0.232449
    789680    0.233243
    789690    0.229579
    789700    0.235649
    789710    0.226012
    789720    0.228583
    789730    0.233623
    789740    0.232154
    789750    0.231309
    789760    0.231799
    789770     0.23464
    789780    0.233581
    789790    0.233099
    789800    0.230956
    789810    0.234625
    789820    0.236959
    789830    0.238649
    789840    0.232152
    789850    0.234515
    789860    0.231069
    789870    0.233246
    789880    0.237502
    789890    0.235619
    789900    0.236669
    789910    0.229415
    789920    0.232472
    789930    0.238586
    789940    0.236502
    789950    0.237149
    789960    0.235341
    789970    0.236052
    789980    0.237917
    789990    0.233914
    790000    0.233037
    790010    0.234949
    790020     0.24288
    790030    0.238182
    790040    0.232569
    790050     0.22945
    790060    0.232903
    790070    0.232693
    790080    0.232138
    790090     0.22849
    790100    0.230432
    790110    0.233127
    790120    0.233941
    790130    0.235155
    790140    0.234321
    790150    0.236442
    790160     0.23596
    790170    0.238325
    790180    0.235417
    790190    0.232771
    790200    0.235459
    790210    0.238317
    790220    0.234472
    790230    0.234393
    790240    0.239593
    790250    0.234704
    790260    0.230497
    790270    0.228934
    790280    0.230829
    790290    0.234537
    790300    0.234957
    790310     0.23491
    790320    0.231847
    790330    0.236572
    790340    0.237007
    790350    0.232687
    790360    0.231194
    790370    0.231615
    790380    0.233046
    790390    0.231873
    790400    0.236187
    790410     0.23061
    790420    0.234134
    790430    0.231862
    790440     0.23748
    790450    0.236723
    790460    0.235234
    790470    0.240519
    790480    0.236028
    790490    0.234671
    790500    0.233856
    790510    0.233086
    790520    0.229536
    790530    0.237547
    790540    0.232224
    790550    0.233923
    790560    0.239686
    790570     0.23442
    790580    0.237135
    790590    0.238405
    790600    0.237441
    790610    0.235882
    790620    0.236857
    790630    0.236814
    790640    0.237831
    790650    0.239076
    790660    0.238795
    790670    0.236914
    790680    0.236656
    790690    0.239049
    790700     0.23867
    790710    0.241248
    790720     0.23952
    790730    0.234211
    790740    0.240588
    790750    0.238794
    790760    0.237455
    790770    0.239218
    790780    0.238079
    790790    0.244312
    790800    0.238095
    790810    0.238815
    790820    0.235128
    790830    0.233583
    790840    0.238071
    790850    0.236472
    790860    0.233615
    790870    0.236029
    790880    0.233677
    790890    0.235541
    790900    0.234568
    790910    0.236372
    790920    0.236617
    790930    0.236909
    790940    0.237599
    790950    0.235835
    790960    0.238773
    790970     0.23829
    790980    0.236785
    790990     0.23144
    791000    0.234349
    791010    0.234746
    791020    0.237345
    791030    0.238036
    791040    0.240404
    791050    0.235488
    791060    0.236015
    791070    0.235486
    791080    0.240274
    791090     0.23697
    791100    0.237574
    791110    0.236815
    791120    0.236205
    791130    0.231562
    791140    0.239315
    791150     0.23427
    791160    0.233789
    791170    0.229185
    791180    0.231223
    791190    0.235541
    791200    0.237036
    791210    0.233177
    791220    0.240803
    791230    0.234749
    791240     0.23975
    791250    0.237348
    791260    0.235663
    791270    0.229371
    791280    0.229769
    791290    0.233786
    791300    0.229801
    791310    0.233239
    791320    0.236258
    791330    0.235698
    791340     0.23527
    791350     0.23291
    791360    0.230987
    791370    0.237389
    791380    0.233276
    791390    0.239297
    791400    0.234811
    791410    0.238123
    791420    0.234305
    791430    0.238825
    791440    0.231758
    791450    0.233908
    791460    0.234515
    791470    0.233711
    791480    0.233788
    791490    0.236061
    791500    0.233074
    791510    0.236712
    791520     0.22779
    791530    0.226401
    791540    0.233671
    791550    0.228391
    791560    0.231371
    791570    0.232656
    791580    0.232845
    791590    0.230528
    791600    0.230908
    791610    0.233216
    791620    0.231504
    791630    0.228222
    791640    0.231044
    791650    0.232081
    791660    0.233044
    791670    0.228679
    791680    0.229364
    791690    0.232098
    791700    0.231968
    791710     0.23207
    791720    0.229973
    791730    0.235308
    791740    0.232509
    791750     0.23174
    791760    0.235715
    791770    0.230653
    791780    0.229392
    791790    0.231168
    791800    0.236945
    791810    0.234137
    791820    0.235586
    791830    0.234036
    791840    0.234288
    791850    0.239055
    791860    0.232677
    791870    0.231227
    791880    0.233924
    791890    0.231811
    791900    0.233647
    791910    0.233915
    791920    0.232083
    791930    0.235849
    791940     0.22997
    791950    0.230173
    791960    0.233145
    791970    0.229309
    791980    0.234852
    791990     0.23541
    792000    0.235634
    792010    0.232584
    792020    0.230308
    792030    0.233088
    792040    0.235011
    792050     0.23448
    792060    0.229859
    792070    0.237331
    792080    0.230236
    792090    0.233126
    792100    0.233067
    792110    0.233828
    792120    0.229388
    792130    0.235129
    792140    0.228336
    792150    0.234009
    792160    0.235202
    792170    0.235115
    792180     0.23968
    792190    0.235689
    792200    0.238928
    792210    0.234386
    792220    0.241888
    792230    0.239187
    792240    0.236248
    792250    0.238124
    792260    0.232856
    792270    0.235401
    792280    0.231139
    792290    0.235898
    792300     0.23624
    792310    0.229831
    792320    0.234483
    792330    0.236171
    792340    0.236355
    792350    0.237456
    792360    0.233262
    792370    0.233456
    792380    0.231952
    792390    0.229693
    792400     0.22525
    792410    0.231013
    792420    0.231948
    792430    0.234271
    792440    0.236179
    792450    0.233627
    792460     0.23271
    792470    0.235576
    792480    0.232165
    792490     0.23125
    792500    0.238826
    792510    0.237531
    792520    0.234087
    792530    0.233576
    792540    0.233112
    792550     0.22883
    792560    0.237781
    792570    0.237544
    792580    0.234781
    792590    0.237294
    792600    0.234884
    792610     0.23985
    792620    0.235879
    792630    0.233603
    792640    0.235017
    792650    0.239722
    792660    0.233095
    792670    0.231827
    792680    0.238521
    792690    0.234817
    792700    0.232266
    792710    0.233736
    792720    0.232604
    792730    0.229294
    792740    0.230523
    792750     0.22918
    792760    0.231156
    792770    0.231415
    792780    0.236452
    792790    0.236294
    792800    0.236362
    792810    0.235379
    792820    0.235508
    792830    0.228898
    792840    0.232295
    792850     0.23204
    792860    0.231467
    792870    0.228634
    792880    0.235324
    792890    0.228508
    792900    0.235186
    792910    0.232516
    792920    0.232691
    792930    0.238798
    792940    0.232878
    792950    0.234655
    792960    0.232737
    792970    0.233669
    792980    0.230149
    792990    0.227217
    793000    0.229809
    793010    0.230797
    793020    0.227918
    793030    0.230393
    793040    0.228534
    793050    0.229716
    793060    0.231346
    793070    0.230605
    793080    0.228593
    793090    0.230223
    793100    0.234457
    793110    0.232185
    793120    0.231608
    793130    0.231561
    793140    0.229576
    793150    0.233365
    793160    0.230331
    793170    0.232249
    793180    0.233803
    793190    0.234418
    793200    0.233132
    793210    0.233263
    793220    0.232741
    793230    0.228231
    793240    0.235842
    793250    0.231696
    793260    0.232115
    793270    0.227861
    793280    0.239782
    793290    0.232771
    793300    0.237436
    793310    0.230515
    793320    0.230829
    793330    0.230581
    793340     0.22998
    793350    0.227744
    793360    0.230758
    793370    0.232726
    793380    0.226797
    793390    0.229368
    793400    0.230877
    793410    0.233032
    793420    0.234135
    793430    0.226373
    793440    0.229823
    793450    0.229644
    793460    0.229357
    793470    0.230793
    793480    0.235799
    793490    0.233915
    793500    0.232681
    793510    0.235062
    793520    0.230478
    793530    0.230197
    793540    0.228673
    793550    0.231876
    793560     0.22842
    793570    0.238698
    793580    0.229318
    793590    0.229267
    793600     0.23054
    793610    0.228267
    793620    0.232837
    793630    0.230961
    793640    0.233634
    793650    0.236094
    793660    0.233111
    793670    0.232442
    793680    0.230382
    793690    0.229844
    793700     0.23591
    793710    0.231792
    793720    0.234653
    793730    0.236965
    793740    0.229274
    793750    0.231207
    793760    0.229171
    793770    0.228678
    793780    0.229816
    793790    0.234049
    793800    0.228785
    793810    0.232361
    793820    0.229237
    793830    0.230004
    793840     0.23436
    793850    0.228421
    793860    0.228946
    793870    0.229032
    793880     0.22866
    793890    0.230513
    793900    0.228528
    793910    0.228817
    793920    0.225795
    793930    0.226907
    793940    0.229774
    793950    0.228072
    793960    0.226331
    793970    0.230642
    793980    0.224399
    793990    0.231962
    794000    0.228331
    794010     0.22697
    794020    0.227787
    794030     0.22956
    794040     0.22655
    794050    0.226641
    794060    0.223788
    794070    0.229503
    794080    0.226449
    794090    0.228906
    794100     0.22922
    794110    0.227414
    794120    0.227956
    794130    0.227223
    794140    0.231294
    794150    0.227365
    794160    0.229449
    794170    0.226925
    794180     0.22862
    794190    0.229139
    794200    0.226602
    794210    0.227098
    794220    0.225071
    794230    0.229824
    794240    0.230277
    794250    0.230768
    794260    0.226516
    794270    0.230068
    794280    0.226737
    794290    0.230733
    794300    0.227649
    794310    0.224626
    794320    0.227884
    794330    0.229672
    794340    0.230814
    794350    0.225703
    794360     0.22923
    794370    0.228066
    794380    0.231894
    794390    0.227327
    794400    0.230777
    794410    0.227111
    794420    0.227993
    794430    0.226163
    794440    0.234133
    794450    0.236234
    794460    0.233842
    794470    0.230861
    794480    0.234299
    794490    0.234901
    794500    0.233733
    794510    0.232187
    794520     0.23543
    794530    0.234657
    794540    0.232453
    794550    0.229179
    794560    0.229036
    794570    0.234052
    794580    0.230132
    794590    0.231013
    794600     0.23089
    794610     0.23342
    794620    0.238048
    794630    0.231385
    794640    0.230027
    794650    0.229917
    794660    0.231174
    794670    0.232243
    794680    0.228254
    794690     0.22929
    794700    0.231229
    794710    0.228004
    794720    0.229482
    794730    0.234733
    794740    0.231624
    794750    0.232716
    794760    0.232405
    794770    0.230314
    794780    0.233897
    794790    0.234224
    794800    0.236568
    794810    0.234028
    794820    0.230939
    794830    0.236755
    794840    0.235896
    794850    0.232943
    794860    0.232756
    794870    0.235551
    794880    0.235624
    794890    0.237308
    794900    0.237694
    794910    0.243691
    794920    0.234938
    794930    0.237865
    794940    0.235881
    794950    0.236721
    794960      0.2399
    794970    0.239259
    794980    0.233307
    794990    0.237037
    795000    0.235188
    795010    0.236377
    795020    0.234225
    795030    0.238242
    795040    0.231106
    795050    0.232912
    795060    0.238825
    795070    0.239383
    795080    0.242583
    795090    0.242378
    795100    0.241412
    795110    0.236445
    795120    0.237629
    795130    0.238641
    795140    0.240998
    795150    0.242143
    795160    0.240639
    795170    0.240313
    795180    0.243401
    795190    0.238589
    795200     0.23925
    795210    0.237924
    795220    0.238121
    795230    0.237893
    795240    0.239968
    795250     0.23515
    795260    0.238044
    795270    0.236263
    795280    0.237016
    795290    0.236227
    795300    0.239133
    795310    0.240213
    795320    0.235437
    795330    0.237785
    795340    0.234498
    795350    0.238398
    795360    0.240298
    795370    0.234543
    795380    0.237541
    795390     0.23845
    795400    0.236983
    795410    0.234617
    795420    0.236035
    795430    0.233369
    795440    0.239014
    795450    0.237333
    795460    0.238847
    795470    0.243249
    795480    0.237822
    795490    0.243301
    795500    0.237396
    795510    0.234825
    795520    0.237068
    795530    0.237627
    795540    0.244104
    795550     0.23954
    795560    0.240257
    795570    0.239794
    795580    0.239128
    795590    0.235852
    795600    0.240501
    795610    0.235856
    795620    0.235251
    795630    0.232908
    795640    0.234756
    795650    0.235866
    795660    0.234632
    795670    0.236358
    795680    0.241027
    795690     0.23822
    795700     0.24113
    795710    0.234382
    795720     0.23879
    795730    0.239337
    795740    0.237648
    795750    0.238951
    795760    0.242924
    795770    0.237605
    795780     0.24281
    795790    0.235715
    795800    0.237735
    795810    0.246085
    795820    0.238668
    795830    0.238191
    795840    0.246384
    795850    0.240865
    795860    0.244964
    795870    0.245101
    795880    0.241468
    795890    0.245688
    795900    0.242034
    795910    0.251568
    795920    0.246929
    795930    0.243213
    795940    0.241338
    795950    0.235609
    795960    0.241192
    795970    0.242137
    795980    0.244553
    795990    0.237533
    796000    0.239616
    796010    0.239727
    796020    0.240689
    796030    0.246044
    796040    0.237326
    796050    0.241388
    796060    0.239133
    796070    0.238306
    796080    0.239271
    796090    0.239075
    796100     0.23428
    796110    0.243904
    796120     0.24644
    796130    0.241897
    796140    0.237479
    796150     0.23582
    796160    0.242198
    796170    0.237245
    796180    0.246477
    796190    0.247548
    796200    0.238547
    796210    0.239557
    796220    0.246303
    796230    0.243779
    796240    0.242559
    796250    0.241665
    796260    0.244584
    796270    0.240083
    796280    0.235252
    796290    0.240569
    796300    0.243299
    796310    0.238729
    796320    0.239191
    796330    0.239034
    796340    0.243898
    796350    0.237324
    796360    0.239446
    796370    0.238963
    796380    0.238887
    796390    0.244022
    796400    0.242852
    796410     0.23846
    796420     0.23987
    796430    0.240035
    796440    0.239679
    796450    0.245365
    796460    0.241859
    796470    0.241604
    796480    0.246044
    796490    0.247672
    796500    0.249144
    796510     0.24478
    796520    0.248251
    796530    0.244772
    796540    0.246624
    796550    0.243259
    796560    0.239756
    796570    0.238701
    796580    0.244282
    796590    0.242218
    796600     0.24087
    796610    0.239502
    796620    0.237584
    796630    0.236411
    796640    0.235591
    796650    0.236514
    796660    0.232286
    796670      0.2367
    796680    0.235968
    796690     0.23582
    796700    0.236763
    796710    0.239991
    796720    0.240398
    796730    0.237372
    796740    0.237504
    796750    0.237217
    796760    0.238166
    796770    0.235263
    796780    0.234558
    796790    0.233393
    796800    0.239638
    796810    0.233447
    796820    0.235095
    796830    0.233335
    796840    0.236965
    796850    0.238166
    796860    0.237812
    796870    0.240738
    796880     0.24062
    796890    0.235528
    796900    0.236015
    796910    0.238305
    796920    0.241559
    796930    0.242252
    796940    0.237185
    796950    0.235225
    796960    0.236978
    796970    0.233348
    796980    0.232736
    796990    0.236407
    797000    0.240181
    797010     0.23736
    797020    0.235803
    797030    0.230131
    797040    0.227968
    797050    0.230943
    797060    0.231685
    797070    0.232244
    797080    0.234155
    797090     0.23713
    797100    0.234588
    797110    0.235752
    797120      0.2338
    797130    0.232034
    797140    0.233157
    797150    0.233193
    797160    0.234501
    797170    0.233069
    797180    0.234227
    797190    0.232218
    797200    0.233629
    797210    0.234363
    797220    0.230693
    797230    0.237539
    797240    0.236558
    797250    0.237254
    797260    0.238172
    797270    0.237798
    797280      0.2393
    797290    0.237567
    797300    0.242814
    797310    0.239371
    797320    0.241731
    797330    0.239576
    797340    0.235843
    797350    0.243443
    797360    0.240157
    797370    0.238631
    797380    0.239871
    797390     0.24254
    797400    0.242922
    797410    0.245752
    797420     0.24578
    797430    0.241054
    797440    0.245998
    797450    0.243974
    797460    0.244798
    797470    0.240411
    797480    0.241365
    797490    0.237724
    797500    0.240377
    797510    0.238477
    797520    0.235933
    797530    0.236633
    797540     0.23624
    797550    0.237781
    797560    0.237967
    797570    0.239984
    797580    0.238724
    797590    0.237254
    797600    0.238834
    797610    0.235732
    797620    0.236889
    797630    0.237599
    797640    0.235053
    797650    0.236127
    797660    0.239167
    797670    0.234884
    797680    0.239997
    797690    0.238641
    797700    0.235233
    797710    0.238995
    797720     0.23735
    797730    0.235979
    797740    0.240526
    797750    0.231904
    797760    0.235151
    797770      0.2373
    797780     0.23809
    797790    0.232539
    797800    0.237061
    797810     0.23888
    797820     0.23289
    797830    0.232237
    797840    0.234408
    797850    0.234923
    797860    0.238788
    797870    0.237659
    797880    0.239242
    797890    0.238078
    797900    0.236584
    797910    0.237126
    797920    0.230947
    797930    0.234019
    797940    0.233153
    797950    0.231439
    797960     0.23882
    797970     0.23513
    797980    0.237651
    797990    0.235269
    798000    0.235497
    798010    0.235447
    798020    0.238283
    798030    0.237373
    798040    0.235175
    798050    0.240297
    798060     0.23891
    798070    0.238772
    798080    0.238589
    798090    0.243582
    798100    0.238205
    798110    0.236034
    798120    0.235366
    798130     0.23584
    798140    0.236119
    798150     0.23906
    798160    0.235142
    798170    0.239997
    798180    0.232286
    798190    0.237561
    798200    0.240154
    798210    0.236325
    798220    0.236223
    798230    0.233464
    798240    0.234581
    798250    0.234395
    798260     0.23802
    798270    0.237573
    798280    0.241076
    798290    0.236424
    798300    0.236776
    798310    0.235466
    798320    0.234016
    798330    0.239948
    798340    0.237196
    798350    0.233943
    798360    0.233879
    798370    0.235842
    798380    0.239581
    798390     0.23503
    798400    0.237758
    798410    0.236973
    798420    0.236416
    798430    0.237352
    798440    0.232154
    798450    0.231565
    798460      0.2296
    798470    0.232743
    798480     0.23658
    798490    0.233402
    798500    0.234677
    798510    0.233251
    798520    0.231433
    798530    0.236368
    798540    0.236567
    798550    0.235897
    798560    0.235642
    798570    0.238458
    798580    0.235499
    798590    0.236595
    798600    0.238601
    798610    0.237403
    798620    0.232898
    798630    0.238079
    798640    0.237752
    798650    0.235835
    798660    0.231387
    798670    0.234671
    798680    0.236046
    798690    0.232498
    798700    0.237195
    798710    0.238828
    798720    0.236722
    798730    0.234281
    798740    0.231502
    798750    0.239556
    798760    0.231615
    798770    0.233605
    798780    0.233077
    798790    0.233272
    798800    0.233515
    798810    0.232718
    798820    0.234984
    798830    0.236679
    798840    0.235054
    798850    0.234379
    798860    0.234159
    798870    0.231336
    798880    0.230319
    798890     0.23259
    798900    0.234334
    798910    0.231488
    798920     0.23155
    798930    0.233391
    798940    0.226997
    798950    0.231719
    798960    0.223446
    798970     0.22794
    798980    0.236256
    798990    0.231982
    799000    0.231363
    799010    0.229837
    799020    0.231318
    799030    0.231013
    799040    0.232791
    799050    0.232287
    799060    0.235832
    799070    0.230101
    799080    0.234125
    799090      0.2294
    799100    0.235137
    799110    0.231495
    799120    0.241013
    799130    0.237924
    799140    0.233235
    799150    0.241427
    799160    0.237823
    799170    0.241463
    799180     0.24118
    799190    0.238021
    799200    0.238818
    799210    0.242514
    799220    0.243232
    799230    0.245002
    799240     0.24173
    799250    0.243658
    799260    0.244572
    799270    0.240701
    799280    0.234972
    799290    0.241804
    799300    0.240957
    799310    0.234606
    799320    0.241816
    799330    0.238352
    799340    0.236406
    799350    0.238702
    799360    0.238155
    799370    0.230397
    799380    0.235685
    799390    0.233563
    799400    0.233715
    799410    0.230226
    799420    0.235211
    799430    0.234278
    799440    0.248309
    799450     0.24593
    799460    0.239663
    799470    0.242191
    799480    0.254291
    799490    0.247046
    799500    0.242801
    799510    0.242427
    799520    0.241213
    799530    0.238512
    799540    0.241006
    799550    0.239024
    799560    0.244502
    799570    0.247524
    799580    0.245608
    799590    0.242669
    799600    0.236193
    799610    0.237391
    799620    0.240469
    799630    0.238122
    799640    0.242184
    799650    0.244924
    799660    0.240727
    799670     0.24181
    799680    0.238188
    799690    0.239199
    799700     0.23894
    799710    0.239379
    799720    0.240491
    799730     0.24257
    799740    0.235634
    799750    0.243765
    799760    0.239271
    799770    0.241469
    799780    0.240347
    799790    0.244967
    799800    0.239289
    799810    0.237315
    799820    0.235219
    799830    0.233818
    799840     0.23951
    799850     0.23205
    799860    0.236189
    799870     0.23655
    799880    0.237353
    799890    0.230828
    799900    0.228218
    799910    0.235305
    799920     0.23433
    799930    0.232926
    799940    0.233645
    799950    0.234078
    799960    0.232219
    799970    0.234788
    799980    0.229714
    799990    0.231419
    800000    0.233826
    800010    0.234317
    800020    0.232604
    800030    0.232663
    800040    0.228252
    800050    0.234279
    800060    0.233684
    800070    0.228923
    800080    0.226962
    800090    0.232241
    800100    0.231426
    800110     0.22777
    800120    0.228849
    800130    0.228464
    800140    0.231268
    800150    0.229813
    800160    0.234862
    800170    0.234955
    800180    0.231471
    800190    0.236628
    800200    0.231349
    800210    0.228111
    800220    0.226577
    800230    0.232125
    800240    0.230301
    800250    0.231059
    800260    0.231599
    800270    0.229491
    800280    0.232388
    800290    0.235026
    800300    0.232073
    800310    0.236713
    800320    0.251752
    800330    0.245748
    800340    0.239356
    800350    0.237301
    800360    0.241187
    800370     0.24213
    800380     0.24425
    800390    0.235319
    800400    0.233983
    800410    0.244058
    800420    0.244291
    800430    0.246553
    800440    0.245176
    800450    0.247204
    800460    0.240688
    800470    0.244927
    800480    0.241719
    800490    0.242461
    800500    0.237875
    800510    0.232672
    800520    0.238178
    800530    0.238875
    800540     0.23672
    800550    0.237031
    800560    0.238389
    800570    0.236272
    800580    0.232077
    800590    0.239132
    800600     0.23623
    800610     0.23546
    800620    0.245154
    800630    0.243538
    800640    0.250084
    800650    0.235522
    800660    0.238888
    800670    0.242246
    800680     0.24083
    800690    0.236145
    800700    0.236558
    800710    0.229514
    800720    0.235041
    800730    0.235592
    800740    0.233567
    800750     0.23502
    800760    0.237796
    800770    0.234312
    800780    0.230217
    800790    0.229582
    800800    0.235124
    800810    0.230148
    800820    0.232825
    800830    0.233035
    800840    0.229537
    800850    0.234042
    800860    0.232249
    800870    0.238988
    800880    0.232093
    800890    0.241125
    800900    0.238626
    800910    0.244366
    800920    0.247588
    800930    0.240177
    800940    0.240504
    800950    0.237921
    800960    0.239135
    800970    0.239133
    800980     0.24112
    800990    0.238315
    801000    0.244109
    801010    0.241195
    801020    0.241299
    801030    0.241643
    801040    0.243758
    801050    0.242236
    801060    0.241134
    801070    0.240006
    801080     0.23841
    801090    0.236219
    801100    0.239016
    801110     0.23262
    801120    0.235235
    801130    0.237255
    801140    0.234856
    801150    0.240423
    801160    0.245666
    801170    0.240527
    801180    0.230956
    801190    0.242844
    801200    0.247926
    801210    0.239826
    801220     0.23535
    801230    0.235421
    801240    0.244172
    801250    0.241473
    801260    0.236441
    801270    0.241448
    801280    0.247832
    801290    0.240127
    801300    0.246482
    801310    0.244006
    801320     0.24082
    801330    0.239173
    801340    0.230182
    801350    0.242239
    801360    0.242415
    801370     0.23643
    801380    0.236045
    801390     0.23405
    801400    0.241954
    801410    0.241505
    801420    0.240597
    801430      0.2468
    801440    0.243675
    801450    0.248583
    801460    0.233672
    801470    0.239262
    801480    0.240058
    801490    0.243768
    801500    0.240634
    801510    0.240074
    801520    0.238804
    801530    0.241736
    801540    0.239725
    801550    0.244427
    801560    0.245354
    801570    0.243957
    801580    0.243438
    801590    0.250212
    801600    0.242446
    801610    0.247938
    801620    0.239745
    801630    0.244397
    801640    0.236527
    801650    0.240131
    801660    0.235637
    801670    0.238371
    801680    0.241091
    801690    0.239987
    801700    0.242284
    801710    0.240685
    801720     0.23255
    801730    0.236271
    801740    0.242517
    801750     0.23889
    801760    0.240676
    801770    0.239611
    801780    0.250195
    801790    0.240951
    801800    0.249153
    801810    0.246911
    801820    0.245471
    801830    0.244569
    801840    0.244881
    801850    0.245827
    801860    0.244157
    801870    0.242998
    801880    0.236352
    801890    0.236229
    801900     0.23914
    801910    0.242796
    801920    0.237346
    801930    0.239911
    801940    0.239993
    801950    0.239545
    801960    0.241282
    801970    0.238552
    801980    0.245389
    801990    0.245035
    802000    0.239669
    802010    0.242166
    802020    0.243121
    802030    0.246378
    802040       0.252
    802050    0.245959
    802060    0.241452
    802070    0.243166
    802080    0.249407
    802090    0.241858
    802100    0.239474
    802110    0.243707
    802120      0.2391
    802130    0.241171
    802140    0.243645
    802150    0.242723
    802160    0.239879
    802170    0.241097
    802180    0.236267
    802190    0.238021
    802200    0.239185
    802210    0.243095
    802220    0.243209
    802230     0.23968
    802240    0.247853
    802250     0.24716
    802260    0.241755
    802270    0.244513
    802280    0.234403
    802290    0.230786
    802300    0.246885
    802310    0.244114
    802320    0.241428
    802330    0.244545
    802340    0.243424
    802350    0.239285
    802360    0.244727
    802370    0.241751
    802380     0.24521
    802390    0.245596
    802400    0.236356
    802410    0.239587
    802420    0.239218
    802430    0.242835
    802440    0.238752
    802450    0.241633
    802460    0.238446
    802470    0.238311
    802480    0.241305
    802490    0.238532
    802500    0.241462
    802510    0.244451
    802520    0.249203
    802530    0.238118
    802540    0.237353
    802550    0.241227
    802560    0.238969
    802570    0.241658
    802580    0.237085
    802590    0.238733
    802600    0.238044
    802610     0.23767
    802620    0.236877
    802630     0.24234
    802640    0.244753
    802650    0.235364
    802660     0.24159
    802670    0.238629
    802680    0.240622
    802690    0.238645
    802700     0.24007
    802710      0.2377
    802720    0.241492
    802730    0.242775
    802740     0.24297
    802750    0.236389
    802760     0.24408
    802770    0.243857
    802780    0.239089
    802790     0.24125
    802800    0.242203
    802810    0.241724
    802820    0.237093
    802830    0.240245
    802840    0.236135
    802850    0.245267
    802860    0.244609
    802870     0.24529
    802880    0.240945
    802890    0.242014
    802900    0.238605
    802910    0.241834
    802920     0.24324
    802930    0.233927
    802940    0.239072
    802950    0.241385
    802960    0.237393
    802970    0.239762
    802980    0.236011
    802990    0.235842
    803000    0.239122
    803010    0.236098
    803020    0.241114
    803030    0.238321
    803040    0.246585
    803050    0.238478
    803060    0.239554
    803070    0.239315
    803080    0.239932
    803090    0.239164
    803100    0.241161
    803110    0.238704
    803120    0.241413
    803130    0.243324
    803140    0.240017
    803150    0.240783
    803160    0.245171
    803170    0.239813
    803180    0.240597
    803190    0.243083
    803200    0.250605
    803210    0.238683
    803220    0.241613
    803230    0.249756
    803240    0.237068
    803250    0.237596
    803260    0.237674
    803270    0.237677
    803280    0.244217
    803290    0.240272
    803300    0.238824
    803310    0.242984
    803320    0.241433
    803330    0.242973
    803340    0.242723
    803350     0.23818
    803360     0.23876
    803370    0.239082
    803380     0.23856
    803390    0.239961
    803400    0.240088
    803410    0.232833
    803420    0.236145
    803430    0.242121
    803440    0.234086
    803450    0.238734
    803460    0.241789
    803470    0.239068
    803480    0.243175
    803490    0.241758
    803500    0.242665
    803510    0.238258
    803520    0.237498
    803530     0.23342
    803540    0.239452
    803550    0.237524
    803560    0.236883
    803570    0.236495
    803580    0.234335
    803590    0.242289
    803600    0.238864
    803610    0.239523
    803620    0.239694
    803630    0.238416
    803640    0.237905
    803650    0.237721
    803660    0.239803
    803670    0.236078
    803680     0.23472
    803690    0.238205
    803700    0.242125
    803710    0.235702
    803720    0.240852
    803730    0.235084
    803740    0.241757
    803750    0.241809
    803760    0.243586
    803770    0.238233
    803780    0.236265
    803790     0.23983
    803800    0.237339
    803810    0.236873
    803820    0.238095
    803830    0.237847
    803840     0.23728
    803850     0.24065
    803860    0.238499
    803870    0.233637
    803880    0.242544
    803890    0.235629
    803900    0.235909
    803910    0.235297
    803920    0.237885
    803930     0.23877
    803940    0.235162
    803950    0.239226
    803960    0.235758
    803970    0.237872
    803980    0.234634
    803990    0.240969
    804000    0.242654
    804010    0.240361
    804020    0.235845
    804030    0.237278
    804040    0.242487
    804050    0.235013
    804060    0.238174
    804070    0.237181
    804080    0.236453
    804090    0.236857
    804100    0.235652
    804110    0.240176
    804120    0.239233
    804130    0.242893
    804140    0.237228
    804150    0.241162
    804160    0.237528
    804170     0.24383
    804180     0.23996
    804190    0.238488
    804200    0.238348
    804210    0.243863
    804220    0.242006
    804230     0.23192
    804240    0.242006
    804250    0.238499
    804260    0.235688
    804270    0.244783
    804280    0.239939
    804290    0.238677
    804300    0.236701
    804310    0.243769
    804320    0.235333
    804330    0.237186
    804340     0.23348
    804350    0.232616
    804360    0.242591
    804370    0.242898
    804380    0.239301
    804390    0.235145
    804400     0.24456
    804410    0.245481
    804420    0.241844
    804430    0.241359
    804440    0.241024
    804450     0.24267
    804460    0.240684
    804470    0.237698
    804480    0.239103
    804490    0.241383
    804500    0.239189
    804510    0.240516
    804520    0.235991
    804530    0.243649
    804540    0.243274
    804550    0.239759
    804560    0.246743
    804570    0.243031
    804580     0.24034
    804590     0.24669
    804600    0.242183
    804610     0.24496
    804620    0.242814
    804630    0.243479
    804640    0.256811
    804650     0.24394
    804660    0.250505
    804670     0.24166
    804680     0.24825
    804690    0.245958
    804700     0.24784
    804710    0.244441
    804720      0.2531
    804730    0.245011
    804740    0.249124
    804750    0.249083
    804760    0.248715
    804770    0.247363
    804780    0.250079
    804790    0.250359
    804800     0.25488
    804810    0.250931
    804820    0.251422
    804830    0.245757
    804840    0.251367
    804850    0.240669
    804860    0.239548
    804870    0.244963
    804880    0.248551
    804890    0.245451
    804900    0.241864
    804910    0.236036
    804920    0.240763
    804930    0.242445
    804940    0.246137
    804950      0.2432
    804960    0.250179
    804970    0.244115
    804980    0.246115
    804990    0.247235
    805000    0.245855
    805010    0.246376
    805020    0.238357
    805030    0.246872
    805040    0.250079
    805050    0.252843
    805060    0.247803
    805070    0.250384
    805080     0.24483
    805090    0.244516
    805100    0.249225
    805110    0.238316
    805120    0.248204
    805130    0.243991
    805140    0.249082
    805150    0.249402
    805160    0.256541
    805170    0.252322
    805180    0.249254
    805190    0.243499
    805200    0.246668
    805210    0.248135
    805220     0.24122
    805230    0.246817
    805240    0.245924
    805250    0.245059
    805260    0.251173
    805270    0.248307
    805280    0.247768
    805290    0.245421
    805300     0.24636
    805310    0.246034
    805320    0.243277
    805330    0.243752
    805340    0.244965
    805350    0.242448
    805360    0.242637
    805370    0.249913
    805380    0.249009
    805390    0.249272
    805400    0.242869
    805410    0.245698
    805420    0.248407
    805430    0.249767
    805440    0.243008
    805450    0.245844
    805460    0.243576
    805470    0.250822
    805480    0.245642
    805490    0.248054
    805500    0.248576
    805510    0.250485
    805520    0.251043
    805530     0.24461
    805540    0.248766
    805550    0.244468
    805560    0.248075
    805570    0.250154
    805580    0.245651
    805590    0.243736
    805600    0.244537
    805610    0.240338
    805620    0.255582
    805630    0.247928
    805640    0.249778
    805650    0.245969
    805660      0.2469
    805670     0.24607
    805680    0.249077
    805690    0.248528
    805700    0.246147
    805710    0.241677
    805720    0.245309
    805730    0.250163
    805740    0.249592
    805750    0.247675
    805760    0.245072
    805770    0.246708
    805780    0.247297
    805790    0.245542
    805800    0.254722
    805810    0.249466
    805820    0.247501
    805830    0.243071
    805840     0.24451
    805850    0.243981
    805860    0.247364
    805870    0.248057
    805880    0.241361
    805890    0.246283
    805900    0.245491
    805910    0.248477
    805920    0.243112
    805930    0.242451
    805940    0.247107
    805950    0.248692
    805960    0.245659
    805970    0.247892
    805980    0.243356
    805990    0.240687
    806000    0.243957
    806010    0.243831
    806020    0.241839
    806030    0.244009
    806040    0.245796
    806050    0.245138
    806060    0.248074
    806070    0.243845
    806080    0.246366
    806090    0.246746
    806100    0.249816
    806110    0.246195
    806120     0.24878
    806130    0.244059
    806140    0.236502
    806150    0.240524
    806160     0.24119
    806170     0.24525
    806180     0.24391
    806190    0.243047
    806200    0.246332
    806210    0.246526
    806220    0.246937
    806230    0.245081
    806240    0.248018
    806250    0.243167
    806260     0.24397
    806270    0.239892
    806280    0.239729
    806290    0.242798
    806300    0.242736
    806310    0.242476
    806320    0.248198
    806330    0.247476
    806340     0.24715
    806350    0.245092
    806360    0.247117
    806370     0.23884
    806380    0.236474
    806390    0.239579
    806400    0.248822
    806410    0.248673
    806420     0.24459
    806430    0.248881
    806440    0.249511
    806450    0.247925
    806460    0.250196
    806470    0.243706
    806480    0.248175
    806490    0.248729
    806500    0.245727
    806510    0.243192
    806520    0.249346
    806530    0.247948
    806540    0.249095
    806550    0.245928
    806560     0.24882
    806570    0.243866
    806580    0.243551
    806590    0.245991
    806600    0.247686
    806610    0.243209
    806620    0.242929
    806630    0.246156
    806640    0.240974
    806650    0.247125
    806660    0.249759
    806670    0.242942
    806680    0.248764
    806690    0.247204
    806700    0.254797
    806710    0.246291
    806720    0.248741
    806730    0.248228
    806740    0.245659
    806750    0.246971
    806760    0.245862
    806770    0.248333
    806780    0.249416
    806790    0.251645
    806800    0.248419
    806810     0.24854
    806820    0.248745
    806830    0.242099
    806840    0.242434
    806850    0.251206
    806860    0.243515
    806870    0.244196
    806880     0.24389
    806890    0.246617
    806900    0.249479
    806910    0.251752
    806920    0.245889
    806930    0.245433
    806940    0.246438
    806950    0.247998
    806960    0.249741
    806970    0.250217
    806980    0.248412
    806990    0.246383
    807000    0.246542
    807010    0.247751
    807020     0.24464
    807030    0.246394
    807040    0.254718
    807050     0.24465
    807060    0.248416
    807070    0.247564
    807080    0.246678
    807090    0.249113
    807100    0.239402
    807110    0.244346
    807120    0.242362
    807130    0.241234
    807140    0.242852
    807150    0.239417
    807160    0.245044
    807170    0.241375
    807180    0.249299
    807190    0.247794
    807200    0.243566
    807210    0.240718
    807220    0.239683
    807230    0.239864
    807240    0.244539
    807250    0.241081
    807260     0.25005
    807270    0.244358
    807280    0.240475
    807290    0.243831
    807300    0.243107
    807310     0.24908
    807320    0.245686
    807330    0.248873
    807340    0.251266
    807350    0.244601
    807360    0.247133
    807370    0.248299
    807380    0.242676
    807390    0.244193
    807400     0.24379
    807410     0.24955
    807420    0.249173
    807430    0.247548
    807440     0.24141
    807450    0.245568
    807460    0.243247
    807470    0.247216
    807480    0.249077
    807490    0.240696
    807500    0.245252
    807510    0.245471
    807520    0.249607
    807530    0.252946
    807540    0.243954
    807550    0.242689
    807560    0.246137
    807570    0.243377
    807580    0.242564
    807590    0.242453
    807600     0.24085
    807610    0.242247
    807620    0.244696
    807630    0.245313
    807640    0.244009
    807650    0.244031
    807660    0.238588
    807670    0.243248
    807680    0.246453
    807690     0.24169
    807700    0.242493
    807710    0.241947
    807720    0.245001
    807730    0.241452
    807740    0.246161
    807750    0.241467
    807760    0.241492
    807770    0.246436
    807780    0.246033
    807790    0.239624
    807800    0.244065
    807810     0.24098
    807820    0.245188
    807830    0.247257
    807840    0.241669
    807850     0.24313
    807860    0.243359
    807870    0.240523
    807880    0.245144
    807890     0.24161
    807900    0.238974
    807910    0.244603
    807920    0.246059
    807930    0.244628
    807940    0.244606
    807950    0.240444
    807960    0.245361
    807970    0.243968
    807980    0.242981
    807990    0.247066
    808000    0.243986
    808010     0.24179
    808020    0.240323
    808030    0.243447
    808040    0.240597
    808050    0.245731
    808060    0.243168
    808070    0.240982
    808080    0.244134
    808090    0.243261
    808100    0.244726
    808110    0.244473
    808120    0.240325
    808130    0.246891
    808140    0.241667
    808150    0.244906
    808160    0.241608
    808170    0.246247
    808180     0.24708
    808190    0.250977
    808200     0.24779
    808210    0.247295
    808220     0.24432
    808230    0.245757
    808240    0.244178
    808250    0.241678
    808260    0.247851
    808270    0.244139
    808280    0.246086
    808290    0.246684
    808300     0.24579
    808310     0.24739
    808320    0.250942
    808330    0.248935
    808340    0.249684
    808350    0.248228
    808360     0.24243
    808370    0.249334
    808380    0.243676
    808390    0.249846
    808400    0.243676
    808410    0.243052
    808420    0.242781
    808430    0.244645
    808440    0.243856
    808450    0.244861
    808460    0.247706
    808470    0.245808
    808480    0.239948
    808490    0.244947
    808500    0.241899
    808510    0.249236
    808520    0.249784
    808530    0.244996
    808540    0.246372
    808550    0.247878
    808560    0.248023
    808570    0.244546
    808580    0.241746
    808590    0.238175
    808600    0.240088
    808610    0.242638
    808620    0.244688
    808630    0.241696
    808640    0.241759
    808650     0.24075
    808660    0.244241
    808670    0.237947
    808680     0.24072
    808690    0.242577
    808700    0.243404
    808710    0.241127
    808720    0.243482
    808730     0.24172
    808740    0.233269
    808750    0.236414
    808760    0.239498
    808770    0.240336
    808780    0.235411
    808790    0.236277
    808800    0.241317
    808810    0.238042
    808820    0.245866
    808830     0.23664
    808840    0.240691
    808850    0.242508
    808860    0.239614
    808870    0.238948
    808880    0.240957
    808890    0.241563
    808900     0.23849
    808910    0.239476
    808920    0.244742
    808930    0.241927
    808940     0.24498
    808950    0.242937
    808960    0.239288
    808970    0.239003
    808980    0.241797
    808990    0.237879
    809000    0.242425
    809010    0.242259
    809020    0.239743
    809030    0.244567
    809040    0.242636
    809050    0.240513
    809060    0.243025
    809070    0.242264
    809080    0.242181
    809090    0.244716
    809100    0.246655
    809110    0.238589
    809120    0.241734
    809130    0.241812
    809140    0.239864
    809150    0.239074
    809160    0.237974
    809170    0.239879
    809180    0.239713
    809190    0.239073
    809200    0.237008
    809210     0.23679
    809220    0.241451
    809230    0.241202
    809240     0.24222
    809250    0.246494
    809260    0.234923
    809270    0.234823
    809280    0.239749
    809290    0.243036
    809300    0.238152
    809310    0.242761
    809320    0.240043
    809330    0.237467
    809340    0.241011
    809350    0.242524
    809360    0.244701
    809370    0.241342
    809380    0.237578
    809390    0.236403
    809400    0.241822
    809410    0.240281
    809420    0.244681
    809430    0.243561
    809440    0.249562
    809450    0.243708
    809460    0.247765
    809470    0.249968
    809480    0.245778
    809490    0.246092
    809500    0.245625
    809510    0.242673
    809520    0.248345
    809530    0.245178
    809540    0.242299
    809550    0.238512
    809560    0.236723
    809570    0.234753
    809580    0.237312
    809590    0.235242
    809600    0.237371
    809610    0.235377
    809620    0.239094
    809630    0.237277
    809640    0.238144
    809650    0.241842
    809660    0.237299
    809670    0.235224
    809680    0.236201
    809690    0.238867
    809700    0.239136
    809710    0.240592
    809720    0.242929
    809730    0.239912
    809740    0.240035
    809750    0.239514
    809760    0.242646
    809770    0.239261
    809780    0.237296
    809790     0.24069
    809800    0.238388
    809810    0.238972
    809820    0.246087
    809830    0.242981
    809840    0.239197
    809850    0.239073
    809860    0.239994
    809870    0.238202
    809880    0.239217
    809890    0.240813
    809900    0.237481
    809910    0.243757
    809920    0.243612
    809930    0.237431
    809940    0.238666
    809950    0.242778
    809960    0.241058
    809970    0.238762
    809980    0.236656
    809990     0.23963
    810000    0.238443
    810010    0.240419
    810020    0.235966
    810030    0.240355
    810040    0.238285
    810050    0.235001
    810060    0.236324
    810070     0.24271
    810080    0.243455
    810090    0.240204
    810100    0.244121
    810110    0.242013
    810120    0.238062
    810130    0.243274
    810140    0.236309
    810150    0.239662
    810160    0.240217
    810170    0.241531
    810180    0.238538
    810190    0.244017
    810200     0.24469
    810210    0.238162
    810220    0.242477
    810230    0.242834
    810240    0.241802
    810250    0.237684
    810260     0.23772
    810270    0.235019
    810280    0.237387
    810290    0.238032
    810300    0.241535
    810310    0.241048
    810320    0.239905
    810330    0.242378
    810340    0.243255
    810350    0.234726
    810360    0.239936
    810370    0.231133
    810380    0.229766
    810390    0.233587
    810400    0.236934
    810410    0.236429
    810420     0.23616
    810430    0.236403
    810440    0.236469
    810450    0.239647
    810460    0.236669
    810470    0.234793
    810480    0.233737
    810490    0.236859
    810500    0.234367
    810510    0.235469
    810520     0.23957
    810530    0.235052
    810540    0.235404
    810550     0.23626
    810560    0.240206
    810570    0.234876
    810580    0.236241
    810590    0.239399
    810600    0.235252
    810610    0.240904
    810620    0.240654
    810630    0.235884
    810640    0.241025
    810650    0.241818
    810660    0.234816
    810670    0.233971
    810680    0.237602
    810690    0.236709
    810700    0.232375
    810710    0.238326
    810720    0.239061
    810730     0.23458
    810740    0.232915
    810750    0.235953
    810760    0.232813
    810770    0.232607
    810780    0.231597
    810790    0.236465
    810800    0.235343
    810810    0.237652
    810820    0.238453
    810830    0.242699
    810840    0.245757
    810850    0.244987
    810860    0.240332
    810870    0.240717
    810880    0.238932
    810890    0.243436
    810900     0.24237
    810910    0.240082
    810920    0.243787
    810930    0.241999
    810940    0.236647
    810950    0.239384
    810960    0.232075
    810970    0.239269
    810980    0.240596
    810990    0.244705
    811000     0.24841
    811010    0.238157
    811020    0.242148
    811030    0.243045
    811040    0.244573
    811050    0.242899
    811060    0.246033
    811070    0.241229
    811080      0.2463
    811090    0.240718
    811100    0.240808
    811110    0.239872
    811120    0.246201
    811130    0.244106
    811140    0.243719
    811150    0.244738
    811160    0.243132
    811170    0.245254
    811180    0.245322
    811190    0.241017
    811200    0.239398
    811210    0.240449
    811220      0.2403
    811230    0.237663
    811240    0.243059
    811250    0.241714
    811260    0.241414
    811270    0.242467
    811280    0.245284
    811290    0.245922
    811300    0.244307
    811310    0.241201
    811320    0.246792
    811330    0.244958
    811340    0.243934
    811350    0.238372
    811360    0.236816
    811370    0.243331
    811380    0.242259
    811390    0.243568
    811400    0.246109
    811410     0.24633
    811420    0.238996
    811430    0.247703
    811440    0.241644
    811450    0.238834
    811460    0.245982
    811470    0.240083
    811480    0.239619
    811490    0.240289
    811500    0.245159
    811510    0.246447
    811520    0.241803
    811530    0.242217
    811540    0.243733
    811550    0.247038
    811560    0.241739
    811570    0.243167
    811580    0.246039
    811590    0.247773
    811600    0.250117
    811610    0.245317
    811620    0.245359
    811630    0.245842
    811640    0.243036
    811650    0.245007
    811660    0.247354
    811670    0.240588
    811680    0.241185
    811690     0.24484
    811700    0.245578
    811710    0.242664
    811720    0.241701
    811730    0.242002
    811740    0.246242
    811750    0.243899
    811760    0.234657
    811770    0.245682
    811780    0.244838
    811790     0.24375
    811800    0.246725
    811810    0.245538
    811820     0.24606
    811830     0.24902
    811840    0.241276
    811850    0.245005
    811860    0.245822
    811870    0.246544
    811880    0.246179
    811890    0.245314
    811900    0.242712
    811910    0.240332
    811920    0.248701
    811930     0.24982
    811940      0.2454
    811950    0.240829
    811960     0.24619
    811970    0.251032
    811980    0.246096
    811990    0.241682
    812000    0.246232
    812010    0.242818
    812020    0.244893
    812030    0.247885
    812040    0.253465
    812050    0.243514
    812060    0.247281
    812070    0.248362
    812080    0.242854
    812090    0.243952
    812100    0.243802
    812110    0.242633
    812120    0.237426
    812130    0.238691
    812140    0.238698
    812150    0.243182
    812160    0.244155
    812170    0.239826
    812180    0.238211
    812190    0.249058
    812200    0.251524
    812210     0.24881
    812220    0.249328
    812230    0.241424
    812240    0.241977
    812250    0.247698
    812260    0.247314
    812270    0.254053
    812280    0.244704
    812290    0.246912
    812300    0.251322
    812310     0.24232
    812320    0.240082
    812330    0.246678
    812340    0.246871
    812350    0.241887
    812360    0.240643
    812370    0.240643
    812380    0.244067
    812390    0.238486
    812400    0.240308
    812410    0.233208
    812420    0.238675
    812430    0.241968
    812440    0.246403
    812450    0.243642
    812460    0.244395
    812470     0.24045
    812480    0.244889
    812490    0.240493
    812500    0.245669
    812510    0.247415
    812520    0.238629
    812530    0.243331
    812540    0.244295
    812550    0.238111
    812560    0.243803
    812570    0.252914
    812580    0.243508
    812590     0.25016
    812600    0.247733
    812610    0.243317
    812620    0.242755
    812630    0.238023
    812640    0.237582
    812650    0.239784
    812660    0.237217
    812670    0.243385
    812680    0.243763
    812690    0.244307
    812700    0.239865
    812710    0.238998
    812720     0.24255
    812730    0.244826
    812740    0.241972
    812750    0.248196
    812760    0.248055
    812770     0.24572
    812780     0.24642
    812790    0.238484
    812800    0.252698
    812810    0.245422
    812820    0.249495
    812830    0.247284
    812840    0.245446
    812850    0.245255
    812860    0.242282
    812870    0.244412
    812880    0.240588
    812890    0.235152
    812900    0.232194
    812910    0.237786
    812920    0.242205
    812930    0.236987
    812940    0.238925
    812950     0.24005
    812960     0.24532
    812970    0.235612
    812980    0.240008
    812990    0.236497
    813000    0.234171
    813010    0.238871
    813020    0.234524
    813030    0.240704
    813040    0.240994
    813050    0.243476
    813060    0.236697
    813070    0.240106
    813080     0.23535
    813090     0.23526
    813100    0.248189
    813110    0.251588
    813120    0.238671
    813130    0.245731
    813140    0.246102
    813150    0.242037
    813160    0.246101
    813170     0.25531
    813180    0.242783
    813190    0.241404
    813200    0.250057
    813210    0.247318
    813220    0.239091
    813230     0.23551
    813240    0.241437
    813250     0.23927
    813260    0.238544
    813270    0.237394
    813280     0.24155
    813290    0.239029
    813300    0.243779
    813310    0.235671
    813320    0.240981
    813330    0.241087
    813340    0.250253
    813350    0.252997
    813360    0.260604
    813370    0.258717
    813380    0.255802
    813390    0.248655
    813400     0.24241
    813410    0.246209
    813420     0.24087
    813430    0.246452
    813440    0.238188
    813450    0.246141
    813460    0.243563
    813470    0.247123
    813480    0.249787
    813490    0.247807
    813500    0.242365
    813510    0.246151
    813520    0.251342
    813530    0.242847
    813540     0.24221
    813550    0.243478
    813560    0.244231
    813570    0.246538
    813580    0.241309
    813590    0.233632
    813600    0.244703
    813610    0.232528
    813620    0.239671
    813630    0.244373
    813640    0.239774
    813650    0.240043
    813660    0.236756
    813670    0.240638
    813680    0.236182
    813690    0.240844
    813700    0.240629
    813710     0.24065
    813720    0.240398
    813730    0.238702
    813740    0.242819
    813750    0.244213
    813760    0.247526
    813770    0.245531
    813780    0.249335
    813790    0.239686
    813800    0.241434
    813810    0.236602
    813820    0.246424
    813830    0.244398
    813840     0.24413
    813850    0.242844
    813860    0.240863
    813870    0.244712
    813880    0.244934
    813890    0.248233
    813900    0.246136
    813910    0.251034
    813920    0.240571
    813930    0.247643
    813940    0.244309
    813950    0.243206
    813960    0.238344
    813970    0.245715
    813980     0.24684
    813990    0.245904
    814000    0.244089
    814010    0.235674
    814020    0.238491
    814030    0.246652
    814040    0.241016
    814050    0.240211
    814060    0.239295
    814070    0.238048
    814080    0.231881
    814090    0.244304
    814100    0.244095
    814110     0.24252
    814120     0.24101
    814130    0.240032
    814140    0.249273
    814150    0.249205
    814160    0.247266
    814170    0.250375
    814180    0.250457
    814190    0.249984
    814200    0.249078
    814210     0.25028
    814220     0.23816
    814230    0.248274
    814240    0.240587
    814250    0.242096
    814260    0.243288
    814270    0.236177
    814280    0.243363
    814290    0.241102
    814300    0.241385
    814310    0.241227
    814320    0.243961
    814330    0.251705
    814340    0.246533
    814350    0.246267
    814360     0.25312
    814370    0.252201
    814380    0.250114
    814390    0.256479
    814400    0.246308
    814410    0.254235
    814420    0.259473
    814430    0.250708
    814440    0.246524
    814450    0.253068
    814460    0.239108
    814470     0.24959
    814480    0.247958
    814490    0.243197
    814500    0.257091
    814510     0.24148
    814520    0.247321
    814530    0.245457
    814540    0.246776
    814550    0.249098
    814560    0.252444
    814570    0.248181
    814580    0.251978
    814590    0.247657
    814600    0.247458
    814610    0.240046
    814620    0.251745
    814630    0.247249
    814640    0.257869
    814650    0.251709
    814660    0.245702
    814670     0.24659
    814680    0.257381
    814690    0.244321
    814700    0.250606
    814710    0.246809
    814720    0.245588
    814730    0.252127
    814740    0.250947
    814750    0.253818
    814760    0.252954
    814770    0.249076
    814780    0.248206
    814790    0.238498
    814800    0.246515
    814810    0.246126
    814820    0.245537
    814830    0.240302
    814840    0.245299
    814850    0.249949
    814860    0.245863
    814870    0.250731
    814880    0.246121
    814890    0.247635
    814900    0.248871
    814910    0.240407
    814920    0.243647
    814930    0.246583
    814940    0.248517
    814950    0.252803
    814960    0.251353
    814970    0.242967
    814980    0.243835
    814990    0.244835
    815000    0.243637
    815010    0.241746
    815020    0.242535
    815030    0.242947
    815040     0.24419
    815050     0.24065
    815060    0.244097
    815070    0.238428
    815080    0.240933
    815090    0.239085
    815100      0.2479
    815110    0.248947
    815120    0.249592
    815130    0.251997
    815140    0.250179
    815150    0.242118
    815160    0.248805
    815170    0.244742
    815180    0.246451
    815190    0.238497
    815200    0.240025
    815210    0.242545
    815220    0.246504
    815230    0.251021
    815240    0.247376
    815250    0.252079
    815260     0.23782
    815270    0.241139
    815280    0.238629
    815290    0.238587
    815300    0.247417
    815310    0.243551
    815320    0.241991
    815330    0.248597
    815340    0.241533
    815350     0.24077
    815360    0.249167
    815370    0.249784
    815380    0.242213
    815390    0.248577
    815400    0.247249
    815410    0.246803
    815420    0.244499
    815430     0.25083
    815440    0.244604
    815450    0.253178
    815460    0.250618
    815470    0.239257
    815480    0.252045
    815490    0.250003
    815500    0.246413
    815510    0.248362
    815520    0.248785
    815530    0.251375
    815540    0.249026
    815550    0.253559
    815560    0.260285
    815570    0.259016
    815580    0.262424
    815590    0.253992
    815600     0.25381
    815610    0.250611
    815620    0.251552
    815630    0.247632
    815640    0.251331
    815650    0.248665
    815660    0.245322
    815670    0.247348
    815680    0.250168
    815690    0.245508
    815700    0.251894
    815710    0.252054
    815720    0.244152
    815730    0.247136
    815740    0.248981
    815750    0.250007
    815760    0.251274
    815770    0.251302
    815780    0.252537
    815790    0.251528
    815800    0.252935
    815810    0.250098
    815820    0.245571
    815830    0.247793
    815840    0.252911
    815850    0.246465
    815860    0.244348
    815870    0.246626
    815880    0.245802
    815890    0.247441
    815900    0.249479
    815910    0.255041
    815920    0.249217
    815930    0.249745
    815940    0.247014
    815950    0.246281
    815960    0.244961
    815970    0.249001
    815980    0.246968
    815990    0.252435
    816000    0.250385
    816010    0.248948
    816020    0.247958
    816030    0.248478
    816040    0.252683
    816050    0.251889
    816060    0.246757
    816070    0.250876
    816080    0.246359
    816090    0.248609
    816100    0.249907
    816110    0.249073
    816120    0.242849
    816130    0.246372
    816140    0.243988
    816150    0.246029
    816160    0.244181
    816170    0.243682
    816180    0.247046
    816190    0.243612
    816200    0.248927
    816210    0.254586
    816220    0.245228
    816230    0.239509
    816240    0.247605
    816250     0.24738
    816260    0.244274
    816270    0.248185
    816280    0.245881
    816290    0.247579
    816300    0.244104
    816310    0.246907
    816320    0.244216
    816330    0.244062
    816340    0.246558
    816350    0.246289
    816360    0.242852
    816370    0.245654
    816380    0.252119
    816390    0.246156
    816400    0.251672
    816410    0.249021
    816420    0.252691
    816430    0.250181
    816440    0.243407
    816450    0.242068
    816460    0.248454
    816470    0.246339
    816480    0.250671
    816490    0.251496
    816500    0.249928
    816510    0.248307
    816520    0.247438
    816530    0.245249
    816540    0.256563
    816550    0.248243
    816560    0.245858
    816570    0.249437
    816580    0.254997
    816590     0.26153
    816600    0.254483
    816610    0.254607
    816620    0.246304
    816630    0.250567
    816640    0.255249
    816650    0.247718
    816660    0.250078
    816670    0.241796
    816680    0.243616
    816690    0.241058
    816700    0.246163
    816710    0.249346
    816720    0.244264
    816730    0.244549
    816740     0.24839
    816750     0.24611
    816760    0.249865
    816770    0.247894
    816780    0.245661
    816790     0.24713
    816800    0.257444
    816810     0.25421
    816820    0.257637
    816830    0.252608
    816840    0.247222
    816850    0.254023
    816860    0.247638
    816870    0.249903
    816880    0.247492
    816890    0.251829
    816900    0.249814
    816910    0.250389
    816920    0.244452
    816930    0.241716
    816940    0.248454
    816950    0.247223
    816960     0.24824
    816970    0.249919
    816980    0.245724
    816990    0.250417
    817000    0.248994
    817010    0.252877
    817020    0.250332
    817030    0.251205
    817040    0.248833
    817050    0.243102
    817060     0.23849
    817070    0.241878
    817080    0.242345
    817090    0.257611
    817100    0.241032
    817110    0.244693
    817120    0.240511
    817130     0.24881
    817140    0.254864
    817150    0.247371
    817160    0.247512
    817170    0.246166
    817180    0.246014
    817190    0.241743
    817200    0.246823
    817210    0.244026
    817220    0.249529
    817230     0.24448
    817240    0.243723
    817250     0.24311
    817260    0.246482
    817270    0.252041
    817280    0.249981
    817290    0.246523
    817300    0.243391
    817310     0.24863
    817320    0.244017
    817330    0.242757
    817340    0.245696
    817350    0.249415
    817360    0.247057
    817370    0.250866
    817380      0.2473
    817390    0.246238
    817400      0.2471
    817410    0.244958
    817420    0.252092
    817430    0.249945
    817440    0.242881
    817450    0.242325
    817460    0.240806
    817470    0.246066
    817480    0.249545
    817490    0.249303
    817500    0.243038
    817510    0.247381
    817520     0.24774
    817530    0.239321
    817540    0.243929
    817550    0.244638
    817560    0.244988
    817570    0.244094
    817580    0.243612
    817590    0.248717
    817600    0.246396
    817610    0.248795
    817620    0.245989
    817630    0.244701
    817640    0.247215
    817650    0.244887
    817660      0.2492
    817670    0.252175
    817680     0.24539
    817690    0.245791
    817700    0.244501
    817710    0.247042
    817720    0.248795
    817730    0.249262
    817740    0.246269
    817750    0.249164
    817760    0.245097
    817770    0.243541
    817780    0.244137
    817790    0.255351
    817800    0.246886
    817810    0.246219
    817820    0.254234
    817830    0.246191
    817840    0.251133
    817850    0.243329
    817860    0.242531
    817870    0.248592
    817880    0.245924
    817890    0.245883
    817900    0.248962
    817910    0.249674
    817920    0.244425
    817930    0.248369
    817940    0.250393
    817950    0.244067
    817960    0.246478
    817970    0.249925
    817980    0.248651
    817990    0.251118
    818000    0.247592
    818010    0.242649
    818020    0.244352
    818030    0.244497
    818040    0.244038
    818050    0.249892
    818060    0.241686
    818070     0.24334
    818080    0.257221
    818090    0.244525
    818100    0.251296
    818110    0.249884
    818120    0.248215
    818130    0.245791
    818140    0.239958
    818150    0.247824
    818160    0.243322
    818170    0.243952
    818180    0.246882
    818190    0.244876
    818200    0.245169
    818210     0.24726
    818220    0.248075
    818230     0.24886
    818240    0.248496
    818250    0.249059
    818260    0.245376
    818270    0.242664
    818280    0.244705
    818290    0.248017
    818300    0.243961
    818310    0.245418
    818320    0.246232
    818330    0.246154
    818340    0.247184
    818350    0.246054
    818360    0.245223
    818370    0.246921
    818380    0.248791
    818390    0.250396
    818400    0.248037
    818410    0.243369
    818420    0.248073
    818430    0.251303
    818440    0.242134
    818450    0.244197
    818460    0.242029
    818470    0.246077
    818480    0.248754
    818490    0.249875
    818500    0.248286
    818510    0.246415
    818520    0.247782
    818530     0.24618
    818540    0.246182
    818550    0.249687
    818560    0.249413
    818570    0.253362
    818580    0.249357
    818590    0.241824
    818600    0.252147
    818610    0.258169
    818620    0.247969
    818630    0.252779
    818640    0.250875
    818650    0.249004
    818660    0.247872
    818670    0.249011
    818680    0.248921
    818690    0.254013
    818700    0.245955
    818710    0.244528
    818720    0.251728
    818730    0.254524
    818740    0.248299
    818750    0.243432
    818760     0.25011
    818770    0.248291
    818780     0.25233
    818790    0.248049
    818800    0.256486
    818810    0.249369
    818820    0.257588
    818830    0.255267
    818840     0.25017
    818850    0.252407
    818860    0.259517
    818870    0.252226
    818880     0.25526
    818890    0.245888
    818900    0.255587
    818910    0.256284
    818920    0.251009
    818930    0.245812
    818940    0.246115
    818950    0.251518
    818960    0.247639
    818970    0.253122
    818980    0.250399
    818990    0.250607
    819000    0.249438
    819010    0.245153
    819020    0.247865
    819030    0.244295
    819040    0.244204
    819050    0.249097
    819060    0.265025
    819070    0.250885
    819080    0.247282
    819090    0.252539
    819100    0.248443
    819110    0.249084
    819120    0.249948
    819130    0.244026
    819140    0.246481
    819150    0.252534
    819160     0.24566
    819170    0.245432
    819180    0.245163
    819190    0.242056
    819200    0.248817
    819210    0.247823
    819220     0.25194
    819230    0.246912
    819240    0.247645
    819250    0.249357
    819260    0.245954
    819270     0.25039
    819280    0.254013
    819290    0.247725
    819300    0.247342
    819310    0.251878
    819320    0.247677
    819330    0.247882
    819340    0.251028
    819350    0.248138
    819360    0.248575
    819370    0.247366
    819380    0.246195
    819390    0.249929
    819400    0.250468
    819410    0.244844
    819420    0.248221
    819430    0.242703
    819440    0.246466
    819450    0.248995
    819460    0.249629
    819470    0.247091
    819480      0.2469
    819490    0.249395
    819500    0.244718
    819510    0.248658
    819520    0.247839
    819530    0.253059
    819540    0.247767
    819550    0.242243
    819560    0.247294
    819570    0.246602
    819580    0.245262
    819590    0.248724
    819600    0.244643
    819610     0.24875
    819620    0.246363
    819630    0.244419
    819640    0.245649
    819650    0.256575
    819660    0.263828
    819670    0.253921
    819680    0.253551
    819690    0.248186
    819700    0.245518
    819710    0.242401
    819720    0.250631
    819730    0.244044
    819740    0.246396
    819750    0.247544
    819760    0.251895
    819770    0.244872
    819780    0.243431
    819790    0.243632
    819800      0.2449
    819810    0.243956
    819820    0.245423
    819830    0.245055
    819840    0.244233
    819850    0.244873
    819860    0.245069
    819870    0.244026
    819880    0.246199
    819890    0.243596
    819900    0.235496
    819910    0.242995
    819920    0.242028
    819930    0.246599
    819940    0.251299
    819950    0.252574
    819960    0.255188
    819970     0.25283
    819980    0.249672
    819990    0.247692
    820000    0.245103
    820010    0.248407
    820020    0.252586
    820030    0.245052
    820040    0.243209
    820050    0.247037
    820060    0.245402
    820070    0.244651
    820080    0.244141
    820090     0.24733
    820100    0.245842
    820110    0.243965
    820120    0.245132
    820130    0.242236
    820140     0.24418
    820150    0.245945
    820160    0.244207
    820170     0.25034
    820180    0.243588
    820190    0.246788
    820200    0.250459
    820210    0.245943
    820220    0.247024
    820230    0.251228
    820240    0.248616
    820250    0.245114
    820260    0.246594
    820270    0.245749
    820280    0.246225
    820290     0.24998
    820300    0.244743
    820310    0.247299
    820320    0.247658
    820330    0.247856
    820340     0.25202
    820350    0.248825
    820360    0.244944
    820370    0.246597
    820380    0.244762
    820390    0.246932
    820400     0.24547
    820410    0.247488
    820420    0.239821
    820430    0.244819
    820440    0.243444
    820450    0.248631
    820460    0.251862
    820470    0.247701
    820480    0.252665
    820490    0.248418
    820500    0.252087
    820510    0.252512
    820520    0.256155
    820530    0.249431
    820540    0.246429
    820550    0.248989
    820560    0.254148
    820570    0.249417
    820580    0.250961
    820590    0.245669
    820600    0.246696
    820610    0.243465
    820620    0.247088
    820630    0.253972
    820640    0.245713
    820650    0.251915
    820660    0.250397
    820670    0.249966
    820680    0.251847
    820690    0.251707
    820700    0.249369
    820710    0.250189
    820720     0.25183
    820730     0.25176
    820740    0.250347
    820750    0.252778
    820760    0.250783
    820770    0.253884
    820780    0.249627
    820790    0.249614
    820800    0.245972
    820810    0.253894
    820820    0.251164
    820830    0.252629
    820840    0.246756
    820850    0.249838
    820860    0.243485
    820870    0.245207
    820880    0.255807
    820890    0.249922
    820900    0.249483
    820910    0.250346
    820920    0.248728
    820930    0.247413
    820940     0.24935
    820950    0.252098
    820960    0.248273
    820970    0.250214
    820980    0.247773
    820990    0.250548
    821000    0.248341
    821010    0.249523
    821020    0.247816
    821030    0.242389
    821040    0.244417
    821050    0.247928
    821060    0.245088
    821070    0.250331
    821080    0.249685
    821090    0.251857
    821100    0.248271
    821110    0.248967
    821120    0.253952
    821130     0.25257
    821140    0.245869
    821150    0.244719
    821160    0.241366
    821170    0.244072
    821180    0.247324
    821190    0.247099
    821200    0.249783
    821210    0.250342
    821220    0.245063
    821230    0.250734
    821240    0.245919
    821250    0.247362
    821260    0.251385
    821270    0.245846
    821280    0.252235
    821290     0.23902
    821300    0.251058
    821310    0.239154
    821320    0.247978
    821330    0.246078
    821340    0.246798
    821350    0.247175
    821360    0.251172
    821370    0.249278
    821380     0.24569
    821390    0.246177
    821400    0.251018
    821410    0.248159
    821420    0.244566
    821430    0.251922
    821440    0.248173
    821450    0.245844
    821460    0.249643
    821470    0.249602
    821480     0.24787
    821490    0.244537
    821500    0.243633
    821510    0.247959
    821520    0.244027
    821530    0.245718
    821540    0.244636
    821550     0.24421
    821560    0.248157
    821570    0.245433
    821580    0.248244
    821590    0.249516
    821600    0.251341
    821610    0.244942
    821620    0.248883
    821630    0.249883
    821640    0.249353
    821650    0.248287
    821660    0.243947
    821670    0.245867
    821680     0.24958
    821690    0.245579
    821700    0.242552
    821710    0.244469
    821720    0.243195
    821730    0.248399
    821740    0.247638
    821750    0.244465
    821760    0.246854
    821770    0.245539
    821780    0.244395
    821790    0.246676
    821800    0.245582
    821810    0.246739
    821820    0.247331
    821830     0.24252
    821840    0.246348
    821850    0.249094
    821860    0.242696
    821870    0.243678
    821880    0.244947
    821890     0.24631
    821900    0.240891
    821910    0.243569
    821920    0.243406
    821930     0.23797
    821940    0.247545
    821950    0.242662
    821960    0.248326
    821970     0.24333
    821980    0.246712
    821990    0.249143
    822000    0.249502
    822010    0.253002
    822020    0.249675
    822030    0.250507
    822040    0.252194
    822050      0.2486
    822060    0.248362
    822070    0.246748
    822080    0.245221
    822090    0.242382
    822100    0.242913
    822110    0.244635
    822120    0.243115
    822130    0.244702
    822140    0.249824
    822150     0.24421
    822160    0.244088
    822170    0.245039
    822180    0.246532
    822190    0.244195
    822200    0.242871
    822210    0.243447
    822220     0.24465
    822230    0.241485
    822240    0.243959
    822250    0.242001
    822260    0.246897
    822270    0.247537
    822280    0.244112
    822290     0.24254
    822300    0.248072
    822310    0.245815
    822320    0.246625
    822330    0.243705
    822340    0.244046
    822350    0.252349
    822360    0.243689
    822370    0.242004
    822380    0.243256
    822390    0.242316
    822400     0.24661
    822410    0.244835
    822420    0.249301
    822430    0.245957
    822440    0.246607
    822450    0.245796
    822460    0.245477
    822470    0.245021
    822480    0.242197
    822490    0.249783
    822500    0.245395
    822510    0.249307
    822520    0.247709
    822530    0.244812
    822540    0.248109
    822550    0.246509
    822560    0.247527
    822570     0.24732
    822580    0.241404
    822590    0.245863
    822600    0.243566
    822610    0.239478
    822620    0.248089
    822630    0.242287
    822640    0.244709
    822650     0.24817
    822660    0.247084
    822670    0.243006
    822680    0.244235
    822690    0.246322
    822700     0.24231
    822710    0.241535
    822720    0.242715
    822730    0.242833
    822740    0.239605
    822750    0.240014
    822760    0.244564
    822770    0.241604
    822780    0.242113
    822790    0.240209
    822800     0.24184
    822810     0.24133
    822820    0.241266
    822830    0.240441
    822840    0.243211
    822850    0.241702
    822860    0.244257
    822870    0.245012
    822880     0.24474
    822890    0.242174
    822900    0.241387
    822910    0.246398
    822920    0.243549
    822930    0.245755
    822940    0.241973
    822950    0.243998
    822960    0.248749
    822970    0.240696
    822980    0.242247
    822990    0.252368
    823000    0.249832
    823010    0.245582
    823020    0.249079
    823030    0.250344
    823040    0.249401
    823050    0.248471
    823060    0.245785
    823070     0.25198
    823080    0.247166
    823090    0.243288
    823100    0.247248
    823110    0.242625
    823120    0.248552
    823130    0.247921
    823140    0.250424
    823150    0.254844
    823160    0.246775
    823170    0.244566
    823180    0.244644
    823190    0.251958
    823200    0.245511
    823210     0.24683
    823220    0.249664
    823230    0.251386
    823240    0.252004
    823250    0.243109
    823260    0.250299
    823270    0.244252
    823280    0.250082
    823290    0.249382
    823300    0.243382
    823310    0.245039
    823320    0.248659
    823330    0.245148
    823340    0.241718
    823350    0.248525
    823360    0.248232
    823370    0.239986
    823380    0.246741
    823390    0.246448
    823400    0.247568
    823410    0.245365
    823420    0.249335
    823430    0.244281
    823440    0.249613
    823450    0.243955
    823460    0.248434
    823470    0.247547
    823480    0.245094
    823490    0.244582
    823500    0.244735
    823510    0.243665
    823520    0.245084
    823530    0.241936
    823540    0.244129
    823550    0.249557
    823560    0.250584
    823570    0.248291
    823580    0.245859
    823590    0.245582
    823600    0.248423
    823610    0.250179
    823620    0.248517
    823630    0.254427
    823640    0.240561
    823650     0.24761
    823660    0.244094
    823670    0.249089
    823680    0.246367
    823690    0.248532
    823700    0.251117
    823710    0.245389
    823720     0.23832
    823730    0.246463
    823740    0.245775
    823750    0.248608
    823760    0.254844
    823770    0.249936
    823780     0.24515
    823790    0.246885
    823800    0.251104
    823810     0.24479
    823820     0.24843
    823830    0.250295
    823840    0.244128
    823850     0.24108
    823860     0.24216
    823870     0.24302
    823880    0.250029
    823890    0.251626
    823900    0.254236
    823910    0.248981
    823920     0.24552
    823930    0.245102
    823940    0.248949
    823950    0.251341
    823960     0.24752
    823970    0.256637
    823980    0.256151
    823990    0.248107
    824000    0.250238
    824010    0.247539
    824020    0.255953
    824030    0.249376
    824040    0.252815
    824050    0.254956
    824060    0.258369
    824070    0.260031
    824080    0.248741
    824090    0.257789
    824100     0.25934
    824110    0.269487
    824120      0.2554
    824130    0.254409
    824140    0.252417
    824150    0.261012
    824160    0.248921
    824170    0.248877
    824180    0.254465
    824190    0.251442
    824200    0.252869
    824210    0.255899
    824220    0.258371
    824230    0.250688
    824240    0.258474
    824250    0.259555
    824260    0.254076
    824270    0.251974
    824280    0.252306
    824290    0.253748
    824300    0.254307
    824310    0.266903
    824320    0.257492
    824330    0.251384
    824340    0.253142
    824350    0.260893
    824360    0.260773
    824370     0.25483
    824380    0.250394
    824390    0.258194
    824400    0.258624
    824410    0.263433
    824420    0.253093
    824430    0.243551
    824440    0.248597
    824450    0.261163
    824460    0.255817
    824470    0.259801
    824480    0.247477
    824490    0.251207
    824500    0.264743
    824510    0.255072
    824520     0.25667
    824530    0.254114
    824540      0.2519
    824550    0.250575
    824560    0.252661
    824570    0.257104
    824580    0.255601
    824590     0.24803
    824600    0.267013
    824610     0.26255
    824620    0.259219
    824630    0.254071
    824640    0.254636
    824650    0.257005
    824660    0.251236
    824670    0.259927
    824680    0.254173
    824690    0.257868
    824700    0.261895
    824710    0.250435
    824720    0.248771
    824730    0.255718
    824740    0.255577
    824750    0.249509
    824760    0.249998
    824770    0.251904
    824780    0.256403
    824790    0.257218
    824800    0.254009
    824810    0.257619
    824820    0.246573
    824830    0.249515
    824840    0.255516
    824850    0.258547
    824860    0.246137
    824870    0.259167
    824880    0.242782
    824890     0.24434
    824900    0.245776
    824910    0.247188
    824920    0.239044
    824930    0.253612
    824940    0.247629
    824950    0.251837
    824960    0.255284
    824970    0.246019
    824980    0.254888
    824990    0.254335
    825000    0.253908
    825010    0.258989
    825020    0.249338
    825030    0.247862
    825040    0.251886
    825050      0.2502
    825060    0.246607
    825070    0.246753
    825080    0.250654
    825090    0.244454
    825100    0.245948
    825110     0.25224
    825120    0.248307
    825130    0.245374
    825140    0.249911
    825150    0.246064
    825160     0.24159
    825170    0.247011
    825180    0.241787
    825190    0.241192
    825200    0.245058
    825210    0.247264
    825220    0.246426
    825230    0.240953
    825240    0.245934
    825250    0.244123
    825260     0.24409
    825270    0.251184
    825280    0.249159
    825290    0.249046
    825300    0.250308
    825310    0.253974
    825320    0.240849
    825330    0.251741
    825340    0.258058
    825350    0.249635
    825360     0.24801
    825370    0.250258
    825380    0.248541
    825390    0.243089
    825400    0.246323
    825410    0.251903
    825420    0.249933
    825430    0.247893
    825440     0.25313
    825450     0.25032
    825460    0.241144
    825470    0.243959
    825480    0.248132
    825490    0.249754
    825500    0.250484
    825510    0.245533
    825520    0.240838
    825530    0.244768
    825540    0.249666
    825550    0.244346
    825560    0.243514
    825570      0.2467
    825580    0.240444
    825590    0.244615
    825600    0.249859
    825610    0.243538
    825620    0.245437
    825630    0.239056
    825640    0.247677
    825650    0.248051
    825660    0.246301
    825670    0.246069
    825680    0.250249
    825690     0.25183
    825700    0.246697
    825710    0.243886
    825720    0.251151
    825730    0.252889
    825740    0.246018
    825750    0.241609
    825760    0.247161
    825770    0.244885
    825780    0.241162
    825790    0.238916
    825800     0.24867
    825810    0.250551
    825820    0.253811
    825830    0.254022
    825840     0.24708
    825850    0.250027
    825860    0.248563
    825870    0.245803
    825880    0.245443
    825890    0.245083
    825900    0.245783
    825910    0.248544
    825920    0.244662
    825930    0.247888
    825940     0.24897
    825950    0.250969
    825960    0.246536
    825970    0.244453
    825980    0.257876
    825990    0.246679
    826000    0.251601
    826010    0.255044
    826020    0.247887
    826030    0.245938
    826040    0.246549
    826050    0.244852
    826060    0.244629
    826070    0.245143
    826080    0.245895
    826090    0.248678
    826100    0.256001
    826110    0.247899
    826120    0.249552
    826130    0.249402
    826140    0.248757
    826150     0.24221
    826160    0.249114
    826170     0.24284
    826180     0.25094
    826190    0.249986
    826200    0.251545
    826210    0.247926
    826220    0.250961
    826230    0.248359
    826240    0.252157
    826250    0.243749
    826260    0.246803
    826270    0.253772
    826280    0.247848
    826290    0.244378
    826300    0.253886
    826310    0.252227
    826320    0.254267
    826330    0.252528
    826340    0.248636
    826350    0.251655
    826360    0.249306
    826370    0.247933
    826380    0.244466
    826390    0.248915
    826400    0.247317
    826410    0.238573
    826420    0.247126
    826430    0.245991
    826440    0.242671
    826450    0.249667
    826460    0.250578
    826470    0.248068
    826480    0.246454
    826490    0.249329
    826500    0.246723
    826510    0.240165
    826520    0.251679
    826530    0.244644
    826540    0.246972
    826550      0.2426
    826560    0.243974
    826570    0.247106
    826580     0.24955
    826590     0.25074
    826600    0.246242
    826610    0.249066
    826620    0.242391
    826630     0.24845
    826640       0.241
    826650    0.246427
    826660    0.254066
    826670    0.246965
    826680    0.250362
    826690    0.246189
    826700    0.244267
    826710    0.247572
    826720    0.259508
    826730    0.247004
    826740     0.25059
    826750    0.248341
    826760    0.261491
    826770    0.257211
    826780    0.252589
    826790    0.247424
    826800    0.254121
    826810    0.243446
    826820    0.247299
    826830    0.251398
    826840    0.253063
    826850     0.25309
    826860    0.252884
    826870    0.252465
    826880    0.255137
    826890     0.24821
    826900    0.250479
    826910    0.253985
    826920    0.248243
    826930    0.244826
    826940    0.254485
    826950    0.244698
    826960    0.256632
    826970    0.245478
    826980    0.248822
    826990      0.2497
    827000    0.246439
    827010     0.24551
    827020    0.249903
    827030    0.246856
    827040    0.251671
    827050    0.246485
    827060     0.24519
    827070     0.25591
    827080     0.25078
    827090    0.245145
    827100    0.245568
    827110     0.23871
    827120    0.238439
    827130    0.238607
    827140    0.238908
    827150    0.244199
    827160    0.237791
    827170    0.244418
    827180    0.244052
    827190    0.245806
    827200    0.245199
    827210    0.245246
    827220    0.245963
    827230    0.240675
    827240    0.248585
    827250     0.25011
    827260    0.252915
    827270     0.24745
    827280    0.252421
    827290    0.247053
    827300    0.245297
    827310    0.247639
    827320    0.242925
    827330    0.243683
    827340    0.242862
    827350    0.249602
    827360    0.246224
    827370    0.242651
    827380    0.242722
    827390    0.241252
    827400    0.245109
    827410    0.245052
    827420    0.247433
    827430    0.241512
    827440    0.242136
    827450    0.238088
    827460    0.240619
    827470     0.23688
    827480    0.250454
    827490    0.249365
    827500    0.247835
    827510    0.247738
    827520    0.255589
    827530    0.243532
    827540    0.250976
    827550    0.249975
    827560    0.254392
    827570    0.259443
    827580    0.246049
    827590    0.254559
    827600    0.250321
    827610    0.259075
    827620    0.256636
    827630    0.255727
    827640     0.25185
    827650    0.256404
    827660    0.241659
    827670    0.253001
    827680    0.257601
    827690    0.254763
    827700    0.243789
    827710    0.248641
    827720     0.25096
    827730    0.254413
    827740    0.243193
    827750    0.241707
    827760    0.253651
    827770    0.249717
    827780    0.251292
    827790    0.258538
    827800    0.248996
    827810    0.260645
    827820    0.247078
    827830    0.248323
    827840      0.2523
    827850    0.243683
    827860    0.248241
    827870    0.248956
    827880    0.249042
    827890    0.246351
    827900    0.242404
    827910     0.25334
    827920    0.245345
    827930    0.246213
    827940    0.245529
    827950      0.2511
    827960    0.251875
    827970    0.242987
    827980    0.247329
    827990    0.244937
    828000      0.2521
    828010    0.246528
    828020    0.238572
    828030    0.238745
    828040    0.241349
    828050    0.245835
    828060    0.251316
    828070    0.248399
    828080     0.24953
    828090    0.247333
    828100    0.244506
    828110    0.249574
    828120    0.253822
    828130    0.246399
    828140    0.239369
    828150    0.242783
    828160    0.244606
    828170    0.244526
    828180    0.246878
    828190    0.244658
    828200    0.244499
    828210    0.240399
    828220    0.244309
    828230    0.244065
    828240    0.249543
    828250    0.247291
    828260    0.249368
    828270    0.250183
    828280    0.244562
    828290    0.245792
    828300    0.247116
    828310    0.252883
    828320    0.239609
    828330    0.250496
    828340    0.249537
    828350    0.253338
    828360    0.250228
    828370    0.252284
    828380    0.253413
    828390     0.24713
    828400    0.254722
    828410    0.254011
    828420    0.252597
    828430    0.256893
    828440    0.256821
    828450    0.256657
    828460    0.264669
    828470    0.251672
    828480    0.259255
    828490    0.259182
    828500     0.24942
    828510    0.255799
    828520      0.2506
    828530    0.247263
    828540    0.252264
    828550    0.247095
    828560    0.245313
    828570    0.250047
    828580    0.255207
    828590    0.251207
    828600    0.243625
    828610    0.248688
    828620    0.248914
    828630    0.248458
    828640    0.248654
    828650    0.249198
    828660    0.245693
    828670    0.248527
    828680    0.245822
    828690    0.249698
    828700    0.242992
    828710     0.24701
    828720    0.244337
    828730    0.247717
    828740    0.249987
    828750    0.247685
    828760    0.247017
    828770    0.244405
    828780    0.250132
    828790    0.253538
    828800    0.254285
    828810    0.250362
    828820    0.250433
    828830    0.248424
    828840    0.258546
    828850    0.248971
    828860    0.251924
    828870    0.250638
    828880    0.248307
    828890    0.254626
    828900    0.262215
    828910    0.254503
    828920    0.251069
    828930    0.252386
    828940    0.254211
    828950    0.253901
    828960    0.258052
    828970    0.253927
    828980    0.258175
    828990    0.255751
    829000    0.249859
    829010    0.248671
    829020    0.250256
    829030    0.244524
    829040    0.247672
    829050    0.244073
    829060    0.236442
    829070    0.241457
    829080    0.242018
    829090    0.238479
    829100    0.242415
    829110     0.23814
    829120    0.247682
    829130    0.236515
    829140    0.236478
    829150     0.24204
    829160    0.239272
    829170    0.242749
    829180    0.248416
    829190    0.246523
    829200     0.25003
    829210      0.2453
    829220    0.238703
    829230    0.239331
    829240    0.243436
    829250    0.246441
    829260    0.244295
    829270      0.2468
    829280     0.25071
    829290    0.252024
    829300    0.248817
    829310    0.245271
    829320    0.249458
    829330     0.23932
    829340    0.241282
    829350    0.252436
    829360    0.238508
    829370    0.247459
    829380    0.244925
    829390    0.243666
    829400     0.24481
    829410    0.253264
    829420     0.24536
    829430    0.247068
    829440    0.250919
    829450    0.248854
    829460    0.245183
    829470    0.245274
    829480    0.255711
    829490    0.247927
    829500    0.243555
    829510    0.237981
    829520    0.246618
    829530    0.243038
    829540    0.245377
    829550    0.240382
    829560    0.253419
    829570    0.245482
    829580    0.250942
    829590    0.246687
    829600    0.244026
    829610    0.249856
    829620    0.243171
    829630    0.248075
    829640    0.255988
    829650    0.248078
    829660    0.245335
    829670    0.244637
    829680    0.249086
    829690    0.251872
    829700    0.252151
    829710     0.25066
    829720    0.246594
    829730    0.239685
    829740    0.240742
    829750    0.250901
    829760     0.23967
    829770    0.249259
    829780    0.250354
    829790    0.241301
    829800    0.239261
    829810    0.246137
    829820    0.238437
    829830    0.236231
    829840    0.243656
    829850    0.247102
    829860    0.245245
    829870    0.243235
    829880      0.2432
    829890    0.249845
    829900    0.248428
    829910    0.244694
    829920    0.249349
    829930    0.252558
    829940    0.246305
    829950    0.246648
    829960    0.248818
    829970    0.243984
    829980    0.253714
    829990    0.251423
    830000     0.25196
    830010    0.241751
    830020    0.239588
    830030     0.24207
    830040    0.242003
    830050      0.2435
    830060    0.242032
    830070    0.242445
    830080     0.23778
    830090    0.235341
    830100    0.232978
    830110    0.235693
    830120     0.23641
    830130    0.249075
    830140    0.242247
    830150    0.245177
    830160    0.243329
    830170    0.244275
    830180    0.238993
    830190    0.238326
    830200    0.241586
    830210    0.247473
    830220    0.251057
    830230    0.245321
    830240    0.245554
    830250    0.251284
    830260    0.244834
    830270    0.241332
    830280    0.251618
    830290    0.253155
    830300    0.248194
    830310    0.247401
    830320    0.250493
    830330    0.253754
    830340    0.246172
    830350    0.250849
    830360    0.247724
    830370    0.257401
    830380    0.253397
    830390    0.245812
    830400    0.252432
    830410    0.247643
    830420     0.24367
    830430    0.245039
    830440    0.250171
    830450     0.25464
    830460    0.252897
    830470    0.246407
    830480    0.250426
    830490      0.2466
    830500    0.243198
    830510    0.250728
    830520    0.248792
    830530    0.247772
    830540    0.253166
    830550    0.244953
    830560    0.255165
    830570    0.260745
    830580    0.250583
    830590    0.254861
    830600    0.248527
    830610    0.251072
    830620    0.246273
    830630    0.254168
    830640    0.255842
    830650    0.254667
    830660    0.251939
    830670    0.254362
    830680    0.251625
    830690     0.25201
    830700    0.249212
    830710    0.244608
    830720    0.250583
    830730    0.250079
    830740    0.251418
    830750    0.250951
    830760    0.244372
    830770     0.25318
    830780    0.252756
    830790     0.24698
    830800    0.256242
    830810     0.24998
    830820    0.246447
    830830    0.251114
    830840    0.254307
    830850    0.254187
    830860    0.254088
    830870    0.241549
    830880     0.24543
    830890     0.24286
    830900    0.241465
    830910    0.243657
    830920    0.248015
    830930    0.243885
    830940    0.249047
    830950    0.253611
    830960    0.245846
    830970     0.24352
    830980    0.248691
    830990    0.251498
    831000    0.253388
    831010     0.25313
    831020     0.25525
    831030    0.256588
    831040    0.254666
    831050    0.248115
    831060    0.248006
    831070    0.243369
    831080    0.246429
    831090    0.254461
    831100    0.241773
    831110    0.251134
    831120    0.247925
    831130     0.24886
    831140    0.252553
    831150    0.252116
    831160     0.25034
    831170    0.245221
    831180    0.246127
    831190    0.243161
    831200    0.248291
    831210    0.245065
    831220    0.250635
    831230     0.23996
    831240    0.249798
    831250    0.251344
    831260    0.243532
    831270    0.243074
    831280     0.25368
    831290    0.251473
    831300    0.247089
    831310     0.24509
    831320    0.237469
    831330    0.252089
    831340    0.245609
    831350    0.245486
    831360    0.246451
    831370    0.244833
    831380    0.240751
    831390    0.243272
    831400    0.247249
    831410    0.241786
    831420    0.245802
    831430    0.245701
    831440    0.244189
    831450    0.241261
    831460    0.238715
    831470    0.238906
    831480    0.247673
    831490     0.24362
    831500    0.244181
    831510    0.238467
    831520    0.243511
    831530    0.244805
    831540    0.248819
    831550    0.247408
    831560     0.24798
    831570    0.242234
    831580    0.246646
    831590    0.251506
    831600    0.244084
    831610    0.245873
    831620    0.246994
    831630    0.249118
    831640    0.252201
    831650    0.252334
    831660    0.247954
    831670    0.250286
    831680    0.249848
    831690    0.249727
    831700    0.246457
    831710    0.246954
    831720    0.244149
    831730     0.24441
    831740    0.245212
    831750     0.24906
    831760    0.245642
    831770    0.249989
    831780    0.253024
    831790    0.250526
    831800    0.248001
    831810    0.247328
    831820    0.246136
    831830    0.251496
    831840    0.251079
    831850    0.246888
    831860    0.247981
    831870    0.252346
    831880    0.243352
    831890    0.251474
    831900    0.247777
    831910    0.254241
    831920    0.247332
    831930    0.249371
    831940    0.241681
    831950    0.241501
    831960    0.247503
    831970    0.250947
    831980    0.240714
    831990     0.24111
    832000    0.245144
    832010    0.250177
    832020    0.246086
    832030    0.247539
    832040    0.251145
    832050    0.246414
    832060    0.242266
    832070    0.242843
    832080    0.240443
    832090    0.240073
    832100    0.242839
    832110    0.240452
    832120    0.245743
    832130    0.246278
    832140    0.241175
    832150    0.245386
    832160    0.246532
    832170    0.236333
    832180    0.244295
    832190    0.242461
    832200    0.243732
    832210    0.238098
    832220      0.2385
    832230    0.243296
    832240    0.240116
    832250     0.24532
    832260    0.245897
    832270    0.239405
    832280    0.242922
    832290      0.2368
    832300    0.247452
    832310    0.248025
    832320    0.238311
    832330    0.238587
    832340     0.24833
    832350     0.24218
    832360    0.239882
    832370    0.234247
    832380    0.238129
    832390    0.244172
    832400    0.241525
    832410    0.241557
    832420    0.243421
    832430    0.238762
    832440    0.234758
    832450    0.236167
    832460    0.242154
    832470    0.239593
    832480    0.242206
    832490    0.244693
    832500     0.24177
    832510    0.243645
    832520    0.242871
    832530    0.243353
    832540    0.239353
    832550    0.246918
    832560      0.2401
    832570    0.242643
    832580    0.236773
    832590    0.241792
    832600    0.240261
    832610    0.242595
    832620    0.243383
    832630    0.243934
    832640    0.242761
    832650    0.239307
    832660    0.238463
    832670    0.239012
    832680    0.238451
    832690    0.239562
    832700    0.241261
    832710    0.250262
    832720     0.24122
    832730     0.24758
    832740    0.246056
    832750    0.237834
    832760    0.239579
    832770    0.244308
    832780    0.250655
    832790    0.249687
    832800    0.252455
    832810    0.246848
    832820    0.253891
    832830    0.252874
    832840    0.244151
    832850    0.248247
    832860    0.250507
    832870    0.244594
    832880    0.240593
    832890    0.246102
    832900    0.249243
    832910    0.248457
    832920    0.247249
    832930    0.248779
    832940    0.251716
    832950    0.245097
    832960    0.245826
    832970     0.25102
    832980    0.245797
    832990    0.253437
    833000    0.246212
    833010    0.244932
    833020    0.251866
    833030    0.247474
    833040    0.237752
    833050    0.243706
    833060    0.251898
    833070    0.245104
    833080    0.240825
    833090    0.243073
    833100    0.238786
    833110    0.245256
    833120    0.238938
    833130    0.246057
    833140    0.246436
    833150    0.242615
    833160     0.23918
    833170    0.246199
    833180    0.241586
    833190    0.246695
    833200    0.241469
    833210    0.246791
    833220    0.251284
    833230    0.246962
    833240     0.24056
    833250    0.250009
    833260    0.249302
    833270     0.24681
    833280    0.251018
    833290    0.248769
    833300    0.247191
    833310    0.243167
    833320    0.246267
    833330    0.236676
    833340     0.24664
    833350    0.244152
    833360    0.241142
    833370    0.240555
    833380    0.245089
    833390     0.24635
    833400     0.24646
    833410    0.245714
    833420    0.242787
    833430    0.237677
    833440    0.239932
    833450    0.243365
    833460    0.254945
    833470    0.245825
    833480    0.243087
    833490    0.246734
    833500    0.247058
    833510    0.247847
    833520    0.247291
    833530    0.249281
    833540    0.244359
    833550    0.248754
    833560    0.250471
    833570    0.250095
    833580    0.252293
    833590    0.249826
    833600      0.2465
    833610    0.249119
    833620    0.255705
    833630    0.257422
    833640     0.24286
    833650    0.248103
    833660     0.24334
    833670    0.248755
    833680    0.247298
    833690    0.250776
    833700    0.247986
    833710    0.240143
    833720    0.242343
    833730    0.249432
    833740    0.247605
    833750    0.251883
    833760     0.25281
    833770    0.237363
    833780    0.250365
    833790      0.2454
    833800    0.248053
    833810     0.24714
    833820    0.242479
    833830    0.242672
    833840    0.244546
    833850    0.239366
    833860    0.241505
    833870    0.240694
    833880    0.242258
    833890    0.241527
    833900    0.241872
    833910    0.246082
    833920    0.239912
    833930    0.250313
    833940    0.242272
    833950      0.2385
    833960    0.242364
    833970    0.242322
    833980    0.242749
    833990    0.240324
    834000    0.242487
    834010    0.241325
    834020    0.241723
    834030    0.239333
    834040    0.233178
    834050    0.234002
    834060    0.234613
    834070    0.238937
    834080    0.238902
    834090    0.240467
    834100    0.236321
    834110    0.235084
    834120    0.235026
    834130    0.237161
    834140    0.241155
    834150    0.238762
    834160    0.238871
    834170    0.238276
    834180    0.235758
    834190    0.236975
    834200    0.235638
    834210     0.23768
    834220    0.236703
    834230    0.234997
    834240    0.230446
    834250    0.236407
    834260    0.238418
    834270    0.236168
    834280    0.237001
    834290    0.236435
    834300    0.242367
    834310    0.239878
    834320    0.240708
    834330    0.236154
    834340    0.236466
    834350    0.237518
    834360     0.23888
    834370    0.231646
    834380     0.23501
    834390    0.231555
    834400    0.236916
    834410     0.23349
    834420    0.237116
    834430    0.239662
    834440    0.238615
    834450    0.234444
    834460    0.232985
    834470    0.234809
    834480    0.235303
    834490    0.237844
    834500    0.236157
    834510    0.235751
    834520    0.233896
    834530    0.233024
    834540    0.239459
    834550    0.234426
    834560    0.239322
    834570    0.239888
    834580    0.240248
    834590    0.240642
    834600     0.23164
    834610    0.240155
    834620    0.232135
    834630    0.234047
    834640    0.239901
    834650    0.238729
    834660    0.240685
    834670    0.238633
    834680    0.234825
    834690    0.235514
    834700    0.236002
    834710    0.238244
    834720    0.235072
    834730    0.231466
    834740    0.238968
    834750    0.236894
    834760    0.231868
    834770    0.232029
    834780    0.235325
    834790    0.238609
    834800    0.233602
    834810    0.234269
    834820    0.235203
    834830    0.239698
    834840    0.237809
    834850    0.237047
    834860    0.233127
    834870     0.23216
    834880    0.233981
    834890    0.232534
    834900    0.235871
    834910    0.238612
    834920    0.235532
    834930    0.238247
    834940    0.242377
    834950    0.237084
    834960     0.24109
    834970    0.240688
    834980    0.236529
    834990    0.239791
    835000    0.236231
    835010    0.240723
    835020    0.239229
    835030    0.237456
    835040    0.230681
    835050    0.235574
    835060    0.239807
    835070     0.23885
    835080    0.234321
    835090    0.235064
    835100    0.239992
    835110    0.234301
    835120    0.237972
    835130    0.235897
    835140    0.241852
    835150    0.233568
    835160    0.237445
    835170    0.240167
    835180    0.234233
    835190    0.241503
    835200    0.238046
    835210    0.239344
    835220    0.237296
    835230    0.238549
    835240    0.239397
    835250     0.23768
    835260    0.236349
    835270    0.235366
    835280    0.236816
    835290    0.232037
    835300    0.238028
    835310    0.236867
    835320    0.235941
    835330    0.232581
    835340    0.234816
    835350    0.238335
    835360    0.236727
    835370    0.235391
    835380      0.2374
    835390    0.233363
    835400    0.233582
    835410    0.237394
    835420    0.239137
    835430    0.238835
    835440    0.236556
    835450    0.228046
    835460    0.234099
    835470    0.228544
    835480    0.235038
    835490    0.234462
    835500    0.235721
    835510     0.23387
    835520    0.230784
    835530    0.235633
    835540    0.237296
    835550    0.236512
    835560    0.238883
    835570    0.237128
    835580     0.23299
    835590    0.234402
    835600    0.230499
    835610    0.231466
    835620    0.233492
    835630    0.235856
    835640    0.236989
    835650    0.237731
    835660    0.237701
    835670    0.236849
    835680     0.23965
    835690    0.237952
    835700    0.239672
    835710    0.234473
    835720    0.233095
    835730    0.234185
    835740     0.23524
    835750    0.235241
    835760    0.233139
    835770    0.235396
    835780    0.234269
    835790    0.233374
    835800    0.235375
    835810    0.237154
    835820    0.236185
    835830    0.237833
    835840    0.234587
    835850    0.236629
    835860    0.234304
    835870    0.238226
    835880    0.238558
    835890    0.236677
    835900    0.234642
    835910    0.231977
    835920    0.231728
    835930     0.23327
    835940    0.239165
    835950    0.234543
    835960    0.230228
    835970    0.235007
    835980    0.232396
    835990    0.235735
    836000    0.230402
    836010    0.233189
    836020    0.237208
    836030    0.229428
    836040    0.235467
    836050    0.231877
    836060    0.230647
    836070    0.230877
    836080    0.234504
    836090    0.230466
    836100    0.237121
    836110    0.237804
    836120    0.240082
    836130     0.23395
    836140    0.233846
    836150    0.236696
    836160    0.235057
    836170    0.235998
    836180     0.23958
    836190    0.237901
    836200     0.22975
    836210    0.237511
    836220    0.239601
    836230     0.23477
    836240    0.229579
    836250    0.233551
    836260    0.234387
    836270    0.241552
    836280    0.236101
    836290    0.237875
    836300    0.236038
    836310    0.235387
    836320    0.238735
    836330    0.237659
    836340     0.23684
    836350    0.231353
    836360    0.238044
    836370      0.2383
    836380    0.234153
    836390     0.23184
    836400    0.235256
    836410    0.239226
    836420    0.240354
    836430    0.237214
    836440    0.240875
    836450    0.239123
    836460      0.2406
    836470    0.239529
    836480    0.241552
    836490    0.236222
    836500    0.239026
    836510    0.234834
    836520    0.234275
    836530    0.234077
    836540    0.238807
    836550       0.238
    836560    0.233422
    836570    0.234861
    836580    0.236025
    836590    0.239837
    836600    0.239872
    836610    0.238179
    836620    0.241574
    836630    0.243078
    836640    0.241368
    836650    0.242513
    836660    0.245271
    836670    0.242461
    836680    0.232694
    836690    0.234971
    836700     0.23635
    836710    0.237757
    836720    0.231965
    836730    0.244664
    836740    0.235218
    836750    0.240221
    836760    0.248226
    836770    0.237972
    836780    0.236021
    836790    0.240178
    836800     0.23883
    836810    0.239234
    836820    0.238398
    836830    0.241314
    836840    0.232947
    836850    0.239606
    836860    0.236612
    836870    0.235828
    836880    0.230785
    836890    0.241236
    836900     0.23806
    836910    0.237513
    836920    0.232954
    836930    0.235064
    836940    0.233971
    836950    0.235539
    836960    0.242365
    836970    0.239049
    836980    0.233933
    836990    0.240201
    837000    0.241455
    837010    0.241636
    837020     0.23055
    837030     0.23269
    837040    0.238611
    837050    0.233977
    837060    0.239185
    837070    0.237234
    837080     0.23709
    837090    0.237128
    837100    0.232409
    837110    0.235909
    837120    0.234452
    837130    0.235475
    837140    0.234648
    837150    0.233775
    837160    0.235147
    837170    0.237326
    837180    0.238166
    837190    0.234859
    837200     0.23497
    837210    0.235877
    837220    0.233314
    837230    0.231865
    837240    0.233911
    837250    0.235007
    837260    0.232144
    837270    0.236817
    837280    0.236753
    837290    0.239844
    837300      0.2392
    837310    0.239181
    837320    0.236364
    837330    0.244882
    837340    0.242305
    837350    0.237414
    837360    0.239486
    837370    0.237486
    837380    0.237386
    837390     0.24212
    837400    0.238076
    837410    0.238008
    837420    0.240622
    837430     0.23845
    837440    0.240079
    837450    0.240928
    837460    0.239607
    837470    0.240182
    837480    0.244683
    837490    0.239799
    837500    0.239703
    837510    0.236657
    837520    0.240161
    837530    0.239444
    837540     0.24185
    837550    0.235571
    837560    0.239103
    837570    0.236736
    837580    0.236242
    837590    0.240102
    837600    0.239572
    837610     0.23719
    837620    0.237581
    837630    0.242013
    837640    0.239132
    837650    0.236591
    837660    0.235399
    837670    0.238454
    837680    0.237788
    837690    0.239386
    837700     0.23833
    837710    0.234826
    837720     0.24049
    837730    0.236769
    837740     0.23627
    837750    0.242975
    837760    0.243727
    837770    0.244214
    837780    0.241355
    837790    0.244168
    837800    0.235994
    837810    0.239478
    837820    0.236532
    837830    0.237938
    837840    0.235488
    837850    0.239074
    837860      0.2358
    837870    0.234641
    837880    0.234181
    837890    0.247838
    837900    0.233251
    837910    0.240899
    837920    0.241722
    837930    0.243159
    837940    0.244035
    837950    0.240939
    837960     0.23922
    837970    0.236186
    837980    0.236344
    837990    0.235154
    838000    0.239761
    838010    0.240393
    838020    0.237071
    838030    0.241583
    838040    0.246835
    838050    0.242156
    838060    0.244277
    838070    0.245813
    838080    0.246097
    838090    0.243569
    838100    0.242867
    838110    0.247594
    838120    0.241257
    838130    0.238459
    838140    0.239025
    838150    0.248083
    838160    0.240299
    838170    0.235844
    838180    0.246723
    838190    0.246015
    838200    0.251651
    838210    0.243074
    838220      0.2449
    838230    0.250436
    838240    0.244793
    838250      0.2463
    838260    0.246009
    838270    0.245753
    838280     0.24456
    838290    0.244108
    838300    0.240305
    838310     0.24141
    838320    0.244986
    838330    0.243462
    838340    0.242978
    838350    0.243161
    838360     0.24428
    838370    0.246292
    838380     0.24782
    838390     0.24722
    838400    0.237323
    838410    0.243649
    838420    0.240837
    838430    0.242509
    838440    0.242625
    838450    0.239568
    838460    0.240166
    838470    0.245522
    838480    0.248658
    838490    0.244561
    838500    0.241484
    838510    0.244661
    838520    0.242809
    838530    0.240465
    838540    0.246796
    838550    0.240748
    838560    0.244134
    838570    0.242172
    838580    0.242468
    838590     0.24476
    838600    0.240986
    838610    0.245921
    838620    0.241858
    838630    0.244243
    838640    0.239046
    838650    0.238867
    838660    0.241998
    838670    0.237408
    838680    0.245305
    838690    0.246861
    838700    0.239688
    838710    0.241044
    838720    0.242768
    838730    0.252192
    838740    0.239532
    838750     0.24942
    838760    0.241365
    838770    0.240354
    838780    0.241583
    838790    0.238528
    838800    0.237547
    838810    0.242582
    838820     0.24159
    838830     0.23752
    838840    0.239155
    838850    0.243227
    838860     0.23879
    838870     0.23904
    838880    0.239445
    838890    0.244938
    838900    0.232962
    838910    0.237147
    838920    0.237559
    838930     0.23955
    838940    0.236766
    838950    0.239361
    838960    0.237802
    838970    0.243902
    838980    0.240762
    838990    0.243173
    839000    0.241129
    839010    0.235086
    839020    0.236633
    839030    0.237498
    839040    0.237115
    839050    0.246171
    839060    0.237488
    839070    0.244106
    839080    0.240652
    839090    0.237766
    839100    0.241801
    839110    0.238985
    839120    0.234605
    839130     0.24024
    839140    0.239478
    839150    0.235726
    839160    0.238722
    839170    0.236439
    839180    0.237396
    839190    0.238329
    839200    0.233176
    839210    0.239807
    839220    0.239291
    839230    0.236921
    839240    0.233178
    839250    0.234448
    839260    0.235829
    839270     0.24199
    839280    0.236972
    839290     0.23744
    839300    0.239165
    839310    0.246057
    839320    0.244344
    839330    0.240537
    839340    0.243167
    839350    0.244367
    839360     0.23317
    839370    0.238243
    839380    0.240125
    839390    0.237265
    839400    0.234021
    839410    0.243591
    839420     0.24181
    839430     0.24089
    839440    0.242851
    839450    0.235822
    839460    0.240129
    839470     0.24157
    839480    0.236657
    839490    0.238864
    839500    0.242583
    839510    0.236277
    839520    0.238866
    839530    0.240611
    839540    0.239907
    839550    0.238719
    839560    0.241983
    839570    0.237617
    839580    0.239394
    839590    0.233451
    839600    0.233441
    839610    0.237421
    839620    0.236424
    839630      0.2361
    839640    0.238913
    839650    0.241575
    839660    0.241037
    839670    0.241857
    839680    0.243046
    839690    0.236675
    839700    0.241334
    839710     0.24057
    839720    0.241241
    839730    0.238717
    839740    0.238673
    839750    0.237763
    839760    0.236128
    839770    0.241003
    839780    0.240811
    839790     0.24058
    839800    0.247865
    839810    0.237997
    839820    0.242192
    839830    0.239989
    839840    0.237964
    839850    0.235361
    839860     0.24279
    839870    0.240462
    839880    0.241274
    839890    0.241588
    839900    0.241082
    839910    0.238115
    839920    0.240481
    839930    0.244872
    839940    0.241269
    839950    0.240465
    839960     0.24352
    839970    0.248328
    839980    0.246434
    839990     0.23957
    840000    0.241563
    840010    0.242513
    840020    0.241065
    840030    0.243432
    840040     0.24198
    840050    0.242314
    840060    0.240141
    840070    0.235482
    840080    0.240294
    840090    0.242882
    840100    0.238816
    840110    0.246639
    840120    0.243693
    840130    0.246668
    840140    0.248025
    840150    0.239049
    840160    0.245978
    840170     0.24565
    840180    0.243945
    840190    0.239973
    840200    0.236132
    840210    0.239522
    840220    0.238362
    840230    0.242747
    840240    0.239334
    840250    0.239318
    840260    0.242804
    840270    0.241926
    840280    0.241624
    840290    0.240663
    840300    0.240188
    840310    0.237717
    840320     0.24192
    840330    0.239367
    840340    0.242166
    840350    0.236825
    840360    0.239431
    840370    0.240562
    840380    0.238643
    840390    0.245774
    840400    0.238951
    840410    0.242659
    840420    0.239663
    840430    0.251697
    840440    0.242575
    840450    0.241792
    840460    0.244497
    840470    0.243503
    840480     0.24419
    840490    0.244937
    840500     0.24873
    840510    0.241919
    840520    0.246262
    840530    0.242248
    840540    0.240303
    840550    0.246419
    840560    0.237362
    840570    0.241969
    840580    0.240745
    840590    0.243495
    840600    0.238744
    840610    0.241383
    840620    0.242954
    840630    0.242646
    840640    0.243066
    840650    0.239323
    840660    0.242167
    840670    0.248013
    840680    0.238908
    840690    0.247251
    840700    0.244031
    840710    0.249401
    840720    0.245944
    840730    0.243545
    840740    0.248701
    840750    0.250596
    840760    0.241674
    840770    0.242203
    840780    0.244258
    840790    0.243651
    840800    0.244704
    840810    0.242615
    840820      0.2405
    840830    0.248525
    840840     0.24157
    840850    0.244633
    840860    0.239049
    840870    0.244839
    840880    0.243512
    840890    0.244769
    840900    0.248108
    840910    0.246648
    840920    0.246557
    840930    0.247586
    840940    0.244293
    840950    0.242745
    840960    0.250893
    840970    0.240944
    840980    0.240283
    840990    0.241113
    841000    0.249052
    841010    0.241029
    841020    0.249041
    841030    0.245036
    841040    0.247129
    841050    0.245483
    841060    0.244619
    841070    0.249937
    841080    0.247507
    841090    0.252912
    841100     0.24701
    841110    0.247741
    841120    0.242638
    841130    0.242616
    841140    0.246376
    841150     0.24938
    841160    0.243155
    841170     0.24204
    841180    0.241161
    841190    0.234439
    841200    0.240993
    841210    0.249143
    841220    0.242743
    841230    0.244549
    841240    0.245886
    841250    0.244688
    841260    0.245227
    841270    0.245532
    841280    0.251753
    841290    0.240116
    841300    0.241624
    841310    0.240638
    841320    0.240663
    841330    0.239498
    841340    0.236768
    841350    0.242169
    841360    0.241741
    841370     0.24842
    841380    0.243853
    841390    0.242167
    841400    0.239397
    841410     0.24395
    841420    0.237462
    841430    0.240101
    841440    0.239443
    841450    0.237077
    841460    0.240221
    841470    0.243283
    841480    0.245834
    841490    0.243744
    841500    0.246374
    841510    0.242913
    841520     0.23685
    841530    0.242029
    841540    0.240664
    841550    0.244262
    841560     0.24108
    841570    0.244046
    841580    0.234298
    841590    0.239158
    841600    0.242242
    841610     0.23676
    841620    0.236363
    841630    0.239491
    841640    0.237391
    841650    0.239518
    841660    0.240498
    841670    0.237768
    841680    0.240098
    841690    0.238264
    841700    0.240059
    841710     0.24374
    841720    0.238526
    841730    0.242644
    841740    0.243207
    841750    0.241378
    841760    0.241292
    841770    0.243731
    841780    0.244293
    841790    0.244139
    841800    0.244118
    841810      0.2444
    841820    0.242991
    841830    0.243908
    841840    0.237498
    841850    0.242882
    841860    0.239313
    841870    0.238043
    841880    0.238863
    841890    0.235781
    841900    0.238319
    841910    0.237523
    841920    0.246543
    841930    0.247622
    841940    0.240793
    841950     0.24681
    841960    0.242648
    841970     0.24377
    841980     0.24165
    841990    0.244754
    842000    0.248617
    842010    0.247656
    842020    0.240601
    842030    0.242474
    842040    0.240891
    842050    0.245597
    842060    0.244952
    842070    0.240549
    842080    0.242946
    842090    0.244087
    842100    0.245147
    842110    0.246255
    842120    0.243518
    842130    0.249025
    842140     0.24851
    842150    0.251935
    842160    0.253701
    842170    0.247461
    842180     0.24785
    842190    0.249181
    842200    0.245869
    842210    0.247551
    842220    0.244304
    842230    0.248394
    842240    0.245988
    842250    0.248129
    842260    0.248495
    842270    0.248274
    842280    0.245485
    842290    0.242248
    842300    0.250748
    842310    0.244965
    842320      0.2388
    842330    0.241682
    842340     0.24724
    842350    0.250117
    842360    0.249936
    842370    0.248227
    842380     0.24053
    842390     0.23968
    842400    0.245372
    842410    0.239999
    842420     0.24404
    842430    0.244806
    842440     0.24487
    842450    0.248742
    842460    0.247375
    842470    0.248614
    842480    0.243649
    842490    0.243841
    842500     0.25158
    842510    0.242681
    842520    0.247704
    842530    0.244227
    842540    0.243041
    842550    0.242598
    842560    0.240452
    842570    0.247903
    842580    0.253003
    842590    0.247535
    842600    0.243426
    842610    0.245801
    842620     0.24653
    842630    0.247803
    842640     0.24131
    842650     0.24697
    842660    0.247641
    842670    0.251775
    842680    0.244284
    842690    0.247875
    842700    0.248022
    842710    0.248081
    842720    0.241181
    842730    0.243946
    842740    0.249596
    842750    0.248021
    842760    0.250742
    842770    0.243483
    842780     0.24715
    842790    0.249046
    842800    0.246187
    842810    0.247473
    842820    0.246241
    842830    0.247525
    842840    0.246406
    842850    0.244988
    842860    0.244862
    842870    0.244796
    842880    0.250986
    842890    0.240407
    842900    0.241112
    842910    0.245681
    842920    0.244383
    842930    0.246533
    842940    0.245724
    842950    0.247274
    842960    0.247885
    842970    0.242829
    842980    0.251579
    842990    0.248636
    843000    0.245161
    843010    0.247818
    843020    0.246243
    843030    0.244807
    843040    0.246681
    843050    0.247818
    843060    0.241664
    843070    0.247042
    843080     0.25133
    843090    0.251267
    843100    0.252636
    843110    0.245797
    843120    0.247316
    843130    0.243178
    843140    0.248374
    843150    0.250932
    843160    0.248261
    843170    0.251648
    843180    0.249565
    843190    0.247232
    843200    0.247621
    843210     0.25106
    843220    0.252512
    843230    0.248693
    843240    0.247361
    843250    0.246998
    843260    0.249915
    843270    0.243176
    843280    0.251043
    843290    0.246687
    843300    0.249881
    843310    0.249882
    843320    0.245975
    843330    0.248849
    843340    0.244931
    843350    0.243803
    843360    0.244707
    843370    0.245061
    843380    0.239953
    843390    0.244086
    843400    0.240522
    843410    0.244818
    843420    0.238968
    843430    0.243265
    843440    0.244025
    843450    0.242314
    843460    0.240281
    843470    0.240815
    843480    0.246932
    843490    0.240599
    843500       0.243
    843510    0.244169
    843520    0.250899
    843530    0.245845
    843540    0.245941
    843550    0.243437
    843560    0.247891
    843570    0.241883
    843580    0.247711
    843590    0.242596
    843600    0.245806
    843610    0.245803
    843620    0.243811
    843630    0.248708
    843640    0.246958
    843650    0.249082
    843660    0.244646
    843670     0.25438
    843680      0.2491
    843690    0.256185
    843700    0.256784
    843710    0.246278
    843720    0.249214
    843730    0.242296
    843740    0.250115
    843750    0.241556
    843760    0.244866
    843770    0.249182
    843780    0.245773
    843790    0.247159
    843800     0.24532
    843810    0.244268
    843820     0.24808
    843830    0.244034
    843840    0.251825
    843850     0.24818
    843860    0.241032
    843870    0.247822
    843880    0.243094
    843890    0.247833
    843900    0.241687
    843910     0.24593
    843920    0.246669
    843930    0.243617
    843940     0.24472
    843950    0.240209
    843960    0.247667
    843970    0.253294
    843980    0.250414
    843990    0.254476
    844000    0.249489
    844010     0.24437
    844020    0.248022
    844030    0.245465
    844040    0.242033
    844050    0.253953
    844060    0.249207
    844070    0.244444
    844080    0.246466
    844090    0.246724
    844100    0.245576
    844110    0.248116
    844120     0.24826
    844130    0.246469
    844140     0.24036
    844150    0.247014
    844160    0.240202
    844170    0.240237
    844180    0.239028
    844190    0.242101
    844200    0.239723
    844210    0.243717
    844220    0.244185
    844230    0.239495
    844240    0.243736
    844250    0.239747
    844260    0.234858
    844270    0.241882
    844280     0.24465
    844290    0.241627
    844300    0.242491
    844310    0.242516
    844320    0.242013
    844330     0.24404
    844340    0.247244
    844350    0.251011
    844360     0.24902
    844370    0.247217
    844380    0.243126
    844390    0.246833
    844400    0.245261
    844410     0.24334
    844420    0.242173
    844430    0.247922
    844440    0.255101
    844450     0.24435
    844460    0.254338
    844470    0.249348
    844480    0.250661
    844490    0.241323
    844500    0.243619
    844510    0.245856
    844520    0.238739
    844530    0.240446
    844540     0.23868
    844550    0.239832
    844560    0.242464
    844570     0.24573
    844580    0.241458
    844590    0.248307
    844600    0.249585
    844610    0.243505
    844620    0.247165
    844630    0.243793
    844640    0.239296
    844650    0.240793
    844660    0.241939
    844670    0.240722
    844680      0.2383
    844690    0.236406
    844700    0.245461
    844710    0.241206
    844720    0.241752
    844730    0.235417
    844740    0.240531
    844750    0.239331
    844760    0.236179
    844770    0.235442
    844780    0.234068
    844790    0.238498
    844800    0.240454
    844810    0.241262
    844820    0.241624
    844830    0.241648
    844840    0.245179
    844850    0.245148
    844860    0.240268
    844870    0.240873
    844880    0.242981
    844890    0.243821
    844900    0.246023
    844910    0.239081
    844920    0.244138
    844930    0.243005
    844940    0.243061
    844950    0.244917
    844960    0.238864
    844970    0.244592
    844980    0.244474
    844990    0.243276
    845000    0.248993
    845010    0.246955
    845020    0.243961
    845030    0.243321
    845040    0.244513
    845050    0.242798
    845060    0.249767
    845070    0.237174
    845080    0.241851
    845090    0.243423
    845100    0.247116
    845110     0.24741
    845120    0.245031
    845130    0.251531
    845140     0.24852
    845150    0.248507
    845160    0.243406
    845170    0.236014
    845180    0.241828
    845190    0.247852
    845200    0.250009
    845210    0.235727
    845220    0.243345
    845230    0.245891
    845240    0.245442
    845250     0.24541
    845260    0.240789
    845270    0.244676
    845280    0.244432
    845290    0.243329
    845300    0.240264
    845310    0.248041
    845320    0.242098
    845330    0.246036
    845340    0.248855
    845350    0.246435
    845360    0.252406
    845370    0.247593
    845380    0.249696
    845390    0.242642
    845400    0.251267
    845410    0.243731
    845420    0.250783
    845430    0.252963
    845440    0.252551
    845450    0.245305
    845460    0.244439
    845470    0.243619
    845480    0.247172
    845490    0.246684
    845500    0.247061
    845510     0.24572
    845520    0.247918
    845530    0.244325
    845540    0.249605
    845550    0.243928
    845560    0.244513
    845570    0.240245
    845580    0.247352
    845590    0.247643
    845600    0.244174
    845610    0.249839
    845620    0.243577
    845630    0.242288
    845640    0.251955
    845650    0.246603
    845660    0.245518
    845670    0.243764
    845680    0.245763
    845690    0.239589
    845700    0.238025
    845710    0.245655
    845720    0.240997
    845730    0.240331
    845740    0.243432
    845750    0.243149
    845760    0.245552
    845770    0.241197
    845780    0.245391
    845790    0.245091
    845800    0.242487
    845810    0.236712
    845820    0.246573
    845830    0.242027
    845840    0.237384
    845850    0.236948
    845860    0.238719
    845870    0.246261
    845880    0.248665
    845890    0.245628
    845900    0.242753
    845910    0.242787
    845920    0.241442
    845930    0.242265
    845940    0.243658
    845950    0.242287
    845960    0.248357
    845970    0.243054
    845980    0.249111
    845990    0.244882
    846000    0.241198
    846010    0.251517
    846020    0.248494
    846030    0.242162
    846040    0.240469
    846050    0.246787
    846060    0.247929
    846070    0.245697
    846080    0.246605
    846090    0.246379
    846100    0.242275
    846110    0.240591
    846120    0.253503
    846130    0.243539
    846140    0.243325
    846150    0.247602
    846160    0.255051
    846170    0.245096
    846180    0.241245
    846190    0.246799
    846200     0.24597
    846210    0.243845
    846220    0.247376
    846230    0.249645
    846240    0.245753
    846250    0.249467
    846260    0.250621
    846270    0.249521
    846280    0.248053
    846290    0.244975
    846300    0.246924
    846310    0.243382
    846320    0.248805
    846330    0.246409
    846340    0.246884
    846350    0.246629
    846360    0.248655
    846370    0.246791
    846380    0.241167
    846390    0.247413
    846400    0.247571
    846410     0.24356
    846420    0.245429
    846430    0.246534
    846440     0.24561
    846450    0.243326
    846460    0.251118
    846470    0.245005
    846480    0.245273
    846490    0.238256
    846500     0.24658
    846510     0.24508
    846520    0.246506
    846530    0.240448
    846540    0.240327
    846550    0.248854
    846560    0.242454
    846570    0.253623
    846580    0.253374
    846590    0.250255
    846600    0.245165
    846610     0.24552
    846620    0.241971
    846630    0.244787
    846640    0.249624
    846650    0.245267
    846660    0.243353
    846670     0.24165
    846680    0.244182
    846690     0.24226
    846700    0.243084
    846710    0.248507
    846720    0.242407
    846730    0.239844
    846740    0.246279
    846750    0.240106
    846760    0.251253
    846770    0.246424
    846780     0.24704
    846790    0.239353
    846800    0.243245
    846810    0.249495
    846820     0.23995
    846830    0.245909
    846840    0.247417
    846850    0.247394
    846860    0.248758
    846870    0.246007
    846880    0.249795
    846890    0.244238
    846900    0.237755
    846910    0.236067
    846920    0.242776
    846930    0.246031
    846940    0.239272
    846950    0.249171
    846960    0.249541
    846970     0.24102
    846980    0.246803
    846990    0.238475
    847000     0.24017
    847010    0.243473
    847020    0.245359
    847030    0.243041
    847040    0.247024
    847050    0.248782
    847060    0.244456
    847070    0.243397
    847080    0.250493
    847090    0.241631
    847100    0.233851
    847110    0.238395
    847120    0.241029
    847130    0.242415
    847140    0.238903
    847150      0.2385
    847160    0.237938
    847170    0.240409
    847180    0.241718
    847190    0.249839
    847200    0.245353
    847210    0.247097
    847220    0.240393
    847230    0.242592
    847240    0.245454
    847250    0.243886
    847260    0.254833
    847270    0.253478
    847280    0.251911
    847290    0.249877
    847300    0.253028
    847310    0.250979
    847320    0.248834
    847330     0.25119
    847340    0.247911
    847350    0.251407
    847360    0.241556
    847370    0.245094
    847380    0.243034
    847390    0.244934
    847400    0.239779
    847410    0.244678
    847420    0.243459
    847430    0.242538
    847440    0.247647
    847450    0.243425
    847460    0.242296
    847470    0.250082
    847480    0.246104
    847490    0.248532
    847500    0.245024
    847510    0.244642
    847520    0.251404
    847530    0.251716
    847540    0.247179
    847550    0.258951
    847560    0.247118
    847570    0.258438
    847580    0.250521
    847590    0.266712
    847600    0.258697
    847610    0.252398
    847620    0.255283
    847630    0.243124
    847640    0.237462
    847650    0.243555
    847660    0.237698
    847670    0.241386
    847680    0.241885
    847690    0.246087
    847700    0.245479
    847710    0.245339
    847720    0.243676
    847730    0.245703
    847740    0.244428
    847750    0.243784
    847760    0.241647
    847770    0.238055
    847780    0.237074
    847790    0.238558
    847800    0.240951
    847810    0.240754
    847820    0.242398
    847830    0.243354
    847840    0.246977
    847850    0.244263
    847860    0.247556
    847870    0.240283
    847880    0.242746
    847890    0.244547
    847900     0.24127
    847910    0.242657
    847920    0.234563
    847930    0.241437
    847940    0.238971
    847950    0.244012
    847960      0.2411
    847970    0.243995
    847980    0.247135
    847990     0.24329
    848000    0.248699
    848010    0.249182
    848020    0.246946
    848030     0.25077
    848040    0.254577
    848050    0.248473
    848060    0.249734
    848070    0.246363
    848080    0.243955
    848090     0.25619
    848100    0.257319
    848110    0.252502
    848120    0.250076
    848130      0.2489
    848140    0.244131
    848150     0.23678
    848160    0.251383
    848170    0.243933
    848180    0.247955
    848190    0.245824
    848200    0.245467
    848210    0.245883
    848220    0.250474
    848230    0.244141
    848240    0.242808
    848250    0.235434
    848260    0.241529
    848270    0.238897
    848280    0.239997
    848290     0.23702
    848300    0.242278
    848310    0.239561
    848320    0.245938
    848330    0.246078
    848340    0.243462
    848350    0.238616
    848360    0.243331
    848370    0.243055
    848380    0.242299
    848390    0.237219
    848400    0.240523
    848410    0.237647
    848420    0.240407
    848430    0.243409
    848440     0.24016
    848450    0.242837
    848460    0.243877
    848470    0.246872
    848480    0.243265
    848490    0.238671
    848500    0.244893
    848510    0.241428
    848520    0.246564
    848530    0.246131
    848540    0.246318
    848550    0.244879
    848560    0.251358
    848570    0.248754
    848580    0.244396
    848590    0.251654
    848600    0.250125
    848610     0.24651
    848620     0.24963
    848630    0.254573
    848640    0.248444
    848650    0.246817
    848660    0.242628
    848670    0.242866
    848680    0.243169
    848690    0.246823
    848700    0.245719
    848710    0.246322
    848720     0.24602
    848730    0.248434
    848740    0.250901
    848750    0.247914
    848760    0.241909
    848770     0.24294
    848780    0.245118
    848790    0.247792
    848800    0.244101
    848810    0.242333
    848820    0.241368
    848830    0.250535
    848840     0.25083
    848850    0.245923
    848860     0.24206
    848870    0.237992
    848880    0.241621
    848890    0.241303
    848900    0.239141
    848910    0.241259
    848920    0.244627
    848930    0.244256
    848940    0.246418
    848950    0.241145
    848960    0.250534
    848970    0.242267
    848980    0.246164
    848990    0.243297
    849000    0.238564
    849010     0.24717
    849020    0.253882
    849030    0.244782
    849040    0.243597
    849050    0.240418
    849060    0.237863
    849070    0.245403
    849080    0.241585
    849090    0.246978
    849100    0.248472
    849110    0.246967
    849120    0.250755
    849130    0.249822
    849140    0.247484
    849150    0.245059
    849160    0.243785
    849170    0.240807
    849180    0.245245
    849190    0.242659
    849200    0.242439
    849210    0.244216
    849220    0.245915
    849230    0.244481
    849240    0.244002
    849250    0.246397
    849260     0.24786
    849270     0.24399
    849280    0.245838
    849290    0.251172
    849300    0.252714
    849310    0.252143
    849320    0.246221
    849330    0.241465
    849340    0.245926
    849350    0.246492
    849360    0.240808
    849370    0.245108
    849380    0.247417
    849390    0.246921
    849400    0.241316
    849410    0.241987
    849420    0.242504
    849430    0.240601
    849440    0.242784
    849450    0.241113
    849460    0.244283
    849470    0.244109
    849480    0.245937
    849490    0.246833
    849500    0.245938
    849510    0.247497
    849520    0.245092
    849530    0.248254
    849540    0.247951
    849550    0.248252
    849560    0.235837
    849570    0.238602
    849580    0.239144
    849590    0.238338
    849600    0.245578
    849610    0.242238
    849620    0.239177
    849630    0.245599
    849640    0.239412
    849650    0.234189
    849660    0.245162
    849670    0.243425
    849680    0.247368
    849690    0.247255
    849700    0.248974
    849710    0.243132
    849720    0.240991
    849730    0.253373
    849740    0.243009
    849750    0.243752
    849760     0.24153
    849770    0.242816
    849780    0.249633
    849790    0.247807
    849800    0.243994
    849810    0.252083
    849820    0.250525
    849830     0.24705
    849840    0.245331
    849850    0.254087
    849860    0.249573
    849870    0.248501
    849880    0.247664
    849890    0.244348
    849900    0.244499
    849910     0.23976
    849920    0.247263
    849930    0.250789
    849940    0.244005
    849950    0.242308
    849960     0.24277
    849970    0.247235
    849980     0.24466
    849990    0.246452
    850000    0.241783
    850010    0.244552
    850020    0.242875
    850030    0.245411
    850040    0.248307
    850050    0.245236
    850060    0.245414
    850070    0.239113
    850080     0.23836
    850090    0.242585
    850100    0.241205
    850110    0.240609
    850120    0.241686
    850130    0.243509
    850140    0.247656
    850150      0.2444
    850160    0.247426
    850170    0.244217
    850180    0.246546
    850190    0.246507
    850200    0.246926
    850210    0.244033
    850220     0.24747
    850230    0.245854
    850240    0.250275
    850250    0.241767
    850260    0.245207
    850270    0.248386
    850280     0.24502
    850290    0.243363
    850300    0.243538
    850310    0.244027
    850320    0.245365
    850330    0.244327
    850340    0.238929
    850350    0.243378
    850360    0.241713
    850370    0.239716
    850380    0.238526
    850390    0.241129
    850400    0.243692
    850410    0.239492
    850420    0.235673
    850430    0.240868
    850440    0.249763
    850450    0.245149
    850460    0.247217
    850470    0.245055
    850480    0.246822
    850490    0.243325
    850500    0.244472
    850510    0.240263
    850520    0.243616
    850530    0.242392
    850540    0.244718
    850550    0.244129
    850560    0.246854
    850570    0.244245
    850580    0.245207
    850590    0.246874
    850600    0.248709
    850610    0.243565
    850620    0.243747
    850630    0.247469
    850640    0.247594
    850650    0.245347
    850660    0.241279
    850670     0.25066
    850680    0.255534
    850690    0.252155
    850700    0.248559
    850710    0.240443
    850720     0.24958
    850730    0.243077
    850740    0.247079
    850750    0.250128
    850760     0.24703
    850770    0.243546
    850780    0.242392
    850790    0.245107
    850800    0.244889
    850810    0.244818
    850820    0.242783
    850830    0.241832
    850840    0.240453
    850850    0.242443
    850860    0.241739
    850870    0.238198
    850880    0.243953
    850890     0.24304
    850900     0.24572
    850910     0.24628
    850920    0.242412
    850930    0.240162
    850940    0.244701
    850950    0.244315
    850960    0.246317
    850970    0.246136
    850980    0.251858
    850990    0.248103
    851000    0.249289
    851010    0.237805
    851020    0.247723
    851030    0.247936
    851040    0.245046
    851050    0.240353
    851060    0.244397
    851070    0.244302
    851080    0.251063
    851090    0.249472
    851100    0.250285
    851110    0.243147
    851120    0.247761
    851130     0.24431
    851140    0.249218
    851150    0.239122
    851160    0.237606
    851170    0.238673
    851180    0.244034
    851190     0.24459
    851200    0.244458
    851210    0.243607
    851220     0.24333
    851230    0.236215
    851240    0.245634
    851250     0.24229
    851260    0.245767
    851270    0.239017
    851280    0.245107
    851290    0.233389
    851300    0.236042
    851310    0.238732
    851320    0.242099
    851330     0.23901
    851340    0.238966
    851350    0.245225
    851360    0.248864
    851370    0.242198
    851380    0.246085
    851390    0.246079
    851400    0.249561
    851410    0.243144
    851420    0.245239
    851430    0.242731
    851440    0.243077
    851450    0.248513
    851460    0.246773
    851470    0.245094
    851480    0.242272
    851490    0.247365
    851500    0.245052
    851510    0.253022
    851520     0.24421
    851530    0.244651
    851540    0.239083
    851550    0.248533
    851560    0.244264
    851570    0.248079
    851580    0.243617
    851590    0.252081
    851600    0.248201
    851610    0.244879
    851620      0.2507
    851630    0.246199
    851640    0.248914
    851650    0.244296
    851660    0.241338
    851670    0.249039
    851680    0.247211
    851690    0.247081
    851700    0.251737
    851710    0.255387
    851720    0.250242
    851730    0.243167
    851740    0.239424
    851750     0.24249
    851760    0.247458
    851770    0.241269
    851780    0.241774
    851790    0.249691
    851800    0.237255
    851810    0.242219
    851820    0.243675
    851830     0.24132
    851840    0.241281
    851850    0.243077
    851860    0.242655
    851870    0.238008
    851880    0.244942
    851890    0.242151
    851900    0.242378
    851910    0.250057
    851920    0.239908
    851930     0.24865
    851940    0.252433
    851950    0.251832
    851960    0.245557
    851970    0.250995
    851980    0.246361
    851990    0.239849
    852000    0.245731
    852010    0.240974
    852020    0.242345
    852030    0.240646
    852040    0.246246
    852050    0.244457
    852060    0.237219
    852070    0.246174
    852080    0.246604
    852090    0.252399
    852100    0.243894
    852110    0.237317
    852120    0.248476
    852130    0.247892
    852140    0.247144
    852150    0.244654
    852160    0.243641
    852170      0.2416
    852180    0.241033
    852190    0.245887
    852200    0.246168
    852210    0.242393
    852220    0.240826
    852230    0.245837
    852240    0.251627
    852250    0.250463
    852260    0.244803
    852270    0.241482
    852280    0.240316
    852290    0.243229
    852300    0.244375
    852310    0.240292
    852320    0.242372
    852330    0.242705
    852340    0.241094
    852350    0.246482
    852360    0.243862
    852370    0.242309
    852380    0.241247
    852390    0.237979
    852400    0.242306
    852410    0.239457
    852420    0.243213
    852430    0.245903
    852440    0.244444
    852450    0.247546
    852460    0.244768
    852470      0.2424
    852480     0.24329
    852490    0.248412
    852500    0.248636
    852510    0.248732
    852520    0.239223
    852530    0.240246
    852540    0.246767
    852550    0.244319
    852560    0.243891
    852570    0.243396
    852580    0.245206
    852590    0.244551
    852600    0.240862
    852610    0.241476
    852620    0.242328
    852630    0.240192
    852640     0.24536
    852650    0.242936
    852660    0.245522
    852670    0.242579
    852680     0.24275
    852690    0.243661
    852700    0.239005
    852710    0.241613
    852720    0.243252
    852730    0.242173
    852740     0.23732
    852750     0.24004
    852760    0.245335
    852770    0.242969
    852780    0.239035
    852790     0.23941
    852800    0.238292
    852810    0.240624
    852820    0.237918
    852830    0.236317
    852840    0.242379
    852850    0.246006
    852860    0.243077
    852870     0.24205
    852880    0.240632
    852890    0.238606
    852900    0.245541
    852910     0.24141
    852920    0.239878
    852930    0.245992
    852940    0.243953
    852950    0.243756
    852960    0.245724
    852970    0.245417
    852980    0.249175
    852990    0.245832
    853000    0.242546
    853010    0.251984
    853020    0.241651
    853030    0.239544
    853040     0.24178
    853050    0.233457
    853060    0.242459
    853070    0.237857
    853080    0.235994
    853090    0.237994
    853100    0.243241
    853110    0.246393
    853120    0.243105
    853130    0.239224
    853140    0.244881
    853150    0.243964
    853160    0.239602
    853170    0.242462
    853180    0.243929
    853190    0.239768
    853200    0.248331
    853210    0.245169
    853220    0.249001
    853230    0.243308
    853240    0.245932
    853250     0.24822
    853260    0.246611
    853270      0.2419
    853280    0.244606
    853290    0.243935
    853300    0.242067
    853310    0.246044
    853320    0.247184
    853330    0.244782
    853340    0.238192
    853350    0.238577
    853360     0.24134
    853370    0.242527
    853380    0.241787
    853390    0.246568
    853400    0.242319
    853410    0.246787
    853420    0.243873
    853430    0.242814
    853440    0.240064
    853450    0.240392
    853460    0.242553
    853470    0.243433
    853480    0.241239
    853490      0.2437
    853500    0.242557
    853510    0.238111
    853520    0.243317
    853530     0.23974
    853540    0.239597
    853550    0.236418
    853560    0.236427
    853570    0.237942
    853580    0.238251
    853590    0.245987
    853600    0.239807
    853610    0.234763
    853620    0.242817
    853630    0.237413
    853640    0.240317
    853650    0.239585
    853660    0.239588
    853670    0.240409
    853680    0.241034
    853690    0.231817
    853700    0.231259
    853710    0.233933
    853720    0.241805
    853730    0.240135
    853740    0.238372
    853750    0.237051
    853760    0.238451
    853770    0.235294
    853780    0.237946
    853790    0.236509
    853800    0.234367
    853810    0.238981
    853820    0.243222
    853830    0.243481
    853840     0.23835
    853850    0.241286
    853860    0.242757
    853870    0.240931
    853880    0.238675
    853890    0.240415
    853900    0.239701
    853910    0.235077
    853920    0.241306
    853930    0.242667
    853940    0.242007
    853950    0.246764
    853960    0.237761
    853970    0.235488
    853980    0.239665
    853990    0.239925
    854000    0.237395
    854010    0.239838
    854020     0.23947
    854030    0.244262
    854040    0.239442
    854050    0.240582
    854060     0.24117
    854070    0.240567
    854080    0.240958
    854090     0.24223
    854100    0.243982
    854110    0.240239
    854120    0.244592
    854130    0.242355
    854140    0.245566
    854150    0.238285
    854160    0.241941
    854170     0.24673
    854180    0.246831
    854190    0.243616
    854200    0.243383
    854210    0.244583
    854220    0.243917
    854230    0.244079
    854240    0.252587
    854250    0.244397
    854260    0.244108
    854270    0.243293
    854280    0.240715
    854290    0.240196
    854300    0.244175
    854310    0.243771
    854320    0.242841
    854330    0.238525
    854340     0.23927
    854350    0.241055
    854360    0.243384
    854370    0.244503
    854380     0.24594
    854390    0.243285
    854400    0.242676
    854410    0.242038
    854420    0.239885
    854430    0.245135
    854440    0.245109
    854450    0.241288
    854460    0.243243
    854470    0.240697
    854480    0.244219
    854490    0.246001
    854500    0.243252
    854510     0.24022
    854520    0.241362
    854530    0.239026
    854540    0.247029
    854550    0.245575
    854560    0.241557
    854570    0.239664
    854580    0.235059
    854590    0.234988
    854600    0.233274
    854610    0.239552
    854620    0.237069
    854630    0.234344
    854640    0.235707
    854650     0.23475
    854660    0.237872
    854670    0.244459
    854680    0.239393
    854690    0.235406
    854700    0.232587
    854710    0.234576
    854720    0.237108
    854730    0.234199
    854740    0.233934
    854750    0.239237
    854760    0.242611
    854770    0.230519
    854780    0.230914
    854790    0.232036
    854800    0.238345
    854810    0.236168
    854820    0.233977
    854830    0.231381
    854840    0.235963
    854850     0.23274
    854860    0.233717
    854870    0.235096
    854880    0.237835
    854890    0.235592
    854900    0.232891
    854910      0.2348
    854920    0.240359
    854930    0.233469
    854940    0.232736
    854950    0.235001
    854960    0.237659
    854970    0.240683
    854980    0.238418
    854990    0.230187
    855000     0.23274
    855010    0.235507
    855020     0.23597
    855030    0.236504
    855040     0.23476
    855050     0.23608
    855060    0.235377
    855070    0.232256
    855080     0.23167
    855090    0.235731
    855100    0.238497
    855110    0.236021
    855120    0.232539
    855130    0.235688
    855140     0.23695
    855150    0.235801
    855160    0.238015
    855170    0.235876
    855180    0.237163
    855190    0.232828
    855200    0.238123
    855210    0.239243
    855220    0.234167
    855230    0.236675
    855240     0.23599
    855250    0.234426
    855260     0.23652
    855270    0.238354
    855280    0.235651
    855290    0.235963
    855300    0.238259
    855310    0.236232
    855320    0.235787
    855330    0.237113
    855340    0.244306
    855350     0.23516
    855360    0.239375
    855370    0.238174
    855380    0.234934
    855390    0.238355
    855400    0.238943
    855410    0.235628
    855420    0.231109
    855430     0.23202
    855440    0.233488
    855450    0.231958
    855460    0.237623
    855470    0.236876
    855480    0.232642
    855490    0.233022
    855500    0.234446
    855510    0.236855
    855520    0.240026
    855530    0.237153
    855540    0.237358
    855550    0.238127
    855560    0.230542
    855570    0.235783
    855580    0.232272
    855590    0.236435
    855600    0.237696
    855610    0.232403
    855620    0.232069
    855630    0.232267
    855640    0.235243
    855650    0.236185
    855660    0.230011
    855670     0.23043
    855680    0.230631
    855690    0.238463
    855700    0.236413
    855710    0.237319
    855720    0.234856
    855730    0.240185
    855740    0.233271
    855750    0.235858
    855760    0.234109
    855770    0.231644
    855780    0.236157
    855790    0.238496
    855800    0.236966
    855810    0.229309
    855820     0.23564
    855830    0.244749
    855840    0.242904
    855850    0.238053
    855860    0.239828
    855870    0.234498
    855880     0.23172
    855890    0.231426
    855900    0.232498
    855910    0.232505
    855920    0.235988
    855930    0.239107
    855940    0.235641
    855950    0.235217
    855960    0.237984
    855970    0.232696
    855980    0.237897
    855990    0.233037
    856000    0.231945
    856010     0.23715
    856020    0.235658
    856030    0.234739
    856040    0.233678
    856050    0.236076
    856060    0.240049
    856070    0.236972
    856080     0.23332
    856090    0.237471
    856100    0.236146
    856110    0.232603
    856120    0.233477
    856130    0.232491
    856140    0.234509
    856150    0.233605
    856160    0.234709
    856170    0.233183
    856180    0.233087
    856190    0.237699
    856200    0.232528
    856210    0.237951
    856220    0.231334
    856230    0.233353
    856240    0.233425
    856250    0.231103
    856260    0.230455
    856270    0.230319
    856280    0.229402
    856290     0.24041
    856300    0.233482
    856310    0.232629
    856320    0.235058
    856330    0.236585
    856340    0.241872
    856350    0.242764
    856360    0.238083
    856370    0.239672
    856380    0.240597
    856390    0.232561
    856400    0.234589
    856410    0.236284
    856420    0.234298
    856430    0.237559
    856440    0.235019
    856450    0.235711
    856460    0.233473
    856470    0.230218
    856480    0.232791
    856490    0.237116
    856500    0.227537
    856510    0.242867
    856520    0.243676
    856530    0.232598
    856540      0.2321
    856550    0.236644
    856560    0.233106
    856570    0.238468
    856580    0.231667
    856590    0.233665
    856600    0.234006
    856610    0.238037
    856620    0.239872
    856630    0.235705
    856640    0.239638
    856650    0.240456
    856660    0.240635
    856670    0.237922
    856680    0.249169
    856690    0.242843
    856700    0.241128
    856710    0.243061
    856720     0.24443
    856730    0.237244
    856740    0.246844
    856750    0.239072
    856760    0.243928
    856770    0.241281
    856780    0.232938
    856790    0.232198
    856800    0.238438
    856810    0.244594
    856820    0.239525
    856830    0.239589
    856840    0.237614
    856850    0.244833
    856860    0.234043
    856870    0.238693
    856880    0.235682
    856890    0.238186
    856900    0.241818
    856910    0.238968
    856920    0.239285
    856930     0.23952
    856940    0.240813
    856950    0.242961
    856960    0.244075
    856970    0.238309
    856980    0.245446
    856990    0.240093
    857000     0.24096
    857010    0.237956
    857020    0.243103
    857030     0.23869
    857040    0.242647
    857050     0.24084
    857060    0.236821
    857070    0.238355
    857080     0.23255
    857090    0.232764
    857100      0.2427
    857110    0.242803
    857120     0.23908
    857130    0.237772
    857140    0.233762
    857150    0.239223
    857160    0.234181
    857170    0.242172
    857180    0.242561
    857190    0.234693
    857200    0.242643
    857210    0.231114
    857220     0.24699
    857230    0.242478
    857240    0.243181
    857250    0.242672
    857260    0.242017
    857270    0.234597
    857280    0.235602
    857290    0.243604
    857300    0.237951
    857310    0.239982
    857320    0.232132
    857330    0.241713
    857340    0.245317
    857350    0.241628
    857360    0.237464
    857370    0.234193
    857380     0.24401
    857390    0.242828
    857400    0.240615
    857410    0.245547
    857420    0.235026
    857430    0.231195
    857440    0.235178
    857450    0.231774
    857460    0.237663
    857470    0.235144
    857480     0.24792
    857490    0.244002
    857500    0.235336
    857510    0.236675
    857520    0.238943
    857530    0.233814
    857540    0.239252
    857550    0.232312
    857560    0.235062
    857570    0.245181
    857580    0.235437
    857590    0.240723
    857600    0.234708
    857610    0.246128
    857620    0.241342
    857630    0.232204
    857640    0.242589
    857650    0.239712
    857660    0.236873
    857670    0.229991
    857680    0.235726
    857690    0.240511
    857700    0.242216
    857710    0.236258
    857720    0.241153
    857730    0.248454
    857740    0.243858
    857750    0.236541
    857760    0.241316
    857770    0.240549
    857780    0.239788
    857790    0.237075
    857800    0.234836
    857810    0.232542
    857820    0.231042
    857830    0.236875
    857840    0.230534
    857850    0.236087
    857860    0.236205
    857870    0.242123
    857880    0.243012
    857890    0.236984
    857900    0.237425
    857910    0.239967
    857920     0.24032
    857930    0.238344
    857940    0.237177
    857950    0.233197
    857960    0.231843
    857970    0.240186
    857980     0.23942
    857990    0.238301
    858000    0.240149
    858010    0.242968
    858020    0.246809
    858030    0.239685
    858040    0.240865
    858050    0.249421
    858060    0.238403
    858070    0.242094
    858080    0.240524
    858090    0.243063
    858100    0.245917
    858110    0.237612
    858120    0.244161
    858130    0.238087
    858140    0.237858
    858150    0.244323
    858160    0.239087
    858170    0.239811
    858180    0.234977
    858190     0.23129
    858200    0.238019
    858210    0.241873
    858220    0.240221
    858230    0.239731
    858240    0.242884
    858250     0.23916
    858260     0.23921
    858270     0.23785
    858280    0.247024
    858290      0.2381
    858300    0.239373
    858310    0.233569
    858320    0.239604
    858330    0.246462
    858340    0.246459
    858350    0.250142
    858360    0.251952
    858370    0.250035
    858380     0.23552
    858390    0.242184
    858400    0.238699
    858410    0.243856
    858420    0.246647
    858430    0.246636
    858440    0.242802
    858450    0.245851
    858460    0.244578
    858470    0.239204
    858480    0.238482
    858490    0.244084
    858500    0.250934
    858510    0.251188
    858520    0.245421
    858530    0.246624
    858540     0.23922
    858550    0.242335
    858560    0.243351
    858570    0.253643
    858580    0.247876
    858590     0.23685
    858600     0.23745
    858610     0.24242
    858620    0.245557
    858630    0.249986
    858640     0.24727
    858650    0.244126
    858660     0.24168
    858670    0.242256
    858680    0.241766
    858690    0.244767
    858700    0.246069
    858710    0.247106
    858720    0.254051
    858730    0.242363
    858740    0.239931
    858750    0.248406
    858760    0.238378
    858770    0.236384
    858780    0.241705
    858790    0.236712
    858800    0.242482
    858810    0.241189
    858820    0.237115
    858830      0.2356
    858840    0.239618
    858850    0.236021
    858860    0.241364
    858870     0.23919
    858880    0.243691
    858890    0.242313
    858900    0.240138
    858910    0.237679
    858920    0.240134
    858930    0.236441
    858940    0.238002
    858950    0.235321
    858960    0.242751
    858970    0.239935
    858980    0.234413
    858990    0.244157
    859000    0.238279
    859010    0.230597
    859020    0.234197
    859030    0.235903
    859040    0.235665
    859050      0.2359
    859060    0.237701
    859070    0.238965
    859080    0.232546
    859090    0.231254
    859100    0.236647
    859110    0.235964
    859120    0.230811
    859130    0.241233
    859140    0.237785
    859150    0.239145
    859160    0.239852
    859170    0.241047
    859180    0.234797
    859190    0.236028
    859200    0.238145
    859210    0.245136
    859220    0.240758
    859230    0.245117
    859240    0.244493
    859250    0.238901
    859260     0.24329
    859270    0.243938
    859280    0.240465
    859290    0.240207
    859300    0.242881
    859310    0.239101
    859320    0.237245
    859330    0.247187
    859340    0.247439
    859350    0.242283
    859360    0.244922
    859370    0.243708
    859380    0.244906
    859390    0.238683
    859400    0.247895
    859410    0.243274
    859420    0.239981
    859430    0.236581
    859440    0.243508
    859450    0.241288
    859460    0.234506
    859470    0.243957
    859480    0.236231
    859490    0.242519
    859500    0.236264
    859510    0.243567
    859520     0.23898
    859530    0.237649
    859540    0.240743
    859550     0.23258
    859560    0.238249
    859570    0.244626
    859580    0.241585
    859590    0.240506
    859600     0.24018
    859610    0.237185
    859620    0.237945
    859630    0.238533
    859640    0.232531
    859650    0.234358
    859660    0.231774
    859670    0.243208
    859680    0.233897
    859690    0.233933
    859700    0.237275
    859710    0.240992
    859720    0.235684
    859730    0.235973
    859740    0.232191
    859750    0.233544
    859760    0.232059
    859770    0.234556
    859780    0.242474
    859790    0.241903
    859800    0.236899
    859810    0.234311
    859820    0.240962
    859830    0.236149
    859840     0.23272
    859850    0.232944
    859860    0.235028
    859870    0.235491
    859880    0.238051
    859890    0.236685
    859900    0.232873
    859910    0.237355
    859920    0.242297
    859930    0.237444
    859940     0.24418
    859950    0.243585
    859960    0.238197
    859970    0.245936
    859980    0.237861
    859990    0.249324
    860000    0.233069
    860010    0.234535
    860020    0.235733
    860030    0.234819
    860040    0.241395
    860050    0.237568
    860060    0.240399
    860070    0.247887
    860080    0.241673
    860090     0.24578
    860100    0.244294
    860110    0.231807
    860120    0.238377
    860130    0.243253
    860140     0.23956
    860150    0.238387
    860160    0.232335
    860170    0.239745
    860180    0.238264
    860190    0.242244
    860200    0.241564
    860210    0.242409
    860220    0.248442
    860230    0.238448
    860240    0.238851
    860250    0.241507
    860260    0.238244
    860270    0.237674
    860280    0.238771
    860290    0.240189
    860300    0.237917
    860310    0.235646
    860320    0.240314
    860330    0.242043
    860340    0.234112
    860350    0.238763
    860360     0.24369
    860370    0.239843
    860380    0.240304
    860390    0.236491
    860400    0.243128
    860410    0.241447
    860420    0.238338
    860430    0.248676
    860440    0.239126
    860450    0.238319
    860460    0.243113
    860470    0.249045
    860480     0.25125
    860490    0.248482
    860500    0.252745
    860510    0.238131
    860520       0.244
    860530    0.248285
    860540    0.247437
    860550    0.243824
    860560    0.245661
    860570    0.240981
    860580    0.240883
    860590    0.236084
    860600    0.236149
    860610    0.235406
    860620    0.231142
    860630    0.234697
    860640    0.234837
    860650    0.242597
    860660    0.232992
    860670    0.234896
    860680    0.232844
    860690    0.241491
    860700    0.229277
    860710    0.230238
    860720    0.238051
    860730    0.235104
    860740    0.235979
    860750    0.238392
    860760    0.236985
    860770    0.236212
    860780    0.235606
    860790    0.234717
    860800    0.236722
    860810    0.232008
    860820    0.236621
    860830    0.237036
    860840    0.236183
    860850     0.23431
    860860    0.236021
    860870    0.236555
    860880     0.23858
    860890    0.235851
    860900    0.233485
    860910    0.239567
    860920    0.233318
    860930    0.243365
    860940    0.240901
    860950    0.231447
    860960    0.232626
    860970    0.238854
    860980    0.236735
    860990    0.237509
    861000    0.237178
    861010    0.234474
    861020    0.236673
    861030    0.239625
    861040    0.234858
    861050    0.236216
    861060    0.243173
    861070    0.237117
    861080    0.234912
    861090    0.241654
    861100    0.235979
    861110     0.24044
    861120    0.231881
    861130    0.234598
    861140    0.236672
    861150    0.242193
    861160    0.236293
    861170    0.236738
    861180    0.240194
    861190    0.237218
    861200    0.235234
    861210    0.236663
    861220    0.234249
    861230    0.244448
    861240    0.233727
    861250    0.241498
    861260    0.227359
    861270     0.23297
    861280    0.241382
    861290    0.234841
    861300    0.235772
    861310    0.235548
    861320    0.233291
    861330    0.231525
    861340      0.2399
    861350    0.231966
    861360    0.238386
    861370    0.233236
    861380    0.235786
    861390    0.231577
    861400    0.239296
    861410    0.234147
    861420    0.232242
    861430    0.231622
    861440     0.23165
    861450    0.238616
    861460    0.235315
    861470    0.234296
    861480     0.24142
    861490    0.238176
    861500    0.235892
    861510    0.237787
    861520    0.238325
    861530    0.240705
    861540    0.247131
    861550    0.240905
    861560    0.237562
    861570    0.242337
    861580    0.238129
    861590    0.245188
    861600    0.241901
    861610    0.244428
    861620    0.245335
    861630    0.245242
    861640    0.244816
    861650    0.246951
    861660    0.245886
    861670    0.250464
    861680    0.249638
    861690    0.242878
    861700    0.246478
    861710    0.238113
    861720    0.241442
    861730    0.242275
    861740    0.242087
    861750    0.249001
    861760    0.244111
    861770    0.241604
    861780    0.242293
    861790    0.243326
    861800    0.251833
    861810    0.253593
    861820    0.250811
    861830    0.246757
    861840    0.253607
    861850    0.248887
    861860     0.24414
    861870    0.252089
    861880    0.246876
    861890    0.248382
    861900    0.253308
    861910    0.252314
    861920    0.258337
    861930     0.25158
    861940    0.245858
    861950      0.2487
    861960     0.25105
    861970    0.243365
    861980    0.252318
    861990    0.245241
    862000    0.252468
    862010    0.251981
    862020    0.249834
    862030    0.252078
    862040     0.24116
    862050    0.252604
    862060    0.251839
    862070    0.243262
    862080    0.254461
    862090    0.246429
    862100    0.243901
    862110    0.250319
    862120    0.253086
    862130    0.253051
    862140    0.256639
    862150    0.260478
    862160    0.245175
    862170    0.254395
    862180     0.25257
    862190    0.256717
    862200     0.25169
    862210    0.253649
    862220    0.260071
    862230    0.252092
    862240    0.252256
    862250    0.253115
    862260     0.24367
    862270    0.251562
    862280    0.250124
    862290    0.254337
    862300    0.252819
    862310    0.258771
    862320    0.251841
    862330     0.25129
    862340    0.243759
    862350    0.257588
    862360    0.251074
    862370    0.252416
    862380    0.250274
    862390    0.247531
    862400    0.257774
    862410    0.256355
    862420    0.249285
    862430    0.248428
    862440    0.247637
    862450    0.242359
    862460    0.253545
    862470    0.247316
    862480    0.257448
    862490    0.245883
    862500    0.247206
    862510    0.249455
    862520    0.249017
    862530    0.251438
    862540    0.259697
    862550    0.259766
    862560    0.259691
    862570    0.261211
    862580    0.263276
    862590    0.257902
    862600      0.2612
    862610    0.263624
    862620    0.261274
    862630    0.258538
    862640    0.265784
    862650    0.260492
    862660    0.258081
    862670     0.25909
    862680    0.258394
    862690    0.256469
    862700    0.261657
    862710    0.256902
    862720    0.260735
    862730    0.254562
    862740    0.258473
    862750    0.260286
    862760    0.252998
    862770    0.258292
    862780    0.257399
    862790    0.259563
    862800    0.262655
    862810     0.25661
    862820    0.258912
    862830    0.254253
    862840    0.254842
    862850    0.260675
    862860    0.258816
    862870    0.256314
    862880    0.257644
    862890    0.259218
    862900      0.2574
    862910    0.254505
    862920    0.253846
    862930    0.254051
    862940    0.256828
    862950    0.259514
    862960    0.258715
    862970    0.257187
    862980    0.256361
    862990    0.258917
    863000    0.254371
    863010    0.257691
    863020    0.259071
    863030    0.260959
    863040    0.257296
    863050    0.260143
    863060    0.263212
    863070    0.258477
    863080    0.255112
    863090    0.261071
    863100    0.257031
    863110     0.25643
    863120    0.256722
    863130    0.259612
    863140    0.254206
    863150    0.251948
    863160    0.251254
    863170    0.258017
    863180    0.257423
    863190    0.259412
    863200    0.256428
    863210    0.257019
    863220    0.258658
    863230    0.254103
    863240    0.255032
    863250    0.254499
    863260    0.262261
    863270    0.259513
    863280    0.259909
    863290    0.262848
    863300    0.254914
    863310    0.253169
    863320    0.260285
    863330    0.265577
    863340    0.264451
    863350    0.266123
    863360    0.258157
    863370    0.256742
    863380    0.254255
    863390    0.257838
    863400    0.259972
    863410     0.25724
    863420     0.25921
    863430    0.262132
    863440    0.258909
    863450    0.255418
    863460    0.250853
    863470    0.259801
    863480    0.255905
    863490    0.257365
    863500    0.258321
    863510     0.25814
    863520    0.254493
    863530    0.256925
    863540    0.253831
    863550    0.256653
    863560    0.257709
    863570    0.253644
    863580    0.258323
    863590    0.261048
    863600    0.255896
    863610     0.25025
    863620    0.256651
    863630    0.262632
    863640    0.263368
    863650    0.260787
    863660    0.256306
    863670    0.261122
    863680    0.259491
    863690    0.262611
    863700    0.257139
    863710    0.255587
    863720    0.253394
    863730    0.247018
    863740    0.258166
    863750    0.262331
    863760    0.262176
    863770    0.248248
    863780    0.253579
    863790    0.258066
    863800    0.250245
    863810    0.257836
    863820    0.257032
    863830    0.252229
    863840    0.258081
    863850    0.254091
    863860    0.255392
    863870    0.254468
    863880    0.258126
    863890     0.25361
    863900    0.253917
    863910    0.259818
    863920    0.259895
    863930     0.24915
    863940    0.254931
    863950    0.253167
    863960    0.257762
    863970    0.256227
    863980     0.25685
    863990    0.260567
    864000    0.251648
    864010    0.251416
    864020    0.253113
    864030    0.256143
    864040    0.253051
    864050    0.252147
    864060    0.256627
    864070    0.263105
    864080    0.253364
    864090     0.26006
    864100    0.259224
    864110    0.259818
    864120    0.255566
    864130     0.25376
    864140    0.264251
    864150    0.263047
    864160    0.263368
    864170    0.257577
    864180    0.252965
    864190    0.254712
    864200    0.256806
    864210    0.256305
    864220     0.25499
    864230    0.258389
    864240    0.261423
    864250    0.258621
    864260    0.253304
    864270    0.255149
    864280    0.252655
    864290    0.257724
    864300    0.259949
    864310    0.259078
    864320    0.256834
    864330    0.253814
    864340    0.254743
    864350    0.258373
    864360    0.260255
    864370    0.259138
    864380    0.257666
    864390    0.253707
    864400    0.260168
    864410    0.246787
    864420    0.253768
    864430    0.257102
    864440    0.257124
    864450    0.258502
    864460    0.259486
    864470    0.255496
    864480    0.260683
    864490    0.258127
    864500    0.255464
    864510    0.259239
    864520    0.259071
    864530    0.254331
    864540    0.253813
    864550    0.258787
    864560    0.255478
    864570    0.251833
    864580    0.250978
    864590    0.251379
    864600    0.257143
    864610     0.25209
    864620     0.25717
    864630     0.24807
    864640    0.250369
    864650    0.256518
    864660    0.253027
    864670    0.251182
    864680    0.249217
    864690    0.248354
    864700    0.247158
    864710    0.253694
    864720     0.24984
    864730    0.254205
    864740    0.253441
    864750    0.250907
    864760    0.253188
    864770    0.253243
    864780     0.25286
    864790     0.25718
    864800    0.259812
    864810    0.256021
    864820    0.257761
    864830    0.255561
    864840     0.25781
    864850    0.257972
    864860    0.257744
    864870    0.252307
    864880    0.255231
    864890    0.252574
    864900    0.253465
    864910    0.254809
    864920    0.255752
    864930    0.255754
    864940    0.260401
    864950     0.25849
    864960    0.255745
    864970    0.256757
    864980     0.25847
    864990    0.256507
    865000    0.258071
    865010    0.256231
    865020    0.259568
    865030    0.254885
    865040    0.252875
    865050    0.255369
    865060    0.254766
    865070    0.256071
    865080    0.260938
    865090    0.261379
    865100    0.257842
    865110    0.258721
    865120    0.256281
    865130    0.258706
    865140    0.253053
    865150    0.250949
    865160     0.25303
    865170    0.258826
    865180    0.255025
    865190    0.257085
    865200    0.260347
    865210    0.257532
    865220    0.254045
    865230    0.255611
    865240    0.252338
    865250    0.251399
    865260    0.256062
    865270    0.256768
    865280    0.256896
    865290    0.254972
    865300    0.251599
    865310    0.262315
    865320    0.255688
    865330    0.252705
    865340    0.253379
    865350     0.25444
    865360    0.260787
    865370    0.255898
    865380    0.252222
    865390     0.25783
    865400    0.251485
    865410    0.253277
    865420    0.247211
    865430     0.25462
    865440     0.26237
    865450    0.258651
    865460    0.259759
    865470    0.253411
    865480    0.262478
    865490    0.268644
    865500    0.260791
    865510    0.256845
    865520    0.256683
    865530    0.256078
    865540    0.253944
    865550     0.25632
    865560    0.257888
    865570    0.256581
    865580    0.263695
    865590    0.253602
    865600    0.255511
    865610    0.256034
    865620    0.257148
    865630    0.255414
    865640    0.250774
    865650    0.251927
    865660    0.254276
    865670    0.255929
    865680    0.253676
    865690    0.255295
    865700    0.254336
    865710     0.25586
    865720    0.253628
    865730    0.254914
    865740    0.261895
    865750    0.255201
    865760    0.256317
    865770    0.252974
    865780    0.253563
    865790    0.255067
    865800    0.253787
    865810    0.255751
    865820    0.260447
    865830    0.259716
    865840    0.251194
    865850    0.253819
    865860    0.252995
    865870    0.254008
    865880    0.257108
    865890    0.257468
    865900    0.251541
    865910     0.25136
    865920    0.248364
    865930    0.254589
    865940    0.251736
    865950    0.254606
    865960    0.254412
    865970     0.25147
    865980    0.252532
    865990    0.253881
    866000    0.252832
    866010    0.249489
    866020    0.255837
    866030    0.253585
    866040    0.256831
    866050    0.254868
    866060    0.254149
    866070    0.258381
    866080    0.253982
    866090    0.253288
    866100    0.254243
    866110    0.254178
    866120    0.250236
    866130    0.255347
    866140    0.256474
    866150    0.253978
    866160    0.258357
    866170     0.25616
    866180    0.251497
    866190     0.25445
    866200    0.250697
    866210    0.260375
    866220     0.25409
    866230    0.253682
    866240    0.257663
    866250    0.255767
    866260    0.250768
    866270    0.256837
    866280    0.257553
    866290    0.253101
    866300     0.25163
    866310    0.254995
    866320    0.257011
    866330    0.256706
    866340    0.256549
    866350    0.253255
    866360    0.248703
    866370    0.259545
    866380     0.26143
    866390    0.255702
    866400    0.258478
    866410    0.261096
    866420    0.257406
    866430    0.259605
    866440    0.257087
    866450    0.258484
    866460     0.25574
    866470    0.254318
    866480    0.258092
    866490    0.256959
    866500    0.255695
    866510    0.250983
    866520    0.253796
    866530    0.255111
    866540    0.259196
    866550    0.255216
    866560    0.256974
    866570    0.254305
    866580    0.260113
    866590    0.258446
    866600    0.257987
    866610    0.257469
    866620    0.261614
    866630    0.263935
    866640    0.259028
    866650    0.266059
    866660    0.261057
    866670    0.259615
    866680    0.262631
    866690    0.260142
    866700    0.264732
    866710    0.261765
    866720    0.260804
    866730    0.265593
    866740    0.259841
    866750     0.26456
    866760    0.257897
    866770    0.262539
    866780    0.261009
    866790    0.254435
    866800    0.259764
    866810    0.259469
    866820    0.258776
    866830    0.258659
    866840    0.258046
    866850    0.260493
    866860    0.257772
    866870    0.262361
    866880    0.261239
    866890    0.259797
    866900    0.261021
    866910    0.260045
    866920    0.259749
    866930    0.256735
    866940    0.267124
    866950    0.258837
    866960    0.260699
    866970    0.258886
    866980    0.256123
    866990    0.261611
    867000    0.260725
    867010    0.261238
    867020    0.256828
    867030    0.257337
    867040    0.257482
    867050    0.260753
    867060    0.259756
    867070     0.25775
    867080    0.258059
    867090    0.258411
    867100    0.258536
    867110    0.260275
    867120    0.258809
    867130    0.257355
    867140    0.258383
    867150    0.258125
    867160    0.257144
    867170    0.257817
    867180    0.258364
    867190    0.258778
    867200    0.255647
    867210    0.257768
    867220     0.25914
    867230    0.258974
    867240    0.255925
    867250     0.25857
    867260    0.260653
    867270    0.256993
    867280    0.260583
    867290    0.255416
    867300    0.255228
    867310    0.256391
    867320    0.258468
    867330    0.253091
    867340    0.257135
    867350    0.256527
    867360    0.258131
    867370    0.259209
    867380    0.259362
    867390    0.258049
    867400    0.255173
    867410    0.255097
    867420    0.259007
    867430    0.259667
    867440    0.262025
    867450    0.258235
    867460     0.25792
    867470    0.257802
    867480    0.254807
    867490    0.257183
    867500    0.255893
    867510    0.252927
    867520    0.258364
    867530    0.258178
    867540    0.254037
    867550    0.257001
    867560     0.25512
    867570    0.251061
    867580    0.259614
    867590    0.256758
    867600    0.256029
    867610    0.259369
    867620    0.260758
    867630    0.261092
    867640    0.260494
    867650    0.257875
    867660     0.25824
    867670    0.258733
    867680    0.259658
    867690    0.257669
    867700    0.255345
    867710    0.258654
    867720    0.262031
    867730    0.254825
    867740    0.255273
    867750     0.25985
    867760    0.255947
    867770    0.259287
    867780    0.255929
    867790    0.261508
    867800    0.253321
    867810    0.258019
    867820    0.259642
    867830    0.255593
    867840    0.252789
    867850    0.258205
    867860    0.254851
    867870    0.255593
    867880    0.262065
    867890    0.259889
    867900    0.265599
    867910     0.26572
    867920    0.255686
    867930     0.25722
    867940    0.256187
    867950    0.261435
    867960    0.261398
    867970    0.255828
    867980    0.256479
    867990    0.256821
    868000    0.262334
    868010    0.260924
    868020    0.261491
    868030    0.256717
    868040    0.260513
    868050    0.254335
    868060    0.255692
    868070    0.261985
    868080    0.262446
    868090    0.256111
    868100    0.260154
    868110     0.25902
    868120    0.259851
    868130    0.259385
    868140    0.252897
    868150    0.254028
    868160    0.256792
    868170    0.253628
    868180    0.255457
    868190    0.259856
    868200      0.2573
    868210    0.263295
    868220    0.255423
    868230    0.256113
    868240    0.261476
    868250    0.252276
    868260    0.254343
    868270    0.251579
    868280    0.256442
    868290    0.258791
    868300    0.255212
    868310    0.259874
    868320    0.255281
    868330     0.25167
    868340    0.255904
    868350    0.254652
    868360    0.255376
    868370    0.255622
    868380    0.257676
    868390    0.260652
    868400    0.262672
    868410    0.254105
    868420    0.258671
    868430    0.255992
    868440    0.258156
    868450    0.253528
    868460    0.250895
    868470    0.263105
    868480      0.2642
    868490    0.261073
    868500    0.260352
    868510    0.258541
    868520    0.262421
    868530    0.258115
    868540    0.256096
    868550    0.255288
    868560     0.25533
    868570    0.263047
    868580    0.260309
    868590    0.257623
    868600    0.253493
    868610    0.258404
    868620    0.258165
    868630    0.254824
    868640    0.258467
    868650    0.256447
    868660    0.253652
    868670    0.255646
    868680    0.256443
    868690     0.25308
    868700    0.257413
    868710    0.258083
    868720    0.262471
    868730    0.257851
    868740    0.260506
    868750    0.260016
    868760    0.254207
    868770    0.257695
    868780    0.260473
    868790    0.257549
    868800    0.260259
    868810    0.255078
    868820    0.262388
    868830    0.262002
    868840    0.259392
    868850    0.259918
    868860    0.256425
    868870    0.258054
    868880    0.259272
    868890    0.253551
    868900    0.256198
    868910    0.255109
    868920    0.260397
    868930    0.255463
    868940    0.257465
    868950    0.256214
    868960     0.24898
    868970    0.262403
    868980    0.258905
    868990    0.256977
    869000    0.251803
    869010    0.253771
    869020     0.25227
    869030    0.249697
    869040    0.255008
    869050    0.256187
    869060    0.252768
    869070    0.258513
    869080    0.250046
    869090    0.250569
    869100     0.26143
    869110    0.255746
    869120    0.256389
    869130    0.259574
    869140     0.26265
    869150     0.25966
    869160    0.264027
    869170    0.258673
    869180    0.252497
    869190    0.253396
    869200    0.256738
    869210    0.258295
    869220     0.25866
    869230    0.253868
    869240    0.256796
    869250    0.248587
    869260    0.257048
    869270    0.256094
    869280    0.249094
    869290    0.255041
    869300    0.254874
    869310    0.255092
    869320    0.251404
    869330    0.255483
    869340    0.256907
    869350     0.25379
    869360    0.249408
    869370    0.249731
    869380    0.258801
    869390    0.256417
    869400     0.25563
    869410     0.25711
    869420    0.259548
    869430    0.256335
    869440    0.257351
    869450    0.260777
    869460    0.255659
    869470     0.25563
    869480    0.256342
    869490    0.256663
    869500    0.254732
    869510     0.25781
    869520    0.255439
    869530    0.256793
    869540    0.257961
    869550    0.255872
    869560    0.254874
    869570    0.254547
    869580    0.257005
    869590    0.258006
    869600    0.254428
    869610    0.255749
    869620    0.252985
    869630    0.259462
    869640    0.258678
    869650    0.255043
    869660    0.250179
    869670    0.254476
    869680    0.255989
    869690    0.256085
    869700    0.255554
    869710    0.255969
    869720    0.254311
    869730    0.252075
    869740    0.257096
    869750    0.250139
    869760    0.259095
    869770    0.248881
    869780    0.255644
    869790    0.252792
    869800    0.253025
    869810     0.25529
    869820    0.253381
    869830    0.256032
    869840    0.255986
    869850     0.25121
    869860    0.255043
    869870    0.253701
    869880    0.258625
    869890    0.254689
    869900    0.259335
    869910    0.255197
    869920    0.256569
    869930    0.259334
    869940    0.256842
    869950    0.259632
    869960    0.256608
    869970    0.248918
    869980    0.253113
    869990    0.256832
    870000    0.255994
    870010    0.254248
    870020     0.25925
    870030    0.262312
    870040    0.260368
    870050    0.256503
    870060    0.249129
    870070    0.250439
    870080     0.25329
    870090    0.254563
    870100    0.260711
    870110    0.251625
    870120    0.247645
    870130    0.257751
    870140    0.257082
    870150    0.251059
    870160    0.254107
    870170     0.25378
    870180    0.259754
    870190    0.262368
    870200    0.251055
    870210    0.257629
    870220    0.256609
    870230    0.254623
    870240    0.257392
    870250    0.251893
    870260    0.253074
    870270     0.25046
    870280    0.256652
    870290    0.255211
    870300    0.255955
    870310    0.254827
    870320    0.262386
    870330    0.256441
    870340    0.262532
    870350    0.255373
    870360    0.257785
    870370     0.26068
    870380    0.261156
    870390    0.259741
    870400    0.261812
    870410     0.25896
    870420     0.26027
    870430    0.261305
    870440    0.257625
    870450     0.25414
    870460    0.260525
    870470    0.257857
    870480    0.259036
    870490    0.258931
    870500    0.255581
    870510    0.255884
    870520    0.259541
    870530    0.256721
    870540     0.25728
    870550    0.261142
    870560    0.255058
    870570    0.258978
    870580    0.259001
    870590    0.261619
    870600    0.259344
    870610     0.25582
    870620    0.257766
    870630    0.258221
    870640    0.259501
    870650    0.259908
    870660    0.259756
    870670    0.257127
    870680    0.261043
    870690    0.260737
    870700    0.260069
    870710    0.254554
    870720    0.257713
    870730    0.255095
    870740    0.263549
    870750    0.258144
    870760    0.263039
    870770    0.258147
    870780    0.262749
    870790    0.259957
    870800    0.257765
    870810    0.255281
    870820    0.263107
    870830    0.256967
    870840    0.259737
    870850    0.263017
    870860     0.25532
    870870    0.255221
    870880    0.259845
    870890    0.259801
    870900    0.260874
    870910    0.255894
    870920    0.265217
    870930    0.258541
    870940    0.260329
    870950    0.252738
    870960    0.258098
    870970     0.26123
    870980    0.258651
    870990    0.259104
    871000    0.260161
    871010    0.252785
    871020    0.256089
    871030    0.262811
    871040    0.262334
    871050    0.262016
    871060    0.254205
    871070    0.250822
    871080    0.254924
    871090    0.260402
    871100    0.252461
    871110    0.254935
    871120    0.257216
    871130    0.262486
    871140    0.256084
    871150    0.257491
    871160    0.258052
    871170    0.258948
    871180    0.258512
    871190    0.260058
    871200    0.255481
    871210    0.260195
    871220    0.262061
    871230    0.256421
    871240    0.262533
    871250    0.258248
    871260     0.25807
    871270    0.257048
    871280    0.263936
    871290    0.262503
    871300    0.260105
    871310    0.253931
    871320    0.263321
    871330    0.256266
    871340    0.257242
    871350    0.256301
    871360    0.255404
    871370    0.256544
    871380    0.258734
    871390    0.267109
    871400    0.264659
    871410    0.260171
    871420    0.262071
    871430    0.257653
    871440    0.258683
    871450    0.257023
    871460    0.258244
    871470    0.255711
    871480    0.257118
    871490      0.2646
    871500    0.253608
    871510    0.255684
    871520    0.256319
    871530    0.260719
    871540    0.258746
    871550    0.257798
    871560    0.259408
    871570    0.259321
    871580    0.258627
    871590    0.261033
    871600    0.267791
    871610    0.259381
    871620     0.25565
    871630    0.260518
    871640    0.257112
    871650    0.261463
    871660    0.261276
    871670    0.258984
    871680    0.263407
    871690    0.261782
    871700    0.265968
    871710    0.258192
    871720    0.264252
    871730    0.261095
    871740    0.258259
    871750    0.263147
    871760    0.255207
    871770     0.25888
    871780    0.261561
    871790     0.26114
    871800    0.257292
    871810    0.265695
    871820    0.257076
    871830    0.260871
    871840     0.26069
    871850    0.259375
    871860    0.261197
    871870    0.254137
    871880    0.256529
    871890    0.255015
    871900    0.261375
    871910    0.259138
    871920    0.259825
    871930    0.258366
    871940    0.263764
    871950    0.254872
    871960    0.256198
    871970    0.262355
    871980    0.261605
    871990    0.258405
    872000    0.254635
    872010    0.260161
    872020    0.262577
    872030     0.26197
    872040    0.260803
    872050    0.259237
    872060    0.258606
    872070    0.255001
    872080    0.259313
    872090    0.257108
    872100    0.253303
    872110    0.258448
    872120    0.258939
    872130    0.258186
    872140     0.25955
    872150    0.254387
    872160    0.254922
    872170    0.259291
    872180    0.254386
    872190    0.252808
    872200       0.257
    872210    0.251689
    872220    0.258458
    872230    0.263499
    872240    0.259037
    872250    0.258602
    872260    0.252808
    872270    0.257341
    872280    0.253291
    872290    0.261757
    872300     0.25448
    872310     0.26183
    872320    0.254935
    872330    0.260906
    872340    0.258592
    872350    0.252889
    872360    0.260381
    872370    0.260118
    872380    0.262082
    872390    0.261376
    872400    0.262648
    872410    0.262093
    872420    0.263325
    872430    0.262995
    872440    0.257837
    872450     0.25872
    872460    0.259035
    872470    0.261778
    872480    0.265542
    872490    0.257746
    872500    0.264439
    872510    0.258403
    872520    0.267462
    872530    0.263361
    872540    0.263124
    872550    0.262143
    872560    0.259217
    872570    0.261552
    872580    0.258414
    872590    0.259207
    872600    0.259387
    872610    0.258814
    872620    0.263903
    872630    0.265614
    872640    0.257957
    872650    0.262447
    872660     0.25827
    872670    0.263546
    872680    0.258385
    872690     0.25597
    872700    0.263506
    872710     0.25921
    872720    0.259325
    872730    0.260727
    872740     0.25666
    872750    0.261622
    872760    0.257774
    872770     0.25446
    872780    0.256756
    872790    0.262041
    872800    0.258992
    872810    0.255391
    872820    0.254676
    872830    0.261593
    872840     0.25843
    872850    0.266177
    872860    0.260647
    872870     0.26275
    872880     0.26273
    872890    0.256558
    872900    0.257032
    872910    0.259556
    872920    0.259619
    872930    0.250225
    872940    0.257302
    872950    0.260438
    872960    0.255423
    872970    0.254524
    872980    0.258027
    872990    0.254448
    873000    0.257491
    873010    0.257383
    873020    0.260626
    873030    0.259776
    873040     0.26238
    873050    0.257807
    873060    0.260633
    873070    0.262576
    873080    0.260509
    873090    0.256741
    873100    0.254963
    873110    0.254765
    873120    0.254176
    873130    0.259535
    873140    0.258955
    873150    0.262014
    873160    0.259121
    873170    0.258084
    873180    0.264442
    873190    0.257314
    873200     0.25782
    873210    0.254347
    873220    0.258464
    873230    0.255501
    873240    0.256566
    873250    0.258796
    873260    0.253159
    873270    0.268677
    873280    0.260605
    873290     0.26408
    873300    0.259563
    873310     0.25893
    873320    0.257633
    873330     0.26326
    873340    0.259943
    873350    0.256117
    873360    0.258649
    873370    0.253834
    873380    0.264429
    873390    0.257308
    873400    0.263508
    873410    0.257582
    873420    0.258943
    873430    0.260291
    873440    0.256124
    873450    0.257215
    873460    0.263676
    873470    0.263081
    873480    0.260558
    873490    0.259776
    873500    0.260166
    873510    0.258992
    873520     0.25611
    873530    0.259858
    873540    0.258307
    873550    0.256777
    873560    0.261121
    873570    0.262424
    873580    0.262301
    873590    0.258025
    873600    0.257693
    873610    0.254477
    873620    0.262344
    873630    0.257853
    873640    0.254904
    873650     0.25747
    873660    0.257846
    873670    0.265008
    873680    0.260435
    873690     0.26231
    873700    0.259033
    873710    0.258127
    873720    0.262242
    873730    0.261661
    873740    0.260051
    873750    0.260781
    873760    0.258598
    873770    0.259772
    873780    0.259327
    873790    0.257388
    873800    0.264713
    873810     0.26215
    873820    0.256051
    873830    0.255939
    873840    0.257805
    873850    0.261406
    873860    0.262618
    873870    0.261603
    873880    0.260037
    873890    0.262959
    873900    0.258344
    873910    0.259764
    873920    0.258983
    873930    0.263317
    873940    0.257104
    873950     0.26002
    873960    0.263533
    873970    0.256824
    873980    0.258381
    873990    0.261859
    874000    0.259874
    874010    0.261201
    874020    0.263092
    874030    0.258986
    874040    0.255692
    874050    0.258039
    874060     0.25794
    874070    0.259198
    874080    0.264752
    874090    0.257301
    874100    0.260688
    874110    0.260689
    874120    0.258467
    874130    0.258467
    874140     0.25153
    874150    0.256386
    874160    0.256638
    874170    0.253463
    874180    0.255008
    874190    0.257593
    874200    0.259108
    874210    0.255543
    874220    0.255634
    874230    0.253317
    874240    0.260453
    874250    0.257704
    874260    0.259806
    874270    0.261128
    874280    0.260845
    874290    0.258546
    874300    0.258936
    874310    0.267285
    874320    0.256555
    874330    0.262333
    874340    0.263134
    874350      0.2611
    874360    0.262651
    874370     0.25799
    874380    0.259282
    874390    0.256378
    874400    0.261372
    874410    0.256106
    874420     0.26156
    874430    0.258654
    874440     0.26032
    874450    0.259294
    874460    0.262143
    874470    0.258872
    874480    0.258153
    874490    0.261695
    874500     0.25623
    874510    0.261566
    874520    0.258375
    874530    0.260659
    874540    0.257091
    874550    0.258009
    874560    0.253797
    874570    0.261979
    874580    0.256287
    874590    0.257714
    874600    0.258056
    874610     0.25731
    874620    0.260641
    874630    0.259239
    874640    0.261757
    874650    0.257795
    874660    0.261697
    874670    0.257842
    874680    0.258222
    874690    0.256655
    874700    0.255714
    874710    0.256829
    874720    0.256353
    874730     0.25863
    874740    0.259707
    874750    0.252901
    874760    0.255691
    874770    0.256356
    874780    0.259771
    874790    0.258959
    874800    0.262286
    874810    0.259484
    874820    0.263008
    874830    0.267185
    874840      0.2625
    874850    0.265376
    874860    0.258621
    874870    0.262385
    874880    0.254963
    874890    0.263125
    874900    0.254952
    874910    0.253761
    874920    0.257269
    874930     0.25899
    874940     0.25861
    874950    0.255929
    874960    0.257897
    874970     0.26039
    874980    0.257368
    874990    0.254079
    875000    0.257818
    875010    0.259814
    875020    0.261228
    875030    0.262581
    875040    0.258261
    875050    0.258737
    875060    0.260231
    875070    0.261971
    875080    0.257757
    875090    0.257421
    875100    0.264265
    875110    0.258594
    875120    0.254018
    875130    0.257236
    875140    0.265023
    875150    0.263677
    875160     0.25905
    875170    0.256084
    875180    0.260063
    875190    0.254017
    875200    0.258504
    875210    0.256001
    875220    0.257611
    875230    0.258661
    875240    0.253745
    875250    0.260799
    875260    0.258981
    875270    0.258502
    875280    0.261553
    875290    0.260386
    875300    0.260667
    875310    0.257728
    875320     0.25752
    875330     0.25477
    875340    0.257255
    875350    0.260672
    875360    0.256928
    875370    0.257354
    875380    0.262262
    875390    0.256472
    875400    0.256175
    875410    0.254823
    875420    0.255129
    875430     0.25627
    875440    0.256462
    875450    0.257706
    875460    0.254657
    875470    0.261301
    875480    0.260896
    875490     0.25468
    875500    0.256996
    875510    0.259329
    875520    0.259735
    875530    0.260568
    875540    0.260436
    875550    0.266377
    875560    0.256255
    875570    0.260486
    875580    0.259436
    875590    0.260601
    875600    0.267031
    875610    0.261738
    875620    0.259328
    875630    0.261025
    875640    0.259694
    875650    0.258361
    875660     0.25451
    875670      0.2586
    875680    0.257763
    875690    0.261878
    875700    0.260058
    875710    0.262034
    875720    0.262906
    875730    0.259608
    875740    0.259913
    875750    0.263416
    875760    0.256463
    875770    0.259424
    875780    0.257683
    875790    0.260792
    875800    0.259775
    875810    0.259474
    875820    0.260989
    875830    0.256005
    875840    0.262603
    875850    0.258925
    875860    0.253177
    875870    0.261835
    875880    0.264206
    875890    0.253366
    875900    0.258363
    875910    0.256452
    875920    0.262774
    875930    0.258716
    875940    0.256549
    875950    0.262784
    875960    0.259406
    875970    0.257862
    875980    0.257313
    875990    0.255023
    876000    0.254324
    876010    0.257788
    876020     0.25835
    876030    0.256762
    876040    0.256272
    876050    0.257578
    876060    0.258861
    876070    0.257071
    876080    0.255231
    876090    0.257814
    876100    0.255759
    876110    0.254341
    876120    0.256318
    876130    0.256082
    876140    0.255937
    876150    0.260432
    876160    0.257692
    876170    0.257087
    876180    0.260691
    876190    0.260079
    876200    0.256155
    876210    0.257417
    876220    0.253302
    876230    0.259504
    876240    0.262711
    876250    0.254803
    876260    0.260719
    876270    0.263463
    876280    0.258602
    876290    0.259287
    876300    0.260226
    876310    0.259372
    876320     0.25749
    876330    0.256822
    876340    0.263812
    876350    0.259903
    876360    0.259909
    876370    0.258924
    876380    0.262551
    876390    0.260154
    876400     0.25639
    876410    0.257423
    876420    0.257485
    876430    0.261871
    876440    0.257207
    876450    0.257681
    876460    0.257925
    876470    0.260101
    876480    0.261873
    876490    0.263832
    876500    0.263376
    876510    0.258563
    876520    0.261021
    876530     0.25483
    876540    0.255213
    876550    0.257629
    876560    0.261342
    876570    0.258524
    876580    0.256854
    876590    0.257923
    876600    0.256178
    876610    0.254062
    876620    0.259943
    876630    0.260828
    876640    0.253829
    876650    0.256964
    876660    0.254776
    876670    0.260046
    876680    0.255062
    876690    0.257727
    876700    0.255593
    876710     0.26085
    876720     0.25897
    876730    0.255759
    876740    0.259317
    876750    0.258238
    876760    0.259408
    876770     0.26216
    876780    0.253136
    876790    0.257473
    876800    0.259426
    876810    0.259582
    876820    0.260164
    876830    0.259866
    876840    0.258208
    876850    0.252007
    876860    0.260046
    876870    0.258149
    876880    0.254163
    876890    0.261546
    876900    0.256875
    876910     0.25754
    876920    0.257841
    876930    0.258451
    876940    0.259314
    876950     0.25986
    876960    0.257915
    876970    0.256601
    876980    0.256964
    876990    0.259596
    877000    0.258804
    877010    0.262371
    877020     0.25361
    877030    0.259317
    877040    0.257393
    877050     0.25728
    877060    0.254918
    877070    0.256898
    877080    0.257843
    877090    0.259252
    877100    0.261563
    877110    0.258271
    877120    0.256891
    877130    0.258609
    877140    0.259621
    877150    0.260853
    877160    0.257275
    877170    0.260147
    877180    0.254159
    877190    0.257275
    877200     0.25881
    877210    0.256649
    877220    0.258628
    877230    0.259107
    877240    0.257894
    877250    0.256564
    877260     0.26275
    877270    0.261321
    877280    0.258402
    877290    0.258226
    877300    0.258549
    877310    0.257287
    877320     0.25774
    877330    0.254904
    877340    0.257708
    877350    0.258148
    877360    0.252054
    877370    0.257493
    877380    0.258214
    877390    0.257063
    877400    0.257271
    877410    0.258678
    877420    0.258766
    877430    0.259377
    877440    0.258216
    877450    0.259135
    877460    0.262266
    877470    0.256572
    877480    0.259662
    877490    0.261071
    877500    0.259815
    877510    0.256537
    877520    0.257856
    877530    0.257339
    877540    0.257543
    877550    0.260014
    877560    0.259183
    877570    0.263134
    877580    0.261896
    877590    0.258794
    877600    0.259774
    877610    0.259953
    877620    0.256844
    877630    0.262073
    877640    0.259368
    877650    0.262527
    877660    0.253282
    877670    0.258155
    877680    0.263066
    877690    0.261376
    877700    0.258199
    877710    0.258921
    877720    0.260599
    877730    0.259183
    877740    0.257989
    877750    0.254025
    877760    0.257738
    877770    0.258162
    877780    0.262576
    877790    0.258381
    877800    0.259174
    877810    0.257327
    877820     0.25753
    877830    0.260938
    877840    0.256177
    877850     0.25393
    877860    0.260131
    877870    0.257835
    877880    0.254467
    877890    0.256627
    877900    0.255273
    877910    0.256992
    877920     0.25472
    877930    0.257778
    877940    0.258618
    877950    0.258039
    877960    0.257855
    877970    0.261719
    877980    0.258985
    877990    0.261408
    878000    0.256764
    878010    0.257072
    878020    0.256258
    878030    0.260485
    878040    0.259596
    878050    0.256423
    878060    0.263285
    878070    0.261758
    878080    0.254414
    878090    0.258496
    878100    0.265333
    878110     0.25994
    878120    0.256971
    878130    0.257728
    878140    0.259315
    878150    0.261745
    878160    0.254668
    878170     0.25423
    878180    0.255074
    878190    0.260019
    878200    0.257023
    878210    0.258068
    878220    0.256095
    878230    0.258357
    878240    0.253943
    878250     0.25767
    878260    0.253504
    878270    0.255369
    878280    0.259364
    878290     0.25909
    878300    0.255895
    878310    0.260238
    878320    0.256668
    878330    0.254523
    878340    0.262001
    878350    0.260871
    878360    0.261073
    878370    0.262425
    878380    0.258408
    878390    0.259992
    878400    0.264741
    878410    0.258867
    878420    0.260423
    878430    0.258269
    878440    0.251306
    878450    0.255755
    878460    0.256219
    878470    0.252761
    878480    0.255284
    878490     0.25542
    878500    0.257653
    878510     0.25879
    878520    0.260196
    878530    0.260591
    878540    0.258256
    878550    0.262285
    878560    0.262253
    878570    0.261958
    878580     0.26165
    878590    0.260544
    878600    0.262339
    878610    0.263657
    878620    0.260267
    878630    0.257349
    878640    0.256877
    878650    0.261706
    878660    0.258244
    878670    0.264497
    878680     0.26253
    878690    0.263524
    878700    0.261722
    878710    0.259379
    878720    0.264604
    878730    0.263342
    878740    0.257721
    878750    0.257589
    878760    0.262393
    878770    0.261004
    878780    0.258471
    878790    0.264135
    878800    0.260678
    878810    0.262268
    878820    0.262435
    878830    0.266744
    878840    0.260356
    878850    0.258592
    878860    0.262213
    878870    0.260774
    878880    0.260542
    878890    0.257152
    878900    0.256761
    878910    0.254551
    878920    0.257024
    878930    0.263747
    878940    0.257038
    878950    0.254386
    878960    0.251691
    878970    0.261552
    878980    0.254453
    878990    0.255806
    879000    0.255054
    879010    0.261892
    879020    0.265894
    879030    0.259682
    879040    0.265942
    879050    0.261341
    879060    0.264017
    879070    0.266456
    879080     0.25971
    879090    0.252905
    879100    0.255857
    879110    0.257946
    879120      0.2576
    879130    0.262245
    879140    0.258451
    879150    0.265086
    879160    0.261845
    879170    0.257773
    879180    0.262178
    879190    0.259254
    879200    0.259649
    879210    0.257693
    879220    0.260957
    879230     0.25652
    879240    0.253989
    879250    0.259129
    879260    0.259407
    879270    0.256481
    879280    0.256768
    879290    0.254183
    879300    0.256411
    879310    0.252092
    879320     0.25893
    879330    0.257342
    879340    0.263638
    879350    0.263924
    879360    0.252287
    879370    0.253576
    879380    0.258021
    879390    0.262442
    879400    0.257234
    879410      0.2601
    879420    0.257203
    879430     0.26048
    879440    0.255786
    879450    0.258789
    879460    0.255812
    879470    0.258406
    879480    0.252714
    879490    0.256131
    879500    0.257568
    879510    0.258778
    879520    0.262893
    879530    0.258385
    879540    0.260688
    879550    0.261622
    879560    0.261507
    879570    0.257273
    879580    0.256658
    879590    0.258916
    879600    0.254612
    879610    0.259338
    879620    0.256364
    879630    0.253247
    879640    0.256186
    879650    0.253991
    879660    0.255326
    879670    0.260065
    879680    0.254578
    879690    0.256582
    879700    0.257409
    879710    0.256756
    879720    0.261166
    879730    0.261752
    879740    0.255053
    879750    0.258777
    879760    0.258141
    879770    0.254281
    879780    0.261759
    879790    0.253719
    879800    0.262992
    879810    0.259006
    879820    0.258398
    879830    0.254853
    879840    0.256105
    879850    0.256586
    879860    0.260362
    879870     0.25971
    879880    0.262101
    879890    0.264562
    879900    0.260699
    879910    0.256849
    879920    0.264585
    879930    0.257928
    879940    0.254727
    879950    0.265141
    879960    0.258441
    879970    0.265361
    879980    0.262954
    879990    0.260067
    880000    0.258804
    880010    0.252473
    880020    0.262079
    880030    0.259946
    880040    0.261066
    880050    0.263715
    880060    0.259117
    880070    0.267429
    880080    0.259589
    880090    0.259881
    880100    0.253018
    880110    0.256071
    880120    0.259664
    880130    0.256606
    880140    0.260985
    880150    0.257653
    880160    0.261652
    880170    0.256421
    880180    0.256172
    880190    0.258684
    880200    0.252736
    880210    0.256465
    880220    0.257216
    880230    0.256881
    880240    0.258288
    880250    0.256493
    880260    0.257234
    880270    0.255914
    880280    0.257158
    880290    0.260045
    880300      0.2585
    880310     0.26482
    880320    0.261342
    880330    0.259774
    880340    0.258906
    880350    0.262937
    880360    0.263003
    880370    0.263769
    880380    0.262282
    880390    0.257527
    880400    0.258666
    880410    0.261806
    880420    0.262133
    880430    0.264056
    880440     0.26398
    880450    0.264567
    880460    0.259238
    880470    0.256122
    880480    0.260205
    880490    0.265293
    880500    0.251404
    880510    0.259833
    880520     0.26046
    880530    0.255254
    880540    0.258313
    880550    0.258339
    880560    0.257128
    880570    0.257731
    880580    0.262396
    880590    0.267456
    880600    0.264374
    880610    0.259569
    880620    0.257774
    880630    0.260935
    880640    0.258775
    880650    0.263667
    880660    0.264027
    880670    0.262582
    880680     0.26195
    880690    0.263966
    880700    0.259767
    880710    0.255361
    880720    0.257434
    880730     0.26107
    880740    0.258475
    880750    0.260502
    880760    0.259431
    880770    0.256583
    880780     0.25949
    880790    0.260617
    880800    0.262762
    880810    0.265145
    880820    0.253222
    880830    0.258122
    880840    0.259579
    880850    0.255224
    880860    0.256612
    880870    0.256853
    880880    0.253459
    880890    0.257467
    880900    0.255373
    880910    0.256326
    880920    0.255818
    880930    0.261285
    880940    0.260699
    880950    0.255115
    880960    0.256258
    880970    0.260538
    880980    0.256131
    880990    0.257719
    881000    0.258454
    881010     0.25273
    881020    0.255773
    881030     0.25526
    881040    0.263487
    881050     0.25478
    881060    0.262176
    881070    0.261754
    881080    0.264993
    881090    0.259043
    881100    0.259245
    881110    0.254751
    881120     0.25472
    881130    0.255124
    881140    0.258422
    881150    0.258045
    881160    0.258567
    881170    0.256692
    881180    0.256036
    881190    0.258882
    881200    0.255708
    881210    0.258673
    881220    0.259843
    881230    0.254473
    881240      0.2551
    881250    0.255405
    881260    0.257044
    881270    0.255793
    881280    0.262358
    881290    0.258143
    881300    0.257123
    881310    0.262931
    881320    0.262451
    881330    0.260029
    881340    0.255474
    881350    0.258605
    881360    0.252731
    881370    0.261221
    881380    0.252068
    881390    0.252897
    881400    0.258167
    881410    0.259021
    881420    0.252863
    881430    0.256802
    881440    0.257363
    881450    0.257101
    881460    0.258463
    881470    0.267822
    881480    0.263317
    881490    0.260527
    881500    0.259452
    881510    0.256399
    881520    0.260158
    881530    0.263007
    881540    0.257868
    881550    0.258352
    881560    0.262937
    881570    0.258283
    881580    0.257804
    881590     0.25711
    881600    0.258855
    881610    0.257222
    881620    0.252503
    881630    0.260356
    881640    0.254442
    881650    0.251584
    881660    0.254969
    881670    0.255667
    881680    0.261226
    881690    0.262889
    881700    0.263965
    881710    0.258736
    881720     0.26119
    881730    0.261981
    881740    0.258072
    881750    0.259092
    881760    0.261721
    881770    0.260651
    881780    0.259934
    881790    0.258161
    881800    0.259131
    881810    0.255468
    881820     0.25648
    881830    0.261791
    881840    0.257859
    881850    0.253372
    881860    0.260139
    881870     0.25658
    881880    0.259439
    881890    0.264271
    881900    0.256345
    881910    0.255951
    881920    0.256325
    881930    0.254155
    881940    0.259205
    881950    0.260572
    881960    0.259391
    881970    0.261123
    881980    0.260141
    881990    0.258393
    882000    0.258417
    882010    0.260307
    882020    0.259663
    882030    0.262691
    882040    0.260232
    882050    0.257369
    882060     0.25785
    882070    0.261262
    882080    0.256587
    882090    0.259758
    882100    0.255575
    882110    0.255842
    882120    0.254505
    882130    0.263817
    882140    0.256614
    882150    0.256445
    882160    0.254139
    882170    0.257558
    882180    0.256427
    882190    0.262657
    882200    0.262197
    882210     0.25707
    882220     0.26066
    882230    0.261587
    882240    0.263799
    882250      0.2604
    882260    0.256665
    882270    0.256563
    882280    0.257168
    882290    0.256864
    882300    0.261412
    882310    0.261076
    882320    0.259255
    882330     0.26387
    882340    0.255823
    882350    0.255985
    882360    0.259854
    882370    0.257357
    882380    0.258209
    882390    0.255295
    882400    0.258179
    882410    0.259005
    882420    0.258898
    882430    0.258137
    882440    0.254467
    882450    0.255857
    882460    0.262356
    882470    0.261131
    882480    0.260386
    882490     0.25807
    882500     0.25372
    882510    0.253039
    882520    0.259927
    882530    0.263323
    882540    0.257988
    882550    0.260199
    882560    0.259471
    882570    0.255247
    882580    0.259967
    882590    0.258632
    882600    0.252916
    882610    0.257241
    882620    0.254093
    882630    0.259659
    882640    0.256167
    882650    0.256029
    882660    0.253703
    882670    0.256799
    882680    0.251673
    882690    0.257706
    882700      0.2571
    882710    0.253657
    882720    0.258413
    882730    0.259894
    882740    0.260405
    882750    0.259757
    882760     0.25933
    882770    0.257784
    882780    0.259281
    882790    0.259018
    882800    0.254771
    882810    0.258079
    882820     0.25579
    882830    0.259582
    882840    0.263841
    882850    0.261496
    882860    0.258259
    882870    0.258102
    882880    0.258819
    882890    0.261133
    882900    0.263651
    882910    0.260697
    882920    0.256316
    882930    0.259257
    882940    0.264454
    882950    0.263665
    882960    0.261039
    882970    0.262387
    882980    0.254597
    882990    0.265111
    883000    0.257618
    883010    0.259275
    883020    0.256742
    883030    0.254323
    883040    0.261647
    883050     0.25613
    883060    0.263428
    883070    0.253831
    883080    0.255906
    883090    0.254778
    883100    0.254486
    883110      0.2554
    883120    0.255924
    883130     0.26136
    883140    0.253413
    883150    0.256864
    883160     0.25279
    883170    0.259251
    883180     0.25462
    883190    0.254843
    883200    0.254511
    883210    0.260088
    883220    0.257727
    883230    0.255537
    883240    0.253287
    883250    0.253968
    883260    0.254443
    883270    0.250496
    883280    0.252976
    883290    0.254375
    883300    0.253549
    883310      0.2569
    883320    0.257999
    883330    0.257103
    883340    0.252555
    883350    0.252966
    883360    0.251832
    883370    0.255213
    883380     0.25738
    883390    0.255871
    883400    0.255832
    883410    0.253141
    883420    0.254095
    883430     0.25816
    883440       0.256
    883450    0.257975
    883460    0.256206
    883470    0.251452
    883480    0.251439
    883490    0.255985
    883500    0.257002
    883510    0.249597
    883520    0.252015
    883530    0.249225
    883540    0.255955
    883550     0.25683
    883560     0.25736
    883570    0.252184
    883580    0.254239
    883590    0.256355
    883600    0.256706
    883610    0.253317
    883620    0.255851
    883630    0.256312
    883640    0.256345
    883650    0.257515
    883660    0.255752
    883670    0.254649
    883680    0.256629
    883690    0.257042
    883700    0.259288
    883710    0.260296
    883720    0.257108
    883730    0.257811
    883740    0.254144
    883750    0.257133
    883760    0.257304
    883770    0.264991
    883780    0.258883
    883790    0.254027
    883800    0.256993
    883810    0.262882
    883820    0.253752
    883830    0.256416
    883840    0.256983
    883850    0.253789
    883860    0.254799
    883870    0.257521
    883880    0.259155
    883890    0.258196
    883900    0.254166
    883910    0.253971
    883920     0.25827
    883930     0.26035
    883940    0.257685
    883950    0.259907
    883960    0.259184
    883970    0.258249
    883980    0.261558
    883990    0.257579
    884000    0.260003
    884010    0.260475
    884020     0.25835
    884030    0.256142
    884040     0.25798
    884050    0.258959
    884060    0.261538
    884070    0.260021
    884080    0.262241
    884090    0.263895
    884100     0.26021
    884110    0.263263
    884120    0.261204
    884130    0.252297
    884140    0.259108
    884150    0.263775
    884160    0.259481
    884170    0.264539
    884180    0.264115
    884190    0.255583
    884200     0.26575
    884210    0.263666
    884220    0.261146
    884230    0.265846
    884240      0.2594
    884250    0.257372
    884260    0.261204
    884270    0.257237
    884280    0.258056
    884290    0.260433
    884300    0.255668
    884310    0.258827
    884320    0.261786
    884330    0.262417
    884340    0.260147
    884350    0.262494
    884360    0.254963
    884370    0.253212
    884380    0.256713
    884390    0.259252
    884400    0.257101
    884410    0.263942
    884420    0.261496
    884430    0.256165
    884440    0.255985
    884450     0.25972
    884460    0.254195
    884470    0.261687
    884480    0.265739
    884490    0.259065
    884500     0.26404
    884510    0.256954
    884520    0.262589
    884530     0.25269
    884540    0.252819
    884550    0.263049
    884560    0.263168
    884570     0.25839
    884580    0.260604
    884590    0.256739
    884600    0.258747
    884610     0.25847
    884620    0.262155
    884630    0.258551
    884640     0.26123
    884650    0.261406
    884660    0.261782
    884670    0.260006
    884680    0.259089
    884690    0.259149
    884700    0.254426
    884710    0.261042
    884720    0.255719
    884730    0.259538
    884740    0.261764
    884750    0.261063
    884760     0.25915
    884770    0.256732
    884780    0.262172
    884790    0.263413
    884800     0.26001
    884810    0.258413
    884820    0.259426
    884830    0.267325
    884840    0.264386
    884850    0.259997
    884860     0.26117
    884870     0.25951
    884880     0.25931
    884890    0.259733
    884900    0.255435
    884910    0.257122
    884920      0.2594
    884930     0.25431
    884940    0.259752
    884950    0.263584
    884960     0.26107
    884970    0.261424
    884980    0.261325
    884990    0.259887
    885000    0.258763
    885010    0.259434
    885020    0.260151
    885030     0.25746
    885040     0.26782
    885050     0.26046
    885060    0.259372
    885070    0.257654
    885080    0.260766
    885090    0.264616
    885100    0.258311
    885110    0.261327
    885120    0.258498
    885130    0.253437
    885140    0.259058
    885150    0.262023
    885160    0.262264
    885170    0.263415
    885180    0.259106
    885190    0.256964
    885200       0.261
    885210    0.260198
    885220    0.259771
    885230    0.258699
    885240    0.257729
    885250    0.253717
    885260    0.260199
    885270    0.257231
    885280    0.262019
    885290    0.258672
    885300    0.254833
    885310    0.257683
    885320    0.259323
    885330    0.257733
    885340    0.261125
    885350    0.258653
    885360     0.25789
    885370    0.254917
    885380    0.259722
    885390    0.254008
    885400    0.259751
    885410    0.257506
    885420    0.256868
    885430    0.254201
    885440    0.262536
    885450    0.259523
    885460    0.256803
    885470    0.259423
    885480    0.258559
    885490    0.259461
    885500    0.263916
    885510    0.254758
    885520    0.259272
    885530    0.258449
    885540    0.258439
    885550    0.256326
    885560    0.257289
    885570    0.257928
    885580    0.257321
    885590    0.261642
    885600    0.254451
    885610    0.260608
    885620     0.25635
    885630    0.255577
    885640    0.261921
    885650    0.260526
    885660    0.258494
    885670     0.25989
    885680    0.260287
    885690    0.260259
    885700    0.262384
    885710    0.255199
    885720    0.254626
    885730    0.258583
    885740    0.257342
    885750     0.25127
    885760    0.260084
    885770    0.257721
    885780     0.26668
    885790    0.261214
    885800    0.258838
    885810    0.252041
    885820    0.258597
    885830    0.257349
    885840    0.260145
    885850     0.26562
    885860    0.256277
    885870    0.259239
    885880    0.257602
    885890    0.254356
    885900    0.255904
    885910    0.259608
    885920    0.255927
    885930    0.259169
    885940    0.258927
    885950     0.25962
    885960    0.261693
    885970    0.258628
    885980    0.262075
    885990     0.26423
    886000    0.255897
    886010    0.263772
    886020    0.262001
    886030    0.258214
    886040    0.264238
    886050    0.258658
    886060    0.262914
    886070    0.252914
    886080    0.258788
    886090    0.256509
    886100    0.265231
    886110    0.262301
    886120    0.265681
    886130    0.257297
    886140    0.258889
    886150    0.254059
    886160    0.261815
    886170    0.260975
    886180    0.256859
    886190    0.255596
    886200    0.256026
    886210    0.257912
    886220    0.263207
    886230    0.257421
    886240    0.263208
    886250    0.257985
    886260    0.263019
    886270     0.25949
    886280    0.251662
    886290    0.253156
    886300    0.255204
    886310    0.257631
    886320     0.26137
    886330    0.256903
    886340    0.254131
    886350    0.257072
    886360     0.25261
    886370    0.263513
    886380    0.258332
    886390    0.255972
    886400    0.254966
    886410    0.255049
    886420    0.254734
    886430     0.25648
    886440    0.252909
    886450    0.256121
    886460     0.25511
    886470    0.256778
    886480    0.259629
    886490    0.253688
    886500    0.257068
    886510    0.259839
    886520    0.261436
    886530    0.261885
    886540    0.261441
    886550    0.260932
    886560    0.256599
    886570    0.258043
    886580    0.265173
    886590    0.260856
    886600    0.259374
    886610    0.254834
    886620    0.264206
    886630    0.256759
    886640    0.255931
    886650    0.256836
    886660    0.257967
    886670    0.255329
    886680    0.256118
    886690    0.255427
    886700    0.255299
    886710    0.264799
    886720    0.256788
    886730    0.262556
    886740    0.253659
    886750    0.255318
    886760    0.259345
    886770    0.259497
    886780    0.256587
    886790    0.259691
    886800    0.261287
    886810    0.254439
    886820    0.257646
    886830    0.254431
    886840     0.25678
    886850    0.257679
    886860    0.260725
    886870    0.256614
    886880    0.260364
    886890    0.253373
    886900    0.259733
    886910     0.25974
    886920    0.257706
    886930    0.256324
    886940    0.256788
    886950    0.263662
    886960    0.254624
    886970    0.256548
    886980     0.25856
    886990    0.259978
    887000    0.255299
    887010     0.25869
    887020    0.254742
    887030    0.257856
    887040    0.253027
    887050    0.255972
    887060    0.254198
    887070    0.258504
    887080    0.259553
    887090    0.258131
    887100    0.258523
    887110     0.26131
    887120    0.255518
    887130    0.254457
    887140    0.260312
    887150    0.259216
    887160    0.257598
    887170    0.260234
    887180    0.257115
    887190    0.255776
    887200    0.256768
    887210    0.257422
    887220    0.257245
    887230    0.259606
    887240    0.259169
    887250    0.256037
    887260    0.256772
    887270     0.26094
    887280    0.262156
    887290    0.257694
    887300    0.257242
    887310    0.258812
    887320      0.2565
    887330    0.258323
    887340    0.254576
    887350    0.251847
    887360     0.25776
    887370    0.252143
    887380    0.258326
    887390    0.254768
    887400    0.255647
    887410      0.2576
    887420    0.258451
    887430    0.260097
    887440    0.255624
    887450    0.255506
    887460    0.259613
    887470    0.259976
    887480    0.260547
    887490    0.258705
    887500    0.256451
    887510      0.2518
    887520    0.254268
    887530    0.256736
    887540    0.252298
    887550    0.259276
    887560    0.254668
    887570    0.253673
    887580    0.254555
    887590    0.257215
    887600    0.256289
    887610    0.257372
    887620    0.252592
    887630    0.259351
    887640    0.255042
    887650    0.255945
    887660    0.258189
    887670    0.260874
    887680    0.253604
    887690    0.258027
    887700    0.257781
    887710    0.254656
    887720    0.252623
    887730    0.258248
    887740    0.255908
    887750    0.257287
    887760    0.251069
    887770    0.264989
    887780    0.255428
    887790    0.252299
    887800    0.259614
    887810    0.253251
    887820     0.25452
    887830    0.256307
    887840    0.258311
    887850    0.259772
    887860    0.259719
    887870    0.256408
    887880    0.254424
    887890    0.252094
    887900    0.251076
    887910    0.254527
    887920    0.258826
    887930    0.257697
    887940    0.263718
    887950    0.263344
    887960    0.258704
    887970    0.255257
    887980    0.259436
    887990    0.260882
    888000     0.25632
    888010    0.255238
    888020    0.257246
    888030    0.254188
    888040    0.256996
    888050    0.258129
    888060    0.259394
    888070    0.258674
    888080    0.257485
    888090    0.260405
    888100    0.259313
    888110    0.254756
    888120    0.258917
    888130    0.261909
    888140    0.255107
    888150    0.258414
    888160    0.256476
    888170    0.261989
    888180     0.25973
    888190    0.263608
    888200    0.254228
    888210    0.258633
    888220    0.262581
    888230    0.252999
    888240    0.255913
    888250    0.260886
    888260    0.257548
    888270    0.258947
    888280    0.260936
    888290    0.263116
    888300    0.262153
    888310    0.262604
    888320    0.258739
    888330    0.261661
    888340    0.260122
    888350    0.260391
    888360    0.257884
    888370    0.258285
    888380    0.253893
    888390    0.253458
    888400    0.259065
    888410     0.25366
    888420    0.258162
    888430    0.252219
    888440    0.257057
    888450    0.263451
    888460     0.25661
    888470    0.258789
    888480    0.253811
    888490    0.259516
    888500     0.25703
    888510    0.257608
    888520    0.263368
    888530    0.258183
    888540    0.259155
    888550    0.259531
    888560    0.256324
    888570    0.259436
    888580    0.257964
    888590    0.255388
    888600    0.258587
    888610    0.259483
    888620    0.250915
    888630    0.258675
    888640    0.258978
    888650    0.261839
    888660    0.259026
    888670    0.262333
    888680    0.257726
    888690    0.257267
    888700    0.255125
    888710    0.255313
    888720    0.257784
    888730    0.266127
    888740     0.25778
    888750    0.256337
    888760    0.254193
    888770    0.259089
    888780    0.262797
    888790    0.259894
    888800    0.255974
    888810     0.25792
    888820    0.258511
    888830    0.258501
    888840    0.260151
    888850    0.253131
    888860    0.254494
    888870    0.259183
    888880    0.261499
    888890    0.259694
    888900    0.255486
    888910    0.264299
    888920    0.256503
    888930    0.253102
    888940    0.262053
    888950    0.257036
    888960    0.258967
    888970     0.25681
    888980    0.262236
    888990    0.258656
    889000    0.261458
    889010    0.264697
    889020    0.254443
    889030     0.25652
    889040    0.258269
    889050    0.259423
    889060    0.255033
    889070    0.259666
    889080    0.258614
    889090    0.260309
    889100    0.259262
    889110    0.260254
    889120      0.2505
    889130     0.25885
    889140    0.258205
    889150    0.258377
    889160     0.25973
    889170    0.261208
    889180    0.261557
    889190    0.261022
    889200    0.256641
    889210    0.259998
    889220    0.251876
    889230    0.258663
    889240    0.262404
    889250    0.255607
    889260    0.261112
    889270    0.257554
    889280    0.258535
    889290    0.259599
    889300    0.258805
    889310    0.262637
    889320    0.259668
    889330    0.258869
    889340    0.258207
    889350      0.2563
    889360    0.262487
    889370     0.26161
    889380     0.25874
    889390    0.257238
    889400      0.2592
    889410    0.254478
    889420    0.257119
    889430    0.257438
    889440    0.260541
    889450    0.263317
    889460    0.264193
    889470     0.25886
    889480    0.257463
    889490    0.261925
    889500    0.259213
    889510    0.260654
    889520    0.261259
    889530    0.259129
    889540    0.258838
    889550     0.26119
    889560    0.257921
    889570    0.260051
    889580    0.260066
    889590    0.256667
    889600     0.26092
    889610    0.255398
    889620    0.258121
    889630    0.264518
    889640    0.257291
    889650    0.258457
    889660    0.255652
    889670    0.261255
    889680    0.261694
    889690    0.257576
    889700    0.260925
    889710    0.262214
    889720    0.258341
    889730     0.25996
    889740    0.258518
    889750    0.260123
    889760    0.256256
    889770    0.251891
    889780    0.261595
    889790    0.261703
    889800    0.257676
    889810    0.255707
    889820    0.255203
    889830    0.262855
    889840    0.260943
    889850    0.263653
    889860    0.253729
    889870    0.258035
    889880     0.25243
    889890    0.262918
    889900    0.262292
    889910    0.255742
    889920    0.256049
    889930    0.258744
    889940    0.260891
    889950     0.26126
    889960    0.260255
    889970     0.26346
    889980    0.262134
    889990    0.256302
    890000    0.255566
    890010    0.259558
    890020    0.255098
    890030    0.257168
    890040    0.259183
    890050    0.262175
    890060    0.259376
    890070    0.261194
    890080      0.2553
    890090    0.260628
    890100    0.263029
    890110     0.26053
    890120    0.262232
    890130    0.259826
    890140    0.260333
    890150    0.258666
    890160     0.26055
    890170    0.251074
    890180    0.261527
    890190    0.252435
    890200    0.257413
    890210    0.261041
    890220    0.256129
    890230    0.258011
    890240    0.260621
    890250     0.26175
    890260    0.259117
    890270    0.258716
    890280    0.262061
    890290     0.26097
    890300    0.257978
    890310    0.259671
    890320    0.255768
    890330    0.258074
    890340    0.255154
    890350    0.253943
    890360    0.260877
    890370    0.259694
    890380    0.257682
    890390    0.257175
    890400    0.255241
    890410    0.264097
    890420    0.260051
    890430      0.2534
    890440    0.256995
    890450    0.255722
    890460    0.258571
    890470    0.254191
    890480    0.253619
    890490    0.254971
    890500    0.257763
    890510    0.254804
    890520    0.258112
    890530    0.255537
    890540    0.263431
    890550    0.255999
    890560    0.259934
    890570    0.255744
    890580    0.261388
    890590     0.25682
    890600      0.2592
    890610    0.253065
    890620    0.255369
    890630    0.257535
    890640    0.256429
    890650    0.260368
    890660     0.25935
    890670    0.262555
    890680    0.250533
    890690    0.258079
    890700    0.259392
    890710    0.254775
    890720    0.256115
    890730    0.259654
    890740    0.256427
    890750    0.256891
    890760    0.255556
    890770    0.254839
    890780     0.26189
    890790    0.258198
    890800    0.262575
    890810    0.259031
    890820    0.258529
    890830    0.261609
    890840    0.258233
    890850     0.26212
    890860    0.256253
    890870    0.259651
    890880    0.257305
    890890    0.263031
    890900    0.259896
    890910    0.256756
    890920    0.260927
    890930    0.257926
    890940    0.263699
    890950    0.259415
    890960    0.259408
    890970    0.262458
    890980    0.264737
    890990    0.258539
    891000    0.263357
    891010    0.255677
    891020    0.258212
    891030     0.25891
    891040    0.254747
    891050    0.259383
    891060    0.261722
    891070    0.259941
    891080    0.263545
    891090    0.260019
    891100    0.257786
    891110    0.259397
    891120    0.263396
    891130    0.260015
    891140    0.263103
    891150    0.259545
    891160    0.261075
    891170    0.259785
    891180    0.257795
    891190    0.256446
    891200      0.2547
    891210    0.253166
    891220    0.263126
    891230    0.257096
    891240    0.261024
    891250    0.257947
    891260    0.260748
    891270     0.25731
    891280    0.262985
    891290    0.257668
    891300    0.255189
    891310     0.26284
    891320    0.261585
    891330    0.260244
    891340    0.255369
    891350    0.256566
    891360    0.258393
    891370    0.256361
    891380     0.25666
    891390    0.262289
    891400    0.258722
    891410    0.262885
    891420    0.255191
    891430    0.252897
    891440    0.254666
    891450    0.259658
    891460    0.256908
    891470    0.256186
    891480    0.255943
    891490    0.256778
    891500    0.263019
    891510    0.260824
    891520    0.262551
    891530     0.25893
    891540    0.260523
    891550    0.254897
    891560    0.261649
    891570    0.268065
    891580    0.260351
    891590    0.265081
    891600    0.257008
    891610    0.257663
    891620    0.261334
    891630    0.253541
    891640    0.260385
    891650    0.255909
    891660    0.260026
    891670    0.255544
    891680    0.257807
    891690    0.258479
    891700    0.266562
    891710    0.254291
    891720    0.257144
    891730    0.259145
    891740    0.252839
    891750    0.256292
    891760    0.260516
    891770    0.257279
    891780    0.259249
    891790    0.261102
    891800    0.261286
    891810    0.260737
    891820    0.260828
    891830    0.259076
    891840    0.257923
    891850    0.260933
    891860    0.259775
    891870    0.257469
    891880    0.258799
    891890    0.266767
    891900    0.259235
    891910    0.257016
    891920    0.260574
    891930    0.261379
    891940    0.260226
    891950    0.261899
    891960    0.259917
    891970    0.260593
    891980    0.256261
    891990    0.259483
    892000    0.262363
    892010    0.264534
    892020    0.265486
    892030    0.262522
    892040    0.255668
    892050    0.259153
    892060    0.263566
    892070    0.265995
    892080    0.260659
    892090    0.260044
    892100    0.262021
    892110    0.264232
    892120    0.259895
    892130    0.262516
    892140    0.263134
    892150    0.260249
    892160    0.259843
    892170    0.257008
    892180    0.258875
    892190    0.259721
    892200    0.259289
    892210     0.25972
    892220    0.254698
    892230     0.25577
    892240    0.260334
    892250    0.258494
    892260      0.2637
    892270    0.263628
    892280    0.265735
    892290    0.258409
    892300    0.266455
    892310    0.263656
    892320    0.264339
    892330    0.261445
    892340    0.263874
    892350    0.271408
    892360    0.269111
    892370    0.260477
    892380    0.265603
    892390    0.261065
    892400      0.2622
    892410    0.260135
    892420     0.25919
    892430    0.257492
    892440    0.258821
    892450    0.263541
    892460    0.262274
    892470    0.258246
    892480    0.261333
    892490    0.258297
    892500    0.261772
    892510    0.257469
    892520    0.262914
    892530    0.257909
    892540    0.256536
    892550     0.25868
    892560    0.262697
    892570    0.257244
    892580    0.254978
    892590    0.260358
    892600    0.261572
    892610    0.263658
    892620    0.265217
    892630    0.257176
    892640    0.251304
    892650    0.261384
    892660    0.256431
    892670    0.262211
    892680    0.258056
    892690        0.26
    892700    0.261545
    892710    0.258693
    892720    0.259675
    892730     0.26147
    892740    0.262237
    892750    0.262623
    892760     0.25585
    892770     0.25987
    892780    0.263624
    892790    0.259905
    892800    0.258992
    892810    0.263221
    892820    0.266033
    892830    0.262466
    892840    0.261906
    892850    0.262699
    892860    0.256742
    892870    0.257015
    892880    0.260699
    892890    0.270453
    892900    0.264403
    892910     0.25819
    892920    0.259629
    892930    0.260671
    892940    0.257285
    892950     0.25945
    892960    0.257971
    892970    0.257625
    892980    0.259563
    892990    0.255328
    893000    0.259002
    893010    0.263573
    893020    0.255259
    893030    0.264731
    893040    0.258324
    893050    0.260714
    893060    0.260347
    893070    0.256689
    893080    0.263948
    893090     0.25974
    893100    0.257706
    893110    0.259753
    893120    0.259818
    893130    0.257503
    893140    0.268176
    893150    0.259204
    893160    0.259004
    893170    0.260792
    893180    0.259398
    893190    0.265395
    893200    0.260665
    893210    0.260415
    893220    0.261366
    893230    0.255584
    893240    0.263177
    893250    0.265145
    893260    0.255294
    893270    0.257461
    893280    0.264294
    893290    0.263315
    893300     0.25902
    893310    0.257965
    893320    0.258874
    893330    0.257702
    893340    0.257251
    893350    0.258851
    893360    0.259427
    893370    0.258372
    893380    0.260969
    893390    0.256965
    893400    0.257031
    893410    0.257271
    893420    0.258981
    893430    0.253734
    893440    0.261867
    893450    0.258174
    893460    0.256279
    893470    0.263224
    893480    0.255136
    893490    0.257515
    893500     0.25639
    893510    0.259477
    893520    0.258279
    893530    0.264902
    893540    0.254784
    893550    0.262516
    893560    0.259717
    893570    0.260346
    893580    0.261916
    893590    0.257543
    893600    0.260241
    893610    0.267817
    893620    0.260177
    893630    0.260459
    893640    0.259875
    893650    0.253385
    893660    0.254871
    893670    0.258402
    893680    0.263987
    893690    0.259195
    893700    0.258803
    893710    0.256709
    893720    0.259511
    893730    0.259473
    893740     0.25827
    893750    0.260654
    893760    0.258341
    893770    0.257695
    893780    0.255781
    893790    0.254813
    893800    0.256008
    893810    0.265204
    893820    0.259199
    893830    0.258869
    893840    0.258488
    893850    0.258803
    893860     0.25721
    893870    0.258565
    893880    0.254136
    893890    0.260345
    893900    0.258176
    893910    0.258083
    893920    0.257016
    893930     0.25382
    893940    0.255697
    893950    0.258922
    893960      0.2543
    893970    0.258341
    893980    0.257428
    893990    0.256041
    894000     0.25813
    894010     0.26122
    894020    0.254643
    894030    0.259859
    894040    0.263187
    894050    0.261032
    894060    0.260131
    894070    0.259842
    894080    0.254912
    894090    0.255825
    894100    0.260696
    894110    0.261757
    894120    0.257061
    894130    0.266678
    894140    0.259864
    894150    0.259645
    894160    0.259593
    894170    0.256999
    894180    0.262541
    894190    0.253191
    894200    0.260525
    894210    0.253978
    894220     0.25176
    894230    0.261776
    894240    0.259741
    894250    0.258279
    894260    0.259778
    894270    0.259985
    894280    0.259462
    894290    0.255123
    894300    0.262573
    894310    0.254148
    894320    0.255179
    894330    0.261999
    894340    0.262296
    894350     0.25973
    894360    0.260677
    894370    0.256701
    894380    0.258102
    894390    0.256269
    894400    0.260924
    894410    0.258918
    894420    0.253943
    894430    0.261245
    894440    0.256143
    894450    0.258148
    894460    0.257368
    894470    0.260946
    894480     0.25907
    894490    0.255555
    894500    0.258136
    894510    0.260286
    894520    0.256793
    894530    0.260242
    894540    0.261069
    894550    0.254646
    894560    0.255285
    894570    0.260154
    894580    0.253708
    894590    0.256195
    894600     0.26249
    894610    0.262435
    894620    0.260613
    894630    0.254966
    894640    0.254684
    894650    0.258478
    894660    0.259736
    894670    0.253335
    894680    0.255025
    894690    0.264306
    894700    0.255957
    894710    0.257217
    894720    0.252145
    894730    0.255414
    894740    0.259662
    894750    0.252403
    894760    0.259507
    894770    0.260689
    894780    0.253144
    894790    0.259291
    894800     0.25584
    894810    0.255282
    894820    0.262239
    894830    0.252537
    894840    0.258701
    894850    0.257849
    894860    0.260044
    894870    0.259639
    894880    0.259614
    894890    0.259806
    894900     0.25656
    894910    0.251744
    894920    0.261409
    894930    0.258818
    894940    0.254587
    894950    0.257227
    894960    0.257952
    894970    0.257378
    894980    0.257392
    894990    0.257151
    895000    0.253679
    895010    0.260185
    895020    0.257031
    895030    0.261597
    895040    0.258265
    895050      0.2608
    895060    0.259428
    895070    0.258421
    895080     0.26128
    895090    0.261573
    895100    0.256414
    895110    0.257037
    895120     0.26161
    895130    0.257368
    895140    0.256832
    895150    0.256208
    895160    0.255103
    895170    0.259326
    895180    0.257176
    895190    0.258901
    895200    0.256641
    895210      0.2603
    895220    0.255945
    895230    0.259905
    895240    0.261457
    895250    0.253966
    895260    0.259931
    895270    0.267177
    895280    0.259243
    895290    0.258996
    895300    0.258209
    895310    0.261381
    895320     0.25755
    895330    0.259945
    895340    0.256563
    895350    0.253258
    895360    0.251289
    895370    0.255634
    895380    0.259166
    895390    0.260786
    895400    0.264715
    895410    0.261272
    895420    0.256191
    895430    0.256383
    895440    0.256792
    895450    0.253537
    895460    0.253367
    895470    0.259441
    895480    0.259309
    895490    0.253399
    895500    0.259155
    895510    0.258977
    895520    0.259355
    895530    0.259071
    895540     0.26083
    895550    0.260367
    895560    0.258765
    895570    0.257141
    895580    0.260464
    895590    0.260978
    895600    0.262796
    895610    0.260552
    895620    0.254361
    895630    0.259587
    895640    0.264708
    895650    0.257336
    895660    0.262459
    895670    0.261414
    895680     0.25827
    895690    0.260863
    895700    0.254127
    895710    0.261762
    895720    0.257865
    895730    0.258412
    895740    0.263465
    895750    0.260857
    895760    0.265164
    895770    0.257427
    895780    0.256849
    895790    0.260046
    895800    0.258699
    895810    0.256828
    895820     0.26115
    895830    0.259084
    895840    0.254703
    895850    0.257243
    895860    0.260648
    895870    0.260901
    895880    0.259721
    895890    0.255687
    895900    0.256361
    895910    0.265683
    895920    0.261725
    895930    0.257576
    895940    0.262622
    895950    0.257434
    895960    0.258701
    895970    0.258934
    895980    0.261718
    895990    0.257461
    896000    0.268299
    896010    0.260096
    896020    0.262296
    896030    0.262779
    896040    0.262443
    896050    0.259353
    896060    0.259687
    896070    0.264743
    896080    0.257523
    896090    0.262342
    896100    0.259454
    896110    0.262409
    896120    0.263741
    896130    0.259841
    896140    0.260396
    896150     0.26107
    896160    0.261384
    896170    0.257822
    896180    0.259243
    896190    0.256393
    896200     0.25554
    896210    0.256079
    896220    0.260652
    896230    0.260714
    896240    0.257759
    896250    0.257672
    896260    0.261377
    896270     0.25396
    896280    0.259864
    896290     0.25926
    896300    0.256454
    896310    0.264627
    896320    0.264135
    896330    0.261906
    896340    0.260801
    896350    0.254359
    896360    0.261204
    896370    0.260376
    896380    0.259043
    896390    0.254253
    896400    0.266146
    896410    0.260516
    896420    0.260722
    896430     0.26371
    896440    0.260292
    896450    0.263601
    896460    0.260091
    896470    0.255348
    896480    0.266452
    896490    0.260901
    896500     0.25609
    896510    0.260259
    896520    0.262379
    896530    0.256908
    896540    0.260346
    896550    0.263613
    896560    0.259468
    896570    0.257809
    896580     0.25795
    896590    0.263171
    896600     0.25709
    896610    0.260086
    896620     0.26149
    896630    0.260766
    896640     0.26016
    896650    0.258034
    896660    0.261247
    896670    0.256639
    896680    0.261407
    896690    0.262566
    896700    0.255995
    896710    0.256337
    896720    0.259639
    896730    0.257366
    896740    0.258642
    896750      0.2639
    896760    0.258018
    896770     0.25958
    896780    0.257473
    896790     0.26054
    896800    0.261595
    896810    0.259013
    896820    0.259111
    896830    0.255783
    896840    0.262497
    896850    0.259982
    896860    0.259861
    896870    0.261963
    896880    0.261944
    896890    0.264759
    896900    0.256525
    896910    0.260675
    896920     0.25794
    896930    0.261566
    896940    0.262754
    896950     0.26113
    896960    0.257973
    896970    0.258492
    896980    0.259864
    896990    0.258582
    897000    0.256055
    897010    0.261207
    897020    0.258423
    897030    0.257583
    897040    0.258562
    897050    0.258194
    897060     0.25924
    897070    0.254464
    897080    0.254969
    897090    0.252833
    897100    0.260193
    897110    0.261085
    897120    0.261212
    897130    0.255673
    897140     0.25922
    897150     0.25677
    897160    0.256767
    897170    0.259919
    897180     0.25749
    897190    0.256072
    897200    0.261572
    897210     0.25702
    897220    0.262395
    897230    0.261913
    897240    0.261669
    897250     0.25724
    897260    0.268253
    897270    0.261016
    897280    0.260109
    897290    0.262319
    897300    0.262786
    897310    0.258851
    897320    0.259314
    897330    0.258672
    897340    0.256218
    897350    0.259685
    897360    0.258026
    897370     0.26261
    897380    0.260492
    897390    0.258265
    897400    0.261928
    897410     0.26197
    897420    0.257402
    897430    0.258077
    897440    0.256767
    897450    0.258891
    897460    0.255424
    897470    0.259171
    897480    0.258918
    897490    0.258526
    897500    0.258572
    897510    0.259911
    897520    0.258828
    897530    0.261458
    897540    0.261692
    897550    0.259171
    897560    0.256336
    897570    0.261682
    897580    0.263629
    897590    0.266567
    897600    0.259797
    897610    0.258997
    897620    0.263512
    897630    0.256781
    897640    0.260974
    897650    0.262848
    897660      0.2645
    897670     0.25498
    897680    0.258916
    897690    0.263239
    897700    0.257424
    897710    0.262164
    897720    0.257582
    897730    0.257894
    897740    0.265775
    897750     0.26193
    897760    0.262208
    897770    0.258493
    897780    0.258164
    897790    0.258985
    897800    0.262588
    897810    0.258466
    897820    0.259378
    897830    0.257593
    897840    0.258392
    897850    0.260361
    897860    0.254254
    897870    0.260792
    897880    0.257264
    897890    0.257413
    897900    0.259028
    897910    0.261113
    897920    0.262073
    897930    0.258207
    897940     0.25522
    897950    0.259296
    897960    0.257438
    897970    0.260226
    897980    0.259048
    897990    0.253592
    898000    0.256747
    898010    0.253668
    898020    0.257818
    898030    0.255889
    898040    0.255945
    898050    0.253212
    898060     0.25408
    898070    0.253846
    898080    0.252441
    898090    0.259726
    898100    0.253904
    898110    0.261439
    898120    0.255002
    898130    0.261106
    898140    0.256431
    898150    0.258488
    898160    0.253666
    898170    0.256759
    898180    0.257592
    898190    0.258427
    898200    0.258772
    898210    0.262657
    898220    0.259711
    898230    0.256023
    898240    0.257853
    898250    0.260645
    898260    0.258769
    898270    0.261167
    898280    0.258766
    898290    0.261485
    898300    0.258741
    898310    0.259233
    898320    0.259474
    898330    0.257865
    898340    0.261829
    898350    0.258456
    898360    0.258835
    898370    0.259622
    898380    0.254741
    898390    0.257496
    898400    0.261666
    898410    0.255562
    898420    0.253436
    898430    0.258251
    898440    0.256959
    898450    0.259634
    898460    0.261592
    898470    0.256243
    898480    0.260743
    898490     0.26195
    898500    0.259618
    898510    0.261481
    898520    0.256424
    898530    0.257342
    898540    0.260254
    898550    0.266042
    898560    0.255964
    898570    0.258671
    898580    0.259848
    898590    0.264123
    898600    0.255477
    898610    0.258776
    898620    0.259872
    898630    0.261069
    898640    0.260324
    898650    0.256673
    898660    0.262102
    898670    0.262519
    898680    0.255529
    898690    0.258448
    898700    0.263333
    898710    0.254201
    898720     0.26149
    898730    0.262474
    898740    0.265141
    898750    0.264402
    898760    0.260758
    898770     0.25724
    898780    0.255202
    898790    0.260684
    898800    0.263199
    898810    0.255783
    898820    0.258262
    898830    0.261605
    898840    0.258233
    898850    0.262005
    898860    0.260038
    898870    0.261761
    898880    0.261097
    898890    0.264568
    898900     0.25813
    898910    0.259632
    898920    0.261822
    898930    0.256653
    898940     0.25757
    898950    0.263606
    898960    0.260674
    898970    0.258924
    898980    0.260359
    898990     0.25728
    899000    0.264544
    899010    0.259901
    899020    0.261885
    899030    0.254332
    899040    0.260852
    899050    0.256658
    899060    0.256743
    899070    0.255991
    899080    0.261064
    899090    0.258234
    899100    0.260414
    899110    0.260055
    899120    0.258952
    899130      0.2581
    899140    0.259943
    899150    0.253233
    899160    0.259089
    899170    0.262369
    899180    0.261317
    899190    0.256539
    899200     0.25707
    899210    0.258624
    899220    0.256109
    899230    0.262675
    899240    0.260181
    899250    0.260118
    899260    0.261682
    899270     0.25576
    899280    0.260713
    899290    0.269528
    899300    0.259706
    899310     0.25887
    899320    0.261361
    899330    0.261684
    899340    0.256811
    899350    0.262098
    899360    0.260896
    899370    0.265128
    899380    0.267918
    899390    0.256065
    899400    0.262808
    899410    0.258881
    899420    0.256253
    899430    0.261396
    899440    0.264038
    899450    0.254022
    899460    0.263352
    899470    0.255488
    899480    0.262859
    899490    0.252598
    899500     0.25725
    899510    0.260142
    899520    0.253296
    899530    0.264514
    899540    0.259593
    899550    0.260032
    899560    0.259523
    899570    0.262421
    899580    0.260872
    899590    0.260686
    899600    0.256075
    899610    0.255564
    899620     0.25679
    899630     0.25521
    899640    0.264453
    899650    0.265615
    899660    0.267584
    899670    0.271968
    899680    0.263323
    899690    0.258749
    899700    0.263465
    899710    0.259852
    899720    0.262661
    899730    0.264966
    899740    0.259295
    899750    0.262318
    899760    0.260772
    899770     0.26358
    899780    0.266762
    899790    0.261959
    899800    0.263214
    899810    0.261412
    899820    0.250624
    899830    0.255764
    899840     0.26117
    899850    0.263633
    899860    0.260807
    899870    0.264446
    899880    0.261152
    899890    0.260899
    899900    0.256929
    899910    0.267266
    899920    0.253496
    899930    0.255508
    899940    0.258282
    899950    0.257399
    899960    0.263996
    899970    0.257977
    899980    0.257411
    899990     0.26503
    900000    0.252949
    900010    0.258601
    900020     0.25624
    900030    0.261552
    900040    0.256101
    900050    0.261319
    900060    0.261628
    900070    0.267046
    900080    0.259242
    900090     0.26041
    900100     0.26807
    900110    0.263251
    900120    0.262788
    900130    0.266848
    900140    0.267906
    900150    0.265454
    900160    0.262107
    900170    0.263935
    900180    0.257954
    900190    0.263096
    900200    0.265094
    900210    0.258241
    900220    0.265811
    900230    0.264784
    900240    0.259761
    900250    0.257924
    900260    0.256605
    900270     0.26492
    900280    0.258372
    900290    0.258952
    900300    0.257344
    900310    0.261715
    900320    0.261804
    900330    0.262586
    900340    0.263842
    900350    0.268258
    900360    0.263573
    900370    0.266488
    900380    0.262483
    900390    0.261573
    900400    0.263771
    900410    0.260201
    900420    0.253457
    900430    0.258254
    900440    0.255302
    900450    0.260891
    900460    0.270681
    900470    0.260967
    900480    0.260421
    900490    0.262142
    900500    0.258941
    900510    0.257067
    900520    0.267175
    900530    0.257829
    900540    0.258781
    900550    0.257856
    900560    0.263571
    900570    0.260907
    900580    0.261296
    900590    0.262271
    900600    0.259601
    900610    0.261193
    900620    0.256368
    900630    0.255888
    900640    0.254522
    900650    0.262632
    900660    0.262322
    900670    0.254747
    900680     0.26123
    900690    0.254795
    900700    0.255214
    900710    0.255984
    900720    0.258961
    900730    0.256635
    900740    0.259051
    900750    0.254352
    900760    0.251526
    900770    0.255988
    900780    0.256695
    900790    0.263197
    900800    0.257119
    900810    0.258498
    900820    0.255528
    900830    0.255992
    900840    0.262056
    900850    0.261087
    900860    0.252948
    900870    0.261364
    900880    0.254932
    900890    0.253935
    900900    0.257662
    900910    0.252344
    900920    0.261823
    900930    0.259573
    900940     0.26239
    900950    0.255454
    900960    0.258501
    900970     0.26044
    900980    0.256735
    900990    0.257179
    901000    0.268755
    901010    0.255989
    901020    0.258783
    901030    0.255395
    901040    0.255518
    901050    0.263609
    901060    0.262936
    901070    0.259421
    901080    0.258366
    901090     0.26093
    901100     0.24739
    901110    0.256309
    901120    0.259233
    901130    0.254729
    901140    0.253374
    901150     0.25592
    901160    0.262351
    901170    0.258375
    901180    0.260346
    901190    0.261253
    901200    0.256612
    901210    0.262682
    901220    0.264032
    901230    0.261778
    901240    0.261977
    901250    0.251729
    901260    0.255809
    901270    0.256954
    901280    0.261467
    901290     0.25984
    901300    0.257266
    901310    0.259535
    901320    0.260367
    901330    0.250962
    901340    0.254686
    901350    0.256206
    901360     0.25256
    901370    0.255163
    901380     0.25639
    901390    0.257125
    901400    0.254252
    901410    0.258089
    901420     0.25361
    901430    0.257873
    901440    0.259913
    901450    0.259748
    901460    0.257514
    901470    0.256789
    901480    0.258248
    901490     0.25929
    901500    0.261114
    901510    0.264448
    901520     0.25777
    901530    0.261775
    901540    0.256227
    901550    0.269393
    901560    0.262207
    901570    0.263385
    901580    0.267875
    901590    0.262548
    901600    0.261777
    901610    0.261777
    901620    0.259518
    901630    0.262233
    901640    0.259376
    901650    0.252715
    901660    0.261085
    901670    0.255715
    901680    0.256443
    901690    0.260558
    901700    0.262033
    901710    0.255437
    901720    0.266106
    901730    0.259123
    901740     0.26055
    901750    0.256077
    901760    0.255587
    901770    0.259314
    901780    0.253995
    901790    0.258743
    901800    0.253406
    901810    0.260612
    901820    0.258371
    901830     0.25456
    901840    0.263939
    901850    0.260618
    901860    0.262436
    901870    0.251541
    901880    0.254307
    901890    0.255026
    901900    0.255269
    901910    0.257854
    901920    0.255642
    901930    0.261725
    901940    0.261786
    901950    0.258701
    901960    0.260427
    901970    0.255465
    901980    0.251943
    901990    0.256713
    902000    0.262161
    902010    0.260682
    902020    0.259715
    902030    0.256484
    902040     0.26034
    902050      0.2531
    902060    0.263227
    902070    0.263001
    902080    0.255636
    902090    0.255605
    902100    0.259904
    902110    0.256193
    902120    0.249149
    902130    0.260568
    902140    0.255036
    902150    0.259784
    902160    0.258384
    902170    0.261943
    902180    0.256857
    902190    0.260707
    902200    0.259904
    902210    0.260288
    902220    0.254576
    902230    0.260542
    902240    0.259199
    902250    0.255408
    902260    0.255559
    902270    0.257603
    902280    0.253248
    902290    0.255821
    902300     0.26203
    902310    0.262166
    902320     0.25308
    902330    0.262044
    902340    0.260214
    902350    0.252409
    902360    0.257518
    902370    0.259381
    902380    0.255657
    902390    0.261419
    902400    0.259443
    902410     0.25957
    902420    0.259073
    902430    0.257692
    902440    0.258395
    902450     0.25449
    902460    0.260665
    902470    0.256113
    902480    0.255016
    902490    0.248416
    902500    0.261502
    902510    0.261839
    902520    0.257299
    902530    0.257181
    902540    0.254039
    902550    0.257668
    902560    0.255788
    902570    0.263076
    902580    0.259494
    902590    0.260919
    902600    0.261667
    902610    0.255555
    902620     0.25691
    902630    0.255234
    902640    0.256905
    902650    0.260489
    902660     0.26036
    902670     0.26145
    902680    0.256133
    902690    0.266782
    902700     0.25747
    902710    0.263743
    902720    0.266207
    902730    0.259509
    902740    0.263565
    902750     0.26212
    902760    0.261066
    902770    0.257675
    902780    0.258266
    902790    0.263842
    902800    0.254039
    902810     0.26239
    902820       0.258
    902830    0.261004
    902840    0.265334
    902850    0.262019
    902860    0.259424
    902870    0.257794
    902880     0.25805
    902890    0.261805
    902900    0.260244
    902910    0.257902
    902920    0.258506
    902930    0.252363
    902940    0.260978
    902950    0.261053
    902960    0.257702
    902970    0.260782
    902980    0.255337
    902990    0.262617
    903000    0.257422
    903010    0.258215
    903020    0.256951
    903030    0.258549
    903040    0.263082
    903050    0.256596
    903060    0.262221
    903070    0.262269
    903080    0.259876
    903090    0.257334
    903100    0.262341
    903110    0.259873
    903120    0.262392
    903130    0.259852
    903140    0.258722
    903150    0.255902
    903160    0.258754
    903170     0.25739
    903180    0.259518
    903190    0.261511
    903200    0.260276
    903210    0.262339
    903220    0.257094
    903230    0.259332
    903240    0.255361
    903250    0.259321
    903260    0.264319
    903270    0.252731
    903280     0.25608
    903290    0.255293
    903300    0.257807
    903310    0.260512
    903320    0.261484
    903330    0.263297
    903340    0.257571
    903350    0.258983
    903360    0.264116
    903370    0.258924
    903380    0.261512
    903390    0.259641
    903400    0.259657
    903410    0.257477
    903420    0.258977
    903430      0.2574
    903440     0.25874
    903450    0.257839
    903460    0.256817
    903470    0.260943
    903480    0.263188
    903490     0.25494
    903500    0.263021
    903510    0.260796
    903520    0.258939
    903530     0.25356
    903540    0.253478
    903550    0.251973
    903560    0.262194
    903570    0.257071
    903580    0.259509
    903590    0.257117
    903600    0.256258
    903610    0.253957
    903620    0.255611
    903630    0.254499
    903640    0.256922
    903650    0.253751
    903660     0.25803
    903670     0.26008
    903680    0.260399
    903690    0.257703
    903700    0.262571
    903710    0.260518
    903720    0.253372
    903730    0.255208
    903740    0.256717
    903750    0.256413
    903760    0.258641
    903770    0.255201
    903780    0.258279
    903790    0.259443
    903800    0.254622
    903810    0.263313
    903820    0.257949
    903830    0.260784
    903840    0.258754
    903850    0.255386
    903860    0.256491
    903870    0.253954
    903880    0.256591
    903890    0.254511
    903900    0.258916
    903910    0.258086
    903920    0.258704
    903930    0.256436
    903940    0.255182
    903950    0.257681
    903960    0.254456
    903970    0.256936
    903980    0.253139
    903990    0.254311
    904000    0.254475
    904010    0.258629
    904020    0.259903
    904030    0.256138
    904040    0.261631
    904050    0.256315
    904060    0.257192
    904070    0.258971
    904080    0.257985
    904090    0.259314
    904100    0.259521
    904110    0.266196
    904120      0.2572
    904130    0.251999
    904140    0.260401
    904150    0.256917
    904160    0.262027
    904170    0.255621
    904180    0.261969
    904190    0.260707
    904200    0.260848
    904210    0.258806
    904220    0.263258
    904230    0.257345
    904240    0.256482
    904250    0.261125
    904260    0.255636
    904270    0.250447
    904280    0.250067
    904290     0.25861
    904300    0.257206
    904310    0.247287
    904320    0.252645
    904330    0.254655
    904340    0.258062
    904350    0.260962
    904360    0.258311
    904370    0.249617
    904380    0.252955
    904390    0.255258
    904400    0.260287
    904410    0.263277
    904420    0.263939
    904430    0.263151
    904440    0.263297
    904450    0.259723
    904460    0.256576
    904470    0.257531
    904480    0.261026
    904490    0.258842
    904500    0.255799
    904510    0.256569
    904520    0.257711
    904530    0.257774
    904540    0.258648
    904550    0.258352
    904560    0.251936
    904570    0.256364
    904580     0.25353
    904590    0.257805
    904600    0.259302
    904610    0.259906
    904620    0.259358
    904630    0.262815
    904640    0.258814
    904650    0.258893
    904660    0.262174
    904670    0.257999
    904680    0.259503
    904690    0.256586
    904700    0.258727
    904710    0.261369
    904720    0.263404
    904730    0.258716
    904740    0.265993
    904750    0.259527
    904760    0.262092
    904770    0.260447
    904780    0.257738
    904790    0.261311
    904800    0.262174
    904810    0.260573
    904820    0.256499
    904830     0.26116
    904840    0.258502
    904850    0.257802
    904860    0.258868
    904870    0.263075
    904880    0.263198
    904890    0.256176
    904900    0.264932
    904910    0.256785
    904920     0.26122
    904930    0.257099
    904940    0.261361
    904950    0.256981
    904960    0.266609
    904970    0.261826
    904980    0.259087
    904990     0.25947
    905000    0.260169
    905010     0.25786
    905020    0.262944
    905030    0.261504
    905040     0.26562
    905050    0.261254
    905060    0.255966
    905070    0.259155
    905080    0.261415
    905090     0.26176
    905100    0.260877
    905110    0.256862
    905120    0.264088
    905130     0.26688
    905140    0.265424
    905150    0.262239
    905160    0.261428
    905170    0.263978
    905180    0.259864
    905190    0.263659
    905200    0.268611
    905210    0.262694
    905220    0.261222
    905230    0.259078
    905240    0.258346
    905250    0.262942
    905260    0.259427
    905270     0.25865
    905280    0.262237
    905290    0.256211
    905300    0.256303
    905310     0.25966
    905320    0.256842
    905330    0.265858
    905340    0.261502
    905350    0.263915
    905360    0.264249
    905370    0.259986
    905380    0.260617
    905390    0.257993
    905400    0.260731
    905410    0.259402
    905420    0.263814
    905430    0.257461
    905440        0.26
    905450    0.263071
    905460    0.259973
    905470    0.257963
    905480    0.260822
    905490    0.258751
    905500    0.254853
    905510    0.256425
    905520    0.257144
    905530    0.265263
    905540    0.261164
    905550    0.259557
    905560    0.260892
    905570     0.26417
    905580    0.266078
    905590     0.26082
    905600    0.261513
    905610    0.257713
    905620    0.256896
    905630    0.264714
    905640    0.256798
    905650     0.25889
    905660    0.271241
    905670    0.257065
    905680    0.260259
    905690    0.260621
    905700    0.260024
    905710    0.257679
    905720    0.259692
    905730    0.259091
    905740    0.255803
    905750    0.256773
    905760    0.262311
    905770      0.2608
    905780    0.258462
    905790    0.258268
    905800    0.257495
    905810    0.255153
    905820    0.264171
    905830    0.263067
    905840    0.260656
    905850    0.263144
    905860    0.260077
    905870    0.258161
    905880    0.259473
    905890    0.261158
    905900    0.269535
    905910    0.260677
    905920    0.260028
    905930    0.262773
    905940    0.262923
    905950    0.265485
    905960     0.26186
    905970    0.255957
    905980    0.263689
    905990    0.263383
    906000    0.253951
    906010    0.257656
    906020     0.26478
    906030    0.259496
    906040    0.260206
    906050    0.258705
    906060    0.262044
    906070    0.257883
    906080    0.259219
    906090     0.25614
    906100    0.260441
    906110    0.261199
    906120     0.26045
    906130    0.263586
    906140    0.259437
    906150    0.262134
    906160    0.264356
    906170    0.260503
    906180    0.256843
    906190    0.263014
    906200    0.269215
    906210    0.261711
    906220    0.259427
    906230     0.26003
    906240    0.259456
    906250    0.259349
    906260    0.260925
    906270    0.261803
    906280    0.260337
    906290    0.261948
    906300    0.260684
    906310     0.26173
    906320    0.261859
    906330    0.259505
    906340    0.259734
    906350     0.25654
    906360    0.259757
    906370    0.270609
    906380     0.26595
    906390    0.262513
    906400    0.264835
    906410    0.263997
    906420    0.266316
    906430    0.263952
    906440    0.267394
    906450    0.261259
    906460    0.263847
    906470    0.257953
    906480    0.263868
    906490    0.265967
    906500    0.272449
    906510    0.263929
    906520    0.257174
    906530    0.259971
    906540    0.257219
    906550     0.26517
    906560    0.262186
    906570    0.265416
    906580    0.261483
    906590    0.258224
    906600    0.258718
    906610    0.261702
    906620    0.262228
    906630    0.260491
    906640    0.261414
    906650    0.250089
    906660    0.262031
    906670    0.260156
    906680    0.260435
    906690    0.266699
    906700    0.258685
    906710    0.256005
    906720    0.257564
    906730    0.259264
    906740    0.251514
    906750    0.259335
    906760    0.260574
    906770    0.258056
    906780    0.259299
    906790    0.259522
    906800    0.256238
    906810     0.25513
    906820    0.266586
    906830    0.258437
    906840    0.260439
    906850    0.257945
    906860    0.256155
    906870    0.250717
    906880    0.256076
    906890     0.25632
    906900    0.256546
    906910    0.257809
    906920    0.253206
    906930    0.263032
    906940    0.258465
    906950    0.256841
    906960    0.252913
    906970    0.252844
    906980    0.259274
    906990    0.262577
    907000    0.259457
    907010    0.260502
    907020    0.254365
    907030    0.249176
    907040    0.256805
    907050    0.260682
    907060     0.25384
    907070    0.255033
    907080    0.255079
    907090    0.255995
    907100    0.257343
    907110    0.254844
    907120    0.261211
    907130    0.253276
    907140    0.257635
    907150    0.254792
    907160    0.260213
    907170    0.260116
    907180    0.253102
    907190    0.255099
    907200    0.256539
    907210    0.269121
    907220    0.258503
    907230    0.260449
    907240    0.268354
    907250    0.270599
    907260     0.26358
    907270     0.27082
    907280    0.274857
    907290    0.269163
    907300    0.270727
    907310    0.274687
    907320    0.273427
    907330    0.268388
    907340    0.277042
    907350    0.277475
    907360     0.27966
    907370    0.277286
    907380    0.276855
    907390    0.270569
    907400     0.27578
    907410    0.276997
    907420    0.275518
    907430    0.274725
    907440    0.278312
    907450    0.275016
    907460    0.279292
    907470    0.271945
    907480    0.273841
    907490    0.277247
    907500    0.272423
    907510    0.273216
    907520     0.28383
    907530    0.270465
    907540    0.274324
    907550    0.277755
    907560    0.279817
    907570    0.276418
    907580    0.273141
    907590    0.272596
    907600    0.273767
    907610    0.270734
    907620    0.278747
    907630    0.270444
    907640    0.272381
    907650    0.274802
    907660     0.27179
    907670    0.273454
    907680    0.276442
    907690    0.275435
    907700    0.273653
    907710    0.275944
    907720     0.27227
    907730    0.277654
    907740    0.272794
    907750    0.283049
    907760    0.272358
    907770    0.268697
    907780    0.276247
    907790    0.265712
    907800    0.274069
    907810    0.279046
    907820    0.272844
    907830    0.270773
    907840    0.272298
    907850     0.27392
    907860    0.271218
    907870    0.275121
    907880    0.264844
    907890    0.269205
    907900    0.270066
    907910     0.27808
    907920    0.269077
    907930    0.275103
    907940    0.278816
    907950    0.273245
    907960    0.267347
    907970    0.279676
    907980     0.27629
    907990     0.27621
    908000      0.2698
    908010    0.274021
    908020    0.274362
    908030    0.274732
    908040    0.272293
    908050    0.275754
    908060    0.274597
    908070     0.27127
    908080    0.278507
    908090    0.277024
    908100    0.274086
    908110    0.270671
    908120    0.272773
    908130    0.269902
    908140    0.271951
    908150    0.274063
    908160    0.271943
    908170    0.275542
    908180    0.265949
    908190    0.270274
    908200    0.267689
    908210    0.269687
    908220    0.271709
    908230    0.270304
    908240    0.275828
    908250    0.269368
    908260    0.269571
    908270    0.273058
    908280    0.275774
    908290    0.277965
    908300    0.275859
    908310    0.275628
    908320      0.2701
    908330    0.268199
    908340    0.272798
    908350     0.27359
    908360    0.273764
    908370    0.275578
    908380    0.280443
    908390    0.279482
    908400    0.272034
    908410    0.266652
    908420    0.272169
    908430     0.27426
    908440    0.279843
    908450    0.269531
    908460    0.274279
    908470    0.272858
    908480    0.275004
    908490    0.275552
    908500    0.275173
    908510    0.274068
    908520    0.276037
    908530    0.280558
    908540    0.272693
    908550    0.279081
    908560    0.276336
    908570    0.279351
    908580    0.275899
    908590    0.273804
    908600    0.273834
    908610    0.273978
    908620    0.271102
    908630    0.271917
    908640    0.277983
    908650    0.277319
    908660    0.272607
    908670     0.27955
    908680    0.277778
    908690     0.27933
    908700    0.273433
    908710    0.271538
    908720    0.276946
    908730    0.276203
    908740    0.276039
    908750    0.273657
    908760    0.276381
    908770    0.271507
    908780     0.27212
    908790    0.276925
    908800    0.278259
    908810    0.278683
    908820    0.275834
    908830    0.273972
    908840    0.273298
    908850    0.270518
    908860    0.270789
    908870    0.273715
    908880    0.267043
    908890    0.273374
    908900    0.274428
    908910    0.273047
    908920    0.265102
    908930    0.277881
    908940    0.276305
    908950    0.274061
    908960    0.270951
    908970    0.277813
    908980    0.276113
    908990    0.270358
    909000    0.271392
    909010    0.274757
    909020    0.275472
    909030    0.269961
    909040    0.272153
    909050    0.276814
    909060    0.275962
    909070    0.274267
    909080    0.274841
    909090    0.277666
    909100    0.268281
    909110    0.271734
    909120    0.268453
    909130    0.280101
    909140    0.277783
    909150    0.271783
    909160    0.275853
    909170    0.274532
    909180    0.269109
    909190    0.278795
    909200    0.273834
    909210    0.273481
    909220    0.278591
    909230    0.277446
    909240    0.274862
    909250    0.274455
    909260    0.270449
    909270     0.27121
    909280    0.272234
    909290    0.277269
    909300    0.273997
    909310    0.276505
    909320    0.276035
    909330    0.281752
    909340     0.27592
    909350    0.270235
    909360    0.272369
    909370    0.275155
    909380    0.280968
    909390    0.277427
    909400    0.278436
    909410    0.280974
    909420    0.274519
    909430     0.27155
    909440    0.272703
    909450    0.276493
    909460     0.27592
    909470    0.269976
    909480     0.27582
    909490    0.278548
    909500    0.273901
    909510    0.273657
    909520    0.275965
    909530    0.274503
    909540    0.274421
    909550    0.274386
    909560    0.275134
    909570    0.271168
    909580    0.268969
    909590    0.275824
    909600    0.274745
    909610    0.276754
    909620    0.273049
    909630    0.274549
    909640    0.281682
    909650     0.27243
    909660    0.275645
    909670    0.276235
    909680     0.27672
    909690    0.269634
    909700    0.281769
    909710    0.273296
    909720    0.266145
    909730    0.273425
    909740    0.272065
    909750    0.276665
    909760    0.279073
    909770    0.274963
    909780    0.268313
    909790    0.272195
    909800    0.275014
    909810    0.275609
    909820    0.273421
    909830       0.268
    909840    0.271211
    909850    0.276362
    909860    0.270659
    909870    0.270625
    909880    0.273414
    909890    0.275061
    909900    0.277356
    909910     0.27796
    909920    0.278446
    909930      0.2754
    909940    0.282052
    909950    0.274322
    909960    0.274889
    909970    0.273306
    909980     0.27557
    909990    0.273677
    910000    0.274108
    910010    0.267089
    910020    0.277895
    910030    0.273465
    910040    0.279145
    910050    0.277121
    910060     0.27385
    910070    0.275641
    910080    0.271542
    910090    0.279669
    910100    0.274398
    910110    0.273971
    910120    0.275447
    910130    0.270478
    910140    0.276239
    910150    0.276902
    910160    0.278583
    910170    0.273561
    910180    0.280173
    910190    0.272545
    910200    0.280253
    910210    0.271226
    910220    0.275308
    910230    0.274871
    910240    0.274074
    910250    0.277885
    910260    0.272938
    910270    0.283181
    910280    0.279177
    910290     0.26891
    910300    0.277722
    910310     0.27672
    910320     0.27636
    910330    0.278306
    910340    0.276344
    910350    0.280113
    910360    0.273246
    910370    0.273707
    910380    0.275588
    910390    0.271898
    910400    0.271448
    910410    0.275375
    910420     0.27213
    910430    0.276878
    910440    0.280621
    910450    0.278053
    910460    0.277425
    910470    0.271545
    910480    0.274621
    910490    0.280766
    910500    0.281492
    910510     0.28005
    910520    0.280493
    910530    0.274578
    910540     0.27643
    910550    0.275191
    910560      0.2748
    910570    0.274434
    910580    0.274521
    910590    0.271572
    910600    0.274169
    910610    0.269518
    910620    0.272872
    910630    0.272203
    910640    0.277955
    910650    0.278802
    910660    0.277475
    910670    0.273976
    910680    0.275036
    910690    0.274608
    910700    0.271865
    910710     0.27291
    910720    0.271079
    910730     0.27293
    910740     0.27304
    910750    0.271375
    910760    0.269598
    910770    0.275891
    910780    0.271376
    910790    0.275818
    910800    0.277332
    910810    0.273692
    910820    0.276491
    910830    0.276682
    910840     0.27765
    910850    0.272793
    910860     0.27111
    910870    0.274629
    910880    0.270803
    910890    0.273765
    910900    0.271325
    910910    0.273433
    910920    0.274975
    910930    0.271572
    910940    0.274695
    910950    0.277471
    910960    0.278187
    910970    0.270971
    910980     0.27464
    910990    0.278048
    911000      0.2754
    911010    0.276147
    911020    0.277742
    911030    0.278785
    911040    0.277688
    911050    0.275404
    911060    0.274703
    911070    0.280081
    911080    0.274653
    911090    0.276225
    911100    0.280172
    911110    0.272955
    911120    0.275289
    911130    0.277854
    911140    0.279841
    911150    0.276186
    911160    0.283116
    911170    0.270667
    911180    0.277275
    911190    0.275587
    911200    0.277218
    911210    0.282424
    911220     0.27839
    911230      0.2798
    911240    0.274319
    911250    0.274614
    911260    0.280239
    911270    0.273752
    911280    0.274973
    911290    0.269782
    911300    0.265462
    911310    0.271362
    911320    0.272743
    911330    0.276502
    911340    0.274609
    911350    0.274501
    911360    0.272861
    911370    0.272745
    911380     0.27615
    911390    0.277385
    911400    0.278124
    911410    0.265637
    911420    0.275712
    911430    0.275345
    911440     0.27205
    911450    0.269578
    911460    0.285574
    911470    0.265377
    911480    0.277805
    911490    0.270246
    911500    0.273517
    911510    0.274112
    911520    0.271282
    911530    0.278057
    911540    0.273374
    911550    0.272884
    911560    0.272811
    911570    0.270544
    911580    0.273432
    911590    0.276922
    911600    0.274743
    911610    0.272342
    911620    0.274965
    911630    0.277007
    911640    0.271587
    911650    0.279506
    911660    0.276571
    911670    0.275035
    911680    0.272857
    911690     0.27702
    911700    0.266437
    911710    0.279532
    911720    0.275031
    911730     0.27571
    911740    0.276967
    911750    0.275188
    911760    0.277941
    911770    0.277663
    911780    0.268842
    911790    0.276876
    911800    0.274519
    911810    0.271354
    911820    0.280856
    911830    0.274787
    911840    0.276304
    911850    0.279072
    911860    0.269132
    911870    0.275835
    911880     0.27064
    911890    0.278281
    911900    0.277844
    911910    0.276493
    911920    0.268378
    911930    0.277041
    911940    0.275469
    911950    0.270492
    911960    0.265458
    911970    0.273716
    911980    0.274734
    911990    0.268595
    912000    0.275464
    912010    0.273994
    912020    0.276989
    912030    0.277401
    912040    0.275971
    912050    0.276329
    912060    0.276636
    912070    0.278837
    912080    0.271877
    912090    0.270624
    912100    0.277229
    912110    0.274308
    912120    0.273391
    912130    0.270254
    912140    0.272734
    912150    0.270049
    912160    0.277159
    912170    0.275404
    912180    0.275236
    912190    0.278674
    912200    0.274754
    912210    0.269694
    912220    0.277526
    912230    0.278825
    912240    0.275457
    912250    0.268743
    912260    0.275347
    912270    0.271507
    912280    0.275656
    912290    0.269933
    912300     0.27772
    912310    0.280134
    912320     0.27736
    912330    0.279411
    912340    0.275998
    912350     0.28025
    912360    0.277277
    912370    0.281033
    912380    0.277938
    912390    0.276359
    912400    0.275797
    912410    0.273787
    912420    0.271256
    912430    0.276524
    912440    0.275163
    912450    0.281671
    912460    0.282966
    912470    0.281541
    912480    0.272269
    912490    0.270956
    912500     0.27371
    912510    0.275699
    912520    0.284057
    912530    0.275228
    912540    0.272379
    912550    0.277958
    912560    0.274803
    912570     0.27749
    912580    0.277976
    912590    0.283574
    912600    0.276019
    912610    0.272478
    912620    0.283341
    912630     0.28197
    912640    0.282745
    912650    0.272308
    912660    0.280094
    912670    0.283957
    912680    0.277357
    912690    0.278541
    912700    0.272284
    912710    0.281545
    912720    0.267609
    912730    0.273488
    912740    0.279901
    912750    0.272587
    912760    0.279375
    912770    0.278887
    912780    0.276452
    912790     0.27788
    912800    0.281918
    912810    0.272906
    912820     0.27674
    912830    0.271128
    912840    0.277863
    912850    0.272557
    912860    0.278268
    912870    0.277341
    912880    0.272617
    912890    0.273784
    912900      0.2754
    912910    0.279575
    912920    0.271294
    912930    0.273157
    912940    0.280498
    912950    0.275791
    912960    0.277304
    912970    0.272351
    912980    0.279902
    912990    0.276252
    913000    0.278784
    913010     0.27487
    913020    0.272856
    913030    0.282784
    913040    0.275041
    913050    0.277165
    913060    0.268674
    913070    0.272223
    913080    0.275756
    913090     0.27402
    913100    0.271968
    913110    0.273076
    913120    0.280551
    913130    0.280817
    913140    0.277495
    913150     0.26922
    913160    0.273435
    913170    0.280229
    913180    0.277183
    913190    0.281927
    913200    0.277536
    913210    0.275141
    913220    0.276643
    913230    0.281177
    913240    0.279877
    913250    0.277423
    913260    0.286119
    913270    0.285357
    913280    0.282286
    913290    0.280211
    913300    0.279699
    913310     0.28143
    913320    0.275804
    913330    0.280541
    913340    0.282998
    913350    0.278265
    913360    0.276806
    913370    0.279296
    913380    0.283521
    913390    0.283147
    913400    0.279994
    913410    0.279796
    913420    0.273898
    913430    0.280629
    913440    0.282946
    913450    0.274608
    913460    0.282102
    913470    0.285696
    913480    0.277222
    913490    0.284264
    913500    0.285722
    913510    0.287359
    913520    0.285036
    913530     0.28125
    913540    0.286288
    913550    0.280852
    913560    0.282453
    913570    0.275074
    913580    0.274918
    913590    0.277485
    913600    0.280351
    913610    0.277649
    913620    0.279649
    913630    0.280146
    913640    0.272275
    913650    0.279931
    913660    0.281225
    913670     0.27056
    913680    0.276669
    913690     0.27496
    913700    0.275183
    913710    0.278993
    913720    0.272196
    913730    0.280746
    913740    0.273412
    913750    0.274111
    913760    0.268787
    913770    0.273688
    913780     0.27336
    913790     0.27191
    913800    0.271111
    913810    0.272749
    913820    0.274222
    913830    0.268247
    913840    0.273021
    913850    0.268136
    913860    0.273636
    913870    0.273011
    913880      0.2788
    913890    0.275746
    913900    0.273048
    913910    0.273298
    913920    0.274594
    913930    0.269629
    913940    0.269634
    913950    0.270819
    913960    0.271567
    913970     0.27013
    913980    0.276609
    913990    0.273984
    914000    0.275558
    914010    0.282372
    914020    0.280221
    914030     0.27965
    914040    0.273286
    914050    0.280069
    914060    0.268908
    914070    0.283559
    914080    0.272637
    914090    0.281327
    914100    0.280506
    914110    0.283481
    914120    0.278975
    914130    0.273355
    914140    0.282543
    914150    0.279116
    914160     0.27538
    914170    0.279664
    914180    0.275589
    914190    0.280525
    914200    0.279912
    914210    0.283198
    914220    0.279981
    914230    0.277101
    914240    0.275583
    914250    0.281249
    914260    0.275082
    914270    0.285138
    914280    0.284266
    914290    0.281192
    914300    0.284432
    914310    0.282921
    914320    0.286676
    914330    0.279778
    914340    0.284012
    914350    0.289128
    914360    0.275617
    914370    0.277066
    914380     0.27351
    914390    0.274878
    914400    0.282312
    914410     0.27532
    914420    0.274542
    914430     0.27513
    914440    0.279631
    914450    0.275641
    914460    0.278669
    914470    0.277925
    914480    0.280523
    914490    0.276109
    914500    0.284372
    914510    0.275656
    914520    0.277656
    914530    0.275706
    914540    0.279462
    914550    0.274499
    914560    0.278551
    914570    0.276988
    914580    0.278623
    914590    0.274525
    914600    0.271188
    914610    0.279474
    914620    0.279027
    914630    0.277072
    914640    0.278931
    914650    0.272814
    914660     0.27607
    914670     0.27753
    914680    0.276074
    914690    0.278484
    914700    0.279923
    914710    0.279492
    914720    0.277363
    914730    0.273806
    914740    0.277232
    914750     0.27543
    914760     0.28441
    914770    0.280134
    914780    0.271499
    914790    0.278611
    914800    0.272176
    914810    0.270232
    914820    0.269894
    914830    0.269272
    914840     0.27277
    914850    0.269701
    914860    0.277863
    914870    0.268863
    914880    0.272996
    914890    0.276911
    914900    0.282777
    914910    0.279241
    914920    0.283519
    914930    0.281341
    914940    0.277912
    914950    0.283551
    914960    0.279657
    914970    0.279555
    914980    0.278383
    914990    0.281328
    915000    0.276225
    915010    0.282201
    915020     0.27514
    915030    0.280328
    915040      0.2754
    915050    0.278818
    915060    0.275389
    915070    0.282864
    915080    0.278642
    915090    0.273085
    915100    0.265051
    915110    0.268939
    915120    0.268978
    915130    0.276603
    915140    0.269399
    915150    0.275482
    915160    0.282743
    915170     0.28081
    915180     0.26893
    915190    0.280542
    915200    0.273191
    915210    0.271392
    915220    0.273529
    915230     0.27325
    915240    0.272062
    915250    0.282195
    915260    0.274948
    915270    0.275227
    915280     0.27351
    915290    0.279164
    915300    0.276165
    915310    0.277977
    915320    0.276739
    915330    0.273996
    915340    0.272357
    915350    0.279806
    915360    0.282233
    915370     0.27918
    915380    0.281439
    915390    0.277453
    915400    0.286644
    915410    0.284523
    915420    0.279111
    915430    0.275677
    915440    0.279117
    915450    0.278521
    915460    0.282235
    915470    0.280779
    915480    0.277866
    915490    0.284724
    915500    0.277569
    915510    0.284427
    915520    0.280416
    915530    0.280144
    915540    0.283301
    915550    0.282605
    915560    0.278455
    915570    0.277767
    915580    0.280273
    915590    0.276528
    915600    0.281975
    915610      0.2814
    915620    0.281633
    915630    0.278873
    915640    0.282521
    915650    0.280606
    915660    0.281815
    915670    0.281497
    915680    0.287651
    915690    0.277776
    915700    0.279607
    915710    0.275504
    915720    0.278423
    915730    0.280701
    915740    0.279736
    915750    0.280505
    915760     0.28698
    915770    0.278006
    915780    0.277514
    915790    0.280923
    915800    0.275636
    915810    0.277905
    915820    0.282026
    915830    0.274216
    915840     0.27355
    915850    0.271737
    915860    0.278914
    915870    0.281811
    915880    0.284625
    915890    0.281606
    915900    0.279804
    915910    0.281009
    915920    0.282615
    915930    0.281587
    915940    0.282519
    915950    0.274448
    915960    0.284445
    915970    0.274214
    915980    0.271193
    915990    0.278225
    916000    0.274068
    916010    0.277775
    916020    0.276185
    916030    0.275504
    916040    0.278013
    916050     0.27799
    916060    0.271903
    916070    0.276389
    916080    0.276556
    916090    0.275466
    916100    0.270767
    916110    0.274189
    916120    0.278159
    916130    0.274933
    916140    0.279285
    916150    0.277792
    916160    0.279688
    916170    0.278578
    916180    0.278337
    916190    0.280427
    916200     0.27192
    916210    0.284604
    916220    0.269669
    916230    0.274782
    916240    0.275757
    916250    0.280027
    916260    0.282726
    916270    0.279077
    916280    0.274086
    916290    0.277429
    916300     0.28318
    916310    0.287824
    916320    0.278425
    916330    0.274314
    916340     0.28087
    916350    0.275136
    916360    0.278684
    916370    0.276452
    916380    0.280321
    916390    0.279564
    916400    0.284171
    916410    0.277136
    916420    0.280076
    916430    0.274373
    916440    0.279733
    916450    0.281469
    916460    0.277916
    916470    0.279285
    916480     0.27852
    916490    0.281266
    916500    0.275925
    916510    0.280215
    916520    0.285717
    916530    0.284167
    916540    0.281486
    916550    0.278963
    916560    0.277606
    916570    0.280482
    916580    0.278057
    916590    0.273369
    916600    0.275865
    916610    0.278536
    916620    0.279512
    916630    0.281253
    916640    0.275844
    916650    0.286004
    916660    0.274336
    916670    0.277373
    916680     0.28021
    916690    0.277546
    916700    0.284621
    916710    0.283432
    916720    0.283508
    916730    0.281204
    916740    0.278675
    916750    0.278803
    916760    0.281109
    916770    0.276436
    916780     0.27802
    916790    0.282538
    916800    0.280565
    916810    0.277622
    916820    0.273073
    916830    0.279736
    916840    0.275887
    916850    0.279967
    916860    0.278863
    916870    0.279198
    916880    0.281947
    916890    0.280979
    916900    0.282297
    916910    0.283678
    916920    0.279933
    916930     0.27813
    916940    0.272361
    916950    0.283199
    916960    0.281037
    916970    0.287747
    916980    0.282593
    916990     0.28201
    917000    0.279968
    917010    0.283022
    917020    0.283568
    917030    0.280475
    917040     0.28141
    917050    0.280888
    917060    0.275997
    917070    0.281657
    917080    0.289061
    917090    0.275255
    917100    0.275971
    917110    0.287336
    917120    0.282606
    917130    0.280315
    917140    0.284049
    917150     0.28078
    917160    0.280075
    917170    0.281167
    917180    0.280508
    917190    0.285759
    917200    0.280442
    917210     0.27824
    917220    0.284385
    917230    0.289054
    917240     0.28507
    917250    0.286407
    917260    0.282986
    917270    0.282664
    917280    0.290539
    917290     0.27013
    917300    0.277549
    917310    0.280563
    917320    0.277182
    917330     0.27796
    917340    0.279055
    917350    0.271312
    917360    0.281474
    917370    0.278778
    917380    0.282789
    917390    0.284645
    917400     0.28326
    917410    0.284616
    917420    0.280095
    917430    0.275145
    917440    0.280928
    917450    0.280021
    917460    0.274378
    917470    0.281349
    917480    0.284165
    917490    0.283363
    917500    0.277673
    917510    0.277801
    917520    0.275236
    917530    0.275932
    917540    0.276945
    917550    0.277993
    917560    0.274306
    917570    0.274872
    917580    0.272917
    917590    0.281031
    917600    0.280503
    917610    0.280381
    917620    0.275982
    917630    0.275588
    917640    0.272467
    917650     0.28512
    917660    0.286777
    917670    0.280877
    917680    0.278528
    917690    0.278222
    917700    0.283224
    917710    0.276846
    917720    0.281328
    917730     0.27963
    917740    0.280758
    917750    0.284984
    917760    0.277897
    917770    0.280725
    917780    0.281774
    917790    0.281624
    917800    0.283179
    917810    0.275801
    917820    0.282433
    917830     0.27373
    917840    0.277747
    917850    0.277459
    917860    0.267712
    917870    0.286254
    917880    0.283469
    917890    0.276467
    917900    0.275098
    917910    0.282263
    917920    0.271831
    917930    0.276002
    917940    0.275994
    917950    0.274538
    917960    0.273056
    917970    0.280675
    917980    0.275874
    917990     0.28129
    918000    0.279187
    918010    0.283467
    918020    0.280414
    918030    0.279705
    918040    0.275148
    918050    0.277641
    918060      0.2707
    918070    0.272972
    918080     0.27057
    918090    0.273543
    918100    0.280042
    918110    0.274233
    918120    0.280807
    918130    0.280525
    918140    0.276257
    918150    0.275174
    918160    0.280488
    918170    0.274595
    918180    0.277754
    918190    0.271499
    918200    0.276337
    918210     0.27416
    918220    0.270578
    918230    0.270517
    918240    0.275959
    918250    0.289233
    918260     0.27953
    918270    0.278369
    918280    0.277055
    918290    0.282903
    918300    0.281185
    918310    0.275753
    918320    0.277095
    918330    0.272205
    918340    0.278435
    918350    0.275182
    918360    0.276382
    918370     0.27998
    918380    0.276674
    918390    0.281957
    918400    0.270422
    918410    0.274103
    918420    0.274334
    918430    0.276309
    918440    0.272915
    918450    0.277467
    918460    0.272947
    918470    0.281637
    918480    0.275207
    918490    0.269731
    918500    0.278152
    918510    0.275263
    918520    0.280894
    918530    0.277206
    918540    0.274343
    918550    0.281355
    918560    0.274155
    918570    0.277256
    918580    0.278185
    918590    0.276275
    918600    0.274916
    918610    0.280404
    918620    0.266623
    918630    0.275812
    918640    0.272751
    918650    0.271326
    918660    0.273849
    918670    0.273481
    918680    0.282994
    918690      0.2779
    918700    0.276592
    918710    0.268925
    918720    0.276699
    918730    0.278421
    918740    0.271241
    918750    0.279599
    918760    0.273193
    918770    0.269204
    918780     0.27047
    918790    0.274947
    918800    0.273029
    918810    0.274861
    918820    0.274904
    918830    0.269896
    918840    0.276907
    918850    0.282649
    918860    0.276702
    918870    0.276889
    918880    0.274148
    918890    0.273767
    918900    0.271335
    918910    0.276177
    918920    0.274513
    918930    0.268446
    918940    0.272377
    918950    0.272023
    918960    0.275751
    918970     0.27871
    918980    0.279084
    918990    0.281687
    919000    0.272529
    919010    0.274278
    919020    0.278156
    919030    0.274845
    919040    0.269639
    919050    0.278992
    919060    0.280783
    919070    0.269211
    919080    0.277656
    919090    0.279772
    919100    0.281429
    919110    0.274972
    919120    0.272267
    919130    0.273395
    919140    0.276395
    919150    0.272966
    919160    0.272601
    919170    0.270424
    919180    0.272913
    919190    0.274533
    919200    0.272134
    919210    0.280357
    919220    0.275371
    919230    0.277352
    919240    0.271221
    919250    0.273537
    919260    0.276293
    919270    0.270116
    919280    0.273083
    919290     0.27729
    919300    0.270433
    919310    0.275076
    919320    0.273347
    919330    0.269479
    919340    0.270677
    919350    0.268107
    919360    0.276533
    919370    0.271919
    919380    0.278043
    919390    0.270907
    919400    0.270896
    919410    0.271157
    919420    0.278906
    919430    0.276363
    919440    0.275184
    919450    0.273335
    919460    0.279812
    919470    0.276443
    919480    0.273326
    919490    0.277934
    919500    0.279465
    919510    0.279699
    919520    0.276202
    919530    0.279233
    919540    0.272358
    919550    0.277251
    919560    0.274868
    919570    0.282764
    919580    0.279538
    919590    0.272741
    919600    0.272077
    919610    0.270288
    919620    0.275578
    919630    0.281144
    919640    0.273224
    919650    0.273086
    919660    0.279665
    919670    0.271325
    919680    0.278983
    919690    0.274869
    919700     0.27637
    919710    0.275076
    919720    0.272203
    919730    0.275069
    919740    0.274217
    919750    0.270755
    919760    0.274783
    919770    0.280313
    919780    0.273767
    919790    0.283367
    919800    0.271806
    919810    0.274364
    919820    0.276187
    919830    0.269576
    919840    0.273105
    919850    0.270533
    919860    0.273066
    919870    0.270499
    919880    0.270825
    919890    0.271926
    919900    0.276095
    919910    0.278859
    919920    0.272748
    919930    0.274792
    919940    0.272175
    919950    0.278297
    919960    0.273076
    919970    0.277606
    919980    0.275697
    919990    0.274717
    920000    0.273064
    920010    0.270624
    920020    0.269097
    920030    0.269186
    920040    0.274841
    920050    0.281133
    920060    0.271757
    920070    0.276221
    920080    0.272455
    920090    0.279247
    920100    0.273725
    920110    0.278561
    920120    0.276881
    920130    0.278907
    920140    0.276058
    920150    0.281269
    920160    0.270958
    920170    0.275498
    920180    0.275268
    920190    0.279246
    920200    0.278572
    920210     0.27219
    920220    0.275449
    920230    0.278882
    920240    0.274959
    920250    0.282214
    920260    0.276605
    920270    0.272277
    920280    0.276241
    920290    0.276353
    920300    0.274146
    920310    0.276703
    920320     0.27647
    920330    0.279986
    920340    0.279866
    920350     0.27053
    920360    0.273931
    920370    0.273705
    920380    0.277779
    920390    0.273549
    920400    0.275635
    920410    0.278132
    920420    0.276776
    920430    0.277177
    920440    0.276555
    920450     0.28059
    920460    0.275366
    920470     0.28371
    920480    0.280324
    920490    0.278045
    920500    0.287709
    920510    0.273878
    920520    0.274046
    920530    0.275873
    920540    0.269985
    920550    0.272626
    920560    0.279348
    920570    0.277211
    920580    0.274558
    920590    0.273713
    920600    0.276288
    920610    0.277212
    920620    0.274676
    920630    0.273522
    920640    0.273101
    920650    0.273291
    920660    0.271729
    920670     0.26888
    920680    0.266294
    920690    0.274628
    920700    0.275981
    920710    0.275783
    920720    0.277817
    920730    0.277217
    920740    0.273191
    920750    0.274857
    920760    0.275968
    920770    0.275416
    920780    0.270382
    920790    0.272561
    920800    0.274583
    920810    0.273131
    920820    0.268248
    920830    0.276201
    920840    0.272507
    920850    0.274554
    920860    0.276952
    920870     0.27682
    920880    0.275255
    920890    0.277337
    920900    0.277103
    920910    0.274884
    920920    0.276431
    920930    0.273212
    920940    0.272358
    920950    0.275046
    920960    0.280401
    920970    0.271524
    920980     0.27904
    920990    0.279388
    921000    0.271795
    921010    0.274283
    921020    0.276411
    921030    0.276082
    921040    0.274366
    921050    0.273975
    921060    0.278806
    921070    0.272988
    921080    0.270476
    921090    0.273726
    921100    0.276882
    921110    0.277881
    921120    0.282781
    921130    0.285796
    921140    0.275348
    921150    0.280185
    921160    0.275049
    921170    0.273402
    921180    0.278553
    921190    0.272381
    921200    0.273417
    921210    0.269585
    921220    0.268255
    921230     0.27975
    921240    0.277973
    921250    0.275508
    921260    0.276544
    921270      0.2718
    921280    0.276617
    921290    0.269226
    921300    0.276509
    921310     0.27331
    921320    0.269635
    921330    0.275267
    921340     0.27883
    921350    0.275721
    921360    0.277418
    921370    0.283713
    921380    0.280336
    921390     0.27539
    921400    0.272771
    921410    0.272633
    921420    0.272121
    921430    0.275902
    921440    0.276561
    921450    0.273086
    921460    0.277004
    921470    0.271288
    921480    0.275182
    921490    0.276672
    921500    0.270481
    921510    0.273518
    921520    0.273792
    921530    0.271767
    921540    0.275089
    921550    0.276014
    921560    0.274215
    921570    0.272702
    921580    0.280401
    921590    0.279419
    921600    0.276365
    921610     0.26777
    921620    0.271057
    921630    0.270881
    921640    0.269225
    921650    0.275508
    921660    0.282516
    921670    0.273395
    921680    0.275035
    921690    0.275866
    921700    0.276548
    921710    0.278081
    921720    0.273215
    921730    0.273947
    921740    0.271422
    921750    0.275064
    921760     0.28069
    921770    0.276686
    921780    0.280788
    921790    0.274727
    921800    0.273597
    921810     0.26724
    921820    0.273778
    921830    0.273627
    921840    0.270151
    921850    0.273574
    921860    0.272924
    921870    0.278609
    921880    0.278609
    921890    0.272115
    921900    0.274559
    921910    0.278276
    921920    0.269212
    921930    0.274539
    921940    0.273421
    921950    0.271938
    921960    0.268557
    921970     0.27474
    921980    0.271495
    921990    0.273953
    922000    0.275446
    922010    0.272688
    922020    0.278355
    922030    0.270789
    922040    0.277212
    922050    0.273905
    922060    0.272835
    922070    0.273324
    922080    0.276447
    922090    0.274171
    922100      0.2788
    922110    0.275744
    922120     0.27394
    922130    0.273261
    922140    0.272759
    922150    0.278249
    922160    0.276342
    922170    0.272565
    922180    0.277035
    922190    0.273142
    922200    0.273957
    922210    0.270805
    922220    0.273014
    922230    0.273443
    922240    0.273848
    922250    0.278227
    922260    0.279676
    922270    0.275254
    922280    0.273625
    922290    0.272449
    922300    0.276309
    922310    0.279854
    922320    0.275471
    922330    0.276291
    922340    0.275436
    922350    0.276274
    922360    0.274591
    922370    0.276407
    922380    0.279194
    922390    0.275769
    922400    0.271412
    922410    0.275341
    922420    0.280451
    922430    0.275377
    922440    0.270549
    922450    0.274946
    922460    0.279507
    922470    0.275796
    922480    0.280255
    922490    0.275687
    922500    0.280151
    922510    0.275667
    922520    0.281415
    922530    0.279744
    922540    0.273755
    922550    0.277299
    922560    0.277193
    922570    0.269521
    922580    0.278819
    922590    0.278215
    922600    0.276395
    922610    0.277201
    922620    0.269975
    922630    0.272459
    922640    0.266187
    922650    0.277581
    922660    0.275961
    922670    0.274369
    922680    0.269453
    922690    0.270636
    922700    0.272196
    922710    0.271646
    922720    0.275218
    922730    0.272501
    922740    0.272677
    922750    0.273972
    922760    0.273064
    922770    0.278731
    922780    0.281399
    922790    0.279187
    922800    0.277445
    922810    0.276948
    922820    0.274279
    922830    0.270525
    922840      0.2776
    922850     0.27389
    922860     0.27028
    922870      0.2706
    922880    0.269664
    922890    0.270852
    922900    0.274238
    922910    0.267744
    922920    0.271568
    922930    0.272218
    922940    0.273927
    922950    0.274128
    922960    0.270164
    922970    0.272789
    922980    0.279041
    922990    0.271779
    923000    0.271796
    923010    0.272806
    923020    0.276389
    923030    0.273321
    923040    0.276677
    923050    0.272854
    923060    0.275367
    923070    0.278325
    923080    0.272246
    923090    0.276932
    923100    0.280029
    923110     0.27622
    923120    0.276947
    923130    0.273936
    923140    0.271818
    923150    0.273874
    923160    0.272255
    923170    0.273643
    923180    0.272608
    923190    0.275716
    923200    0.277726
    923210    0.272491
    923220    0.272397
    923230    0.279861
    923240    0.268239
    923250    0.270198
    923260    0.268836
    923270     0.27549
    923280    0.268836
    923290    0.275116
    923300     0.26968
    923310    0.272575
    923320    0.279965
    923330    0.272841
    923340    0.276392
    923350    0.271853
    923360    0.278305
    923370     0.26563
    923380    0.272168
    923390    0.275652
    923400    0.280413
    923410    0.267971
    923420    0.267878
    923430    0.270895
    923440    0.269617
    923450    0.275746
    923460     0.26515
    923470    0.271795
    923480    0.276546
    923490    0.277304
    923500    0.274268
    923510    0.277924
    923520    0.273042
    923530    0.273513
    923540    0.275047
    923550    0.272941
    923560    0.274072
    923570    0.274193
    923580    0.272347
    923590    0.273444
    923600    0.270843
    923610    0.275563
    923620     0.26834
    923630    0.279024
    923640    0.275674
    923650    0.274397
    923660    0.269705
    923670    0.278952
    923680    0.273687
    923690    0.270209
    923700    0.275565
    923710    0.274021
    923720    0.274011
    923730    0.270811
    923740    0.270194
    923750    0.270085
    923760    0.275924
    923770    0.276741
    923780    0.271446
    923790    0.275708
    923800     0.26544
    923810    0.275697
    923820    0.279634
    923830    0.270528
    923840     0.26971
    923850    0.274788
    923860    0.278233
    923870    0.274512
    923880    0.273256
    923890    0.272654
    923900    0.271045
    923910    0.273472
    923920    0.271664
    923930    0.275489
    923940    0.273359
    923950    0.275338
    923960    0.269994
    923970    0.274237
    923980    0.269755
    923990    0.275553
    924000    0.275598
    924010    0.273273
    924020    0.274844
    924030    0.271099
    924040    0.278154
    924050    0.273805
    924060    0.276411
    924070    0.270789
    924080    0.274122
    924090    0.273335
    924100    0.269753
    924110    0.273908
    924120    0.271293
    924130    0.274153
    924140    0.271161
    924150    0.272332
    924160    0.272383
    924170    0.270179
    924180    0.268746
    924190    0.271073
    924200    0.271489
    924210    0.266749
    924220    0.270469
    924230    0.273335
    924240    0.278675
    924250    0.274254
    924260    0.279352
    924270    0.277549
    924280    0.275859
    924290      0.2714
    924300    0.276453
    924310    0.272655
    924320    0.277089
    924330    0.275647
    924340     0.27119
    924350    0.275738
    924360    0.275837
    924370    0.280502
    924380    0.279813
    924390    0.271398
    924400    0.266401
    924410    0.268707
    924420    0.275945
    924430    0.275638
    924440     0.27516
    924450    0.274909
    924460    0.264843
    924470     0.26355
    924480    0.276803
    924490    0.273348
    924500    0.274096
    924510    0.275838
    924520    0.270014
    924530    0.273909
    924540    0.282586
    924550    0.276795
    924560    0.272221
    924570    0.269626
    924580    0.274906
    924590    0.279237
    924600    0.280115
    924610    0.273603
    924620    0.275556
    924630    0.279073
    924640     0.27648
    924650     0.27076
    924660    0.272456
    924670    0.278113
    924680    0.277946
    924690    0.274549
    924700     0.27337
    924710    0.271156
    924720     0.27332
    924730    0.273263
    924740    0.275546
    924750    0.274431
    924760    0.274086
    924770    0.271622
    924780    0.273332
    924790     0.27168
    924800    0.273842
    924810    0.271877
    924820    0.274314
    924830    0.269722
    924840    0.273372
    924850    0.277472
    924860     0.27248
    924870    0.276598
    924880    0.278328
    924890    0.276655
    924900    0.273221
    924910    0.273572
    924920     0.27527
    924930    0.275101
    924940    0.283901
    924950    0.275371
    924960    0.275195
    924970    0.271129
    924980    0.278994
    924990    0.272469
    925000    0.272849
    925010    0.274846
    925020    0.275703
    925030    0.279286
    925040    0.273963
    925050    0.275949
    925060    0.277161
    925070    0.274766
    925080    0.273625
    925090     0.26775
    925100    0.276229
    925110     0.27179
    925120    0.272263
    925130    0.274152
    925140     0.27984
    925150    0.274636
    925160    0.277549
    925170    0.273355
    925180    0.269488
    925190    0.269459
    925200    0.275423
    925210    0.273193
    925220    0.275855
    925230    0.275586
    925240    0.276575
    925250    0.273878
    925260    0.277749
    925270      0.2847
    925280    0.274092
    925290    0.267441
    925300    0.275252
    925310    0.275276
    925320    0.271404
    925330    0.273075
    925340    0.276926
    925350    0.273012
    925360    0.274276
    925370    0.275028
    925380    0.274156
    925390    0.274277
    925400    0.274534
    925410    0.272862
    925420    0.273085
    925430    0.272001
    925440     0.27989
    925450    0.275331
    925460    0.274651
    925470     0.27153
    925480    0.271544
    925490     0.27426
    925500    0.279637
    925510    0.274512
    925520    0.269977
    925530     0.26961
    925540    0.269201
    925550    0.276029
    925560     0.27426
    925570    0.278129
    925580    0.274148
    925590    0.273139
    925600     0.27577
    925610      0.2714
    925620    0.272656
    925630    0.274332
    925640    0.280031
    925650    0.274689
    925660      0.2742
    925670    0.272571
    925680    0.268084
    925690    0.275966
    925700    0.273106
    925710    0.274636
    925720     0.27324
    925730    0.270961
    925740     0.26447
    925750     0.27108
    925760    0.270521
    925770    0.275427
    925780    0.278414
    925790    0.280399
    925800    0.269796
    925810    0.272268
    925820    0.268769
    925830    0.277263
    925840    0.270198
    925850      0.2752
    925860    0.268793
    925870    0.276587
    925880    0.276291
    925890    0.273081
    925900    0.272858
    925910    0.274574
    925920    0.275095
    925930    0.270877
    925940    0.272855
    925950     0.28116
    925960    0.271107
    925970    0.276024
    925980    0.273786
    925990     0.27725
    926000    0.277395
    926010    0.275174
    926020    0.273798
    926030     0.27446
    926040    0.271841
    926050    0.273771
    926060    0.272343
    926070    0.279192
    926080    0.271879
    926090    0.274518
    926100    0.279261
    926110    0.274437
    926120    0.284667
    926130    0.279398
    926140    0.280447
    926150    0.272337
    926160    0.275889
    926170    0.274639
    926180     0.27787
    926190     0.27547
    926200    0.269581
    926210    0.276928
    926220    0.281693
    926230    0.280805
    926240     0.27209
    926250    0.268835
    926260    0.274574
    926270      0.2728
    926280    0.277911
    926290    0.274087
    926300    0.266774
    926310    0.274442
    926320    0.275786
    926330     0.27241
    926340    0.270926
    926350    0.276591
    926360    0.279273
    926370    0.271874
    926380     0.27806
    926390     0.27905
    926400    0.273016
    926410    0.275299
    926420    0.271008
    926430    0.276278
    926440    0.270268
    926450     0.27773
    926460    0.272511
    926470    0.272771
    926480     0.26942
    926490     0.27726
    926500     0.27696
    926510    0.276382
    926520    0.275371
    926530    0.273993
    926540    0.277433
    926550    0.281547
    926560    0.273842
    926570    0.278376
    926580    0.273872
    926590     0.27208
    926600    0.275247
    926610    0.275897
    926620     0.27548
    926630    0.274113
    926640    0.278571
    926650    0.274647
    926660    0.274457
    926670    0.276121
    926680    0.270336
    926690    0.274586
    926700    0.266773
    926710    0.277339
    926720     0.27332
    926730    0.279382
    926740    0.271906
    926750    0.272141
    926760     0.27716
    926770     0.27597
    926780    0.281758
    926790    0.277219
    926800    0.276186
    926810    0.277488
    926820     0.28316
    926830    0.274915
    926840    0.273808
    926850    0.275254
    926860    0.275585
    926870    0.276773
    926880    0.271735
    926890    0.273114
    926900    0.273531
    926910    0.279974
    926920    0.280515
    926930    0.277387
    926940    0.276732
    926950    0.274534
    926960    0.271522
    926970    0.271562
    926980    0.275053
    926990    0.275718
    927000    0.273381
    927010    0.275924
    927020    0.275425
    927030    0.285012
    927040    0.274026
    927050    0.274886
    927060     0.27586
    927070    0.280115
    927080    0.276593
    927090    0.273674
    927100    0.279038
    927110    0.274011
    927120    0.274777
    927130    0.278176
    927140    0.281948
    927150    0.274502
    927160    0.274264
    927170    0.270669
    927180    0.275702
    927190    0.274583
    927200    0.276661
    927210    0.275366
    927220    0.276266
    927230    0.276662
    927240    0.273607
    927250    0.272607
    927260    0.273892
    927270    0.278159
    927280    0.272296
    927290    0.275659
    927300    0.274377
    927310    0.277092
    927320    0.280119
    927330    0.274458
    927340    0.280284
    927350    0.279787
    927360     0.27919
    927370    0.278197
    927380      0.2758
    927390    0.278623
    927400    0.277407
    927410     0.27434
    927420    0.278593
    927430    0.278688
    927440    0.274635
    927450    0.278723
    927460    0.279368
    927470    0.280884
    927480    0.278562
    927490    0.273679
    927500     0.28443
    927510    0.272435
    927520    0.276241
    927530    0.270384
    927540    0.275892
    927550    0.276305
    927560    0.278074
    927570    0.277335
    927580    0.277237
    927590    0.278333
    927600    0.275903
    927610    0.276905
    927620    0.275369
    927630    0.273299
    927640    0.277446
    927650    0.274748
    927660    0.278888
    927670    0.280362
    927680    0.275627
    927690    0.280061
    927700    0.277829
    927710    0.278582
    927720    0.282469
    927730    0.272983
    927740     0.27775
    927750    0.271933
    927760    0.271177
    927770    0.277133
    927780    0.267231
    927790    0.272457
    927800    0.269528
    927810    0.279847
    927820    0.277672
    927830     0.27686
    927840    0.275135
    927850    0.276575
    927860    0.276127
    927870    0.276067
    927880    0.278173
    927890    0.274021
    927900    0.276214
    927910    0.268416
    927920    0.271626
    927930    0.275508
    927940    0.275028
    927950    0.276842
    927960    0.276253
    927970    0.273604
    927980    0.270753
    927990    0.273118
    928000     0.27665
    928010    0.283288
    928020    0.271932
    928030    0.278802
    928040     0.27576
    928050    0.275229
    928060    0.276161
    928070    0.270844
    928080    0.269681
    928090    0.279118
    928100     0.27567
    928110    0.276278
    928120    0.277144
    928130    0.275872
    928140     0.27988
    928150    0.277431
    928160    0.276568
    928170    0.280858
    928180    0.277962
    928190    0.278154
    928200     0.27582
    928210    0.269812
    928220    0.275674
    928230    0.268548
    928240     0.27967
    928250    0.271509
    928260    0.255989
    928270    0.261415
    928280    0.262122
    928290    0.262098
    928300    0.258551
    928310      0.2532
    928320    0.260815
    928330    0.261792
    928340    0.258472
    928350    0.260647
    928360    0.260582
    928370    0.259394
    928380    0.260054
    928390     0.26525
    928400    0.255513
    928410    0.260582
    928420    0.261278
    928430    0.256836
    928440    0.258828
    928450     0.25727
    928460    0.251925
    928470     0.26204
    928480    0.253919
    928490      0.2587
    928500    0.257814
    928510    0.264187
    928520    0.258264
    928530     0.25985
    928540    0.261308
    928550    0.258439
    928560    0.255213
    928570    0.261218
    928580    0.257123
    928590    0.259266
    928600    0.259448
    928610    0.263378
    928620    0.255539
    928630    0.256908
    928640    0.258981
    928650    0.261197
    928660    0.257187
    928670    0.255545
    928680    0.261431
    928690    0.258808
    928700    0.264568
    928710    0.258301
    928720    0.256688
    928730    0.261792
    928740    0.256735
    928750    0.255395
    928760    0.255238
    928770    0.268323
    928780    0.254099
    928790    0.250437
    928800    0.249472
    928810    0.253888
    928820    0.256208
    928830    0.256285
    928840    0.254853
    928850    0.257722
    928860    0.256861
    928870    0.252874
    928880    0.254648
    928890    0.252004
    928900     0.26031
    928910    0.262027
    928920     0.25957
    928930    0.260964
    928940    0.257452
    928950    0.252449
    928960    0.256168
    928970    0.255877
    928980    0.258946
    928990    0.256969
    929000    0.259551
    929010    0.262446
    929020    0.253559
    929030    0.261007
    929040    0.253979
    929050    0.260405
    929060    0.258511
    929070    0.248423
    929080    0.251635
    929090     0.25517
    929100    0.261298
    929110    0.251495
    929120    0.253074
    929130    0.256034
    929140     0.25446
    929150    0.261876
    929160    0.261879
    929170    0.258256
    929180    0.256003
    929190    0.263118
    929200    0.261487
    929210    0.265736
    929220    0.257668
    929230    0.258733
    929240    0.265823
    929250    0.261614
    929260    0.260068
    929270    0.262695
    929280    0.258039
    929290    0.258129
    929300    0.257904
    929310    0.263545
    929320    0.261225
    929330    0.259722
    929340    0.261727
    929350    0.260914
    929360    0.264746
    929370      0.2581
    929380    0.259796
    929390    0.258899
    929400    0.260377
    929410    0.257423
    929420    0.256702
    929430    0.254751
    929440    0.257351
    929450    0.252683
    929460     0.25702
    929470    0.261652
    929480    0.255009
    929490    0.256468
    929500    0.258828
    929510    0.263497
    929520    0.254387
    929530    0.260156
    929540    0.253334
    929550    0.254683
    929560    0.260496
    929570    0.260485
    929580    0.258965
    929590    0.251992
    929600    0.259393
    929610    0.251281
    929620    0.261794
    929630    0.257795
    929640    0.261631
    929650    0.259799
    929660    0.259044
    929670    0.263198
    929680    0.267464
    929690    0.257261
    929700    0.253026
    929710    0.256404
    929720    0.261536
    929730    0.260572
    929740     0.26213
    929750    0.260606
    929760    0.263016
    929770    0.258644
    929780    0.263674
    929790    0.255813
    929800    0.257202
    929810    0.265059
    929820    0.256946
    929830    0.257588
    929840    0.259782
    929850    0.260748
    929860    0.259821
    929870    0.258145
    929880    0.262087
    929890    0.270161
    929900      0.2572
    929910    0.262825
    929920     0.26574
    929930    0.253764
    929940    0.257452
    929950    0.260572
    929960     0.25538
    929970    0.254579
    929980    0.255731
    929990    0.255787
    930000    0.265221
    930010     0.26009
    930020    0.262256
    930030    0.257783
    930040    0.257625
    930050    0.259052
    930060    0.256941
    930070    0.260268
    930080    0.259587
    930090    0.261595
    930100    0.258856
    930110    0.260087
    930120    0.255787
    930130    0.261392
    930140    0.255243
    930150    0.262138
    930160    0.256892
    930170    0.254409
    930180    0.256223
    930190    0.257436
    930200    0.264532
    930210    0.255232
    930220    0.267815
    930230    0.262809
    930240    0.262804
    930250    0.260334
    930260     0.26065
    930270    0.259571
    930280    0.264109
    930290    0.259015
    930300    0.255764
    930310    0.252027
    930320    0.256934
    930330    0.257367
    930340    0.256883
    930350     0.25801
    930360    0.258819
    930370    0.254442
    930380    0.255053
    930390    0.259618
    930400    0.263518
    930410    0.259542
    930420    0.260788
    930430    0.258112
    930440    0.257521
    930450    0.260157
    930460    0.258359
    930470    0.255473
    930480    0.258008
    930490    0.261565
    930500    0.253702
    930510    0.260842
    930520    0.253172
    930530    0.254677
    930540    0.252381
    930550    0.252812
    930560    0.258646
    930570    0.261948
    930580    0.260101
    930590    0.257743
    930600    0.255341
    930610    0.254415
    930620    0.258014
    930630    0.258094
    930640    0.259124
    930650    0.259396
    930660    0.262564
    930670    0.255449
    930680    0.255597
    930690    0.257426
    930700    0.256921
    930710    0.257952
    930720    0.255076
    930730    0.257248
    930740    0.255396
    930750    0.252298
    930760    0.255667
    930770    0.259419
    930780    0.256397
    930790    0.258527
    930800    0.255428
    930810    0.251225
    930820    0.254704
    930830     0.26556
    930840    0.255989
    930850    0.262096
    930860    0.257022
    930870    0.255343
    930880    0.256207
    930890    0.251593
    930900    0.259726
    930910     0.26055
    930920    0.262375
    930930    0.252467
    930940    0.254447
    930950    0.256099
    930960    0.255877
    930970    0.252631
    930980    0.258776
    930990    0.258289
    931000    0.252754
    931010    0.256194
    931020    0.254376
    931030    0.260195
    931040    0.257537
    931050    0.255373
    931060    0.254299
    931070    0.256965
    931080    0.259036
    931090    0.257369
    931100    0.258535
    931110    0.256431
    931120     0.25778
    931130    0.256552
    931140    0.260115
    931150    0.260157
    931160    0.259451
    931170    0.262597
    931180    0.255484
    931190    0.263911
    931200    0.257289
    931210    0.258927
    931220    0.259441
    931230     0.25611
    931240    0.259095
    931250    0.253813
    931260     0.25445
    931270    0.257308
    931280    0.264119
    931290    0.263525
    931300    0.261279
    931310    0.255961
    931320    0.258301
    931330    0.252974
    931340    0.257018
    931350    0.256238
    931360    0.257648
    931370    0.261394
    931380    0.256665
    931390    0.259278
    931400    0.261245
    931410    0.259245
    931420    0.259813
    931430    0.260435
    931440    0.258003
    931450    0.252456
    931460    0.257981
    931470    0.255365
    931480    0.268058
    931490    0.265227
    931500    0.261128
    931510    0.251485
    931520    0.258062
    931530    0.255945
    931540    0.258238
    931550    0.260622
    931560    0.259007
    931570    0.255739
    931580     0.25493
    931590    0.258418
    931600    0.258776
    931610    0.255035
    931620    0.259177
    931630    0.254168
    931640    0.254148
    931650    0.256598
    931660    0.253948
    931670    0.259707
    931680    0.258115
    931690    0.257378
    931700    0.257461
    931710     0.24506
    931720    0.257465
    931730    0.257988
    931740    0.257933
    931750     0.25742
    931760     0.25893
    931770    0.259749
    931780     0.25658
    931790    0.255793
    931800    0.256455
    931810    0.253982
    931820    0.257859
    931830     0.25733
    931840    0.262043
    931850    0.259417
    931860    0.259083
    931870    0.257895
    931880    0.253948
    931890      0.2579
    931900    0.253336
    931910    0.257097
    931920     0.25686
    931930    0.260167
    931940    0.255656
    931950     0.25951
    931960    0.255509
    931970    0.257499
    931980     0.25522
    931990    0.264698
    932000    0.258887
    932010     0.25893
    932020    0.256756
    932030    0.258295
    932040    0.256622
    932050    0.258771
    932060    0.257996
    932070    0.257658
    932080    0.261006
    932090    0.258606
    932100    0.256709
    932110    0.260211
    932120    0.254385
    932130    0.258441
    932140    0.258134
    932150    0.257495
    932160    0.256809
    932170    0.257491
    932180    0.262079
    932190    0.262918
    932200    0.253029
    932210    0.258289
    932220    0.254409
    932230     0.25578
    932240    0.256889
    932250    0.260622
    932260    0.253529
    932270    0.254168
    932280    0.252816
    932290    0.257408
    932300    0.254907
    932310    0.262626
    932320    0.259548
    932330    0.255172
    932340    0.253999
    932350     0.25716
    932360    0.264488
    932370     0.26056
    932380    0.257457
    932390    0.260536
    932400      0.2598
    932410    0.255298
    932420    0.257935
    932430    0.259622
    932440    0.259491
    932450    0.259244
    932460    0.259559
    932470    0.253111
    932480    0.256602
    932490    0.257647
    932500    0.255732
    932510    0.256374
    932520    0.257257
    932530    0.259262
    932540    0.260668
    932550    0.259568
    932560    0.257799
    932570    0.253523
    932580    0.260677
    932590     0.25737
    932600     0.25473
    932610    0.256429
    932620    0.258968
    932630     0.25466
    932640    0.256393
    932650    0.256497
    932660    0.260161
    932670    0.258006
    932680    0.262349
    932690    0.257458
    932700    0.260321
    932710    0.256797
    932720    0.260578
    932730    0.258471
    932740     0.25658
    932750    0.260513
    932760    0.254914
    932770    0.262973
    932780    0.259736
    932790    0.259605
    932800    0.257761
    932810    0.255152
    932820    0.259741
    932830    0.254892
    932840    0.255349
    932850    0.256482
    932860    0.256916
    932870    0.256931
    932880    0.259742
    932890    0.258997
    932900    0.255742
    932910    0.258364
    932920    0.265065
    932930    0.258061
    932940    0.256689
    932950    0.257235
    932960    0.263416
    932970    0.261031
    932980    0.262347
    932990    0.259473
    933000    0.256422
    933010    0.255002
    933020    0.257343
    933030    0.259702
    933040    0.256645
    933050     0.25886
    933060    0.258286
    933070    0.261019
    933080    0.260893
    933090    0.258976
    933100    0.257353
    933110    0.262142
    933120    0.258302
    933130    0.262248
    933140    0.260365
    933150    0.260162
    933160    0.263404
    933170    0.260814
    933180     0.25766
    933190    0.258238
    933200    0.261431
    933210    0.258896
    933220    0.251722
    933230    0.262026
    933240    0.261346
    933250    0.257921
    933260    0.258953
    933270    0.255937
    933280    0.257805
    933290    0.254299
    933300    0.257739
    933310    0.256906
    933320    0.258135
    933330    0.255123
    933340    0.261167
    933350    0.251312
    933360     0.25774
    933370    0.259896
    933380    0.258827
    933390    0.259908
    933400     0.25882
    933410    0.254071
    933420    0.266609
    933430    0.259086
    933440    0.258132
    933450    0.258024
    933460    0.265833
    933470    0.261194
    933480    0.258343
    933490    0.260157
    933500    0.259633
    933510    0.261645
    933520    0.256119
    933530    0.258682
    933540    0.257323
    933550    0.261521
    933560    0.260618
    933570    0.252731
    933580    0.258746
    933590    0.263866
    933600    0.257836
    933610    0.259795
    933620     0.25734
    933630    0.261049
    933640     0.26269
    933650     0.26254
    933660    0.265737
    933670     0.26147
    933680    0.261307
    933690    0.261195
    933700    0.258544
    933710    0.266082
    933720    0.259262
    933730    0.260263
    933740    0.256065
    933750    0.258703
    933760    0.257617
    933770    0.258348
    933780    0.261378
    933790    0.256905
    933800    0.257787
    933810    0.259817
    933820    0.259667
    933830    0.260359
    933840    0.261866
    933850    0.256406
    933860    0.260456
    933870    0.259008
    933880    0.260238
    933890    0.257722
    933900    0.263322
    933910    0.264025
    933920    0.257743
    933930    0.261906
    933940    0.259484
    933950    0.258055
    933960    0.254629
    933970    0.256792
    933980    0.258099
    933990    0.257302
    934000    0.259608
    934010    0.259008
    934020    0.257342
    934030    0.258767
    934040    0.256845
    934050    0.263988
    934060    0.259853
    934070    0.266556
    934080    0.259154
    934090    0.261781
    934100    0.258336
    934110    0.258218
    934120    0.257316
    934130    0.253422
    934140    0.255259
    934150    0.255992
    934160    0.253972
    934170    0.254452
    934180    0.256955
    934190    0.258877
    934200    0.260119
    934210    0.257751
    934220    0.258408
    934230    0.257757
    934240     0.25792
    934250    0.257554
    934260    0.258023
    934270    0.256824
    934280    0.257904
    934290    0.251258
    934300    0.256533
    934310    0.252233
    934320    0.254221
    934330    0.252759
    934340    0.257061
    934350    0.254018
    934360     0.25436
    934370    0.256486
    934380    0.257156
    934390    0.258988
    934400    0.252503
    934410    0.256527
    934420    0.254098
    934430    0.259864
    934440    0.255836
    934450    0.256236
    934460    0.262856
    934470    0.260101
    934480    0.263255
    934490    0.259468
    934500    0.257228
    934510    0.264986
    934520    0.258099
    934530    0.260087
    934540    0.261894
    934550    0.258103
    934560    0.260879
    934570    0.261138
    934580    0.257351
    934590    0.260322
    934600    0.261195
    934610    0.254635
    934620    0.257706
    934630    0.256649
    934640      0.2563
    934650    0.255531
    934660    0.252962
    934670    0.258773
    934680    0.260996
    934690    0.260928
    934700    0.259583
    934710    0.259532
    934720    0.255849
    934730    0.257556
    934740    0.258261
    934750    0.259683
    934760    0.260253
    934770    0.253971
    934780    0.261865
    934790    0.256278
    934800    0.261072
    934810    0.259098
    934820    0.262031
    934830    0.260715
    934840     0.26177
    934850    0.260487
    934860    0.256641
    934870    0.259457
    934880    0.260603
    934890     0.25659
    934900    0.258815
    934910    0.262822
    934920    0.264115
    934930    0.260696
    934940    0.257336
    934950    0.259942
    934960    0.259836
    934970    0.260455
    934980     0.25607
    934990    0.259596
    935000    0.262819
    935010    0.260322
    935020    0.262684
    935030    0.261497
    935040    0.262231
    935050     0.26347
    935060    0.257685
    935070    0.262583
    935080    0.260704
    935090    0.261225
    935100    0.259033
    935110    0.260255
    935120     0.26257
    935130    0.261908
    935140    0.260069
    935150    0.259331
    935160     0.26053
    935170    0.259597
    935180    0.257607
    935190    0.263456
    935200      0.2616
    935210    0.254243
    935220    0.254303
    935230    0.255258
    935240    0.262259
    935250     0.25229
    935260    0.263012
    935270    0.253716
    935280     0.25893
    935290    0.257834
    935300    0.262362
    935310    0.260989
    935320    0.257599
    935330    0.255529
    935340    0.260251
    935350    0.253685
    935360    0.259159
    935370    0.260418
    935380    0.260025
    935390    0.258635
    935400     0.25533
    935410    0.254751
    935420    0.260793
    935430    0.255956
    935440     0.25971
    935450    0.255243
    935460    0.251985
    935470    0.257104
    935480    0.254622
    935490    0.258266
    935500    0.262873
    935510    0.260663
    935520    0.254744
    935530    0.253921
    935540    0.252033
    935550    0.253029
    935560    0.259021
    935570    0.260313
    935580     0.25643
    935590    0.260584
    935600    0.262168
    935610    0.259978
    935620    0.262928
    935630     0.25609
    935640    0.257504
    935650    0.259793
    935660    0.250859
    935670    0.261207
    935680    0.255908
    935690       0.256
    935700    0.257335
    935710    0.253763
    935720    0.256326
    935730    0.255168
    935740    0.261446
    935750     0.24699
    935760    0.256322
    935770    0.257236
    935780     0.26245
    935790    0.258959
    935800    0.256062
    935810    0.258679
    935820    0.257885
    935830    0.255055
    935840    0.251973
    935850    0.255208
    935860    0.251305
    935870    0.253421
    935880    0.257533
    935890    0.259612
    935900    0.254629
    935910    0.265128
    935920    0.262655
    935930    0.255896
    935940    0.260795
    935950    0.256644
    935960    0.255136
    935970    0.254881
    935980    0.255091
    935990    0.258088
    936000    0.254708
    936010    0.258606
    936020    0.258597
    936030    0.256417
    936040    0.257785
    936050    0.253088
    936060    0.251933
    936070    0.260174
    936080    0.259498
    936090    0.261645
    936100    0.259956
    936110    0.265262
    936120    0.261852
    936130    0.259974
    936140    0.256048
    936150    0.256843
    936160    0.261479
    936170    0.263115
    936180    0.256788
    936190    0.262562
    936200    0.261035
    936210    0.257654
    936220    0.257355
    936230    0.255168
    936240     0.25241
    936250    0.251852
    936260    0.256306
    936270    0.254838
    936280    0.258792
    936290    0.258156
    936300    0.255009
    936310    0.257948
    936320      0.2607
    936330    0.257295
    936340    0.249594
    936350     0.25784
    936360    0.260982
    936370    0.257187
    936380    0.257541
    936390    0.258102
    936400    0.256147
    936410    0.255911
    936420    0.258422
    936430    0.259551
    936440    0.254546
    936450    0.259379
    936460    0.259227
    936470     0.26079
    936480    0.257246
    936490    0.258119
    936500    0.260783
    936510    0.254759
    936520    0.256337
    936530    0.259619
    936540    0.256246
    936550    0.255445
    936560    0.256538
    936570    0.255759
    936580    0.257783
    936590    0.254763
    936600    0.259689
    936610    0.258709
    936620    0.261802
    936630     0.25958
    936640    0.257964
    936650    0.261314
    936660    0.259046
    936670    0.258017
    936680    0.261502
    936690     0.25938
    936700    0.258145
    936710    0.253018
    936720    0.262001
    936730    0.262746
    936740    0.262393
    936750    0.257207
    936760    0.263328
    936770    0.258768
    936780     0.25692
    936790    0.257827
    936800    0.265289
    936810    0.263759
    936820    0.262457
    936830    0.257962
    936840     0.25968
    936850    0.260895
    936860    0.260005
    936870    0.254659
    936880    0.249814
    936890    0.254836
    936900    0.259161
    936910    0.257042
    936920    0.255492
    936930    0.259937
    936940    0.258999
    936950    0.258245
    936960    0.256337
    936970    0.257111
    936980    0.259076
    936990    0.258729
    937000    0.260033
    937010    0.259509
    937020    0.260758
    937030     0.25893
    937040    0.252681
    937050    0.261702
    937060    0.263994
    937070    0.256738
    937080    0.260267
    937090    0.258615
    937100    0.256604
    937110     0.26285
    937120    0.254011
    937130    0.255917
    937140    0.257424
    937150    0.265975
    937160    0.257101
    937170    0.258184
    937180     0.25847
    937190    0.261908
    937200    0.261802
    937210    0.253288
    937220    0.251614
    937230    0.253089
    937240    0.258822
    937250    0.255294
    937260    0.260796
    937270    0.258678
    937280     0.25864
    937290    0.253598
    937300    0.257332
    937310    0.261146
    937320    0.253959
    937330    0.253224
    937340    0.258981
    937350    0.257222
    937360    0.263115
    937370    0.259591
    937380    0.253246
    937390    0.255962
    937400    0.253387
    937410    0.258113
    937420    0.260313
    937430    0.257266
    937440    0.258637
    937450    0.253659
    937460    0.254326
    937470    0.257018
    937480    0.254704
    937490    0.255212
    937500    0.253152
    937510    0.253144
    937520    0.251402
    937530    0.256658
    937540    0.255895
    937550     0.25285
    937560    0.256305
    937570    0.256852
    937580    0.258659
    937590    0.254779
    937600    0.250703
    937610      0.2529
    937620    0.259099
    937630    0.256039
    937640    0.256495
    937650    0.259105
    937660    0.261777
    937670    0.259859
    937680    0.258896
    937690    0.257697
    937700    0.259472
    937710    0.260787
    937720    0.254909
    937730    0.253318
    937740    0.254862
    937750    0.257463
    937760    0.262919
    937770    0.258409
    937780    0.256436
    937790    0.257688
    937800    0.260393
    937810    0.258444
    937820    0.259679
    937830    0.258277
    937840    0.258877
    937850    0.256129
    937860    0.253955
    937870    0.264182
    937880    0.257941
    937890    0.257393
    937900    0.255588
    937910     0.25582
    937920    0.250143
    937930    0.252454
    937940    0.256989
    937950    0.256861
    937960    0.257633
    937970    0.255564
    937980    0.265351
    937990     0.25554
    938000    0.261479
    938010    0.256278
    938020    0.257939
    938030    0.254608
    938040    0.257527
    938050    0.260547
    938060    0.254578
    938070    0.253597
    938080     0.25722
    938090    0.252317
    938100      0.2559
    938110    0.262172
    938120    0.259363
    938130    0.256429
    938140     0.26302
    938150    0.257903
    938160    0.255549
    938170    0.266347
    938180    0.263183
    938190    0.259116
    938200    0.256148
    938210    0.261859
    938220    0.264761
    938230    0.255174
    938240    0.259323
    938250    0.263348
    938260    0.263043
    938270    0.263054
    938280    0.261416
    938290    0.259261
    938300    0.259983
    938310    0.261991
    938320    0.256049
    938330    0.260476
    938340     0.26445
    938350    0.260465
    938360    0.257402
    938370    0.259171
    938380    0.258225
    938390     0.26329
    938400    0.259868
    938410    0.257822
    938420    0.258283
    938430    0.265667
    938440    0.261695
    938450    0.259321
    938460    0.263927
    938470    0.260149
    938480    0.258546
    938490    0.258486
    938500    0.256289
    938510     0.26027
    938520     0.26661
    938530    0.258281
    938540    0.257656
    938550    0.259808
    938560     0.25744
    938570    0.259198
    938580    0.255597
    938590     0.25644
    938600    0.254105
    938610    0.257461
    938620      0.2643
    938630    0.262276
    938640    0.253143
    938650    0.256279
    938660    0.262851
    938670    0.266316
    938680    0.261371
    938690    0.267163
    938700    0.262091
    938710    0.259282
    938720    0.257463
    938730    0.260406
    938740    0.250347
    938750    0.254833
    938760    0.255191
    938770    0.257079
    938780    0.253029
    938790    0.253933
    938800    0.249711
    938810    0.250864
    938820    0.255655
    938830    0.255662
    938840    0.253428
    938850    0.248976
    938860    0.252898
    938870    0.257033
    938880    0.252078
    938890    0.255292
    938900    0.257722
    938910    0.254963
    938920    0.255869
    938930    0.251058
    938940    0.254142
    938950    0.257813
    938960    0.258846
    938970    0.252475
    938980    0.253586
    938990    0.256182
    939000    0.255282
    939010    0.251511
    939020    0.254281
    939030    0.256402
    939040     0.25461
    939050    0.260941
    939060    0.256225
    939070    0.253701
    939080    0.260274
    939090    0.257473
    939100    0.255353
    939110    0.262291
    939120    0.253964
    939130    0.255791
    939140    0.252558
    939150    0.256207
    939160    0.264267
    939170    0.256093
    939180    0.257139
    939190    0.259369
    939200    0.258944
    939210    0.256493
    939220    0.259341
    939230    0.253017
    939240    0.259357
    939250    0.260202
    939260    0.258627
    939270    0.261218
    939280    0.253774
    939290    0.252223
    939300    0.254007
    939310    0.254497
    939320    0.257556
    939330    0.255695
    939340    0.256249
    939350    0.250578
    939360    0.255685
    939370    0.261741
    939380    0.256411
    939390    0.260283
    939400    0.259484
    939410    0.254615
    939420    0.252276
    939430    0.253292
    939440    0.258016
    939450    0.260034
    939460    0.252966
    939470    0.253588
    939480    0.258063
    939490    0.257788
    939500    0.260586
    939510    0.260796
    939520    0.259843
    939530    0.262625
    939540    0.259554
    939550    0.254649
    939560    0.256244
    939570      0.2575
    939580    0.258971
    939590    0.259137
    939600     0.25781
    939610    0.256669
    939620     0.25341
    939630    0.253634
    939640    0.255364
    939650     0.25318
    939660     0.25565
    939670     0.26063
    939680    0.258816
    939690    0.255025
    939700    0.257754
    939710    0.258246
    939720    0.257465
    939730    0.262724
    939740    0.258877
    939750    0.256567
    939760    0.256824
    939770    0.255774
    939780    0.252327
    939790    0.253853
    939800    0.260922
    939810    0.256015
    939820    0.256425
    939830      0.2592
    939840    0.251602
    939850      0.2565
    939860    0.255765
    939870    0.257636
    939880    0.254348
    939890    0.258786
    939900     0.25877
    939910    0.258495
    939920    0.255067
    939930    0.254403
    939940    0.251822
    939950    0.258182
    939960    0.258458
    939970    0.256181
    939980    0.254747
    939990    0.254417
    940000    0.257984
    940010    0.261058
    940020    0.253639
    940030    0.256587
    940040    0.254544
    940050    0.255885
    940060      0.2587
    940070    0.256027
    940080    0.258238
    940090    0.256178
    940100     0.25527
    940110    0.260965
    940120    0.254767
    940130     0.25644
    940140    0.254088
    940150    0.253795
    940160    0.253892
    940170    0.254265
    940180     0.25834
    940190    0.255423
    940200    0.258439
    940210    0.257102
    940220    0.253345
    940230      0.2594
    940240    0.259238
    940250    0.251032
    940260    0.260504
    940270    0.251064
    940280    0.246814
    940290    0.254208
    940300     0.25337
    940310    0.257874
    940320    0.262336
    940330    0.254025
    940340    0.257848
    940350    0.254981
    940360    0.256406
    940370    0.260018
    940380    0.260246
    940390    0.252176
    940400    0.257925
    940410    0.265848
    940420    0.262349
    940430    0.258431
    940440    0.263398
    940450    0.261752
    940460     0.25783
    940470    0.256674
    940480    0.262114
    940490     0.25868
    940500    0.256984
    940510     0.25414
    940520     0.25528
    940530    0.261326
    940540    0.258661
    940550    0.260621
    940560     0.25693
    940570    0.257338
    940580    0.256849
    940590    0.257048
    940600    0.257106
    940610    0.263112
    940620     0.25408
    940630    0.255224
    940640    0.261422
    940650    0.262943
    940660     0.26044
    940670    0.254554
    940680    0.258175
    940690    0.258368
    940700    0.259093
    940710    0.258199
    940720    0.259574
    940730     0.25746
    940740    0.254329
    940750    0.258524
    940760    0.257282
    940770    0.255796
    940780    0.263632
    940790    0.260302
    940800    0.266585
    940810     0.25477
    940820    0.259649
    940830    0.259336
    940840    0.259033
    940850    0.259981
    940860    0.261247
    940870    0.258286
    940880    0.255296
    940890    0.255242
    940900    0.261664
    940910     0.25692
    940920    0.258003
    940930    0.258687
    940940    0.262652
    940950    0.257235
    940960     0.26125
    940970    0.256796
    940980    0.257261
    940990    0.258201
    941000    0.263228
    941010    0.262321
    941020    0.260624
    941030    0.262362
    941040     0.26119
    941050    0.256409
    941060    0.258814
    941070     0.26169
    941080    0.266055
    941090    0.260157
    941100    0.259971
    941110    0.263303
    941120    0.257574
    941130    0.258878
    941140    0.260443
    941150    0.258727
    941160    0.258061
    941170    0.261152
    941180    0.258597
    941190     0.26065
    941200    0.259386
    941210    0.255688
    941220    0.259579
    941230    0.262093
    941240    0.259656
    941250    0.260276
    941260    0.260927
    941270    0.256155
    941280    0.260993
    941290    0.254672
    941300    0.255395
    941310    0.259539
    941320    0.257649
    941330    0.258029
    941340    0.257139
    941350    0.257474
    941360    0.255684
    941370    0.258341
    941380    0.257677
    941390    0.255598
    941400    0.255981
    941410    0.258663
    941420    0.260466
    941430     0.25774
    941440    0.257524
    941450    0.254909
    941460    0.252136
    941470    0.256588
    941480    0.254195
    941490    0.262532
    941500    0.255372
    941510    0.261909
    941520    0.256844
    941530    0.259556
    941540     0.25469
    941550    0.254864
    941560    0.261181
    941570    0.258866
    941580    0.259466
    941590    0.256984
    941600    0.249802
    941610    0.259353
    941620    0.259337
    941630    0.262408
    941640    0.257374
    941650    0.257888
    941660    0.257962
    941670    0.256454
    941680    0.253306
    941690    0.261318
    941700    0.252756
    941710    0.260199
    941720    0.258601
    941730    0.261403
    941740    0.257552
    941750    0.258177
    941760    0.258372
    941770    0.258828
    941780      0.2598
    941790    0.259711
    941800    0.260807
    941810    0.253256
    941820    0.256763
    941830    0.255782
    941840    0.260168
    941850     0.25914
    941860    0.260008
    941870    0.256687
    941880    0.258033
    941890    0.259126
    941900    0.260681
    941910    0.253316
    941920    0.255293
    941930     0.25699
    941940    0.257224
    941950    0.261425
    941960    0.257473
    941970    0.258538
    941980    0.255094
    941990    0.257117
    942000    0.252915
    942010    0.258834
    942020    0.257866
    942030    0.256772
    942040    0.256541
    942050    0.255769
    942060    0.260296
    942070    0.257346
    942080    0.262093
    942090    0.258438
    942100    0.256896
    942110    0.261928
    942120    0.259775
    942130    0.253362
    942140    0.255492
    942150    0.261559
    942160    0.258255
    942170    0.254917
    942180     0.25923
    942190    0.260957
    942200     0.25052
    942210    0.257259
    942220     0.25943
    942230    0.262781
    942240    0.256527
    942250    0.258379
    942260    0.250215
    942270    0.257612
    942280    0.257583
    942290    0.255025
    942300    0.252829
    942310    0.256293
    942320    0.256721
    942330     0.25882
    942340    0.258795
    942350    0.256163
    942360    0.260731
    942370    0.257682
    942380    0.256535
    942390    0.257255
    942400    0.260275
    942410    0.260386
    942420    0.259269
    942430    0.260734
    942440    0.257341
    942450    0.261167
    942460    0.259212
    942470    0.259065
    942480     0.25686
    942490    0.255317
    942500    0.256752
    942510    0.256341
    942520    0.255826
    942530    0.256181
    942540    0.259059
    942550    0.253674
    942560    0.254413
    942570    0.262766
    942580    0.256892
    942590    0.255233
    942600    0.257015
    942610    0.257755
    942620    0.255667
    942630    0.258987
    942640    0.256207
    942650    0.253468
    942660    0.259723
    942670    0.256662
    942680    0.259778
    942690     0.25839
    942700    0.251955
    942710    0.257103
    942720     0.25671
    942730    0.261379
    942740    0.254607
    942750    0.257888
    942760    0.252057
    942770    0.253552
    942780    0.252192
    942790    0.261052
    942800    0.257143
    942810    0.256173
    942820    0.259156
    942830    0.255881
    942840     0.25189
    942850    0.256581
    942860    0.256724
    942870    0.259664
    942880    0.258675
    942890    0.258742
    942900    0.252576
    942910     0.25659
    942920    0.257304
    942930    0.255306
    942940    0.258632
    942950    0.255125
    942960    0.261029
    942970    0.256906
    942980    0.262344
    942990    0.259229
    943000    0.256338
    943010    0.262391
    943020    0.257015
    943030    0.254662
    943040    0.257915
    943050    0.260769
    943060    0.257275
    943070    0.261756
    943080    0.257991
    943090    0.256002
    943100    0.250625
    943110    0.257729
    943120    0.257388
    943130    0.256165
    943140    0.259308
    943150     0.25611
    943160    0.259641
    943170    0.256411
    943180    0.261934
    943190    0.257954
    943200    0.258025
    943210    0.261822
    943220    0.257186
    943230    0.257633
    943240    0.262696
    943250    0.261102
    943260    0.252275
    943270    0.256176
    943280    0.259598
    943290     0.26067
    943300     0.25772
    943310    0.259703
    943320     0.25659
    943330    0.253142
    943340    0.254134
    943350    0.259697
    943360    0.256823
    943370    0.260912
    943380    0.256404
    943390    0.258853
    943400    0.257468
    943410    0.257611
    943420    0.260816
    943430    0.251195
    943440    0.256689
    943450    0.254504
    943460    0.254829
    943470    0.254398
    943480       0.261
    943490    0.256022
    943500    0.257426
    943510    0.256337
    943520    0.256689
    943530    0.261819
    943540    0.259414
    943550    0.252555
    943560    0.260151
    943570    0.256974
    943580    0.254296
    943590    0.258538
    943600    0.259617
    943610    0.253864
    943620    0.258821
    943630    0.258615
    943640    0.252634
    943650     0.25384
    943660    0.253893
    943670    0.260566
    943680    0.257416
    943690    0.257282
    943700    0.257917
    943710    0.257961
    943720    0.259751
    943730    0.255401
    943740    0.259034
    943750    0.261136
    943760    0.257264
    943770    0.258853
    943780    0.257026
    943790    0.259071
    943800    0.264862
    943810    0.257429
    943820    0.255891
    943830    0.264207
    943840    0.257752
    943850    0.252709
    943860    0.263676
    943870    0.261206
    943880    0.254845
    943890    0.259654
    943900    0.256754
    943910    0.253257
    943920    0.256209
    943930    0.258778
    943940    0.258645
    943950    0.254443
    943960     0.25908
    943970    0.257638
    943980    0.257482
    943990    0.264247
    944000     0.25834
    944010    0.259631
    944020    0.260703
    944030    0.259051
    944040    0.261793
    944050    0.256679
    944060    0.260613
    944070    0.260467
    944080    0.261513
    944090    0.257345
    944100     0.25754
    944110    0.255319
    944120    0.255758
    944130    0.258356
    944140    0.256134
    944150    0.259586
    944160    0.254851
    944170    0.256902
    944180    0.256795
    944190    0.252857
    944200    0.257056
    944210    0.252125
    944220    0.260067
    944230    0.259052
    944240    0.255995
    944250    0.260718
    944260    0.257993
    944270    0.257818
    944280     0.25277
    944290     0.25693
    944300    0.254439
    944310     0.25879
    944320    0.259634
    944330    0.255844
    944340     0.25935
    944350    0.258872
    944360    0.256603
    944370    0.260015
    944380    0.257596
    944390    0.258969
    944400     0.26404
    944410    0.256155
    944420    0.255477
    944430    0.258976
    944440    0.257217
    944450    0.253229
    944460    0.254745
    944470    0.254837
    944480    0.254052
    944490    0.260403
    944500    0.259183
    944510    0.261289
    944520    0.256943
    944530    0.252039
    944540    0.258378
    944550    0.260893
    944560    0.260676
    944570    0.253789
    944580    0.257798
    944590    0.258686
    944600    0.255674
    944610     0.25898
    944620    0.257254
    944630    0.256433
    944640    0.253053
    944650    0.251649
    944660    0.257365
    944670    0.259402
    944680    0.261918
    944690    0.257072
    944700    0.256682
    944710    0.260258
    944720    0.254088
    944730    0.255441
    944740    0.253815
    944750    0.258116
    944760    0.255287
    944770    0.256127
    944780    0.259933
    944790    0.258436
    944800    0.256394
    944810    0.258086
    944820    0.256763
    944830    0.261804
    944840    0.257087
    944850    0.259743
    944860    0.251463
    944870    0.257966
    944880    0.258141
    944890    0.263689
    944900    0.258759
    944910    0.256764
    944920    0.260453
    944930    0.257003
    944940    0.255789
    944950    0.259161
    944960    0.258388
    944970    0.256394
    944980    0.257272
    944990     0.25736
    945000    0.256513
    945010    0.260036
    945020    0.256594
    945030    0.251738
    945040    0.253803
    945050     0.25412
    945060    0.256384
    945070     0.25801
    945080    0.258835
    945090    0.262204
    945100    0.260605
    945110    0.256868
    945120    0.259129
    945130    0.255959
    945140    0.255571
    945150    0.254953
    945160    0.260894
    945170    0.260618
    945180     0.26103
    945190    0.262201
    945200    0.260748
    945210    0.255503
    945220    0.260781
    945230     0.25983
    945240    0.256887
    945250    0.259307
    945260    0.257661
    945270    0.255954
    945280     0.26109
    945290    0.259802
    945300    0.254455
    945310    0.260205
    945320    0.257868
    945330    0.253274
    945340    0.260199
    945350    0.259862
    945360    0.257347
    945370    0.257234
    945380    0.259831
    945390    0.253556
    945400    0.257835
    945410    0.261488
    945420     0.25817
    945430    0.260411
    945440    0.257488
    945450    0.259528
    945460    0.258641
    945470    0.264935
    945480    0.256991
    945490    0.258225
    945500    0.260544
    945510    0.255068
    945520    0.255472
    945530     0.25691
    945540    0.256785
    945550    0.258233
    945560    0.250501
    945570    0.259601
    945580    0.257286
    945590    0.255828
    945600    0.253953
    945610    0.257683
    945620    0.258003
    945630    0.257741
    945640    0.263359
    945650    0.259033
    945660    0.256608
    945670    0.256286
    945680    0.255726
    945690    0.260033
    945700    0.259914
    945710    0.259679
    945720    0.258938
    945730    0.258454
    945740    0.257099
    945750    0.253568
    945760      0.2567
    945770     0.25847
    945780    0.259063
    945790    0.257163
    945800    0.257494
    945810    0.255256
    945820    0.256805
    945830     0.25388
    945840    0.256043
    945850    0.258637
    945860     0.25868
    945870    0.260473
    945880    0.261187
    945890    0.254503
    945900     0.25925
    945910    0.258085
    945920    0.258328
    945930    0.262112
    945940    0.257065
    945950    0.256959
    945960    0.255044
    945970    0.255838
    945980    0.255872
    945990    0.257234
    946000    0.259028
    946010    0.261934
    946020     0.26239
    946030    0.255951
    946040     0.26065
    946050    0.255026
    946060    0.257505
    946070    0.261245
    946080    0.258279
    946090    0.256689
    946100    0.254246
    946110    0.255444
    946120       0.255
    946130    0.258086
    946140    0.267142
    946150    0.256304
    946160    0.257783
    946170    0.258226
    946180    0.262062
    946190    0.257164
    946200    0.250675
    946210    0.256074
    946220    0.252749
    946230    0.257625
    946240    0.258624
    946250     0.25629
    946260    0.254518
    946270    0.254135
    946280    0.257513
    946290     0.25991
    946300    0.255833
    946310    0.265256
    946320    0.260789
    946330    0.258985
    946340    0.255923
    946350    0.261373
    946360    0.255572
    946370    0.255679
    946380    0.255552
    946390    0.256059
    946400    0.256719
    946410    0.259746
    946420    0.256779
    946430    0.254952
    946440    0.259646
    946450    0.257278
    946460    0.259517
    946470    0.262316
    946480    0.254459
    946490    0.256721
    946500    0.263714
    946510    0.266463
    946520    0.256163
    946530    0.259046
    946540    0.258416
    946550    0.256057
    946560    0.260324
    946570    0.260501
    946580    0.258095
    946590    0.257229
    946600    0.256462
    946610    0.256406
    946620    0.260722
    946630    0.257679
    946640    0.261733
    946650    0.250637
    946660    0.257181
    946670    0.261266
    946680    0.259411
    946690    0.255789
    946700    0.261661
    946710    0.256142
    946720    0.255196
    946730    0.254978
    946740    0.259163
    946750    0.257574
    946760    0.260607
    946770     0.26191
    946780    0.258569
    946790    0.260719
    946800    0.258394
    946810    0.257339
    946820    0.264495
    946830    0.259969
    946840    0.259472
    946850    0.258036
    946860    0.258543
    946870    0.260664
    946880    0.263873
    946890    0.256928
    946900    0.258029
    946910    0.257407
    946920    0.256729
    946930    0.258522
    946940    0.256425
    946950    0.257722
    946960    0.257766
    946970    0.258944
    946980    0.256784
    946990    0.254395
    947000    0.262646
    947010    0.260108
    947020    0.258893
    947030    0.255519
    947040    0.256834
    947050    0.257515
    947060    0.258957
    947070    0.250643
    947080    0.258659
    947090    0.258372
    947100    0.257395
    947110     0.25919
    947120     0.25346
    947130    0.255544
    947140    0.257242
    947150    0.256295
    947160    0.254451
    947170    0.259952
    947180    0.258246
    947190    0.261752
    947200    0.260287
    947210    0.255465
    947220    0.257426
    947230    0.253707
    947240    0.258539
    947250    0.259061
    947260    0.256342
    947270    0.255893
    947280    0.259461
    947290    0.256479
    947300    0.251481
    947310     0.25815
    947320    0.255178
    947330    0.258661
    947340    0.255193
    947350    0.252157
    947360    0.259416
    947370    0.256745
    947380    0.257299
    947390    0.257225
    947400    0.259886
    947410     0.25925
    947420    0.260348
    947430    0.263077
    947440     0.25785
    947450    0.259086
    947460    0.258249
    947470     0.25953
    947480    0.256599
    947490    0.259012
    947500    0.258325
    947510    0.252502
    947520    0.258991
    947530    0.257749
    947540    0.256753
    947550    0.254042
    947560    0.261065
    947570    0.256926
    947580    0.261555
    947590     0.25642
    947600    0.257723
    947610     0.25947
    947620    0.259996
    947630    0.261807
    947640    0.262012
    947650    0.254473
    947660    0.262319
    947670     0.25598
    947680     0.25767
    947690    0.262291
    947700    0.260263
    947710    0.259287
    947720    0.260647
    947730    0.255035
    947740    0.265879
    947750    0.253156
    947760    0.252345
    947770    0.257537
    947780    0.262283
    947790    0.257098
    947800    0.251007
    947810    0.254782
    947820    0.254296
    947830    0.257134
    947840    0.256935
    947850    0.255561
    947860    0.258017
    947870    0.257559
    947880    0.256505
    947890    0.260337
    947900    0.257051
    947910    0.261695
    947920    0.254761
    947930    0.261203
    947940    0.260367
    947950    0.257092
    947960    0.256641
    947970    0.259547
    947980    0.259275
    947990    0.260736
    948000    0.256884
    948010    0.259657
    948020    0.262298
    948030    0.257595
    948040    0.257429
    948050    0.260021
    948060    0.258798
    948070     0.25979
    948080    0.257243
    948090    0.256076
    948100    0.256065
    948110    0.257594
    948120    0.260351
    948130    0.264067
    948140    0.257109
    948150    0.261296
    948160    0.262023
    948170    0.257419
    948180    0.257754
    948190    0.261016
    948200    0.255742
    948210    0.257317
    948220    0.258398
    948230    0.256345
    948240    0.254929
    948250     0.26427
    948260     0.26337
    948270    0.255589
    948280    0.259619
    948290     0.25293
    948300    0.260026
    948310    0.255429
    948320    0.256192
    948330    0.253163
    948340    0.256674
    948350    0.258359
    948360      0.2574
    948370     0.25726
    948380    0.253986
    948390    0.260806
    948400    0.262318
    948410    0.258343
    948420    0.258164
    948430    0.258372
    948440    0.258807
    948450    0.256127
    948460    0.258586
    948470     0.25442
    948480    0.260602
    948490    0.256219
    948500    0.260651
    948510    0.257777
    948520    0.254203
    948530     0.25092
    948540    0.257053
    948550    0.257112
    948560    0.256674
    948570     0.25289
    948580    0.255915
    948590    0.253189
    948600    0.256598
    948610     0.25167
    948620     0.25522
    948630    0.250286
    948640    0.253383
    948650    0.249636
    948660    0.255605
    948670    0.250743
    948680    0.256649
    948690    0.254229
    948700    0.255417
    948710    0.256672
    948720    0.258494
    948730    0.253226
    948740    0.253883
    948750    0.245533
    948760     0.25301
    948770    0.259695
    948780    0.256878
    948790    0.256614
    948800    0.251434
    948810    0.255506
    948820    0.255225
    948830    0.253097
    948840    0.253564
    948850    0.256165
    948860    0.256299
    948870    0.257835
    948880    0.261457
    948890    0.257791
    948900     0.25783
    948910    0.257882
    948920    0.258856
    948930    0.261704
    948940    0.258824
    948950    0.260643
    948960    0.256537
    948970    0.253979
    948980    0.260829
    948990    0.258497
    949000    0.261754
    949010    0.254965
    949020    0.260876
    949030    0.258806
    949040    0.261766
    949050     0.25859
    949060    0.259937
    949070     0.25751
    949080     0.25634
    949090    0.256709
    949100    0.261001
    949110    0.257625
    949120    0.260085
    949130    0.257297
    949140      0.2586
    949150    0.258396
    949160    0.261869
    949170    0.256714
    949180    0.258062
    949190    0.258603
    949200    0.260036
    949210    0.255514
    949220    0.254962
    949230    0.254818
    949240    0.256684
    949250    0.257538
    949260    0.253918
    949270    0.257015
    949280    0.259848
    949290    0.254882
    949300    0.255055
    949310    0.250108
    949320     0.25565
    949330     0.25481
    949340    0.255185
    949350    0.256512
    949360    0.259631
    949370     0.25364
    949380    0.253982
    949390    0.253647
    949400    0.259579
    949410    0.255716
    949420    0.256085
    949430       0.257
    949440    0.255681
    949450    0.261593
    949460    0.255585
    949470    0.258844
    949480    0.257555
    949490    0.259041
    949500    0.257535
    949510    0.255366
    949520    0.259459
    949530    0.258186
    949540    0.262009
    949550    0.261699
    949560    0.263089
    949570    0.254035
    949580    0.256707
    949590    0.253737
    949600    0.258444
    949610    0.255687
    949620    0.261406
    949630    0.256574
    949640    0.259953
    949650    0.255574
    949660    0.254423
    949670     0.25679
    949680    0.258829
    949690    0.258574
    949700    0.257389
    949710     0.25635
    949720    0.258724
    949730    0.259888
    949740    0.257638
    949750    0.259504
    949760    0.263136
    949770    0.250862
    949780    0.261796
    949790    0.262048
    949800    0.260043
    949810    0.254661
    949820    0.259377
    949830     0.25738
    949840    0.259537
    949850    0.259978
    949860    0.261403
    949870    0.259985
    949880    0.257368
    949890    0.254232
    949900    0.257634
    949910    0.253268
    949920    0.257687
    949930    0.258993
    949940    0.260018
    949950    0.258681
    949960    0.261683
    949970    0.259168
    949980    0.257588
    949990    0.256799
    950000    0.260303
    950010    0.254319
    950020    0.256436
    950030    0.255979
    950040    0.253543
    950050    0.259457
    950060    0.255136
    950070    0.257879
    950080    0.256577
    950090    0.258449
    950100    0.254311
    950110    0.251345
    950120    0.259565
    950130    0.257233
    950140    0.257749
    950150    0.257185
    950160    0.251981
    950170    0.255198
    950180    0.255515
    950190    0.252977
    950200    0.254602
    950210    0.257824
    950220    0.262207
    950230    0.255085
    950240    0.257194
    950250    0.257944
    950260    0.261971
    950270    0.260536
    950280     0.26038
    950290     0.26026
    950300    0.259446
    950310    0.254767
    950320    0.255011
    950330    0.252446
    950340    0.252423
    950350    0.256067
    950360    0.258736
    950370    0.257601
    950380    0.256635
    950390    0.254596
    950400    0.261192
    950410     0.24968
    950420    0.257747
    950430    0.257967
    950440    0.254085
    950450    0.253701
    950460    0.258115
    950470    0.258586
    950480    0.262003
    950490    0.254388
    950500     0.26029
    950510    0.262995
    950520    0.256306
    950530    0.257073
    950540     0.25525
    950550    0.256414
    950560    0.256571
    950570    0.259659
    950580    0.258584
    950590    0.255247
    950600    0.255648
    950610    0.256341
    950620    0.255372
    950630    0.256129
    950640    0.254306
    950650    0.256387
    950660    0.257334
    950670    0.260088
    950680    0.256293
    950690    0.258711
    950700    0.261105
    950710    0.254486
    950720    0.253813
    950730    0.258944
    950740    0.251218
    950750    0.256072
    950760    0.252971
    950770    0.257171
    950780    0.254723
    950790    0.254172
    950800    0.258384
    950810    0.257931
    950820    0.258692
    950830    0.258836
    950840    0.253347
    950850    0.258413
    950860     0.25751
    950870    0.257903
    950880      0.2509
    950890    0.254329
    950900    0.257168
    950910    0.260222
    950920    0.254212
    950930    0.254472
    950940    0.257958
    950950    0.259701
    950960    0.258144
    950970    0.254992
    950980    0.257643
    950990    0.254042
    951000    0.255994
    951010    0.256138
    951020    0.258338
    951030    0.258473
    951040    0.255748
    951050    0.255491
    951060    0.256301
    951070    0.256996
    951080    0.253102
    951090    0.260683
    951100    0.250155
    951110    0.257633
    951120    0.256001
    951130    0.261078
    951140    0.257885
    951150    0.255581
    951160    0.254627
    951170     0.25509
    951180    0.254335
    951190    0.257002
    951200    0.259522
    951210    0.253244
    951220    0.262864
    951230     0.26027
    951240    0.260365
    951250    0.261032
    951260    0.261707
    951270     0.25359
    951280    0.262031
    951290    0.250918
    951300    0.257987
    951310     0.25249
    951320    0.258991
    951330    0.255083
    951340    0.250127
    951350     0.25743
    951360    0.254096
    951370    0.254803
    951380     0.25319
    951390    0.248977
    951400    0.257067
    951410    0.258126
    951420     0.25455
    951430    0.258259
    951440    0.252346
    951450    0.255836
    951460    0.255795
    951470    0.254946
    951480    0.261687
    951490    0.254644
    951500    0.257855
    951510    0.251341
    951520    0.257601
    951530    0.255861
    951540    0.254959
    951550    0.259934
    951560     0.25241
    951570    0.255396
    951580    0.249821
    951590    0.263246
    951600    0.257321
    951610    0.253922
    951620    0.261387
    951630     0.26435
    951640    0.254531
    951650    0.255677
    951660    0.254366
    951670    0.253686
    951680    0.258369
    951690    0.257818
    951700    0.252766
    951710    0.259998
    951720    0.255606
    951730    0.255488
    951740    0.261086
    951750    0.258521
    951760    0.257712
    951770     0.25778
    951780    0.254154
    951790    0.251089
    951800    0.258776
    951810    0.256491
    951820    0.256436
    951830    0.257296
    951840    0.259977
    951850    0.255452
    951860    0.251581
    951870    0.254744
    951880    0.256435
    951890     0.25265
    951900    0.258335
    951910    0.257243
    951920      0.2562
    951930    0.259167
    951940    0.254378
    951950    0.255601
    951960    0.259058
    951970    0.257773
    951980      0.2525
    951990    0.251894
    952000    0.254975
    952010    0.257345
    952020    0.256548
    952030    0.254953
    952040    0.253461
    952050    0.258335
    952060    0.257332
    952070    0.257778
    952080    0.253268
    952090    0.258178
    952100    0.260451
    952110    0.257523
    952120     0.25493
    952130    0.258686
    952140    0.252369
    952150    0.258636
    952160    0.253795
    952170    0.255753
    952180    0.261903
    952190     0.25726
    952200    0.255984
    952210    0.256596
    952220     0.25479
    952230    0.256911
    952240    0.260528
    952250    0.256958
    952260    0.258177
    952270    0.256537
    952280    0.255218
    952290    0.257122
    952300    0.259823
    952310    0.260605
    952320    0.266668
    952330     0.26176
    952340    0.254175
    952350    0.255342
    952360    0.257084
    952370    0.259436
    952380    0.255073
    952390    0.256109
    952400    0.256948
    952410    0.257049
    952420    0.258778
    952430    0.254505
    952440    0.257366
    952450    0.261513
    952460    0.259181
    952470    0.255325
    952480    0.257724
    952490    0.259614
    952500     0.25532
    952510    0.258051
    952520    0.259712
    952530    0.257702
    952540    0.255419
    952550    0.255495
    952560     0.26018
    952570    0.254456
    952580    0.251723
    952590    0.253557
    952600     0.25242
    952610    0.254986
    952620    0.254953
    952630     0.25531
    952640    0.255248
    952650     0.25719
    952660    0.251465
    952670    0.248126
    952680    0.256927
    952690    0.261147
    952700    0.258202
    952710    0.248479
    952720    0.258485
    952730    0.252475
    952740    0.257523
    952750    0.257495
    952760    0.262672
    952770    0.254532
    952780    0.252274
    952790    0.251974
    952800    0.256555
    952810    0.251365
    952820    0.251934
    952830     0.25213
    952840    0.249605
    952850    0.250446
    952860    0.252351
    952870    0.256535
    952880    0.250311
    952890    0.251181
    952900    0.250332
    952910    0.254864
    952920    0.258001
    952930    0.253367
    952940    0.250555
    952950    0.252357
    952960    0.253108
    952970    0.249985
    952980    0.254583
    952990    0.250373
    953000    0.260919
    953010    0.258005
    953020    0.256502
    953030    0.248985
    953040    0.258809
    953050    0.255827
    953060     0.25587
    953070    0.262075
    953080    0.256063
    953090    0.259549
    953100    0.256418
    953110    0.253102
    953120    0.256641
    953130    0.258145
    953140    0.260229
    953150    0.262311
    953160    0.253658
    953170    0.256717
    953180    0.263055
    953190    0.254394
    953200    0.250988
    953210    0.254755
    953220    0.258375
    953230    0.253136
    953240     0.25762
    953250    0.254077
    953260    0.253775
    953270    0.258743
    953280     0.25361
    953290    0.256535
    953300     0.25735
    953310    0.254613
    953320    0.257348
    953330     0.25776
    953340    0.257051
    953350    0.256086
    953360    0.259958
    953370     0.25291
    953380    0.253004
    953390    0.257402
    953400    0.255161
    953410    0.253982
    953420     0.25469
    953430    0.258738
    953440    0.252766
    953450    0.254058
    953460    0.257417
    953470    0.256403
    953480    0.255575
    953490     0.25116
    953500    0.255598
    953510    0.254983
    953520    0.257033
    953530    0.257879
    953540    0.256301
    953550    0.256972
    953560    0.258389
    953570    0.260708
    953580    0.256796
    953590    0.253536
    953600    0.259255
    953610    0.262089
    953620    0.253073
    953630    0.263673
    953640    0.258656
    953650    0.257563
    953660    0.253037
    953670    0.258349
    953680    0.256754
    953690    0.257676
    953700    0.255831
    953710    0.256735
    953720    0.259375
    953730    0.256536
    953740    0.256993
    953750    0.256504
    953760    0.255985
    953770    0.255078
    953780     0.25644
    953790    0.255441
    953800    0.258412
    953810    0.260354
    953820     0.25833
    953830    0.256923
    953840    0.257976
    953850    0.258582
    953860    0.260124
    953870    0.257174
    953880    0.256723
    953890    0.255993
    953900    0.252251
    953910    0.252219
    953920    0.258155
    953930    0.256983
    953940    0.257179
    953950    0.256644
    953960     0.25487
    953970    0.256055
    953980    0.254139
    953990     0.25381
    954000    0.253989
    954010    0.254201
    954020    0.251834
    954030    0.254401
    954040     0.26288
    954050    0.255661
    954060    0.255951
    954070    0.248681
    954080    0.252905
    954090    0.249172
    954100    0.254339
    954110    0.260551
    954120    0.261014
    954130    0.253332
    954140    0.251804
    954150    0.257807
    954160    0.253629
    954170     0.25424
    954180    0.254832
    954190    0.248928
    954200    0.256264
    954210    0.253732
    954220    0.257481
    954230     0.24928
    954240    0.250643
    954250    0.250358
    954260    0.251369
    954270    0.250848
    954280    0.253759
    954290     0.24867
    954300    0.247247
    954310    0.247909
    954320    0.255852
    954330    0.256058
    954340    0.252047
    954350     0.24788
    954360    0.249503
    954370    0.254187
    954380     0.25147
    954390     0.24719
    954400    0.252735
    954410    0.249734
    954420    0.255995
    954430    0.256009
    954440    0.253163
    954450    0.251884
    954460    0.254873
    954470    0.259163
    954480    0.254066
    954490    0.256985
    954500    0.252959
    954510    0.255302
    954520    0.255102
    954530     0.25322
    954540    0.254521
    954550    0.247239
    954560    0.251842
    954570    0.252884
    954580    0.248837
    954590    0.246119
    954600     0.24932
    954610    0.255375
    954620    0.253756
    954630    0.253372
    954640    0.254224
    954650    0.249663
    954660    0.251475
    954670     0.25518
    954680    0.251322
    954690    0.261051
    954700    0.257278
    954710    0.254982
    954720    0.253428
    954730    0.253976
    954740    0.258258
    954750     0.25652
    954760    0.255993
    954770    0.256363
    954780    0.249356
    954790     0.25098
    954800    0.252643
    954810    0.254284
    954820    0.254479
    954830    0.253244
    954840    0.253171
    954850    0.250211
    954860    0.256683
    954870    0.253401
    954880    0.254567
    954890    0.257895
    954900    0.254568
    954910    0.254969
    954920    0.254583
    954930    0.253671
    954940    0.255861
    954950    0.258671
    954960    0.257974
    954970    0.256326
    954980    0.253653
    954990    0.254149
    955000    0.261516
    955010    0.256679
    955020    0.258527
    955030    0.261951
    955040    0.259844
    955050    0.257512
    955060    0.254881
    955070    0.253902
    955080    0.250255
    955090      0.2543
    955100    0.258236
    955110    0.261274
    955120    0.255418
    955130    0.255935
    955140    0.258609
    955150    0.250913
    955160     0.25286
    955170    0.256963
    955180    0.253919
    955190    0.259295
    955200    0.264501
    955210    0.256791
    955220     0.26164
    955230    0.258238
    955240    0.256084
    955250    0.258929
    955260    0.256926
    955270    0.255943
    955280    0.255453
    955290    0.261425
    955300     0.25782
    955310    0.253573
    955320    0.255833
    955330    0.257718
    955340    0.251941
    955350    0.254988
    955360    0.252534
    955370    0.259715
    955380    0.260615
    955390    0.255695
    955400    0.260838
    955410    0.261317
    955420    0.254683
    955430    0.254566
    955440    0.253145
    955450    0.254041
    955460    0.253481
    955470    0.254226
    955480    0.256213
    955490    0.254161
    955500    0.258756
    955510    0.261455
    955520       0.262
    955530    0.256915
    955540    0.256836
    955550    0.255918
    955560    0.260898
    955570    0.255205
    955580    0.256265
    955590    0.258088
    955600    0.256281
    955610    0.256352
    955620    0.250833
    955630    0.256342
    955640    0.260334
    955650     0.26025
    955660    0.256663
    955670    0.256606
    955680     0.25801
    955690    0.255128
    955700    0.252526
    955710    0.255879
    955720     0.25833
    955730    0.254896
    955740    0.254333
    955750    0.252912
    955760    0.255194
    955770    0.258275
    955780    0.258425
    955790    0.257675
    955800    0.253175
    955810    0.252668
    955820    0.255532
    955830    0.256292
    955840    0.256038
    955850    0.256031
    955860    0.255948
    955870    0.257452
    955880    0.257204
    955890    0.261339
    955900    0.254957
    955910    0.255828
    955920    0.262169
    955930    0.254194
    955940    0.252291
    955950    0.258011
    955960    0.254052
    955970    0.256559
    955980     0.25907
    955990    0.258632
    956000    0.256902
    956010    0.254977
    956020    0.257665
    956030     0.25806
    956040    0.260957
    956050    0.257743
    956060    0.263269
    956070    0.259696
    956080    0.253796
    956090    0.255416
    956100    0.255975
    956110    0.257782
    956120    0.255021
    956130    0.257939
    956140    0.253736
    956150    0.254115
    956160    0.259954
    956170    0.254146
    956180    0.256579
    956190    0.256373
    956200    0.256019
    956210    0.253951
    956220    0.258533
    956230    0.254223
    956240    0.254904
    956250    0.259901
    956260    0.251672
    956270    0.260351
    956280    0.258364
    956290     0.25445
    956300     0.25946
    956310    0.256384
    956320    0.258258
    956330    0.260204
    956340    0.261398
    956350    0.262986
    956360    0.257681
    956370    0.255754
    956380    0.259267
    956390    0.259597
    956400    0.253211
    956410    0.264718
    956420    0.259452
    956430    0.258515
    956440    0.255479
    956450    0.257959
    956460    0.252956
    956470    0.254126
    956480    0.255244
    956490    0.258484
    956500    0.256288
    956510     0.25793
    956520     0.25968
    956530    0.257988
    956540    0.259896
    956550    0.265663
    956560    0.263055
    956570    0.260208
    956580    0.258853
    956590    0.259671
    956600    0.256565
    956610    0.260701
    956620    0.257566
    956630    0.252928
    956640    0.256399
    956650    0.260254
    956660    0.254159
    956670    0.253465
    956680    0.257762
    956690    0.254802
    956700    0.253444
    956710    0.255037
    956720     0.25156
    956730    0.262787
    956740    0.255092
    956750    0.257255
    956760    0.258424
    956770    0.258043
    956780     0.26005
    956790     0.25447
    956800     0.25673
    956810    0.256887
    956820    0.252428
    956830    0.253282
    956840     0.25846
    956850    0.256184
    956860    0.255134
    956870    0.254494
    956880    0.255105
    956890    0.251362
    956900    0.253364
    956910    0.259138
    956920    0.254375
    956930    0.257251
    956940    0.254908
    956950    0.251009
    956960    0.254388
    956970    0.255938
    956980    0.253066
    956990    0.256104
    957000    0.252792
    957010    0.256531
    957020    0.253921
    957030    0.255702
    957040    0.251556
    957050    0.259177
    957060    0.253659
    957070    0.255752
    957080    0.253433
    957090    0.252625
    957100    0.254796
    957110    0.249668
    957120    0.258573
    957130     0.25919
    957140    0.255562
    957150    0.251027
    957160    0.252695
    957170    0.256845
    957180    0.255577
    957190    0.254749
    957200    0.256068
    957210    0.251002
    957220    0.253166
    957230    0.250791
    957240    0.251853
    957250    0.253075
    957260    0.252435
    957270    0.256606
    957280    0.249091
    957290    0.254552
    957300    0.253829
    957310    0.253118
    957320    0.253573
    957330    0.257666
    957340    0.257022
    957350    0.256203
    957360    0.257723
    957370    0.255193
    957380    0.255924
    957390    0.256485
    957400    0.252007
    957410    0.259889
    957420    0.253128
    957430     0.25687
    957440    0.256125
    957450    0.258765
    957460    0.257628
    957470    0.256072
    957480    0.257706
    957490    0.259787
    957500    0.255745
    957510    0.254441
    957520    0.253755
    957530    0.258767
    957540    0.255272
    957550    0.254699
    957560    0.257744
    957570    0.251304
    957580    0.259061
    957590    0.252171
    957600    0.258737
    957610    0.254578
    957620     0.25577
    957630    0.257473
    957640    0.261343
    957650      0.2539
    957660    0.261708
    957670     0.25785
    957680    0.257905
    957690    0.256561
    957700    0.256325
    957710    0.260956
    957720    0.253887
    957730    0.255553
    957740    0.258982
    957750    0.256609
    957760     0.25398
    957770    0.260637
    957780    0.262689
    957790    0.252199
    957800    0.256028
    957810    0.253818
    957820    0.259962
    957830    0.256953
    957840    0.260257
    957850    0.259383
    957860    0.261918
    957870    0.259656
    957880    0.258899
    957890    0.257186
    957900    0.257165
    957910    0.257306
    957920    0.257344
    957930    0.260484
    957940    0.257565
    957950    0.260316
    957960    0.254357
    957970    0.259025
    957980    0.258119
    957990    0.258682
    958000    0.256016
    958010    0.252158
    958020    0.259025
    958030    0.259788
    958040    0.254125
    958050    0.254423
    958060    0.258253
    958070    0.252509
    958080    0.258752
    958090    0.255824
    958100    0.255089
    958110    0.252135
    958120    0.260248
    958130    0.256998
    958140    0.256681
    958150    0.253774
    958160    0.254666
    958170    0.258014
    958180    0.261786
    958190    0.260584
    958200    0.260162
    958210    0.254381
    958220    0.252943
    958230    0.257075
    958240    0.257749
    958250    0.259236
    958260     0.25262
    958270    0.257228
    958280    0.253507
    958290    0.259179
    958300    0.257765
    958310    0.258286
    958320     0.25854
    958330    0.255904
    958340    0.256447
    958350    0.254907
    958360    0.258848
    958370    0.257989
    958380    0.259059
    958390    0.261351
    958400    0.254695
    958410    0.255598
    958420     0.25316
    958430    0.251253
    958440     0.25504
    958450    0.253998
    958460    0.250796
    958470    0.257841
    958480    0.258252
    958490    0.258407
    958500    0.256033
    958510    0.254133
    958520    0.255635
    958530    0.256282
    958540    0.260602
    958550    0.252138
    958560    0.256099
    958570    0.256123
    958580    0.259694
    958590    0.254627
    958600     0.26241
    958610    0.259079
    958620    0.256882
    958630    0.257465
    958640     0.25742
    958650    0.259686
    958660    0.257367
    958670    0.258466
    958680    0.259977
    958690    0.257053
    958700    0.252905
    958710     0.25418
    958720    0.256604
    958730    0.258428
    958740    0.259855
    958750    0.253284
    958760    0.259724
    958770    0.251589
    958780    0.252527
    958790    0.258223
    958800    0.251556
    958810    0.255575
    958820    0.257195
    958830    0.256049
    958840     0.25626
    958850    0.256462
    958860    0.255337
    958870    0.253876
    958880    0.254204
    958890    0.253974
    958900    0.255218
    958910    0.255162
    958920    0.260927
    958930    0.254807
    958940    0.259209
    958950    0.256178
    958960    0.255153
    958970    0.255922
    958980    0.257672
    958990    0.258147
    959000    0.259572
    959010    0.255425
    959020    0.257215
    959030    0.255847
    959040    0.258801
    959050    0.254636
    959060     0.25761
    959070    0.261176
    959080    0.253546
    959090    0.260326
    959100    0.261857
    959110    0.262696
    959120    0.260987
    959130     0.25748
    959140    0.254822
    959150    0.260759
    959160    0.259443
    959170    0.255791
    959180    0.255756
    959190    0.258847
    959200    0.253964
    959210    0.256894
    959220    0.255747
    959230    0.260058
    959240    0.255135
    959250    0.259053
    959260    0.255297
    959270    0.257882
    959280    0.258647
    959290    0.256671
    959300     0.26061
    959310    0.261175
    959320    0.254819
    959330     0.24944
    959340    0.257683
    959350    0.258829
    959360    0.252285
    959370     0.25935
    959380    0.255659
    959390    0.254713
    959400    0.260249
    959410    0.256834
    959420    0.252945
    959430     0.25601
    959440    0.255654
    959450     0.25439
    959460    0.256864
    959470    0.253988
    959480    0.257811
    959490    0.257299
    959500    0.259492
    959510     0.25513
    959520    0.259616
    959530    0.258565
    959540    0.257199
    959550    0.261637
    959560    0.258415
    959570    0.258832
    959580     0.26344
    959590    0.257489
    959600    0.260515
    959610    0.253612
    959620    0.258169
    959630     0.25987
    959640    0.260573
    959650    0.257314
    959660    0.257644
    959670    0.262216
    959680    0.257271
    959690    0.259531
    959700    0.258443
    959710    0.257055
    959720    0.262524
    959730    0.259945
    959740    0.259237
    959750    0.257085
    959760    0.252561
    959770    0.255286
    959780    0.260475
    959790    0.261419
    959800    0.256235
    959810    0.256285
    959820    0.258906
    959830    0.255481
    959840    0.258877
    959850    0.258678
    959860    0.257659
    959870    0.257266
    959880    0.257314
    959890    0.252917
    959900    0.255558
    959910    0.260761
    959920    0.257369
    959930    0.253884
    959940    0.257754
    959950    0.254452
    959960    0.254222
    959970    0.257279
    959980    0.250147
    959990    0.254627
    960000    0.255101
    960010    0.250248
    960020     0.25552
    960030    0.253449
    960040    0.255104
    960050    0.257868
    960060    0.258209
    960070    0.257064
    960080    0.256036
    960090    0.255318
    960100    0.255965
    960110    0.254819
    960120     0.26043
    960130    0.252648
    960140    0.257168
    960150    0.257435
    960160    0.259132
    960170    0.261687
    960180    0.259077
    960190    0.262447
    960200    0.264112
    960210    0.258547
    960220    0.256136
    960230    0.257018
    960240    0.259774
    960250    0.261933
    960260    0.257279
    960270    0.256211
    960280    0.258072
    960290    0.257296
    960300    0.256629
    960310    0.261574
    960320    0.254013
    960330     0.25782
    960340    0.253119
    960350    0.254815
    960360    0.260325
    960370    0.256751
    960380    0.253675
    960390    0.258107
    960400    0.250633
    960410    0.251625
    960420    0.253477
    960430    0.254984
    960440    0.253716
    960450    0.256427
    960460    0.256684
    960470    0.252508
    960480    0.253001
    960490    0.257515
    960500     0.25668
    960510    0.254149
    960520    0.251567
    960530    0.258073
    960540    0.260381
    960550    0.259415
    960560    0.253563
    960570    0.256348
    960580    0.256832
    960590    0.255696
    960600    0.253471
    960610    0.253787
    960620    0.253913
    960630    0.259399
    960640    0.258771
    960650    0.256455
    960660    0.256382
    960670    0.257123
    960680    0.253293
    960690    0.253276
    960700    0.256932
    960710    0.254974
    960720    0.254961
    960730    0.251156
    960740    0.249929
    960750    0.253422
    960760    0.250639
    960770    0.254524
    960780     0.25853
    960790    0.252397
    960800    0.247356
    960810     0.25505
    960820    0.258069
    960830    0.251206
    960840    0.257972
    960850    0.254044
    960860    0.249697
    960870    0.254533
    960880    0.255742
    960890    0.249199
    960900    0.261106
    960910    0.253345
    960920    0.250119
    960930      0.2564
    960940    0.256612
    960950    0.252644
    960960    0.256228
    960970    0.257752
    960980    0.256367
    960990    0.253849
    961000    0.251862
    961010    0.253622
    961020    0.254655
    961030    0.256716
    961040    0.258524
    961050    0.253574
    961060    0.256889
    961070    0.261285
    961080    0.256727
    961090    0.260103
    961100     0.25289
    961110    0.255063
    961120    0.258269
    961130    0.251502
    961140     0.24947
    961150    0.253323
    961160    0.255428
    961170    0.253335
    961180    0.248682
    961190    0.260117
    961200    0.257048
    961210    0.254302
    961220    0.255615
    961230    0.257416
    961240    0.259815
    961250    0.257358
    961260    0.260046
    961270    0.258334
    961280    0.259624
    961290    0.258174
    961300    0.257026
    961310     0.25868
    961320    0.261051
    961330    0.255789
    961340    0.260681
    961350      0.2572
    961360    0.253664
    961370    0.259251
    961380    0.256684
    961390    0.260664
    961400     0.26288
    961410    0.261519
    961420    0.256629
    961430    0.259228
    961440    0.257961
    961450     0.25929
    961460    0.259205
    961470     0.25553
    961480    0.257274
    961490     0.25845
    961500    0.254528
    961510    0.249944
    961520    0.255499
    961530    0.260801
    961540    0.260572
    961550    0.261072
    961560     0.25801
    961570    0.257362
    961580    0.257808
    961590    0.256679
    961600    0.252088
    961610    0.257869
    961620    0.258774
    961630    0.256781
    961640    0.257999
    961650    0.252932
    961660     0.25561
    961670    0.254431
    961680    0.255361
    961690    0.252455
    961700     0.25286
    961710    0.254179
    961720     0.26251
    961730    0.255158
    961740    0.253043
    961750    0.258652
    961760      0.2521
    961770    0.262877
    961780    0.251672
    961790    0.257276
    961800    0.260983
    961810    0.260173
    961820    0.258811
    961830    0.258276
    961840    0.266251
    961850    0.260221
    961860    0.260446
    961870    0.259015
    961880    0.255916
    961890    0.260516
    961900    0.255387
    961910    0.256343
    961920    0.254031
    961930    0.261379
    961940    0.259343
    961950    0.257205
    961960    0.255537
    961970    0.259898
    961980    0.260134
    961990    0.258913
    962000    0.259804
    962010    0.257484
    962020    0.256883
    962030    0.253562
    962040    0.259526
    962050    0.259059
    962060    0.259441
    962070    0.253907
    962080    0.256895
    962090    0.255182
    962100    0.255784
    962110    0.256772
    962120     0.26567
    962130    0.254283
    962140    0.254791
    962150    0.260917
    962160    0.258399
    962170     0.25391
    962180    0.271085
    962190    0.258104
    962200    0.262251
    962210    0.254677
    962220    0.257589
    962230    0.257842
    962240    0.254067
    962250    0.254979
    962260    0.249926
    962270    0.257027
    962280    0.253194
    962290    0.254991
    962300    0.251029
    962310    0.260201
    962320    0.256614
    962330    0.258193
    962340    0.254751
    962350    0.259336
    962360    0.255392
    962370    0.256357
    962380    0.255276
    962390    0.252917
    962400    0.254634
    962410    0.252833
    962420    0.256865
    962430     0.25736
    962440    0.258791
    962450    0.256463
    962460    0.256943
    962470    0.256868
    962480     0.25915
    962490    0.251845
    962500    0.251934
    962510    0.252893
    962520    0.253997
    962530    0.255974
    962540    0.258106
    962550    0.253887
    962560    0.252294
    962570    0.255789
    962580    0.253829
    962590    0.256574
    962600    0.255364
    962610    0.261437
    962620    0.253903
    962630    0.258332
    962640    0.256348
    962650    0.259921
    962660    0.256631
    962670    0.254758
    962680    0.253162
    962690    0.256738
    962700    0.255694
    962710    0.252624
    962720    0.256129
    962730    0.251984
    962740    0.253397
    962750    0.257368
    962760    0.259738
    962770    0.256994
    962780     0.25494
    962790    0.256984
    962800    0.254007
    962810    0.255794
    962820    0.254687
    962830    0.261467
    962840    0.260144
    962850    0.261135
    962860    0.268716
    962870    0.252156
    962880    0.260646
    962890    0.252206
    962900    0.261779
    962910    0.258569
    962920    0.250444
    962930    0.260118
    962940    0.254376
    962950      0.2539
    962960    0.254542
    962970     0.25473
    962980    0.254696
    962990    0.254118
    963000    0.250849
    963010    0.256728
    963020    0.258213
    963030    0.258081
    963040    0.257154
    963050    0.255125
    963060    0.253758
    963070    0.259142
    963080    0.253009
    963090      0.2563
    963100    0.263109
    963110    0.257744
    963120    0.265287
    963130     0.25528
    963140     0.25656
    963150    0.256364
    963160    0.257693
    963170    0.259809
    963180    0.255789
    963190    0.258273
    963200    0.261676
    963210     0.25091
    963220    0.258551
    963230    0.253121
    963240    0.256472
    963250    0.257498
    963260    0.252314
    963270    0.257759
    963280    0.253937
    963290    0.260941
    963300    0.254446
    963310    0.259761
    963320    0.251907
    963330    0.257144
    963340    0.255846
    963350    0.260687
    963360    0.257373
    963370    0.256441
    963380    0.258797
    963390    0.257661
    963400    0.256996
    963410    0.257739
    963420    0.255261
    963430    0.262135
    963440    0.259969
    963450    0.246298
    963460    0.254204
    963470    0.254865
    963480    0.240858
    963490    0.252681
    963500     0.25113
    963510    0.254214
    963520    0.259423
    963530    0.246266
    963540    0.254204
    963550    0.254478
    963560    0.254208
    963570    0.255537
    963580    0.250407
    963590    0.255614
    963600    0.251135
    963610    0.251658
    963620    0.249886
    963630    0.252756
    963640    0.247355
    963650    0.247953
    963660    0.245866
    963670    0.243855
    963680    0.248392
    963690    0.256536
    963700     0.25627
    963710    0.247971
    963720    0.248959
    963730    0.247763
    963740    0.248989
    963750      0.2509
    963760    0.252314
    963770    0.248529
    963780    0.242934
    963790     0.24662
    963800    0.249969
    963810    0.247796
    963820    0.249331
    963830    0.252627
    963840    0.248828
    963850    0.252042
    963860    0.251799
    963870    0.249963
    963880    0.249951
    963890    0.244362
    963900    0.250293
    963910    0.247741
    963920    0.250023
    963930    0.244557
    963940    0.241265
    963950    0.251016
    963960    0.247542
    963970    0.246444
    963980      0.2551
    963990     0.24919
    964000    0.252163
    964010    0.255684
    964020    0.255261
    964030    0.257846
    964040    0.257924
    964050    0.251579
    964060    0.259105
    964070    0.253511
    964080    0.253021
    964090    0.253398
    964100    0.255318
    964110    0.249118
    964120    0.255957
    964130    0.256591
    964140    0.255447
    964150     0.25694
    964160    0.256645
    964170    0.257688
    964180    0.255414
    964190    0.255762
    964200    0.255431
    964210    0.255429
    964220    0.257125
    964230    0.255504
    964240    0.253115
    964250    0.258215
    964260    0.252996
    964270    0.251078
    964280    0.255718
    964290    0.256182
    964300     0.25763
    964310    0.257229
    964320     0.25852
    964330    0.257286
    964340    0.255119
    964350    0.258414
    964360    0.256668
    964370    0.256461
    964380    0.252957
    964390    0.255666
    964400    0.252352
    964410    0.252186
    964420    0.253859
    964430    0.255519
    964440    0.261901
    964450    0.254074
    964460    0.255945
    964470    0.251448
    964480    0.251962
    964490    0.251524
    964500    0.249216
    964510    0.255435
    964520    0.254511
    964530     0.25006
    964540    0.253409
    964550    0.252768
    964560    0.256766
    964570    0.253609
    964580    0.250957
    964590    0.251761
    964600    0.250386
    964610    0.256859
    964620     0.25448
    964630     0.25241
    964640    0.251828
    964650    0.255275
    964660    0.252726
    964670    0.251888
    964680    0.255153
    964690    0.253911
    964700    0.254438
    964710    0.252197
    964720    0.257163
    964730    0.258274
    964740    0.255965
    964750    0.252683
    964760    0.261128
    964770    0.252166
    964780     0.25763
    964790    0.257147
    964800    0.258249
    964810    0.251262
    964820    0.249873
    964830     0.25461
    964840    0.258322
    964850    0.257188
    964860    0.258924
    964870    0.257784
    964880    0.260902
    964890    0.262921
    964900    0.256887
    964910    0.258107
    964920    0.256561
    964930    0.261829
    964940    0.254487
    964950    0.258026
    964960    0.257577
    964970    0.260108
    964980    0.257323
    964990    0.265228
    965000    0.259813
    965010    0.254299
    965020    0.254294
    965030    0.255683
    965040    0.253213
    965050    0.254239
    965060    0.253184
    965070    0.255766
    965080    0.251232
    965090    0.258825
    965100     0.25379
    965110    0.252718
    965120     0.25283
    965130    0.250263
    965140    0.251736
    965150    0.252812
    965160    0.257303
    965170    0.251816
    965180    0.255179
    965190    0.252919
    965200    0.256947
    965210    0.253467
    965220    0.256302
    965230     0.25942
    965240    0.254723
    965250    0.256129
    965260    0.258709
    965270    0.251725
    965280    0.255655
    965290    0.262534
    965300    0.260941
    965310    0.259078
    965320    0.259133
    965330    0.255729
    965340    0.255379
    965350    0.254854
    965360    0.257832
    965370    0.258115
    965380    0.260335
    965390    0.257166
    965400    0.261281
    965410    0.262967
    965420     0.26156
    965430    0.255858
    965440    0.260366
    965450     0.25701
    965460    0.254899
    965470      0.2626
    965480     0.25978
    965490     0.25376
    965500    0.253549
    965510    0.255859
    965520    0.256381
    965530    0.254324
    965540    0.256392
    965550    0.254198
    965560    0.254394
    965570    0.254299
    965580     0.25827
    965590    0.251325
    965600    0.253883
    965610    0.253911
    965620    0.254403
    965630    0.253742
    965640    0.254038
    965650    0.252672
    965660     0.25089
    965670    0.259786
    965680     0.25563
    965690    0.255278
    965700    0.252827
    965710     0.26032
    965720    0.259249
    965730    0.256045
    965740    0.256468
    965750    0.255269
    965760    0.253537
    965770    0.252021
    965780      0.2543
    965790    0.254972
    965800    0.257202
    965810    0.255953
    965820    0.255659
    965830    0.253089
    965840    0.257811
    965850     0.25773
    965860    0.255705
    965870      0.2556
    965880    0.256184
    965890    0.255644
    965900    0.255297
    965910    0.258748
    965920    0.255915
    965930    0.256922
    965940    0.257212
    965950    0.256308
    965960      0.2601
    965970    0.255694
    965980    0.258761
    965990     0.25946
    966000    0.266497
    966010    0.259646
    966020    0.257575
    966030    0.261345
    966040    0.258567
    966050    0.260701
    966060     0.26037
    966070    0.258764
    966080     0.25928
    966090    0.259862
    966100    0.264774
    966110    0.261288
    966120    0.260512
    966130    0.257298
    966140    0.255238
    966150     0.25749
    966160    0.265295
    966170    0.261461
    966180    0.259052
    966190    0.259468
    966200    0.259565
    966210    0.257844
    966220    0.253357
    966230    0.258436
    966240    0.257171
    966250    0.256755
    966260    0.251619
    966270    0.255815
    966280    0.255146
    966290    0.255542
    966300    0.263316
    966310    0.261425
    966320    0.260024
    966330    0.259661
    966340    0.258174
    966350    0.255026
    966360    0.253402
    966370    0.248015
    966380    0.251907
    966390    0.254571
    966400    0.253394
    966410    0.257913
    966420    0.263681
    966430    0.259211
    966440    0.262428
    966450    0.261175
    966460    0.261819
    966470    0.261389
    966480    0.262719
    966490    0.254204
    966500    0.261502
    966510    0.265895
    966520    0.262242
    966530    0.258977
    966540    0.254528
    966550    0.259809
    966560    0.263367
    966570    0.259873
    966580    0.251773
    966590    0.260672
    966600    0.252798
    966610    0.256276
    966620    0.254825
    966630    0.257832
    966640    0.255825
    966650    0.257759
    966660    0.263078
    966670    0.257952
    966680    0.262585
    966690     0.25537
    966700    0.260002
    966710     0.25885
    966720    0.258491
    966730    0.258563
    966740    0.257767
    966750    0.262775
    966760    0.256756
    966770    0.264223
    966780    0.256892
    966790    0.255607
    966800    0.257519
    966810    0.256175
    966820    0.258083
    966830    0.256006
    966840    0.259994
    966850    0.262457
    966860    0.262083
    966870    0.258764
    966880    0.262295
    966890    0.261231
    966900    0.254644
    966910    0.254667
    966920    0.255295
    966930    0.259023
    966940    0.261922
    966950    0.251901
    966960    0.256975
    966970    0.254735
    966980    0.261737
    966990    0.257936
    967000    0.255375
    967010    0.256672
    967020    0.257743
    967030    0.257017
    967040    0.258808
    967050     0.26193
    967060    0.252439
    967070    0.261119
    967080    0.254488
    967090    0.255394
    967100    0.254423
    967110    0.256289
    967120    0.259966
    967130    0.262873
    967140    0.251894
    967150    0.257846
    967160    0.257093
    967170    0.254643
    967180     0.26091
    967190    0.253932
    967200    0.262503
    967210     0.26007
    967220    0.257129
    967230    0.260413
    967240    0.256502
    967250    0.258122
    967260    0.253293
    967270    0.258049
    967280    0.260738
    967290    0.259272
    967300    0.259095
    967310    0.255844
    967320    0.260465
    967330    0.258888
    967340    0.256444
    967350     0.25285
    967360    0.259502
    967370     0.26225
    967380    0.262344
    967390    0.263105
    967400     0.25881
    967410    0.256967
    967420    0.255916
    967430    0.258785
    967440    0.255257
    967450     0.25309
    967460    0.255026
    967470    0.258849
    967480    0.253378
    967490    0.251156
    967500    0.255465
    967510    0.253942
    967520    0.260025
    967530    0.260786
    967540    0.257689
    967550    0.260338
    967560    0.254488
    967570    0.255236
    967580    0.256199
    967590    0.256536
    967600    0.257501
    967610    0.256823
    967620    0.256758
    967630    0.255442
    967640    0.255344
    967650    0.257826
    967660    0.251699
    967670    0.253171
    967680    0.255909
    967690    0.251439
    967700    0.250537
    967710    0.251502
    967720     0.25327
    967730     0.25359
    967740    0.246053
    967750     0.24696
    967760    0.251445
    967770    0.254564
    967780    0.253686
    967790    0.250591
    967800    0.247558
    967810    0.251144
    967820    0.252437
    967830     0.25314
    967840    0.250292
    967850    0.248963
    967860    0.255912
    967870    0.251646
    967880     0.25389
    967890    0.254212
    967900    0.258896
    967910    0.254667
    967920    0.255913
    967930    0.257104
    967940    0.251779
    967950     0.25299
    967960    0.255743
    967970     0.25818
    967980    0.256496
    967990    0.261819
    968000    0.255985
    968010    0.258837
    968020    0.254806
    968030    0.260257
    968040    0.253634
    968050    0.254743
    968060    0.254079
    968070    0.257651
    968080    0.251135
    968090    0.253363
    968100    0.254203
    968110     0.25203
    968120    0.256286
    968130    0.259419
    968140    0.253133
    968150     0.25448
    968160    0.257066
    968170    0.251775
    968180    0.258028
    968190    0.255712
    968200    0.256883
    968210    0.259189
    968220    0.257687
    968230    0.252783
    968240    0.259553
    968250    0.256827
    968260    0.257831
    968270    0.258807
    968280    0.257827
    968290    0.255974
    968300    0.258107
    968310    0.263474
    968320    0.256692
    968330    0.259783
    968340    0.254411
    968350    0.257881
    968360    0.257677
    968370    0.259104
    968380    0.256254
    968390    0.258546
    968400     0.26159
    968410    0.257538
    968420    0.258002
    968430    0.256288
    968440    0.249982
    968450    0.259395
    968460    0.253385
    968470    0.259286
    968480    0.262242
    968490    0.257291
    968500    0.254334
    968510    0.255147
    968520    0.260005
    968530    0.262197
    968540    0.256718
    968550    0.260505
    968560    0.262526
    968570    0.252381
    968580    0.262919
    968590    0.257057
    968600    0.258489
    968610    0.255116
    968620    0.259342
    968630    0.263684
    968640    0.260043
    968650    0.259901
    968660    0.255755
    968670    0.260066
    968680    0.258285
    968690    0.259593
    968700    0.262099
    968710    0.255431
    968720     0.25452
    968730    0.260901
    968740    0.259642
    968750    0.265421
    968760    0.262551
    968770    0.254608
    968780    0.259244
    968790    0.261431
    968800    0.256329
    968810    0.260869
    968820    0.255502
    968830    0.260763
    968840    0.253438
    968850    0.256858
    968860    0.249875
    968870    0.254498
    968880    0.259026
    968890    0.252056
    968900    0.252781
    968910    0.254176
    968920    0.257672
    968930     0.25576
    968940    0.258869
    968950    0.252939
    968960    0.254562
    968970    0.250074
    968980     0.25438
    968990     0.25909
    969000    0.257467
    969010      0.2609
    969020    0.260347
    969030    0.266466
    969040    0.260176
    969050    0.264732
    969060    0.258873
    969070    0.259493
    969080    0.258523
    969090    0.261397
    969100     0.26137
    969110    0.262455
    969120    0.260032
    969130    0.257348
    969140    0.260868
    969150    0.260969
    969160    0.257746
    969170    0.262812
    969180    0.268467
    969190    0.261528
    969200    0.257581
    969210    0.259905
    969220    0.260256
    969230    0.267956
    969240    0.256966
    969250    0.257563
    969260    0.259827
    969270    0.260469
    969280    0.262745
    969290    0.249761
    969300    0.262369
    969310    0.263176
    969320    0.258141
    969330    0.261325
    969340    0.262718
    969350    0.259763
    969360    0.266119
    969370    0.261232
    969380    0.256049
    969390    0.255605
    969400    0.252933
    969410    0.258758
    969420    0.255913
    969430    0.258662
    969440    0.257245
    969450    0.257024
    969460    0.258628
    969470    0.267407
    969480     0.25828
    969490    0.255634
    969500    0.258503
    969510     0.25957
    969520    0.257518
    969530     0.26211
    969540    0.256839
    969550    0.258059
    969560    0.262914
    969570    0.254532
    969580     0.25092
    969590    0.255271
    969600    0.263473
    969610    0.262669
    969620    0.260126
    969630    0.255901
    969640    0.254455
    969650    0.252235
    969660    0.260479
    969670    0.262218
    969680    0.257199
    969690    0.254502
    969700    0.258817
    969710    0.260624
    969720    0.263445
    969730    0.262189
    969740    0.259237
    969750    0.263225
    969760    0.263545
    969770    0.262395
    969780    0.260694
    969790    0.259158
    969800    0.258261
    969810    0.264468
    969820    0.255794
    969830    0.259494
    969840    0.258815
    969850    0.262335
    969860    0.258093
    969870    0.255335
    969880     0.25793
    969890    0.256019
    969900    0.260479
    969910    0.259312
    969920    0.259563
    969930    0.260609
    969940     0.25548
    969950    0.259481
    969960    0.255274
    969970    0.257752
    969980    0.254286
    969990    0.258517
    970000    0.253594
    970010    0.258958
    970020    0.259508
    970030    0.255801
    970040    0.261885
    970050    0.263093
    970060    0.260321
    970070     0.25755
    970080    0.258435
    970090    0.255686
    970100    0.255987
    970110    0.259205
    970120    0.260994
    970130    0.255653
    970140    0.255679
    970150    0.258755
    970160    0.259294
    970170    0.255363
    970180    0.257733
    970190    0.257062
    970200    0.257521
    970210    0.254859
    970220    0.259287
    970230    0.256765
    970240    0.257211
    970250     0.25956
    970260    0.255848
    970270    0.260881
    970280    0.259526
    970290    0.257818
    970300    0.256248
    970310    0.257837
    970320    0.260077
    970330    0.262121
    970340    0.257942
    970350    0.257423
    970360     0.25452
    970370    0.260356
    970380    0.252149
    970390    0.260134
    970400    0.266029
    970410    0.257586
    970420     0.25704
    970430     0.25893
    970440    0.261763
    970450    0.256263
    970460    0.260129
    970470    0.256012
    970480    0.258612
    970490     0.25381
    970500     0.26071
    970510    0.259484
    970520    0.256824
    970530    0.256229
    970540    0.260829
    970550    0.256901
    970560    0.252872
    970570    0.253465
    970580    0.260436
    970590    0.260453
    970600    0.260553
    970610    0.256657
    970620    0.257021
    970630    0.263207
    970640    0.259537
    970650    0.263362
    970660    0.260828
    970670    0.264901
    970680     0.26041
    970690    0.258618
    970700    0.265557
    970710    0.258986
    970720    0.257361
    970730    0.260042
    970740    0.265791
    970750    0.256722
    970760    0.262834
    970770    0.258103
    970780    0.263404
    970790    0.263573
    970800    0.258194
    970810    0.257232
    970820    0.251735
    970830    0.256585
    970840    0.261912
    970850    0.255853
    970860    0.259188
    970870    0.258864
    970880    0.258693
    970890    0.264328
    970900    0.268644
    970910    0.258868
    970920    0.258802
    970930    0.259632
    970940    0.264519
    970950    0.263881
    970960    0.255752
    970970    0.260337
    970980    0.260226
    970990    0.260483
    971000    0.253619
    971010     0.25407
    971020    0.256749
    971030    0.255155
    971040    0.256391
    971050    0.255088
    971060    0.261906
    971070    0.257738
    971080    0.257122
    971090    0.255557
    971100    0.255922
    971110    0.257425
    971120    0.256554
    971130    0.260725
    971140    0.255862
    971150    0.258208
    971160    0.255603
    971170    0.258667
    971180    0.262277
    971190    0.258231
    971200    0.253395
    971210    0.259707
    971220    0.260798
    971230    0.256257
    971240    0.253424
    971250    0.257979
    971260    0.260335
    971270    0.255818
    971280    0.254822
    971290    0.254848
    971300    0.250692
    971310    0.252263
    971320    0.261082
    971330    0.253079
    971340    0.256001
    971350    0.258868
    971360      0.2579
    971370    0.255974
    971380    0.257206
    971390    0.248995
    971400    0.253612
    971410    0.256081
    971420    0.256137
    971430    0.254801
    971440    0.252797
    971450    0.257123
    971460    0.257535
    971470    0.255718
    971480    0.256184
    971490    0.254606
    971500    0.256473
    971510      0.2584
    971520     0.25571
    971530    0.252997
    971540    0.259542
    971550    0.255497
    971560     0.26131
    971570    0.255397
    971580    0.261426
    971590    0.259465
    971600      0.2572
    971610    0.260002
    971620    0.259842
    971630    0.256755
    971640    0.265129
    971650    0.261092
    971660    0.262835
    971670    0.261935
    971680    0.257393
    971690    0.251712
    971700    0.256664
    971710    0.257354
    971720    0.254921
    971730    0.256667
    971740    0.252535
    971750    0.259173
    971760    0.258275
    971770     0.26215
    971780    0.261928
    971790    0.263659
    971800    0.262339
    971810    0.260334
    971820     0.25717
    971830     0.26161
    971840    0.256552
    971850    0.256189
    971860    0.257183
    971870     0.25453
    971880    0.260685
    971890    0.256506
    971900    0.260341
    971910    0.257224
    971920    0.255956
    971930    0.256041
    971940    0.254538
    971950    0.261929
    971960    0.256757
    971970    0.258854
    971980    0.259257
    971990    0.264055
    972000    0.261471
    972010    0.255562
    972020    0.263052
    972030    0.261781
    972040    0.260367
    972050    0.260579
    972060    0.257368
    972070    0.257525
    972080    0.259743
    972090    0.256004
    972100    0.255228
    972110    0.264106
    972120    0.258874
    972130    0.251796
    972140    0.256146
    972150    0.262585
    972160    0.259621
    972170     0.26019
    972180    0.261744
    972190    0.262478
    972200    0.261886
    972210    0.260223
    972220    0.262903
    972230    0.261576
    972240    0.258706
    972250    0.257763
    972260    0.257654
    972270    0.263234
    972280    0.261717
    972290    0.258778
    972300     0.25527
    972310     0.26022
    972320    0.259292
    972330     0.25992
    972340    0.262409
    972350      0.2627
    972360    0.259991
    972370     0.25903
    972380    0.256861
    972390    0.259811
    972400    0.258839
    972410    0.256153
    972420    0.262313
    972430    0.260422
    972440    0.258977
    972450    0.260574
    972460    0.263235
    972470    0.265208
    972480    0.256758
    972490    0.256974
    972500    0.261441
    972510    0.258648
    972520    0.265874
    972530    0.263427
    972540    0.261919
    972550    0.258588
    972560    0.260152
    972570    0.259541
    972580    0.259765
    972590     0.26157
    972600    0.262675
    972610    0.263812
    972620    0.258651
    972630    0.260315
    972640    0.260474
    972650    0.260773
    972660    0.263157
    972670    0.260109
    972680    0.258009
    972690     0.26115
    972700    0.253553
    972710     0.25821
    972720     0.25796
    972730    0.259284
    972740    0.264568
    972750    0.264107
    972760    0.259549
    972770    0.264252
    972780     0.26096
    972790    0.260671
    972800    0.258437
    972810    0.267335
    972820    0.262974
    972830    0.264215
    972840    0.262009
    972850    0.264097
    972860    0.265137
    972870    0.264143
    972880    0.260898
    972890    0.261875
    972900    0.262973
    972910    0.265221
    972920    0.267505
    972930    0.252812
    972940    0.257158
    972950    0.251309
    972960    0.254692
    972970    0.259067
    972980    0.256846
    972990    0.259189
    973000    0.257005
    973010    0.257481
    973020    0.257606
    973030    0.256209
    973040    0.260892
    973050    0.258898
    973060    0.260913
    973070    0.260438
    973080    0.262363
    973090    0.256807
    973100    0.260161
    973110    0.264356
    973120    0.254932
    973130    0.262648
    973140    0.258035
    973150      0.2586
    973160    0.258317
    973170    0.262415
    973180    0.260027
    973190    0.256957
    973200    0.257927
    973210    0.250291
    973220    0.255352
    973230    0.254832
    973240     0.25006
    973250     0.25649
    973260      0.2533
    973270    0.256186
    973280     0.25534
    973290    0.255065
    973300    0.258048
    973310    0.261768
    973320    0.262679
    973330    0.261015
    973340     0.25543
    973350    0.256245
    973360    0.258504
    973370    0.255275
    973380    0.257227
    973390    0.261844
    973400    0.258551
    973410    0.261927
    973420    0.258835
    973430    0.262012
    973440    0.258014
    973450    0.258846
    973460     0.25687
    973470    0.261007
    973480    0.260316
    973490    0.252357
    973500    0.255249
    973510    0.256495
    973520    0.261673
    973530    0.257424
    973540    0.258089
    973550    0.259129
    973560    0.250476
    973570    0.257386
    973580    0.261092
    973590    0.257448
    973600    0.257384
    973610    0.254428
    973620    0.255633
    973630    0.261199
    973640    0.256371
    973650     0.25856
    973660    0.251843
    973670    0.257147
    973680    0.250441
    973690    0.257607
    973700    0.254258
    973710    0.253586
    973720    0.253096
    973730    0.254247
    973740    0.257308
    973750    0.257114
    973760    0.253745
    973770    0.252124
    973780    0.253956
    973790    0.258748
    973800    0.254673
    973810    0.260577
    973820      0.2564
    973830    0.254987
    973840    0.258398
    973850      0.2552
    973860    0.254845
    973870    0.255963
    973880    0.249113
    973890    0.259809
    973900    0.250638
    973910    0.254838
    973920    0.250861
    973930    0.250164
    973940    0.247887
    973950    0.252754
    973960    0.250663
    973970    0.251959
    973980    0.252796
    973990    0.250475
    974000    0.251765
    974010    0.255473
    974020    0.254543
    974030    0.260368
    974040    0.256324
    974050     0.25125
    974060    0.246791
    974070    0.246583
    974080    0.250493
    974090    0.250284
    974100    0.255307
    974110    0.259351
    974120    0.253456
    974130    0.253281
    974140    0.254164
    974150    0.253684
    974160    0.251942
    974170    0.258221
    974180    0.255202
    974190    0.257498
    974200    0.257954
    974210     0.25489
    974220    0.253857
    974230    0.255059
    974240    0.263943
    974250    0.255211
    974260    0.251431
    974270    0.245016
    974280    0.253656
    974290    0.253648
    974300    0.250421
    974310    0.247829
    974320     0.25515
    974330    0.248602
    974340    0.248658
    974350    0.254603
    974360    0.255845
    974370    0.252658
    974380    0.258977
    974390    0.256343
    974400    0.257565
    974410    0.259802
    974420    0.257304
    974430    0.255423
    974440    0.254159
    974450    0.256026
    974460     0.25757
    974470    0.256326
    974480    0.255805
    974490    0.251017
    974500    0.259839
    974510    0.256242
    974520    0.256159
    974530    0.254868
    974540    0.254454
    974550    0.258664
    974560    0.257383
    974570    0.256977
    974580    0.257398
    974590    0.259834
    974600    0.257439
    974610    0.253328
    974620    0.247865
    974630     0.25471
    974640    0.253514
    974650    0.251794
    974660    0.258849
    974670    0.256244
    974680    0.257618
    974690    0.257162
    974700    0.255612
    974710    0.253437
    974720    0.255156
    974730    0.255023
    974740    0.255345
    974750    0.261192
    974760    0.258298
    974770     0.25831
    974780    0.259759
    974790     0.25654
    974800    0.257602
    974810    0.253261
    974820    0.257282
    974830     0.25974
    974840    0.259775
    974850    0.256687
    974860    0.260729
    974870    0.268023
    974880    0.261902
    974890    0.260272
    974900    0.261043
    974910    0.255655
    974920    0.263489
    974930    0.259855
    974940    0.253917
    974950    0.261255
    974960    0.260619
    974970    0.261224
    974980     0.25831
    974990    0.253746
    975000    0.256873
    975010    0.255968
    975020    0.257085
    975030    0.261179
    975040    0.257937
    975050    0.263152
    975060    0.254845
    975070    0.259563
    975080    0.257237
    975090    0.256641
    975100    0.262313
    975110     0.25738
    975120     0.25911
    975130    0.264344
    975140    0.258182
    975150     0.25912
    975160    0.255099
    975170    0.259098
    975180    0.257998
    975190    0.263832
    975200    0.255786
    975210    0.256843
    975220    0.257229
    975230    0.256028
    975240    0.260899
    975250    0.257838
    975260    0.258944
    975270    0.261763
    975280    0.258801
    975290    0.253858
    975300    0.256591
    975310     0.26152
    975320    0.255429
    975330     0.25879
    975340    0.255354
    975350    0.259162
    975360    0.261452
    975370    0.258016
    975380    0.257989
    975390    0.259593
    975400    0.260439
    975410    0.262252
    975420     0.26227
    975430    0.259781
    975440    0.263034
    975450    0.258506
    975460    0.264121
    975470    0.257971
    975480    0.256947
    975490     0.25411
    975500    0.259131
    975510    0.257753
    975520     0.26412
    975530    0.260361
    975540    0.258664
    975550     0.25582
    975560     0.25576
    975570    0.255536
    975580     0.25515
    975590    0.264081
    975600    0.257191
    975610    0.256674
    975620    0.253062
    975630    0.257659
    975640    0.260035
    975650    0.262506
    975660    0.256066
    975670     0.26455
    975680    0.259971
    975690    0.258732
    975700     0.25482
    975710    0.262836
    975720    0.256733
    975730    0.258995
    975740    0.257153
    975750    0.258477
    975760    0.257072
    975770    0.262369
    975780    0.257249
    975790    0.256777
    975800    0.256658
    975810    0.257932
    975820    0.255601
    975830    0.258069
    975840    0.254559
    975850    0.257144
    975860    0.257011
    975870    0.263594
    975880    0.258724
    975890    0.258434
    975900    0.260145
    975910    0.258157
    975920    0.259155
    975930    0.257948
    975940    0.261191
    975950     0.25886
    975960    0.257839
    975970    0.258644
    975980    0.262681
    975990    0.255209
    976000    0.260125
    976010    0.255774
    976020    0.256049
    976030    0.257159
    976040    0.261482
    976050    0.257732
    976060    0.253915
    976070    0.257625
    976080    0.259289
    976090    0.257956
    976100    0.251815
    976110    0.254078
    976120    0.257662
    976130    0.254727
    976140    0.256428
    976150    0.250986
    976160    0.255442
    976170    0.257822
    976180    0.256265
    976190    0.256987
    976200    0.254507
    976210    0.252447
    976220    0.261902
    976230    0.253035
    976240    0.255191
    976250    0.253202
    976260    0.256467
    976270    0.266269
    976280    0.258296
    976290    0.259141
    976300     0.25497
    976310    0.257279
    976320    0.257037
    976330    0.259882
    976340    0.253804
    976350    0.257444
    976360    0.259228
    976370    0.255842
    976380    0.256718
    976390    0.262182
    976400    0.259797
    976410    0.258729
    976420     0.25533
    976430    0.259788
    976440    0.257522
    976450    0.259757
    976460    0.259875
    976470    0.262059
    976480     0.25875
    976490    0.257015
    976500    0.256293
    976510    0.261254
    976520    0.255777
    976530    0.254945
    976540    0.255452
    976550    0.257987
    976560    0.257616
    976570    0.253736
    976580    0.254524
    976590    0.254459
    976600    0.258099
    976610    0.249047
    976620    0.255557
    976630    0.253789
    976640    0.257165
    976650    0.255509
    976660    0.249697
    976670      0.2579
    976680    0.258747
    976690    0.260393
    976700    0.257374
    976710    0.264131
    976720    0.267989
    976730    0.262104
    976740    0.255551
    976750    0.256398
    976760    0.259165
    976770    0.260271
    976780    0.259839
    976790    0.258556
    976800    0.262078
    976810    0.253965
    976820    0.256533
    976830    0.259438
    976840    0.258272
    976850    0.250601
    976860    0.260926
    976870    0.252867
    976880    0.257872
    976890     0.25538
    976900    0.256255
    976910    0.253245
    976920    0.261007
    976930    0.260034
    976940    0.256354
    976950    0.254485
    976960    0.256685
    976970    0.259461
    976980    0.253808
    976990    0.258651
    977000    0.255678
    977010    0.254469
    977020     0.25929
    977030    0.255518
    977040      0.2567
    977050    0.259814
    977060    0.259345
    977070    0.257106
    977080    0.260627
    977090    0.263858
    977100     0.25985
    977110    0.261511
    977120    0.261417
    977130      0.2559
    977140    0.255375
    977150    0.254929
    977160    0.257992
    977170    0.260469
    977180    0.255307
    977190    0.257909
    977200    0.265518
    977210    0.257765
    977220    0.256531
    977230    0.260898
    977240    0.263381
    977250     0.26135
    977260    0.259874
    977270    0.255071
    977280    0.249196
    977290    0.253347
    977300    0.255019
    977310    0.255356
    977320    0.253144
    977330    0.253826
    977340    0.254574
    977350    0.257082
    977360    0.257809
    977370    0.261639
    977380    0.259094
    977390    0.258147
    977400    0.252448
    977410    0.258086
    977420    0.253604
    977430    0.259172
    977440    0.253606
    977450    0.254028
    977460    0.260541
    977470    0.251306
    977480    0.261907
    977490    0.253127
    977500    0.257955
    977510    0.256307
    977520    0.255606
    977530     0.25874
    977540    0.257164
    977550    0.258181
    977560    0.260606
    977570    0.257071
    977580    0.257404
    977590    0.257087
    977600    0.254355
    977610    0.252836
    977620    0.258618
    977630    0.253939
    977640    0.256775
    977650    0.252755
    977660    0.256068
    977670    0.256454
    977680    0.254212
    977690    0.258821
    977700    0.255556
    977710    0.257534
    977720    0.250918
    977730    0.256024
    977740    0.259592
    977750    0.258003
    977760    0.255515
    977770     0.25697
    977780    0.258822
    977790    0.256156
    977800    0.256786
    977810    0.256289
    977820    0.259193
    977830    0.260379
    977840    0.260845
    977850    0.259259
    977860    0.257155
    977870    0.258429
    977880    0.253079
    977890    0.260843
    977900    0.254111
    977910    0.255269
    977920     0.26187
    977930    0.260936
    977940    0.257709
    977950     0.25815
    977960    0.262285
    977970    0.257072
    977980    0.260819
    977990    0.254299
    978000    0.259001
    978010    0.257311
    978020    0.258774
    978030    0.257741
    978040    0.258546
    978050    0.252018
    978060    0.257759
    978070    0.257397
    978080    0.256016
    978090     0.26042
    978100    0.260047
    978110    0.257501
    978120    0.255049
    978130    0.257814
    978140    0.256676
    978150    0.255559
    978160    0.255353
    978170    0.256604
    978180     0.25789
    978190    0.256124
    978200    0.258419
    978210    0.259254
    978220    0.256437
    978230    0.257575
    978240    0.257946
    978250    0.259212
    978260    0.256965
    978270    0.262726
    978280    0.261766
    978290    0.258131
    978300    0.257491
    978310    0.260671
    978320    0.262172
    978330    0.265275
    978340    0.258572
    978350    0.254777
    978360    0.256725
    978370    0.255279
    978380    0.262645
    978390    0.264958
    978400    0.257336
    978410    0.264943
    978420    0.256571
    978430    0.255869
    978440    0.259719
    978450    0.258671
    978460     0.26138
    978470    0.259353
    978480    0.257651
    978490    0.260546
    978500    0.262699
    978510    0.262263
    978520    0.263548
    978530    0.258591
    978540    0.259836
    978550    0.262615
    978560     0.26523
    978570    0.259375
    978580    0.263609
    978590    0.257179
    978600    0.263659
    978610    0.260267
    978620    0.260261
    978630    0.259698
    978640    0.260926
    978650    0.259359
    978660    0.259027
    978670    0.258959
    978680    0.258648
    978690    0.259643
    978700    0.258628
    978710    0.258328
    978720    0.258251
    978730    0.261924
    978740    0.261546
    978750    0.257251
    978760    0.258578
    978770    0.255621
    978780    0.257579
    978790    0.259177
    978800    0.263895
    978810    0.262392
    978820    0.258279
    978830    0.252204
    978840    0.261214
    978850    0.254019
    978860      0.2584
    978870    0.254782
    978880    0.257455
    978890    0.260952
    978900    0.253472
    978910    0.260975
    978920    0.261494
    978930    0.260769
    978940    0.255605
    978950    0.257926
    978960    0.257937
    978970    0.263791
    978980    0.255872
    978990     0.25546
    979000    0.252526
    979010     0.25597
    979020    0.263414
    979030    0.258745
    979040    0.263273
    979050    0.257703
    979060    0.259736
    979070    0.262979
    979080    0.263063
    979090    0.267087
    979100     0.26057
    979110    0.259264
    979120    0.258249
    979130    0.258974
    979140    0.260261
    979150    0.253715
    979160    0.264753
    979170    0.259798
    979180    0.259055
    979190    0.260084
    979200    0.260367
    979210    0.261826
    979220    0.257493
    979230    0.263948
    979240    0.258683
    979250    0.259223
    979260    0.267346
    979270    0.261354
    979280    0.259117
    979290    0.259037
    979300    0.258549
    979310    0.257328
    979320    0.260859
    979330    0.263773
    979340    0.260058
    979350    0.263979
    979360    0.260999
    979370    0.259001
    979380    0.252961
    979390    0.256524
    979400    0.257809
    979410    0.260927
    979420    0.256907
    979430    0.255833
    979440    0.258547
    979450    0.260724
    979460    0.256921
    979470    0.254963
    979480    0.255893
    979490    0.256659
    979500    0.256079
    979510    0.256217
    979520    0.256301
    979530    0.261213
    979540    0.257258
    979550    0.261892
    979560    0.255224
    979570    0.255878
    979580    0.257786
    979590    0.255523
    979600    0.255906
    979610    0.256549
    979620    0.255719
    979630    0.260252
    979640    0.256378
    979650    0.261677
    979660     0.25539
    979670    0.259052
    979680    0.256409
    979690    0.254952
    979700    0.253114
    979710    0.255815
    979720    0.260292
    979730    0.254847
    979740    0.252273
    979750    0.257469
    979760    0.252859
    979770    0.258198
    979780    0.257092
    979790    0.261938
    979800    0.253435
    979810    0.254692
    979820    0.257655
    979830     0.25543
    979840    0.260607
    979850    0.257167
    979860     0.25505
    979870    0.255096
    979880     0.26059
    979890    0.259383
    979900    0.261409
    979910    0.254708
    979920     0.25724
    979930    0.261354
    979940    0.253073
    979950    0.255483
    979960    0.250761
    979970     0.25971
    979980    0.255186
    979990    0.252768
    980000    0.252372
    980010    0.259226
    980020    0.253156
    980030    0.257786
    980040    0.257523
    980050     0.25494
    980060    0.259354
    980070    0.259746
    980080    0.255343
    980090    0.252986
    980100    0.254165
    980110    0.256425
    980120    0.256782
    980130    0.253616
    980140     0.25045
    980150    0.255715
    980160    0.256752
    980170    0.260677
    980180    0.257163
    980190    0.258572
    980200    0.256444
    980210    0.256359
    980220    0.254324
    980230    0.256286
    980240    0.252842
    980250    0.252745
    980260    0.254768
    980270    0.251178
    980280    0.255139
    980290    0.254177
    980300    0.252469
    980310    0.254508
    980320     0.25865
    980330    0.258717
    980340    0.260683
    980350    0.260173
    980360    0.257075
    980370    0.256652
    980380    0.257584
    980390    0.262326
    980400     0.25619
    980410    0.253619
    980420    0.258342
    980430    0.256172
    980440     0.25678
    980450    0.255198
    980460    0.254097
    980470    0.255543
    980480    0.252529
    980490    0.254558
    980500     0.25617
    980510    0.252167
    980520    0.255819
    980530     0.25439
    980540    0.260911
    980550    0.253191
    980560    0.259132
    980570    0.256766
    980580    0.257934
    980590    0.252018
    980600    0.257144
    980610    0.255305
    980620    0.260787
    980630    0.253194
    980640    0.249588
    980650    0.257757
    980660    0.255256
    980670    0.257697
    980680    0.256286
    980690    0.256568
    980700    0.256127
    980710     0.25663
    980720    0.252891
    980730    0.252213
    980740    0.258421
    980750    0.254718
    980760    0.258122
    980770     0.25087
    980780    0.253404
    980790    0.254656
    980800    0.255385
    980810    0.255901
    980820    0.259093
    980830    0.252003
    980840    0.257123
    980850     0.25473
    980860    0.258561
    980870    0.257978
    980880    0.253902
    980890     0.25596
    980900     0.25626
    980910    0.250818
    980920    0.256738
    980930    0.258224
    980940    0.255783
    980950    0.253783
    980960    0.260523
    980970    0.252298
    980980    0.255146
    980990    0.254841
    981000    0.256011
    981010    0.257204
    981020    0.258941
    981030    0.257473
    981040    0.256849
    981050    0.258076
    981060     0.25745
    981070    0.256628
    981080    0.254532
    981090    0.251486
    981100    0.257293
    981110      0.2528
    981120    0.256185
    981130    0.258536
    981140    0.260135
    981150    0.257539
    981160    0.259088
    981170    0.257301
    981180    0.256734
    981190    0.257218
    981200    0.256177
    981210    0.259232
    981220    0.257516
    981230    0.256091
    981240    0.257554
    981250    0.259348
    981260    0.258612
    981270    0.258356
    981280    0.253904
    981290    0.257478
    981300    0.257506
    981310    0.256358
    981320    0.252033
    981330    0.254311
    981340    0.255523
    981350    0.260286
    981360    0.254725
    981370    0.258755
    981380    0.258241
    981390    0.255793
    981400    0.256341
    981410     0.25763
    981420    0.249517
    981430    0.254078
    981440    0.259201
    981450    0.260605
    981460    0.260419
    981470    0.252397
    981480     0.25534
    981490    0.259502
    981500    0.254539
    981510    0.255631
    981520    0.256441
    981530    0.254804
    981540    0.257088
    981550     0.25833
    981560    0.255368
    981570    0.258708
    981580    0.257443
    981590    0.254656
    981600    0.254507
    981610    0.259628
    981620    0.255415
    981630    0.259556
    981640     0.26019
    981650    0.256845
    981660    0.257211
    981670    0.260241
    981680    0.254267
    981690    0.260264
    981700     0.25207
    981710    0.260566
    981720    0.261727
    981730    0.255395
    981740     0.25622
    981750    0.254832
    981760    0.254312
    981770    0.253669
    981780    0.258008
    981790    0.261474
    981800     0.25882
    981810    0.256856
    981820    0.257936
    981830    0.255906
    981840    0.258305
    981850    0.259719
    981860    0.255664
    981870    0.256411
    981880    0.260136
    981890    0.256867
    981900    0.260422
    981910    0.260561
    981920    0.257692
    981930    0.256521
    981940    0.249797
    981950    0.255784
    981960    0.263234
    981970    0.260023
    981980    0.259159
    981990    0.254708
    982000      0.2553
    982010    0.260126
    982020    0.256914
    982030    0.254788
    982040    0.255457
    982050    0.255995
    982060    0.252523
    982070    0.260606
    982080    0.259703
    982090    0.254605
    982100    0.253904
    982110     0.25338
    982120     0.25214
    982130    0.257758
    982140    0.256864
    982150    0.258772
    982160    0.256627
    982170    0.255241
    982180    0.255295
    982190    0.253663
    982200    0.258289
    982210    0.257659
    982220    0.256386
    982230    0.254656
    982240    0.255727
    982250    0.253346
    982260    0.256121
    982270    0.255989
    982280    0.253694
    982290    0.257107
    982300    0.255905
    982310    0.253941
    982320    0.258249
    982330    0.252032
    982340    0.259696
    982350    0.256547
    982360    0.256624
    982370    0.248872
    982380    0.252196
    982390    0.255739
    982400    0.253674
    982410    0.250969
    982420    0.256402
    982430    0.256129
    982440    0.259885
    982450    0.259861
    982460     0.25834
    982470    0.260103
    982480    0.256482
    982490    0.259556
    982500    0.259707
    982510    0.259609
    982520    0.258849
    982530     0.25791
    982540    0.259126
    982550    0.262292
    982560    0.261362
    982570    0.259291
    982580    0.262629
    982590    0.259239
    982600    0.261005
    982610    0.261795
    982620    0.262833
    982630    0.255464
    982640    0.260314
    982650    0.257985
    982660    0.257007
    982670    0.261654
    982680     0.25392
    982690    0.259121
    982700    0.260013
    982710    0.258264
    982720    0.260082
    982730    0.258385
    982740    0.258911
    982750    0.255987
    982760    0.260404
    982770    0.258257
    982780    0.252969
    982790    0.259811
    982800    0.254804
    982810    0.255069
    982820    0.259976
    982830    0.260627
    982840    0.262395
    982850    0.255159
    982860     0.26251
    982870    0.257766
    982880    0.261988
    982890     0.25665
    982900    0.266556
    982910    0.258158
    982920    0.256433
    982930    0.258535
    982940    0.258428
    982950    0.257604
    982960    0.253801
    982970    0.258432
    982980    0.254478
    982990    0.256137
    983000    0.258309
    983010    0.257887
    983020    0.257546
    983030    0.258366
    983040    0.258704
    983050    0.257233
    983060    0.252252
    983070    0.259586
    983080    0.259195
    983090    0.256672
    983100    0.257193
    983110    0.264218
    983120    0.260441
    983130    0.259701
    983140    0.256928
    983150    0.263666
    983160    0.260766
    983170    0.257601
    983180    0.261079
    983190    0.258008
    983200    0.260286
    983210    0.263218
    983220    0.255942
    983230    0.259708
    983240    0.262751
    983250    0.261887
    983260    0.260755
    983270    0.263456
    983280    0.261125
    983290    0.255821
    983300    0.262159
    983310    0.259025
    983320    0.259623
    983330    0.262026
    983340    0.259397
    983350    0.259292
    983360    0.264457
    983370    0.263493
    983380    0.258774
    983390    0.261758
    983400    0.260862
    983410    0.256859
    983420    0.260342
    983430    0.260524
    983440    0.258384
    983450    0.253375
    983460    0.259178
    983470    0.257742
    983480    0.259601
    983490    0.254948
    983500    0.259268
    983510     0.25941
    983520    0.257397
    983530    0.262306
    983540    0.254179
    983550    0.259452
    983560    0.257938
    983570    0.261065
    983580     0.25745
    983590    0.261471
    983600    0.260328
    983610    0.255166
    983620    0.259129
    983630    0.259631
    983640    0.255958
    983650    0.262739
    983660    0.260793
    983670    0.256078
    983680    0.262434
    983690     0.25845
    983700    0.262053
    983710    0.257963
    983720    0.259237
    983730    0.252721
    983740    0.258353
    983750     0.25361
    983760    0.256876
    983770    0.254839
    983780    0.258242
    983790    0.255117
    983800    0.262832
    983810    0.260508
    983820    0.254691
    983830    0.255611
    983840    0.260327
    983850    0.256133
    983860    0.257338
    983870    0.256299
    983880    0.262594
    983890    0.262387
    983900    0.268797
    983910    0.260124
    983920    0.257851
    983930    0.259071
    983940    0.255602
    983950    0.257596
    983960    0.258701
    983970     0.25335
    983980    0.257075
    983990    0.252597
    984000     0.25316
    984010    0.261498
    984020    0.259562
    984030    0.256966
    984040    0.253555
    984050    0.258431
    984060    0.254239
    984070    0.253841
    984080    0.255155
    984090    0.255117
    984100    0.256521
    984110     0.26008
    984120    0.256064
    984130    0.260585
    984140    0.254284
    984150    0.258004
    984160    0.250614
    984170    0.254814
    984180    0.251384
    984190    0.253305
    984200    0.259852
    984210    0.254827
    984220    0.258597
    984230    0.249326
    984240    0.250214
    984250    0.255981
    984260    0.254688
    984270    0.254184
    984280     0.25766
    984290    0.258502
    984300      0.2571
    984310    0.253176
    984320    0.257653
    984330    0.251597
    984340    0.250088
    984350    0.258249
    984360    0.259234
    984370    0.258517
    984380    0.254051
    984390    0.257306
    984400     0.25568
    984410    0.252796
    984420     0.25407
    984430    0.252027
    984440    0.252045
    984450    0.251482
    984460    0.250923
    984470    0.250479
    984480    0.249549
    984490    0.253666
    984500    0.252271
    984510    0.254181
    984520     0.25476
    984530    0.254184
    984540    0.250623
    984550    0.254212
    984560    0.256703
    984570    0.252593
    984580    0.254832
    984590    0.253775
    984600     0.25774
    984610    0.253988
    984620    0.254484
    984630    0.254042
    984640    0.255127
    984650    0.251309
    984660    0.258571
    984670    0.254268
    984680    0.250682
    984690    0.251603
    984700    0.254948
    984710    0.255637
    984720    0.250795
    984730    0.254789
    984740     0.25317
    984750    0.257727
    984760    0.257001
    984770    0.258667
    984780    0.257257
    984790    0.258008
    984800    0.257502
    984810    0.254764
    984820     0.25205
    984830    0.258525
    984840    0.254841
    984850    0.259143
    984860    0.260881
    984870    0.248872
    984880    0.257468
    984890    0.256501
    984900    0.249857
    984910    0.254742
    984920    0.260285
    984930    0.255321
    984940    0.252881
    984950    0.258391
    984960    0.254885
    984970    0.258038
    984980    0.253588
    984990    0.257791
    985000    0.261816
    985010    0.253611
    985020    0.254086
    985030    0.251366
    985040    0.248931
    985050    0.252741
    985060    0.252884
    985070    0.251952
    985080    0.252498
    985090    0.252292
    985100    0.253438
    985110    0.250861
    985120    0.253613
    985130    0.257179
    985140    0.258113
    985150    0.258819
    985160     0.25881
    985170    0.258549
    985180    0.262275
    985190     0.25348
    985200    0.258227
    985210    0.256546
    985220    0.253648
    985230    0.251681
    985240    0.254911
    985250     0.25782
    985260    0.257957
    985270    0.254091
    985280     0.25173
    985290    0.257242
    985300     0.26295
    985310    0.256859
    985320    0.255696
    985330    0.254874
    985340    0.254376
    985350    0.257593
    985360     0.25735
    985370    0.253253
    985380    0.257659
    985390    0.256636
    985400    0.255479
    985410    0.256366
    985420    0.260306
    985430    0.259197
    985440    0.258514
    985450    0.257017
    985460    0.254383
    985470    0.255757
    985480    0.255879
    985490    0.255256
    985500    0.255726
    985510    0.256409
    985520    0.252983
    985530    0.253141
    985540    0.249612
    985550    0.250353
    985560    0.253207
    985570    0.257187
    985580    0.258452
    985590    0.254521
    985600    0.257409
    985610    0.251656
    985620    0.257427
    985630    0.252637
    985640    0.256326
    985650    0.252856
    985660    0.258923
    985670    0.257863
    985680    0.252653
    985690    0.256333
    985700     0.25149
    985710    0.255209
    985720    0.253154
    985730    0.252379
    985740    0.255724
    985750    0.254882
    985760    0.261583
    985770    0.258146
    985780    0.255866
    985790    0.255105
    985800    0.253337
    985810    0.253505
    985820    0.254563
    985830    0.252425
    985840    0.253309
    985850    0.256221
    985860    0.253999
    985870    0.254864
    985880    0.254386
    985890    0.253238
    985900    0.255044
    985910    0.254576
    985920    0.258202
    985930    0.257755
    985940    0.260748
    985950    0.255278
    985960    0.254702
    985970    0.258506
    985980    0.251886
    985990    0.253067
    986000     0.26054
    986010     0.25334
    986020    0.258654
    986030     0.25267
    986040    0.252994
    986050    0.252461
    986060    0.254223
    986070     0.25971
    986080    0.254154
    986090    0.254316
    986100    0.255232
    986110    0.253136
    986120    0.258873
    986130    0.252765
    986140    0.258418
    986150    0.252175
    986160     0.25665
    986170    0.256182
    986180    0.250876
    986190    0.254566
    986200    0.260816
    986210    0.248916
    986220    0.256816
    986230    0.256351
    986240    0.254003
    986250    0.257367
    986260     0.25482
    986270    0.256086
    986280    0.250278
    986290    0.253218
    986300    0.259871
    986310    0.253825
    986320    0.253379
    986330    0.256809
    986340    0.253451
    986350    0.255635
    986360    0.253582
    986370    0.250087
    986380     0.25645
    986390    0.254769
    986400    0.255796
    986410     0.25418
    986420    0.254207
    986430    0.255806
    986440    0.262169
    986450    0.254533
    986460    0.252571
    986470     0.25063
    986480    0.252675
    986490    0.253822
    986500    0.251454
    986510    0.254984
    986520    0.253255
    986530    0.250488
    986540     0.25454
    986550     0.25059
    986560    0.251575
    986570    0.249322
    986580    0.254026
    986590    0.252728
    986600    0.252484
    986610    0.254877
    986620    0.248209
    986630    0.257192
    986640     0.25086
    986650    0.250595
    986660    0.248771
    986670    0.255837
    986680     0.25793
    986690    0.253019
    986700    0.253596
    986710    0.256477
    986720    0.256518
    986730    0.254435
    986740    0.254001
    986750    0.256616
    986760    0.254079
    986770    0.251205
    986780    0.254306
    986790    0.259545
    986800    0.252919
    986810    0.251716
    986820    0.258048
    986830    0.254366
    986840      0.2513
    986850    0.254141
    986860    0.255619
    986870    0.252799
    986880    0.250691
    986890    0.258732
    986900    0.252685
    986910    0.253963
    986920    0.254663
    986930    0.253194
    986940    0.256289
    986950    0.251796
    986960    0.256277
    986970    0.254732
    986980    0.254726
    986990    0.257707
    987000    0.256453
    987010     0.25789
    987020    0.253611
    987030    0.254114
    987040    0.250487
    987050    0.255816
    987060    0.248979
    987070    0.252829
    987080    0.251478
    987090    0.256134
    987100    0.254576
    987110    0.253532
    987120     0.25439
    987130    0.252324
    987140    0.255061
    987150    0.254351
    987160    0.255139
    987170    0.254302
    987180    0.249877
    987190    0.253574
    987200    0.255661
    987210    0.257674
    987220    0.254199
    987230    0.252723
    987240    0.256077
    987250    0.257515
    987260    0.259697
    987270    0.252776
    987280    0.252492
    987290    0.256389
    987300    0.255402
    987310    0.260255
    987320    0.253505
    987330    0.249789
    987340    0.250967
    987350    0.250325
    987360    0.251644
    987370    0.256629
    987380    0.254717
    987390    0.255155
    987400    0.255023
    987410    0.257461
    987420    0.257113
    987430    0.255963
    987440    0.252584
    987450    0.259226
    987460    0.258806
    987470    0.255565
    987480     0.25733
    987490    0.253766
    987500    0.255006
    987510    0.253311
    987520    0.254096
    987530    0.254586
    987540    0.251801
    987550     0.25183
    987560    0.250273
    987570     0.24908
    987580    0.252304
    987590    0.253046
    987600    0.252114
    987610    0.260479
    987620     0.25689
    987630    0.257538
    987640    0.257617
    987650    0.254787
    987660    0.254032
    987670    0.253751
    987680    0.256283
    987690     0.25295
    987700    0.251815
    987710    0.257195
    987720    0.251509
    987730    0.255895
    987740    0.258981
    987750    0.255719
    987760    0.252666
    987770    0.257868
    987780    0.255261
    987790    0.257018
    987800    0.255783
    987810    0.256913
    987820      0.2588
    987830     0.25287
    987840    0.253031
    987850     0.25885
    987860     0.25604
    987870     0.25544
    987880    0.255363
    987890    0.254719
    987900    0.250742
    987910    0.252983
    987920    0.256398
    987930      0.2527
    987940    0.249422
    987950    0.256311
    987960    0.254018
    987970    0.257751
    987980    0.252022
    987990    0.252099
    988000    0.254622
    988010    0.254273
    988020    0.259164
    988030    0.251591
    988040    0.248808
    988050    0.255945
    988060    0.254911
    988070    0.257752
    988080    0.252717
    988090    0.253484
    988100    0.252441
    988110      0.2568
    988120    0.262863
    988130    0.255448
    988140     0.24979
    988150    0.255198
    988160     0.25352
    988170     0.24825
    988180    0.252624
    988190    0.258494
    988200     0.25577
    988210    0.256659
    988220    0.261579
    988230    0.256813
    988240    0.260021
    988250    0.261261
    988260    0.260196
    988270     0.26365
    988280    0.260985
    988290    0.256925
    988300    0.255491
    988310    0.257425
    988320    0.254799
    988330    0.255798
    988340    0.256217
    988350    0.252249
    988360    0.256604
    988370    0.255977
    988380    0.260915
    988390    0.260062
    988400    0.259776
    988410     0.25501
    988420     0.25547
    988430    0.252217
    988440    0.255815
    988450    0.256963
    988460    0.258298
    988470    0.248522
    988480    0.257493
    988490    0.252497
    988500     0.25635
    988510    0.258818
    988520    0.254776
    988530    0.254563
    988540    0.253621
    988550    0.262082
    988560    0.258637
    988570    0.254975
    988580    0.253686
    988590    0.255296
    988600    0.256513
    988610    0.252121
    988620     0.25377
    988630    0.255789
    988640    0.255674
    988650    0.254897
    988660    0.249851
    988670    0.253013
    988680    0.251327
    988690    0.246837
    988700    0.251726
    988710    0.250486
    988720    0.256829
    988730    0.250089
    988740    0.257448
    988750    0.257168
    988760    0.260478
    988770     0.25724
    988780    0.252253
    988790      0.2539
    988800    0.249347
    988810    0.258348
    988820    0.256183
    988830     0.25834
    988840    0.258926
    988850    0.255238
    988860    0.260126
    988870    0.260909
    988880     0.25768
    988890    0.257214
    988900    0.257612
    988910    0.254704
    988920    0.254834
    988930    0.254006
    988940    0.255863
    988950    0.259923
    988960     0.25436
    988970    0.263631
    988980    0.255408
    988990    0.262188
    989000    0.251903
    989010    0.258776
    989020    0.254953
    989030    0.260004
    989040    0.254953
    989050    0.256965
    989060     0.26048
    989070    0.256834
    989080    0.259817
    989090    0.256321
    989100    0.253725
    989110    0.253285
    989120    0.256916
    989130    0.259454
    989140    0.256891
    989150    0.256666
    989160    0.258377
    989170     0.25707
    989180    0.257665
    989190      0.2594
    989200    0.257098
    989210    0.257844
    989220    0.255896
    989230    0.251159
    989240    0.253274
    989250    0.256264
    989260     0.25491
    989270    0.256748
    989280    0.258709
    989290    0.269196
    989300    0.254903
    989310    0.258583
    989320    0.256179
    989330    0.259974
    989340    0.263826
    989350     0.25811
    989360    0.259457
    989370    0.260134
    989380    0.261022
    989390    0.261647
    989400    0.264593
    989410    0.260341
    989420    0.257942
    989430    0.257287
    989440    0.258798
    989450    0.256574
    989460    0.253575
    989470    0.261081
    989480    0.258532
    989490    0.258285
    989500    0.262902
    989510    0.263094
    989520    0.254584
    989530    0.264964
    989540    0.255486
    989550     0.25428
    989560     0.26226
    989570    0.264512
    989580    0.257861
    989590     0.26125
    989600    0.259521
    989610    0.257805
    989620    0.261014
    989630    0.261914
    989640    0.261599
    989650    0.257232
    989660     0.25993
    989670    0.267071
    989680     0.25844
    989690    0.257374
    989700    0.258471
    989710     0.26198
    989720    0.265334
    989730    0.262015
    989740    0.261703
    989750    0.260096
    989760     0.25715
    989770    0.256332
    989780    0.258468
    989790    0.257507
    989800    0.258773
    989810    0.256273
    989820     0.25749
    989830    0.259256
    989840    0.264398
    989850     0.26046
    989860     0.25625
    989870    0.259267
    989880    0.257106
    989890    0.254717
    989900     0.26388
    989910    0.261295
    989920    0.265366
    989930    0.258353
    989940    0.265351
    989950    0.263825
    989960    0.255498
    989970    0.260061
    989980    0.263712
    989990    0.257934
    990000    0.260736
    990010     0.26564
    990020    0.263257
    990030    0.259792
    990040    0.258749
    990050    0.256109
    990060    0.260907
    990070    0.260796
    990080    0.255982
    990090     0.25834
    990100    0.262653
    990110    0.264538
    990120    0.257772
    990130    0.257926
    990140    0.256654
    990150    0.264097
    990160    0.258031
    990170    0.257189
    990180    0.254698
    990190     0.25886
    990200    0.260212
    990210    0.255703
    990220    0.261749
    990230    0.257993
    990240    0.256318
    990250    0.253989
    990260    0.253614
    990270    0.256408
    990280    0.261216
    990290    0.255646
    990300    0.258646
    990310    0.260451
    990320    0.258131
    990330     0.26272
    990340    0.259233
    990350    0.259358
    990360    0.253624
    990370    0.260655
    990380     0.25689
    990390    0.266249
    990400    0.256821
    990410    0.262747
    990420    0.262625
    990430    0.255586
    990440    0.253944
    990450    0.260113
    990460    0.261664
    990470    0.257541
    990480    0.256315
    990490    0.254266
    990500    0.258664
    990510    0.254679
    990520    0.256424
    990530    0.255677
    990540    0.259184
    990550    0.254597
    990560     0.25417
    990570    0.252409
    990580    0.253963
    990590    0.256065
    990600    0.259171
    990610    0.254547
    990620    0.259647
    990630    0.254382
    990640    0.252151
    990650    0.254021
    990660    0.254441
    990670    0.258754
    990680    0.253558
    990690    0.257272
    990700    0.254242
    990710    0.255246
    990720    0.255806
    990730    0.255867
    990740    0.254331
    990750    0.261646
    990760    0.265644
    990770    0.251553
    990780    0.254889
    990790    0.257261
    990800    0.263763
    990810    0.259151
    990820    0.252744
    990830     0.25534
    990840    0.257907
    990850    0.255623
    990860    0.255697
    990870    0.255185
    990880    0.252408
    990890    0.259568
    990900    0.255446
    990910    0.257422
    990920    0.253674
    990930     0.25675
    990940    0.264495
    990950    0.257879
    990960    0.256306
    990970    0.256837
    990980     0.25372
    990990    0.253871
    991000       0.248
    991010    0.257982
    991020    0.251829
    991030    0.254286
    991040    0.258335
    991050    0.254737
    991060    0.255013
    991070    0.258022
    991080    0.254375
    991090    0.252732
    991100    0.253848
    991110    0.252379
    991120    0.252328
    991130    0.254902
    991140    0.248701
    991150    0.248722
    991160    0.252428
    991170    0.256673
    991180    0.256775
    991190    0.256871
    991200    0.252699
    991210     0.25345
    991220    0.258961
    991230    0.254828
    991240    0.260626
    991250    0.257096
    991260    0.259729
    991270    0.258563
    991280    0.253642
    991290    0.257521
    991300    0.254666
    991310    0.259198
    991320    0.261052
    991330    0.255731
    991340    0.259446
    991350    0.261588
    991360    0.258143
    991370    0.260877
    991380    0.257796
    991390    0.249595
    991400    0.257796
    991410    0.255266
    991420    0.257367
    991430    0.259847
    991440    0.256994
    991450    0.259213
    991460    0.257851
    991470    0.258137
    991480    0.252415
    991490    0.260725
    991500    0.261687
    991510    0.261207
    991520    0.255552
    991530    0.253645
    991540    0.255307
    991550    0.258742
    991560    0.255325
    991570    0.255867
    991580    0.262528
    991590    0.252001
    991600    0.254588
    991610    0.259031
    991620     0.25339
    991630    0.253299
    991640    0.255018
    991650    0.256887
    991660    0.255951
    991670    0.258972
    991680     0.25504
    991690    0.259905
    991700    0.260478
    991710    0.263084
    991720    0.253796
    991730    0.258064
    991740    0.260913
    991750     0.26041
    991760    0.264781
    991770    0.256966
    991780    0.261089
    991790     0.25977
    991800    0.260827
    991810    0.259128
    991820    0.258373
    991830    0.263001
    991840    0.256567
    991850    0.258623
    991860    0.260022
    991870    0.257341
    991880    0.254759
    991890    0.262271
    991900    0.259599
    991910    0.263778
    991920    0.260355
    991930    0.261538
    991940    0.256897
    991950    0.257888
    991960    0.261128
    991970    0.253746
    991980    0.259062
    991990    0.254504
    992000    0.258277
    992010    0.263047
    992020    0.254205
    992030    0.261417
    992040    0.260584
    992050    0.259987
    992060    0.262065
    992070    0.259191
    992080     0.26061
    992090    0.260915
    992100    0.260285
    992110    0.266774
    992120    0.259849
    992130     0.26255
    992140    0.264368
    992150     0.26548
    992160    0.261401
    992170    0.257402
    992180    0.255715
    992190    0.258969
    992200    0.260324
    992210    0.262241
    992220    0.261972
    992230    0.259411
    992240    0.256526
    992250    0.257069
    992260     0.25891
    992270     0.25974
    992280    0.257853
    992290    0.255011
    992300    0.264719
    992310    0.255667
    992320    0.260447
    992330    0.261059
    992340    0.255301
    992350    0.261072
    992360    0.262946
    992370    0.257599
    992380     0.25963
    992390    0.260519
    992400    0.261218
    992410    0.255662
    992420    0.264126
    992430    0.263258
    992440    0.259879
    992450    0.258955
    992460    0.257989
    992470    0.256323
    992480    0.260435
    992490    0.255253
    992500    0.260975
    992510    0.261931
    992520    0.255784
    992530    0.261816
    992540    0.265011
    992550    0.257943
    992560    0.261931
    992570    0.260902
    992580    0.259956
    992590    0.254941
    992600     0.25714
    992610    0.260703
    992620    0.266038
    992630    0.262676
    992640    0.257736
    992650    0.260727
    992660    0.261274
    992670    0.264399
    992680    0.258705
    992690    0.260832
    992700    0.254926
    992710    0.257447
    992720    0.255897
    992730    0.262681
    992740    0.254955
    992750    0.254599
    992760    0.253101
    992770    0.256992
    992780    0.261436
    992790    0.257761
    992800    0.260185
    992810    0.266719
    992820    0.259246
    992830    0.264082
    992840    0.256954
    992850    0.262555
    992860    0.260707
    992870    0.260904
    992880    0.261839
    992890    0.258006
    992900    0.260238
    992910    0.255811
    992920    0.257705
    992930     0.25472
    992940    0.260752
    992950    0.256074
    992960    0.256311
    992970    0.258293
    992980    0.258975
    992990    0.259934
    993000      0.2643
    993010    0.253327
    993020    0.260029
    993030    0.263421
    993040    0.261916
    993050    0.264491
    993060    0.263091
    993070    0.260277
    993080    0.260956
    993090    0.259631
    993100    0.258857
    993110    0.262849
    993120    0.258893
    993130    0.257435
    993140    0.260198
    993150    0.262263
    993160    0.259945
    993170    0.260882
    993180    0.262999
    993190    0.260395
    993200    0.262214
    993210    0.260482
    993220    0.262546
    993230     0.26384
    993240    0.259173
    993250    0.261302
    993260     0.25945
    993270    0.257015
    993280    0.261865
    993290    0.261667
    993300    0.256592
    993310    0.261058
    993320    0.259018
    993330    0.259436
    993340    0.257623
    993350    0.256728
    993360    0.267635
    993370    0.259316
    993380    0.259728
    993390    0.255221
    993400    0.254205
    993410    0.263801
    993420    0.256898
    993430    0.255878
    993440    0.258642
    993450    0.255967
    993460    0.255791
    993470    0.265039
    993480     0.25754
    993490    0.267005
    993500    0.261358
    993510    0.252328
    993520    0.265187
    993530    0.260729
    993540    0.260995
    993550    0.264876
    993560    0.258251
    993570    0.259674
    993580    0.261077
    993590    0.258383
    993600    0.259578
    993610    0.264628
    993620    0.260554
    993630    0.263895
    993640    0.260538
    993650    0.258221
    993660    0.262132
    993670     0.25731
    993680    0.258714
    993690     0.25794
    993700    0.259943
    993710    0.257968
    993720    0.262693
    993730    0.259512
    993740    0.258567
    993750    0.260042
    993760    0.257049
    993770    0.262246
    993780    0.258998
    993790    0.257724
    993800    0.263402
    993810    0.263167
    993820    0.256401
    993830    0.254933
    993840    0.262284
    993850    0.264473
    993860    0.257326
    993870    0.254996
    993880    0.261332
    993890    0.261863
    993900    0.259181
    993910    0.257199
    993920    0.260028
    993930    0.256702
    993940    0.256585
    993950    0.260216
    993960     0.26194
    993970    0.252683
    993980    0.259858
    993990    0.251651
    994000    0.256214
    994010    0.254981
    994020    0.258893
    994030    0.256072
    994040    0.255618
    994050    0.257621
    994060    0.264156
    994070    0.265152
    994080    0.264685
    994090    0.265406
    994100     0.26001
    994110    0.265239
    994120    0.258688
    994130    0.266918
    994140    0.266288
    994150    0.259732
    994160    0.262322
    994170    0.263195
    994180    0.258464
    994190    0.259341
    994200    0.256324
    994210    0.259754
    994220    0.257518
    994230    0.260491
    994240    0.260913
    994250    0.258242
    994260    0.258449
    994270    0.262639
    994280    0.266126
    994290    0.259415
    994300    0.259975
    994310    0.258761
    994320    0.263663
    994330    0.257241
    994340    0.259419
    994350    0.261589
    994360    0.259795
    994370    0.258886
    994380    0.262346
    994390    0.260042
    994400    0.263117
    994410    0.262025
    994420    0.264938
    994430    0.258724
    994440    0.261245
    994450    0.263146
    994460    0.257406
    994470     0.25917
    994480    0.258152
    994490    0.264573
    994500    0.259762
    994510    0.261684
    994520    0.257697
    994530    0.254661
    994540    0.261785
    994550    0.255957
    994560    0.259683
    994570    0.257847
    994580    0.257706
    994590    0.258439
    994600    0.252148
    994610     0.25949
    994620    0.261506
    994630     0.26595
    994640    0.256279
    994650    0.258388
    994660    0.257879
    994670    0.262449
    994680    0.261516
    994690    0.258813
    994700    0.259716
    994710    0.262252
    994720    0.263814
    994730    0.259046
    994740    0.265246
    994750    0.257559
    994760    0.262007
    994770    0.262524
    994780    0.262052
    994790    0.256681
    994800    0.266205
    994810    0.265012
    994820     0.25763
    994830    0.257849
    994840    0.266206
    994850    0.261778
    994860    0.256688
    994870    0.266522
    994880    0.263537
    994890    0.265627
    994900    0.264819
    994910    0.267698
    994920    0.263674
    994930    0.259168
    994940    0.264017
    994950    0.262799
    994960    0.265813
    994970    0.265525
    994980     0.26282
    994990    0.259225
    995000    0.253544
    995010    0.262251
    995020     0.25591
    995030    0.264666
    995040    0.264474
    995050    0.264787
    995060    0.260353
    995070    0.261454
    995080    0.264412
    995090    0.254497
    995100    0.259818
    995110    0.258351
    995120    0.257346
    995130    0.265222
    995140    0.257904
    995150    0.259198
    995160    0.258097
    995170    0.258348
    995180    0.259519
    995190    0.257152
    995200    0.257657
    995210    0.262465
    995220    0.260234
    995230    0.261283
    995240      0.2587
    995250     0.25633
    995260    0.259893
    995270    0.256522
    995280     0.25944
    995290    0.262768
    995300    0.255802
    995310    0.261941
    995320    0.256511
    995330    0.257283
    995340    0.259422
    995350    0.260158
    995360    0.255869
    995370     0.26156
    995380    0.261705
    995390    0.261232
    995400    0.263468
    995410    0.258598
    995420    0.262493
    995430    0.259306
    995440     0.26244
    995450    0.254971
    995460    0.256322
    995470    0.252703
    995480    0.258881
    995490    0.256599
    995500    0.260376
    995510    0.256553
    995520    0.258265
    995530     0.25971
    995540    0.259879
    995550    0.260273
    995560    0.258675
    995570    0.259073
    995580    0.256497
    995590    0.258338
    995600    0.257277
    995610    0.258347
    995620    0.255934
    995630     0.25702
    995640    0.262373
    995650    0.258661
    995660    0.259054
    995670    0.262942
    995680    0.257664
    995690    0.248724
    995700    0.256093
    995710    0.257023
    995720    0.259855
    995730    0.258255
    995740    0.258202
    995750     0.26083
    995760    0.259805
    995770    0.263431
    995780    0.256761
    995790     0.25914
    995800    0.256701
    995810    0.264592
    995820    0.262528
    995830    0.259719
    995840    0.260392
    995850    0.255805
    995860     0.25837
    995870    0.261651
    995880    0.257213
    995890    0.258336
    995900    0.254149
    995910    0.258744
    995920    0.259555
    995930    0.253814
    995940    0.259248
    995950    0.258243
    995960    0.259457
    995970    0.255887
    995980    0.258308
    995990    0.254537
    996000    0.269477
    996010    0.266573
    996020    0.260972
    996030    0.260441
    996040    0.261554
    996050    0.264355
    996060    0.258528
    996070    0.255139
    996080    0.257772
    996090    0.258773
    996100    0.250894
    996110    0.259301
    996120    0.256817
    996130    0.254114
    996140    0.252101
    996150     0.25361
    996160    0.255482
    996170    0.254235
    996180    0.250983
    996190    0.257302
    996200    0.256091
    996210    0.253697
    996220    0.255848
    996230    0.256249
    996240    0.261321
    996250    0.254959
    996260    0.254466
    996270     0.26044
    996280    0.255453
    996290    0.257695
    996300    0.259161
    996310    0.258374
    996320    0.254462
    996330    0.255113
    996340    0.258089
    996350    0.252479
    996360    0.255653
    996370    0.257515
    996380    0.255364
    996390    0.257514
    996400    0.251102
    996410    0.256676
    996420    0.256218
    996430    0.256631
    996440    0.262661
    996450    0.253276
    996460    0.253332
    996470    0.256565
    996480    0.255513
    996490    0.259288
    996500    0.256702
    996510    0.255798
    996520    0.257941
    996530    0.258079
    996540    0.255307
    996550    0.259189
    996560    0.256639
    996570    0.258281
    996580    0.261391
    996590    0.263926
    996600    0.258284
    996610    0.256911
    996620    0.261313
    996630     0.25824
    996640    0.253418
    996650    0.252072
    996660    0.248766
    996670    0.264738
    996680     0.25575
    996690    0.258704
    996700    0.259982
    996710    0.257816
    996720     0.25986
    996730     0.25887
    996740    0.259952
    996750    0.256587
    996760     0.26048
    996770    0.260876
    996780    0.254039
    996790    0.255909
    996800    0.258118
    996810    0.256105
    996820    0.265491
    996830    0.257252
    996840    0.256153
    996850    0.256824
    996860    0.263328
    996870    0.260968
    996880    0.258517
    996890    0.259384
    996900    0.257177
    996910    0.259299
    996920    0.258919
    996930    0.257134
    996940    0.261961
    996950    0.259331
    996960    0.257079
    996970    0.263394
    996980    0.264802
    996990    0.261359
    997000    0.262545
    997010    0.256683
    997020    0.257154
    997030    0.257661
    997040    0.263777
    997050    0.260146
    997060    0.256616
    997070    0.261845
    997080    0.259697
    997090    0.259599
    997100     0.26224
    997110    0.262046
    997120      0.2613
    997130     0.26134
    997140    0.259998
    997150    0.256714
    997160    0.264384
    997170    0.258713
    997180    0.260892
    997190    0.256564
    997200    0.265174
    997210    0.256414
    997220    0.255236
    997230    0.259713
    997240    0.261861
    997250    0.258394
    997260    0.265001
    997270    0.256158
    997280    0.265281
    997290    0.262004
    997300    0.258489
    997310    0.260564
    997320    0.254745
    997330    0.259941
    997340    0.256786
    997350    0.259869
    997360    0.259733
    997370    0.261648
    997380    0.259773
    997390    0.261521
    997400    0.257888
    997410    0.259707
    997420    0.261896
    997430    0.261352
    997440    0.260075
    997450    0.251156
    997460    0.257303
    997470    0.257818
    997480     0.26047
    997490    0.262828
    997500    0.258253
    997510     0.25906
    997520    0.262495
    997530     0.25749
    997540    0.262541
    997550    0.259759
    997560    0.261543
    997570     0.25879
    997580    0.263093
    997590     0.25586
    997600    0.257862
    997610    0.263786
    997620    0.263608
    997630    0.259966
    997640    0.259758
    997650    0.264459
    997660    0.262103
    997670    0.260663
    997680    0.262327
    997690    0.263969
    997700    0.262612
    997710    0.264794
    997720    0.262106
    997730    0.262157
    997740    0.259485
    997750    0.257502
    997760    0.259912
    997770    0.260679
    997780    0.258365
    997790    0.259786
    997800    0.253141
    997810    0.260086
    997820    0.259356
    997830    0.260319
    997840    0.257212
    997850    0.261038
    997860    0.265872
    997870    0.261577
    997880     0.25987
    997890    0.261494
    997900    0.260805
    997910    0.261341
    997920      0.2643
    997930    0.268983
    997940    0.260203
    997950    0.264914
    997960     0.26345
    997970    0.260137
    997980    0.260394
    997990    0.264642
    998000    0.260367
    998010    0.259135
    998020    0.258124
    998030    0.257547
    998040    0.261761
    998050    0.260109
    998060    0.263923
    998070    0.258872
    998080    0.254452
    998090    0.257724
    998100    0.258552
    998110    0.257347
    998120    0.258126
    998130    0.257655
    998140    0.260688
    998150    0.263252
    998160    0.257149
    998170    0.263601
    998180    0.261362
    998190    0.259505
    998200    0.262112
    998210    0.261731
    998220    0.261631
    998230    0.258507
    998240    0.263111
    998250    0.266029
    998260    0.259791
    998270    0.255958
    998280     0.25889
    998290    0.261853
    998300    0.259052
    998310    0.262762
    998320    0.258633
    998330    0.264148
    998340    0.262685
    998350     0.26103
    998360    0.262206
    998370    0.258282
    998380    0.261388
    998390    0.259213
    998400    0.258812
    998410    0.263516
    998420    0.265015
    998430     0.26612
    998440    0.261901
    998450     0.26171
    998460    0.261922
    998470    0.266218
    998480    0.264332
    998490    0.264682
    998500    0.260525
    998510    0.262122
    998520     0.25956
    998530    0.261346
    998540    0.263479
    998550    0.265696
    998560    0.260855
    998570    0.263857
    998580    0.264745
    998590    0.263627
    998600    0.264874
    998610    0.260385
    998620    0.260038
    998630    0.264917
    998640    0.258446
    998650     0.26128
    998660    0.258581
    998670    0.257703
    998680    0.258292
    998690    0.258196
    998700    0.260402
    998710    0.261302
    998720    0.261827
    998730    0.258598
    998740     0.25764
    998750      0.2578
    998760    0.258718
    998770    0.255574
    998780    0.255381
    998790    0.256338
    998800    0.259595
    998810    0.260445
    998820    0.264888
    998830     0.26116
    998840    0.262143
    998850    0.254055
    998860    0.264344
    998870    0.260857
    998880     0.26116
    998890    0.262203
    998900    0.263396
    998910    0.265548
    998920    0.260631
    998930    0.259177
    998940    0.259875
    998950    0.259763
    998960    0.256831
    998970    0.260346
    998980    0.263588
    998990    0.266097
    999000    0.261277
    999010     0.26522
    999020    0.262404
    999030    0.258975
    999040    0.262412
    999050     0.25967
    999060    0.267322
    999070    0.261425
    999080    0.263068
    999090     0.26356
    999100    0.266485
    999110    0.259301
    999120    0.258642
    999130    0.261961
    999140    0.259144
    999150    0.259314
    999160    0.260811
    999170    0.253868
    999180    0.258864
    999190    0.256241
    999200    0.254916
    999210    0.256116
    999220    0.252585
    999230    0.256342
    999240    0.261667
    999250    0.254966
    999260    0.257372
    999270    0.255361
    999280    0.258568
    999290    0.257528
    999300    0.256506
    999310    0.255462
    999320    0.255279
    999330    0.258154
    999340    0.259739
    999350    0.258857
    999360    0.254934
    999370    0.255498
    999380    0.258941
    999390    0.255258
    999400    0.256529
    999410    0.257817
    999420    0.264201
    999430    0.254801
    999440    0.259456
    999450    0.255531
    999460    0.258927
    999470    0.260494
    999480    0.254962
    999490    0.268571
    999500     0.26639
    999510    0.261366
    999520    0.263268
    999530    0.259521
    999540    0.264843
    999550    0.259193
    999560     0.26148
    999570    0.261594
    999580    0.259098
    999590    0.262821
    999600    0.263018
    999610    0.260826
    999620    0.259748
    999630    0.261594
    999640    0.262406
    999650     0.26003
    999660    0.264802
    999670    0.254714
    999680    0.259194
    999690    0.256578
    999700    0.260788
    999710    0.265016
    999720    0.263036
    999730    0.258493
    999740    0.267839
    999750      0.2636
    999760    0.263097
    999770    0.264244
    999780    0.265711
    999790    0.258788
    999800    0.262158
    999810     0.26027
    999820    0.259165
    999830    0.257519
    999840    0.261589
    999850    0.257243
    999860    0.253917
    999870    0.255287
    999880    0.262941
    999890    0.260928
    999900    0.260677
    999910    0.261397
    999920    0.260027
    999930    0.259655
    999940    0.259821
    999950    0.258567
    999960    0.257025
    999970    0.261511
    999980    0.259485
    999990    0.256331
     1e+06     0.26029
