    750000     88.0432
    750010     88.1547
    750020     87.6776
    750030     87.8309
    750040     87.9049
    750050     88.1506
    750060     88.0254
    750070     88.4072
    750080     88.2237
    750090     87.5986
    750100     87.3454
    750110     87.9733
    750120     87.8632
    750130     88.0095
    750140     87.7397
    750150     87.4237
    750160     87.6883
    750170     86.9472
    750180     86.4976
    750190     85.9433
    750200     87.1839
    750210     87.2432
    750220     86.5798
    750230     87.0494
    750240     86.7409
    750250     86.5938
    750260     86.6021
    750270     86.6423
    750280     86.7687
    750290     87.4574
    750300     87.7499
    750310     87.5281
    750320     87.2085
    750330     86.9481
    750340      86.689
    750350     86.6882
    750360      86.729
    750370     87.0808
    750380     87.0934
    750390     87.1279
    750400     86.5315
    750410      87.222
    750420     86.9418
    750430     87.7596
    750440     87.7966
    750450     87.1979
    750460     87.2567
    750470     87.3391
    750480      86.941
    750490      86.934
    750500      87.499
    750510     86.8221
    750520     86.7742
    750530      87.558
    750540     86.6546
    750550      86.694
    750560     87.2657
    750570     87.5055
    750580     87.0728
    750590     86.7857
    750600     87.2485
    750610     87.5026
    750620     87.0569
    750630      87.695
    750640     87.3912
    750650     87.3502
    750660     87.2052
    750670     87.3188
    750680     87.6404
    750690     87.5182
    750700     86.9939
    750710     87.4453
    750720     87.5871
    750730     87.1738
    750740     87.3092
    750750     87.4955
    750760     86.9039
    750770     86.4558
    750780     86.8055
    750790      87.262
    750800     86.3703
    750810     87.3181
    750820     86.8647
    750830     86.7589
    750840     87.3692
    750850     86.5659
    750860     86.9807
    750870     87.1237
    750880     87.2774
    750890     86.7962
    750900     87.3178
    750910     86.9528
    750920     86.7038
    750930     86.2014
    750940     86.4075
    750950     87.0088
    750960     87.3416
    750970     86.7755
    750980      86.804
    750990     87.2931
    751000      87.086
    751010     87.0849
    751020     86.9941
    751030     86.8096
    751040     86.5143
    751050     86.4896
    751060     86.6773
    751070      86.716
    751080     86.3174
    751090     86.9911
    751100     86.4706
    751110     86.8508
    751120     86.5801
    751130     86.7143
    751140     86.5289
    751150     86.5174
    751160     87.0009
    751170     87.1622
    751180     86.4719
    751190     86.5372
    751200     86.6247
    751210     87.4293
    751220     87.0442
    751230     86.4746
    751240     86.4811
    751250     86.0486
    751260      86.192
    751270     86.0462
    751280     86.1551
    751290     86.1441
    751300     85.8764
    751310     86.5259
    751320     86.5928
    751330     86.1552
    751340     85.8593
    751350     86.4336
    751360     86.3627
    751370      86.251
    751380     86.6034
    751390     86.5887
    751400     85.9699
    751410     85.9221
    751420     86.8624
    751430     87.1832
    751440     86.8253
    751450     86.3798
    751460     86.4691
    751470     86.3554
    751480     86.8997
    751490     87.1046
    751500     86.9417
    751510     87.3853
    751520     86.9664
    751530     87.0118
    751540     86.7626
    751550     86.5543
    751560     86.6824
    751570     87.1306
    751580     87.2403
    751590     86.9812
    751600     87.1852
    751610      86.605
    751620     87.4555
    751630     87.1578
    751640     87.5762
    751650     86.8671
    751660     87.0168
    751670     86.8731
    751680     87.1675
    751690     86.4522
    751700     87.0215
    751710     86.9006
    751720     87.2692
    751730     87.2834
    751740     86.4898
    751750     86.6909
    751760     87.3401
    751770     86.6305
    751780     87.1747
    751790     87.3265
    751800     86.7872
    751810     87.1584
    751820     87.0611
    751830     86.9908
    751840     86.7509
    751850      86.784
    751860     87.1366
    751870     87.0428
    751880     86.7076
    751890      87.571
    751900     87.5513
    751910     87.0993
    751920     87.2967
    751930     86.6446
    751940     87.6401
    751950      86.802
    751960     87.0045
    751970     86.9938
    751980     87.0958
    751990      87.437
    752000     86.8518
    752010     86.7737
    752020     86.7662
    752030     86.9785
    752040     87.2276
    752050     87.3398
    752060     87.0431
    752070     87.2124
    752080     87.6678
    752090     86.9629
    752100     86.4189
    752110     86.7812
    752120     87.4247
    752130      87.111
    752140     86.7387
    752150      87.029
    752160     86.3195
    752170     86.7653
    752180     86.6788
    752190     86.9284
    752200     86.3732
    752210      86.299
    752220     86.1983
    752230     86.1925
    752240     86.6533
    752250     86.3885
    752260     87.1578
    752270     86.7299
    752280     86.8521
    752290     85.7509
    752300     85.7854
    752310     85.5153
    752320     85.7765
    752330     85.6796
    752340     86.8723
    752350     86.0494
    752360     86.2337
    752370     86.4087
    752380     86.7584
    752390     86.9581
    752400     86.8249
    752410     87.0736
    752420     86.2456
    752430     86.6668
    752440      86.288
    752450     86.2636
    752460     86.3028
    752470     86.3773
    752480     86.8046
    752490     86.3832
    752500     86.6556
    752510     86.6135
    752520     86.6331
    752530     86.1909
    752540     86.2436
    752550      86.638
    752560      85.932
    752570     86.2971
    752580     86.2859
    752590     86.9696
    752600     86.2629
    752610     87.2478
    752620     86.3991
    752630     86.8928
    752640     87.2156
    752650     86.9063
    752660     87.2824
    752670     86.4576
    752680     86.3471
    752690     86.7513
    752700     86.4118
    752710     86.8007
    752720     87.1235
    752730      87.149
    752740     86.5804
    752750     86.9936
    752760     87.2489
    752770     87.3257
    752780     87.3362
    752790     87.0587
    752800     86.8026
    752810     86.9909
    752820     87.2728
    752830     87.2433
    752840     86.9921
    752850      86.941
    752860     85.9316
    752870     86.8321
    752880     86.8626
    752890     86.8109
    752900     87.4896
    752910       87.16
    752920     86.6182
    752930     86.9204
    752940     86.3508
    752950     86.6354
    752960     86.8585
    752970     86.1031
    752980     86.9743
    752990      86.633
    753000     87.2833
    753010     87.5263
    753020     87.2058
    753030     86.9342
    753040     87.3918
    753050     65.2225
    753060      87.493
    753070     86.5792
    753080     86.3947
    753090     86.9233
    753100     87.3987
    753110     87.7369
    753120     87.6249
    753130     87.5862
    753140     88.3103
    753150     88.3068
    753160     87.9017
    753170     87.6054
    753180     88.5132
    753190     88.3686
    753200     88.3028
    753210      87.186
    753220     88.0218
    753230     88.3968
    753240     87.6709
    753250     87.4203
    753260     87.4359
    753270      87.979
    753280     88.1451
    753290     88.0451
    753300     87.5461
    753310     87.4616
    753320     87.8675
    753330     87.7756
    753340     87.4856
    753350     87.2325
    753360     87.4952
    753370     86.9862
    753380     87.1148
    753390      87.397
    753400     87.4403
    753410     86.4908
    753420     86.9301
    753430     65.5197
    753440     87.5521
    753450     87.0131
    753460     87.1582
    753470     86.2487
    753480     86.9323
    753490     87.2571
    753500      87.074
    753510      86.335
    753520     86.7667
    753530     88.1182
    753540     87.5639
    753550     88.3645
    753560     87.8027
    753570     88.0284
    753580     87.5859
    753590     88.0398
    753600     88.2749
    753610     87.8396
    753620     87.8868
    753630     87.8049
    753640     87.7481
    753650     87.5983
    753660     87.1647
    753670     87.4339
    753680     86.6479
    753690     87.2293
    753700     86.5432
    753710     86.9857
    753720     86.3294
    753730     87.0471
    753740     87.0534
    753750     86.2774
    753760     86.9707
    753770     87.3641
    753780     86.9975
    753790     87.7721
    753800     86.5961
    753810     87.3247
    753820     87.1914
    753830     86.3565
    753840     87.2151
    753850     86.8736
    753860     87.8078
    753870      87.995
    753880     87.9641
    753890     88.5033
    753900     87.9463
    753910     87.8012
    753920     87.7627
    753930     88.1369
    753940     88.4348
    753950     87.5213
    753960     87.2865
    753970     87.5548
    753980     88.3278
    753990     87.4705
    754000     87.3365
    754010     87.8136
    754020     87.8593
    754030     87.7758
    754040     87.8674
    754050     88.9079
    754060     88.0658
    754070     87.9958
    754080     87.9021
    754090     86.8688
    754100     87.5135
    754110     87.6381
    754120     87.9644
    754130     87.5114
    754140     87.7446
    754150     87.2564
    754160      87.295
    754170     87.9123
    754180     87.5719
    754190      87.076
    754200     87.7247
    754210     88.2156
    754220     88.0572
    754230      86.957
    754240     87.5023
    754250     87.2519
    754260     87.5108
    754270     87.4059
    754280      87.498
    754290     88.8504
    754300     88.5271
    754310     88.2491
    754320      88.266
    754330     87.3235
    754340     87.7896
    754350     87.7611
    754360     87.7977
    754370     87.4639
    754380     87.3475
    754390     87.2713
    754400     87.7423
    754410     88.0024
    754420     88.2033
    754430     88.1842
    754440     87.7341
    754450     87.8613
    754460     87.6919
    754470     87.8754
    754480     88.1612
    754490     87.2658
    754500     87.9498
    754510     88.0549
    754520     88.7833
    754530      88.493
    754540     87.7521
    754550     87.9857
    754560     88.1269
    754570     88.1399
    754580     87.6828
    754590     88.6804
    754600     88.3546
    754610      88.038
    754620      87.564
    754630     87.8513
    754640     87.6001
    754650     87.5366
    754660     87.0767
    754670     87.1992
    754680     87.8551
    754690     88.1834
    754700     88.6422
    754710     87.4976
    754720      86.943
    754730     86.8887
    754740     86.7535
    754750     85.9543
    754760     87.0947
    754770     87.4701
    754780     86.6213
    754790     86.3024
    754800     86.7378
    754810     87.0154
    754820      86.745
    754830     87.2982
    754840     87.1284
    754850     86.9506
    754860     85.5706
    754870     86.8462
    754880      86.486
    754890     87.3465
    754900     86.1271
    754910     87.6776
    754920     87.8946
    754930     87.4535
    754940     87.5482
    754950     87.4786
    754960     87.6656
    754970     87.5118
    754980     87.1666
    754990     88.0378
    755000     88.3331
    755010     87.5716
    755020     86.8967
    755030      87.906
    755040     87.6042
    755050     87.0838
    755060     86.7924
    755070     87.1611
    755080       86.41
    755090     87.8708
    755100     87.8336
    755110     86.6287
    755120     86.7933
    755130     87.3647
    755140     87.1455
    755150     86.3564
    755160     88.8579
    755170     86.3529
    755180     87.1122
    755190     86.5786
    755200     87.6228
    755210      88.045
    755220     87.5426
    755230     86.8018
    755240     86.9154
    755250     87.8288
    755260      88.768
    755270     87.5961
    755280     86.3206
    755290     87.0512
    755300     86.9694
    755310     87.8667
    755320     85.7139
    755330     86.2576
    755340     86.3541
    755350     85.5812
    755360     87.4293
    755370     88.1721
    755380     88.0638
    755390     87.2824
    755400     87.2408
    755410     88.4855
    755420     86.2387
    755430     87.0666
    755440     87.1837
    755450     86.7711
    755460     87.5585
    755470     87.7149
    755480      87.806
    755490      87.729
    755500     87.7685
    755510     88.3851
    755520     87.8384
    755530     87.6596
    755540     87.7697
    755550      87.533
    755560     87.8364
    755570     87.6422
    755580     87.0335
    755590      88.082
    755600     87.4325
    755610     87.5543
    755620     88.0423
    755630     86.8309
    755640     86.9118
    755650     87.4072
    755660     86.8343
    755670     86.3811
    755680     87.0881
    755690     86.8267
    755700     86.2537
    755710     86.5187
    755720     86.3845
    755730     86.6782
    755740     86.6303
    755750     86.3492
    755760     86.1341
    755770     86.3455
    755780      86.786
    755790     86.9569
    755800     86.6946
    755810      87.063
    755820     86.8409
    755830     86.8366
    755840     86.2592
    755850     87.0129
    755860     85.9988
    755870     86.3867
    755880     86.5549
    755890     86.6104
    755900     86.4569
    755910     86.8002
    755920       87.46
    755930     86.9577
    755940     87.3364
    755950     88.2291
    755960     87.1742
    755970     88.3265
    755980     87.5713
    755990     88.2496
    756000     88.3366
    756010     88.4655
    756020       87.39
    756030     87.8363
    756040     87.0853
    756050     87.4607
    756060     87.0127
    756070     87.3503
    756080     86.8966
    756090     87.4675
    756100     87.3006
    756110     86.7718
    756120     87.1662
    756130     87.2394
    756140     87.3801
    756150     86.9965
    756160     87.3495
    756170     87.6857
    756180     85.8818
    756190     86.7279
    756200     86.7346
    756210     87.1966
    756220     87.2255
    756230     87.5762
    756240     86.7845
    756250     87.4913
    756260      86.841
    756270     87.1656
    756280     86.9654
    756290      86.925
    756300     87.0654
    756310      87.247
    756320     86.8763
    756330     87.3444
    756340     87.6588
    756350     87.6582
    756360     87.2851
    756370     86.3635
    756380     86.7521
    756390     87.4676
    756400      87.501
    756410     86.1609
    756420     86.7167
    756430     87.1076
    756440     86.8671
    756450      86.841
    756460      86.929
    756470     87.1329
    756480     87.1141
    756490      87.258
    756500     86.7935
    756510     86.9876
    756520     86.8635
    756530     87.0513
    756540     86.4597
    756550     87.1243
    756560     86.7114
    756570     86.5589
    756580     86.9428
    756590      86.883
    756600     87.3886
    756610     87.2991
    756620     86.3569
    756630      86.947
    756640     86.9766
    756650     86.6641
    756660     86.8609
    756670     86.3759
    756680     86.1712
    756690     86.1731
    756700     87.0425
    756710      87.434
    756720     87.2364
    756730     87.2957
    756740     86.7799
    756750     86.6443
    756760     86.7739
    756770     86.6202
    756780     86.5316
    756790     86.5597
    756800     87.1893
    756810     86.4284
    756820     86.5024
    756830     86.2364
    756840     86.3079
    756850     86.8779
    756860     86.5686
    756870     86.3821
    756880     86.5936
    756890     86.8205
    756900     86.3811
    756910     86.5656
    756920     87.3182
    756930     87.7502
    756940     87.0576
    756950     87.0478
    756960      86.979
    756970     86.2943
    756980     86.2211
    756990     87.0923
    757000     86.4483
    757010     86.6146
    757020     86.9368
    757030     87.3746
    757040     87.2523
    757050     87.3281
    757060     87.1778
    757070     86.9722
    757080     87.3888
    757090     87.0684
    757100     87.1361
    757110      86.545
    757120      86.948
    757130     86.8819
    757140     86.5489
    757150     86.6193
    757160     86.8166
    757170     86.7831
    757180     86.2977
    757190      87.054
    757200     85.8041
    757210     86.4285
    757220     86.7387
    757230     86.5764
    757240     86.5047
    757250     86.9771
    757260     86.5862
    757270     87.0481
    757280      86.215
    757290     86.1841
    757300     85.9864
    757310     86.6344
    757320     85.7262
    757330     86.5102
    757340     87.2754
    757350     86.6707
    757360     87.1501
    757370      86.852
    757380     87.2434
    757390     86.1268
    757400     85.7743
    757410     86.3762
    757420     86.2349
    757430     86.5428
    757440     86.3477
    757450      86.815
    757460     86.0751
    757470     85.3166
    757480     86.0925
    757490     85.8664
    757500     86.7031
    757510     86.0172
    757520     86.1595
    757530     85.8595
    757540     86.7769
    757550     85.9328
    757560     86.0179
    757570     86.0297
    757580     86.6874
    757590     86.6476
    757600     86.8655
    757610     86.1843
    757620     86.4908
    757630     86.6532
    757640     87.3854
    757650     87.0656
    757660     87.6975
    757670     87.1156
    757680     87.4496
    757690     87.4286
    757700     87.5261
    757710     87.5824
    757720     87.0602
    757730     87.6566
    757740     87.2702
    757750      86.362
    757760     87.1708
    757770     86.4758
    757780     87.2487
    757790     87.1077
    757800     87.1065
    757810     87.6279
    757820     87.6394
    757830     86.3394
    757840     87.3433
    757850     87.1902
    757860     86.5656
    757870     87.4991
    757880     87.0461
    757890     87.1228
    757900     86.1499
    757910      86.688
    757920     87.0669
    757930      86.783
    757940     87.3994
    757950     87.9634
    757960     87.5865
    757970     87.3786
    757980     87.1798
    757990     87.1511
    758000     86.9262
    758010     86.8215
    758020     86.9135
    758030     87.0585
    758040     87.3803
    758050     86.9772
    758060     87.3527
    758070     87.1021
    758080     87.0427
    758090     86.8774
    758100     87.0437
    758110     86.8036
    758120     87.4767
    758130     87.1953
    758140      86.969
    758150     86.6815
    758160     87.1968
    758170     87.4082
    758180     86.8321
    758190     87.1954
    758200     87.1062
    758210     86.4986
    758220     86.0553
    758230     86.8722
    758240     86.1382
    758250     86.2221
    758260     86.1617
    758270     85.9919
    758280     86.1561
    758290     86.7064
    758300     86.4678
    758310     86.6825
    758320     86.5489
    758330     86.6746
    758340     86.5041
    758350     86.7975
    758360     87.2843
    758370     86.3663
    758380     86.4653
    758390     86.6348
    758400     86.8956
    758410     86.8343
    758420     86.6169
    758430     86.2894
    758440     86.6071
    758450     86.4114
    758460     86.5845
    758470     86.8554
    758480     86.6702
    758490     86.5432
    758500       86.74
    758510     87.1031
    758520     86.6369
    758530     86.8104
    758540     86.0168
    758550     86.0926
    758560     87.0729
    758570     87.1203
    758580     86.3246
    758590     87.2335
    758600      86.846
    758610     87.5228
    758620     87.2311
    758630     87.2425
    758640     86.3733
    758650     86.5908
    758660     87.1429
    758670     87.7167
    758680     87.4283
    758690     87.7537
    758700     87.2668
    758710     87.4785
    758720     87.0872
    758730      86.855
    758740     87.5721
    758750      87.282
    758760     87.6901
    758770     86.7989
    758780     87.0142
    758790     87.3449
    758800     87.3778
    758810     87.7181
    758820     87.6351
    758830     86.9039
    758840     86.9761
    758850     87.2736
    758860     87.3586
    758870     86.6903
    758880     87.5182
    758890     87.0343
    758900     88.2117
    758910     87.2916
    758920     86.6054
    758930     87.5033
    758940     87.7603
    758950     87.2816
    758960     87.4964
    758970     87.3811
    758980     86.8989
    758990     87.7067
    759000     87.6653
    759010       87.32
    759020     86.9174
    759030     87.4206
    759040     86.9347
    759050     87.8274
    759060     87.9542
    759070     87.4792
    759080     86.4294
    759090      87.179
    759100     87.1202
    759110     87.5254
    759120     87.7736
    759130     87.2069
    759140     87.1969
    759150      87.369
    759160     86.6214
    759170     87.2205
    759180      87.496
    759190     86.9841
    759200     87.6828
    759210     86.6957
    759220      87.729
    759230     87.8663
    759240      87.168
    759250     87.4799
    759260     87.5594
    759270     87.3111
    759280     87.3533
    759290     87.2917
    759300     87.1558
    759310      87.242
    759320     87.5371
    759330     87.1664
    759340     87.3176
    759350     87.4896
    759360     87.2357
    759370     87.5695
    759380     87.3642
    759390     87.5481
    759400      87.325
    759410     87.3878
    759420     87.2706
    759430     86.9976
    759440     87.0086
    759450     87.0851
    759460     87.4958
    759470     86.8337
    759480     87.2335
    759490     87.1833
    759500     87.0827
    759510     87.0353
    759520     86.7249
    759530     87.6722
    759540     87.0047
    759550      86.874
    759560     87.1148
    759570     86.6191
    759580     86.7839
    759590     87.3698
    759600     86.7455
    759610     87.3673
    759620     86.9446
    759630     87.2095
    759640      87.152
    759650     87.4158
    759660      86.916
    759670     87.0462
    759680     87.2991
    759690     87.5182
    759700     87.0863
    759710     87.8099
    759720     87.2326
    759730     87.6902
    759740     87.2837
    759750     87.5366
    759760     87.5593
    759770     87.9566
    759780     87.0603
    759790     87.4765
    759800     87.7108
    759810     87.4221
    759820     86.6741
    759830     86.5358
    759840     87.0372
    759850     86.6217
    759860     86.8476
    759870     87.1638
    759880     86.8488
    759890     86.8554
    759900     87.1586
    759910     87.2282
    759920     86.9024
    759930     87.3947
    759940     87.5596
    759950     86.8002
    759960     87.8888
    759970     86.7365
    759980     87.1015
    759990     87.4825
    760000     86.9197
    760010     86.7822
    760020     86.8075
    760030     87.4515
    760040     87.2089
    760050     87.0681
    760060     87.1632
    760070     86.4437
    760080     86.3564
    760090     86.7391
    760100     86.8819
    760110     87.2806
    760120     87.6285
    760130     87.4464
    760140     87.1639
    760150     87.3925
    760160     87.2894
    760170      87.125
    760180     87.4897
    760190     87.0729
    760200     87.9409
    760210     87.3378
    760220     87.1751
    760230     87.0487
    760240     87.7599
    760250     88.0964
    760260     88.0499
    760270     87.3921
    760280     85.9298
    760290     87.0018
    760300     87.2667
    760310     87.5257
    760320      88.017
    760330     87.3548
    760340     87.0682
    760350     87.5027
    760360     87.2137
    760370     86.8408
    760380     86.7632
    760390     87.2464
    760400     87.2296
    760410     86.8914
    760420     87.0869
    760430     87.3995
    760440     87.3897
    760450     87.3645
    760460     87.0539
    760470     86.7689
    760480     86.9649
    760490     86.7157
    760500     87.7087
    760510     86.6318
    760520     87.1349
    760530     87.0134
    760540     87.4543
    760550     87.1367
    760560     86.7517
    760570     87.3634
    760580     86.5373
    760590     86.8373
    760600     86.9332
    760610     87.0383
    760620     87.6158
    760630     87.4911
    760640     86.8782
    760650     86.8886
    760660      86.841
    760670     86.8991
    760680     87.1998
    760690     87.1546
    760700     87.1453
    760710     87.6248
    760720     87.3964
    760730     87.5478
    760740     86.1125
    760750     87.3071
    760760     87.5799
    760770     87.9672
    760780     87.5144
    760790     87.8507
    760800     88.5916
    760810     87.6409
    760820     88.1354
    760830     87.8065
    760840     88.0375
    760850     88.0503
    760860      87.956
    760870      87.361
    760880     87.1891
    760890     87.3323
    760900      87.526
    760910     86.9898
    760920     86.9383
    760930      87.955
    760940      87.214
    760950     86.8971
    760960        87.3
    760970     87.5788
    760980     88.0593
    760990     88.1136
    761000      88.349
    761010     87.5853
    761020     87.5103
    761030     87.6443
    761040     87.6511
    761050     87.7544
    761060     87.3052
    761070     88.7024
    761080     88.6358
    761090     88.3209
    761100     88.4101
    761110     87.9602
    761120     88.1851
    761130     87.6429
    761140     88.0986
    761150      87.873
    761160     87.8732
    761170     87.2189
    761180     88.2667
    761190     87.9789
    761200     88.4202
    761210     88.1361
    761220     87.8003
    761230     88.4316
    761240     88.3494
    761250     88.0462
    761260     87.7275
    761270     87.8064
    761280     88.1805
    761290     87.0893
    761300     87.7758
    761310     87.9387
    761320     88.3624
    761330     87.7831
    761340     87.7474
    761350     87.7458
    761360     88.8702
    761370      88.175
    761380     87.8278
    761390     87.3028
    761400     88.0398
    761410     88.0767
    761420     87.3596
    761430      87.082
    761440     87.1496
    761450     87.8086
    761460     87.5031
    761470     87.1629
    761480     88.5982
    761490     87.5805
    761500     87.8992
    761510     88.2713
    761520     88.7091
    761530     87.9347
    761540      87.514
    761550      87.169
    761560     88.1689
    761570     87.9001
    761580     87.9425
    761590     88.0491
    761600     88.5718
    761610     88.3139
    761620     87.8965
    761630     88.6628
    761640     88.2268
    761650     88.5369
    761660     88.2884
    761670     89.2685
    761680     89.1017
    761690     87.0022
    761700     87.7735
    761710     87.9872
    761720     87.8994
    761730     88.3021
    761740      88.471
    761750     88.5254
    761760     89.1419
    761770     88.2826
    761780     88.2491
    761790     88.8004
    761800       88.67
    761810     88.6714
    761820     87.5495
    761830     88.3802
    761840     88.8604
    761850      88.785
    761860     87.7306
    761870     88.3222
    761880     87.9031
    761890     88.3198
    761900     88.0636
    761910     88.2578
    761920     89.3425
    761930     88.6278
    761940     89.3338
    761950     88.8489
    761960     88.8925
    761970     87.8959
    761980     88.0485
    761990     88.0257
    762000     88.0003
    762010     87.7473
    762020      87.729
    762030     87.7105
    762040     87.6153
    762050     87.9621
    762060     88.7286
    762070     88.3081
    762080     88.6188
    762090     87.7351
    762100     89.2774
    762110      88.076
    762120      88.994
    762130     88.1388
    762140     88.6957
    762150     88.2827
    762160     87.7922
    762170     88.0039
    762180     89.2274
    762190     87.9971
    762200     88.8121
    762210     88.3675
    762220     87.9843
    762230     88.4002
    762240     88.2362
    762250     88.3594
    762260     88.9659
    762270     88.9677
    762280     88.4097
    762290     89.1588
    762300     88.8404
    762310     89.0341
    762320     88.6207
    762330     88.9449
    762340     89.1911
    762350     88.5095
    762360     88.8477
    762370      88.532
    762380     88.2155
    762390     88.8477
    762400     88.2027
    762410     88.4831
    762420     88.6828
    762430     88.5024
    762440     88.4088
    762450       89.07
    762460     87.6827
    762470     89.1527
    762480     88.5903
    762490     87.8271
    762500     88.9852
    762510     88.5191
    762520     87.9796
    762530     88.0356
    762540     88.7137
    762550     88.4028
    762560      88.832
    762570     88.9001
    762580      88.414
    762590     88.4027
    762600     88.5717
    762610     88.4477
    762620     88.5009
    762630     88.0593
    762640     88.1933
    762650      87.872
    762660     88.2174
    762670     88.4094
    762680     87.8631
    762690     88.3014
    762700     88.7167
    762710     88.1141
    762720     87.9716
    762730     88.7449
    762740     88.8846
    762750     88.0748
    762760     87.6413
    762770     88.2541
    762780     88.0737
    762790     88.1516
    762800      88.473
    762810     89.1429
    762820     89.0099
    762830     88.8491
    762840     88.7366
    762850     87.9774
    762860     88.7802
    762870     88.8051
    762880     88.4654
    762890     88.4764
    762900     88.4093
    762910     88.8062
    762920     88.4903
    762930     89.3389
    762940     89.3514
    762950     88.2796
    762960     88.5119
    762970     88.9841
    762980     89.3559
    762990     88.2879
    763000     88.6263
    763010     88.8354
    763020     88.7506
    763030     88.0679
    763040     88.6992
    763050     88.5499
    763060     88.1279
    763070     89.0083
    763080     88.8217
    763090     87.6571
    763100     88.8605
    763110      87.776
    763120     88.8491
    763130     88.1827
    763140     89.5857
    763150     89.0486
    763160     88.1502
    763170     89.2614
    763180     89.0329
    763190     88.2653
    763200     88.8805
    763210     88.9265
    763220     88.9539
    763230     88.3953
    763240     88.0656
    763250     90.2475
    763260     88.2018
    763270     89.0855
    763280     88.4165
    763290     88.2468
    763300     89.8035
    763310     88.5467
    763320      89.684
    763330     88.8692
    763340     88.9497
    763350     88.4464
    763360     88.2857
    763370     88.3495
    763380     88.9611
    763390     89.2544
    763400     88.1659
    763410     88.9233
    763420     88.8571
    763430      88.374
    763440     88.6844
    763450     89.3364
    763460     87.8886
    763470     88.2184
    763480     88.1668
    763490     87.8654
    763500     87.9986
    763510     87.7918
    763520     88.4748
    763530     89.2898
    763540     89.6614
    763550     89.8899
    763560     90.0889
    763570     88.5504
    763580     88.5703
    763590     88.8356
    763600      88.737
    763610     88.6395
    763620     88.2239
    763630     89.0591
    763640     88.5348
    763650     88.4287
    763660     88.9098
    763670      89.091
    763680      88.565
    763690     89.0972
    763700      90.606
    763710     89.0167
    763720     88.7872
    763730     88.7931
    763740      89.006
    763750     88.6135
    763760     88.9083
    763770     88.3406
    763780     88.9792
    763790       89.25
    763800     89.1504
    763810     88.7239
    763820     89.3256
    763830     88.7241
    763840     88.8681
    763850     88.2764
    763860     88.9798
    763870     89.1986
    763880     88.9311
    763890      89.598
    763900      89.173
    763910     88.0805
    763920     88.5794
    763930     88.6933
    763940     88.1016
    763950     89.1015
    763960     89.4423
    763970       89.16
    763980     88.8699
    763990     88.6101
    764000      89.804
    764010     88.4976
    764020     89.6311
    764030     88.4145
    764040     88.8704
    764050     88.7202
    764060     87.3943
    764070     88.2471
    764080     88.4873
    764090     89.1097
    764100     89.0225
    764110      88.737
    764120     88.1961
    764130     89.4814
    764140     89.6309
    764150     90.2994
    764160     89.6518
    764170     90.2576
    764180     90.3714
    764190     89.4185
    764200     89.1506
    764210     90.1009
    764220     91.9134
    764230     91.9293
    764240     91.7067
    764250     92.4228
    764260      91.394
    764270     90.2318
    764280     91.7846
    764290     92.6382
    764300     93.4937
    764310     92.3505
    764320     91.4937
    764330     91.9895
    764340     92.5744
    764350     94.0788
    764360     92.6262
    764370     93.5162
    764380     93.0493
    764390     93.8203
    764400     92.6931
    764410     91.6309
    764420     92.0196
    764430     95.2307
    764440      93.355
    764450     94.8006
    764460     94.9904
    764470     95.3005
    764480     93.4499
    764490      95.141
    764500     92.7995
    764510     90.6809
    764520     89.9173
    764530     90.6423
    764540      90.813
    764550     92.5434
    764560     92.0889
    764570     91.0801
    764580     90.4148
    764590     91.1023
    764600     90.0011
    764610     89.0381
    764620     89.7428
    764630     91.0047
    764640     90.1887
    764650     90.9705
    764660     90.1241
    764670      89.635
    764680     89.9827
    764690     90.6048
    764700     91.7452
    764710      90.478
    764720     90.9326
    764730     91.0534
    764740     91.8756
    764750     91.8293
    764760     90.6464
    764770     90.4875
    764780     89.7897
    764790     91.8374
    764800     90.2436
    764810     90.1013
    764820     91.4068
    764830     90.0299
    764840     90.9029
    764850     92.2452
    764860     90.5118
    764870     90.2292
    764880     90.7751
    764890     90.3327
    764900     90.3917
    764910     91.1447
    764920     91.7621
    764930     92.5012
    764940     91.4338
    764950     89.4974
    764960      91.122
    764970     90.8827
    764980     91.8254
    764990     90.4177
    765000     91.7195
    765010     91.5453
    765020     91.7347
    765030     90.9123
    765040      90.841
    765050     91.5898
    765060     90.9713
    765070     91.7743
    765080     91.1736
    765090     91.2143
    765100     89.1367
    765110     90.7268
    765120     91.6631
    765130     90.5464
    765140      89.768
    765150     90.2809
    765160     91.3044
    765170     91.0839
    765180     91.7256
    765190     90.2036
    765200     91.6734
    765210     91.4106
    765220     91.5385
    765230      90.264
    765240     90.2449
    765250     89.5381
    765260     90.9222
    765270      90.278
    765280      90.306
    765290     92.4193
    765300     91.4344
    765310     90.9673
    765320     92.2843
    765330     92.2107
    765340      89.259
    765350     90.0289
    765360     90.0387
    765370     91.9578
    765380     91.7426
    765390     87.6303
    765400     91.5571
    765410     94.9778
    765420     91.3273
    765430     90.0272
    765440     90.1098
    765450      90.561
    765460     90.6259
    765470      89.944
    765480     89.1082
    765490     88.9788
    765500     89.6869
    765510      90.858
    765520     92.1043
    765530     89.8464
    765540     92.3047
    765550       91.14
    765560     92.7567
    765570     93.3083
    765580     93.7753
    765590     93.7508
    765600     98.0784
    765610     94.0936
    765620     94.7281
    765630     91.4999
    765640     90.6249
    765650     91.6615
    765660     92.6812
    765670     91.5923
    765680     91.1727
    765690      88.953
    765700     85.2876
    765710     93.5459
    765720     90.2645
    765730     94.0452
    765740     93.7237
    765750     90.5896
    765760     87.3753
    765770     88.7951
    765780     89.7146
    765790     88.5637
    765800      89.502
    765810      92.327
    765820     91.7358
    765830     90.2321
    765840     91.3602
    765850     89.6784
    765860     90.3294
    765870     91.9207
    765880     91.0711
    765890     91.1581
    765900       90.83
    765910     90.6551
    765920     92.5548
    765930     91.5997
    765940     92.0015
    765950     92.1877
    765960     94.2906
    765970     94.9413
    765980     93.1105
    765990     94.0765
    766000     91.9294
    766010     91.6315
    766020     92.9289
    766030     91.3759
    766040     91.7046
    766050     93.8462
    766060     91.6305
    766070     92.4757
    766080     93.5883
    766090     92.2542
    766100     94.8538
    766110     93.7736
    766120     80.9214
    766130     90.7212
    766140      92.904
    766150     96.4243
    766160     92.5317
    766170     89.5777
    766180     98.3157
    766190     98.3587
    766200     99.0032
    766210     100.704
    766220      99.166
    766230     100.576
    766240     100.159
    766250     99.8118
    766260     101.082
    766270     99.4413
    766280     99.6241
    766290     98.9711
    766300     99.9908
    766310     99.9994
    766320     96.0884
    766330     98.9293
    766340     99.2255
    766350     99.2667
    766360     99.3842
    766370     100.367
    766380     101.088
    766390     101.163
    766400     100.222
    766410     99.8965
    766420     100.431
    766430     99.7716
    766440     98.7524
    766450     100.145
    766460     99.3266
    766470     100.398
    766480     100.226
    766490     80.5187
    766500     99.5492
    766510     100.286
    766520     98.8987
    766530     98.7507
    766540     96.8205
    766550     99.7081
    766560     99.9396
    766570      99.006
    766580     100.486
    766590     97.8787
    766600     100.897
    766610     98.5665
    766620       98.71
    766630     94.1708
    766640     99.1835
    766650     91.6043
    766660      91.403
    766670     97.8871
    766680     97.7006
    766690     97.1785
    766700     96.8454
    766710     100.503
    766720     98.0486
    766730     99.3619
    766740     101.105
    766750     80.5768
    766760     81.2112
    766770      100.99
    766780     101.712
    766790     101.425
    766800     100.721
    766810      100.58
    766820     100.925
    766830      100.58
    766840     99.6814
    766850     98.7648
    766860     99.2881
    766870     99.3298
    766880     95.5791
    766890     95.0314
    766900     96.4168
    766910     95.8967
    766920     92.3352
    766930     98.5086
    766940     92.1753
    766950     97.1381
    766960     97.2332
    766970     94.7891
    766980     95.4628
    766990     93.3748
    767000     95.0897
    767010     93.0584
    767020     95.6873
    767030     98.2953
    767040     97.4068
    767050     96.8531
    767060     96.1444
    767070     94.9078
    767080      98.284
    767090     95.3827
    767100     96.5277
    767110     95.3476
    767120     93.6438
    767130     92.6837
    767140     96.6702
    767150     95.4639
    767160     92.5143
    767170     92.4407
    767180     93.6228
    767190     94.4835
    767200     96.9961
    767210      96.108
    767220     95.8768
    767230     93.5394
    767240     96.8831
    767250     94.8282
    767260     96.2988
    767270      96.199
    767280     97.2812
    767290     95.8232
    767300     95.5848
    767310     97.1428
    767320     94.7344
    767330     91.8601
    767340     92.1765
    767350     95.0532
    767360     96.9187
    767370     97.1227
    767380     94.4232
    767390     92.9498
    767400      99.858
    767410     93.0532
    767420     92.6046
    767430     90.1039
    767440     98.9244
    767450     100.138
    767460     95.4746
    767470      96.135
    767480     93.6435
    767490     95.9039
    767500     93.7523
    767510     98.2672
    767520     88.7457
    767530     88.6502
    767540     80.6428
    767550     99.0919
    767560     99.8015
    767570     98.7388
    767580     98.2141
    767590     99.8929
    767600     94.5368
    767610     95.7978
    767620     93.6691
    767630     88.5918
    767640     92.3798
    767650     98.0028
    767660     95.0987
    767670     98.1253
    767680     99.5328
    767690     100.363
    767700     96.7265
    767710     98.3122
    767720     98.2164
    767730      97.273
    767740     97.8563
    767750     98.7035
    767760     100.025
    767770      99.835
    767780     98.6094
    767790     101.212
    767800     83.4668
    767810     96.6165
    767820     80.4488
    767830     86.0539
    767840     90.7824
    767850     99.8213
    767860     91.2287
    767870      86.615
    767880     85.8976
    767890     88.4929
    767900     84.3923
    767910     87.9523
    767920     94.2348
    767930     94.5351
    767940      96.207
    767950     89.4058
    767960     87.2978
    767970     87.1515
    767980     90.8985
    767990     94.2051
    768000     89.6249
    768010     87.9465
    768020     92.3737
    768030     96.5321
    768040     92.1396
    768050     96.3687
    768060     93.4834
    768070     96.7737
    768080     95.4347
    768090     89.3544
    768100     99.6865
    768110      96.276
    768120     89.4811
    768130     98.6706
    768140     95.1573
    768150     101.116
    768160     99.7024
    768170     80.9946
    768180     99.9385
    768190     82.8944
    768200     99.7719
    768210     96.4426
    768220     94.2166
    768230      90.686
    768240     97.8138
    768250     96.0036
    768260     99.1758
    768270     92.0182
    768280     93.5152
    768290     95.5142
    768300     95.1846
    768310     91.8379
    768320     94.0883
    768330     96.4552
    768340     98.1328
    768350     96.0871
    768360     94.8285
    768370     92.4392
    768380     92.8403
    768390     92.7755
    768400     98.7389
    768410     88.8697
    768420     98.6999
    768430     99.1743
    768440     100.103
    768450     99.7621
    768460     100.514
    768470     96.9901
    768480     95.6452
    768490     95.1523
    768500     94.7566
    768510     92.4791
    768520     94.8703
    768530     93.5641
    768540     92.6679
    768550     96.1503
    768560     94.6252
    768570     93.5921
    768580     93.4339
    768590     94.3785
    768600     97.3781
    768610     98.3685
    768620     93.4654
    768630     94.7519
    768640     96.8921
    768650      95.798
    768660     98.6398
    768670      98.669
    768680     92.2635
    768690      92.398
    768700     93.7875
    768710     93.7555
    768720      94.829
    768730     91.7345
    768740     91.4066
    768750     89.2916
    768760     90.8455
    768770     91.9692
    768780     93.2418
    768790     93.4309
    768800     96.2245
    768810     101.637
    768820     93.1616
    768830     90.9149
    768840     92.9659
    768850     90.3912
    768860     92.2518
    768870     96.4252
    768880      85.707
    768890     89.9858
    768900     81.1552
    768910     91.7523
    768920      96.222
    768930     85.6642
    768940     84.5035
    768950      100.86
    768960     82.6965
    768970     101.006
    768980     89.6354
    768990     87.5168
    769000     91.1145
    769010     92.2522
    769020     90.8081
    769030     99.4736
    769040     83.6153
    769050     82.8784
    769060     89.1816
    769070     85.2282
    769080     92.0958
    769090     86.9372
    769100     86.6917
    769110     83.6836
    769120     87.8392
    769130     86.6802
    769140     84.6397
    769150     84.3878
    769160     87.8504
    769170     87.6611
    769180     89.2934
    769190     87.0373
    769200     88.2757
    769210     89.9731
    769220     87.6024
    769230     92.7315
    769240     86.7542
    769250     90.3776
    769260     81.2536
    769270     99.0689
    769280     87.4651
    769290     100.384
    769300     81.5835
    769310     101.066
    769320     101.105
    769330     80.8183
    769340     101.533
    769350     81.3209
    769360     82.7447
    769370     83.2928
    769380     99.8729
    769390     96.8364
    769400     97.2444
    769410     100.543
    769420     98.7706
    769430     96.3247
    769440     101.951
    769450     81.6043
    769460     100.994
    769470     100.682
    769480     100.485
    769490     97.2018
    769500     99.8959
    769510     100.949
    769520     98.5816
    769530     98.2129
    769540     97.6436
    769550     98.8865
    769560     98.8104
    769570     96.6827
    769580     100.488
    769590     99.8404
    769600     99.7335
    769610     100.308
    769620     99.6711
    769630     83.0277
    769640     81.6804
    769650     100.416
    769660     96.4454
    769670     99.1739
    769680     97.4227
    769690     98.1642
    769700     95.6661
    769710     94.8008
    769720     93.0155
    769730     94.1453
    769740     96.3837
    769750     98.4047
    769760     97.1354
    769770     98.7125
    769780     99.7649
    769790     100.737
    769800     97.9085
    769810     80.9366
    769820     96.3861
    769830     99.6102
    769840     99.6453
    769850     100.356
    769860     101.055
    769870     99.0365
    769880      97.638
    769890     98.0152
    769900     100.868
    769910     98.4013
    769920     100.163
    769930     99.1326
    769940     98.5083
    769950     98.1602
    769960     99.2055
    769970     98.6161
    769980     98.2656
    769990     100.038
    770000     99.3425
    770010     98.9903
    770020     98.5884
    770030     97.5442
    770040      97.393
    770050     99.1252
    770060     98.7841
    770070     98.3569
    770080     99.5742
    770090     98.6222
    770100     100.791
    770110     97.8887
    770120     99.7335
    770130     100.121
    770140     99.8151
    770150     98.7565
    770160     99.8501
    770170      99.694
    770180     98.9689
    770190     99.8897
    770200      101.73
    770210     101.006
    770220     98.5872
    770230     101.641
    770240      98.466
    770250     99.3954
    770260     96.7574
    770270     100.242
    770280     101.157
    770290      100.02
    770300     80.9247
    770310     82.1123
    770320     101.198
    770330     82.1462
    770340     101.522
    770350     82.0828
    770360     81.5101
    770370     80.6814
    770380      81.164
    770390      80.996
    770400     81.3241
    770410      81.264
    770420     81.7237
    770430     82.0583
    770440     81.3885
    770450     81.1822
    770460     100.849
    770470     81.9375
    770480     80.5785
    770490     80.6314
    770500     100.523
    770510     80.7433
    770520     82.0198
    770530     82.0443
    770540     81.5463
    770550      101.64
    770560     81.7053
    770570     80.9537
    770580     80.8433
    770590     80.5984
    770600      100.53
    770610     101.639
    770620     101.521
    770630     80.0835
    770640      81.712
    770650     100.718
    770660     101.031
    770670     80.8078
    770680     81.3344
    770690     101.112
    770700     100.582
    770710     100.229
    770720     100.968
    770730     81.2347
    770740     101.408
    770750     101.739
    770760     100.879
    770770     101.928
    770780     81.3109
    770790     81.6379
    770800     101.861
    770810     101.838
    770820     101.323
    770830     81.4846
    770840     81.0822
    770850     100.786
    770860     100.979
    770870     80.8218
    770880     100.805
    770890     101.255
    770900     80.9997
    770910     101.615
    770920     101.742
    770930     100.682
    770940     101.838
    770950     100.806
    770960     81.2879
    770970     99.8237
    770980     98.2966
    770990      98.574
    771000      94.828
    771010     98.0399
    771020     79.9795
    771030     95.6516
    771040      100.26
    771050      101.32
    771060     100.078
    771070     98.2184
    771080     100.076
    771090     99.2697
    771100     100.683
    771110     99.3946
    771120     100.083
    771130     99.1945
    771140     101.087
    771150     98.0882
    771160     97.3256
    771170      95.259
    771180     90.1191
    771190     89.8256
    771200     89.7102
    771210      101.08
    771220     101.228
    771230     99.0404
    771240     90.0911
    771250     99.5017
    771260     99.7922
    771270     84.8864
    771280     84.6289
    771290     95.6808
    771300     90.3157
    771310     91.1862
    771320     91.5099
    771330     100.652
    771340     82.7792
    771350     92.3499
    771360      83.794
    771370     101.602
    771380        89.6
    771390     83.4588
    771400     97.5891
    771410     102.523
    771420     82.9259
    771430     101.465
    771440     92.7986
    771450     100.339
    771460     101.802
    771470     99.2709
    771480      99.566
    771490     98.6769
    771500     100.861
    771510     98.4896
    771520     91.1214
    771530     90.5387
    771540     91.9727
    771550     89.7024
    771560      98.191
    771570     95.3792
    771580     83.7208
    771590     83.4968
    771600     81.8604
    771610     84.7253
    771620     85.2076
    771630     80.5659
    771640     80.5296
    771650     83.1046
    771660     81.5717
    771670     84.2986
    771680     82.8589
    771690     92.4103
    771700      100.89
    771710      84.813
    771720     81.4393
    771730     81.5815
    771740     83.4002
    771750      87.395
    771760     85.8108
    771770     84.2481
    771780     82.9894
    771790     85.7813
    771800     84.3451
    771810      86.832
    771820     84.7027
    771830     82.9562
    771840     84.5359
    771850     85.9153
    771860     83.2831
    771870     85.2335
    771880     81.2422
    771890     86.2481
    771900     81.2067
    771910     83.2539
    771920     99.8889
    771930     83.4024
    771940     82.0356
    771950     81.6735
    771960     81.3382
    771970     93.4603
    771980     81.7911
    771990     83.3386
    772000     84.7309
    772010     85.5894
    772020      82.016
    772030     101.959
    772040     82.3657
    772050     82.3004
    772060     82.5212
    772070     83.7757
    772080     84.8756
    772090     81.7581
    772100     82.5564
    772110     84.9476
    772120     84.8292
    772130     83.6443
    772140     84.0002
    772150     82.6026
    772160     84.7557
    772170     87.3961
    772180     82.9738
    772190     85.1026
    772200     83.2754
    772210     83.5943
    772220     82.5698
    772230     84.0831
    772240      82.492
    772250     82.4861
    772260     83.2973
    772270     82.9405
    772280     82.5127
    772290     83.6008
    772300     81.7978
    772310     80.6483
    772320     81.9084
    772330     82.3587
    772340     80.9999
    772350     80.9504
    772360     81.7286
    772370     81.7029
    772380     82.6487
    772390     84.7499
    772400     86.9504
    772410     84.4789
    772420     85.6999
    772430     85.2904
    772440     85.3355
    772450     89.5171
    772460     92.4242
    772470     95.2182
    772480     100.559
    772490      95.298
    772500     98.8817
    772510     101.524
    772520     84.1303
    772530     82.1644
    772540     83.4545
    772550     93.5752
    772560     100.452
    772570     83.7185
    772580      93.582
    772590     100.452
    772600     101.116
    772610     91.3317
    772620     98.1386
    772630     95.6397
    772640       100.3
    772650     100.977
    772660     85.8907
    772670      101.28
    772680       82.97
    772690     92.4634
    772700     89.6749
    772710     95.6378
    772720     100.635
    772730     102.015
    772740     83.8965
    772750     102.174
    772760     102.453
    772770     82.6764
    772780     98.1538
    772790     93.0456
    772800     82.0992
    772810     84.2771
    772820     83.7232
    772830      98.641
    772840     93.0579
    772850     97.5157
    772860     101.243
    772870     90.4458
    772880     92.7517
    772890     91.2406
    772900     91.9152
    772910     93.8698
    772920     92.8492
    772930     85.2733
    772940     87.7989
    772950     84.2222
    772960      84.238
    772970     84.2948
    772980     84.2996
    772990     84.9112
    773000     82.6531
    773010     85.3002
    773020     100.048
    773030     99.9506
    773040     99.5262
    773050     101.708
    773060     95.3386
    773070     98.9603
    773080     84.6194
    773090     97.7747
    773100     98.8671
    773110     98.3424
    773120        98.6
    773130     98.0676
    773140     100.045
    773150     99.5134
    773160     97.9269
    773170      98.297
    773180     92.9747
    773190     94.0586
    773200     96.4382
    773210     99.4014
    773220     98.5399
    773230     96.8255
    773240      98.842
    773250      98.454
    773260     96.2004
    773270     97.4924
    773280     97.5564
    773290     98.4707
    773300     94.7298
    773310     100.243
    773320     99.3463
    773330     99.9964
    773340     99.2197
    773350     96.2533
    773360     97.8799
    773370     96.8713
    773380     95.2364
    773390      96.742
    773400     82.6187
    773410     96.7598
    773420      97.938
    773430     96.6209
    773440     89.2665
    773450     95.3736
    773460     98.3686
    773470     97.9202
    773480     101.125
    773490     98.5675
    773500     100.019
    773510     92.1423
    773520     101.012
    773530     100.634
    773540      98.606
    773550     100.196
    773560     101.257
    773570      100.47
    773580     100.099
    773590     99.5959
    773600     97.5791
    773610     99.1061
    773620     97.5661
    773630     99.6252
    773640     98.7698
    773650     97.9969
    773660     100.161
    773670     100.017
    773680     98.1885
    773690     96.9778
    773700     99.2946
    773710      96.624
    773720     96.5879
    773730     97.0558
    773740     93.0639
    773750     93.4408
    773760     96.0094
    773770     93.3625
    773780     95.1262
    773790     95.1309
    773800       96.16
    773810       80.99
    773820     99.6157
    773830     92.0904
    773840     92.7452
    773850     93.5799
    773860     97.9631
    773870     99.1815
    773880     96.1135
    773890     98.3288
    773900     101.127
    773910     100.599
    773920     101.448
    773930     81.2233
    773940     100.778
    773950     100.178
    773960     97.3447
    773970     100.661
    773980     80.2657
    773990     99.4157
    774000     97.1702
    774010     81.6961
    774020     101.639
    774030     91.9853
    774040      97.102
    774050     90.0957
    774060     97.6837
    774070     100.024
    774080     87.4408
    774090      101.42
    774100     92.3304
    774110     98.3556
    774120       101.7
    774130     102.289
    774140     82.0764
    774150     101.258
    774160     80.8152
    774170     81.2989
    774180      80.914
    774190     101.464
    774200     80.3775
    774210      101.28
    774220     99.9576
    774230     100.726
    774240     100.704
    774250     100.042
    774260     99.4387
    774270     99.1329
    774280     80.0301
    774290     101.324
    774300     100.501
    774310     100.328
    774320     99.7236
    774330     101.173
    774340     99.5053
    774350     100.868
    774360     81.2384
    774370      101.04
    774380     101.523
    774390     100.291
    774400     80.8086
    774410     83.6148
    774420     81.4134
    774430     84.9726
    774440     84.6331
    774450     84.1738
    774460     84.3709
    774470     83.9688
    774480     93.1733
    774490      92.943
    774500     86.0115
    774510     88.1119
    774520     88.0373
    774530     101.137
    774540     102.371
    774550     84.8338
    774560     85.5307
    774570     81.8234
    774580     98.1953
    774590     83.8818
    774600     89.6255
    774610     84.7462
    774620     83.8708
    774630     101.127
    774640     99.6936
    774650      84.699
    774660     84.7391
    774670     83.1692
    774680     85.7624
    774690     85.7456
    774700     100.276
    774710      81.988
    774720     85.9997
    774730      84.963
    774740     85.3526
    774750     85.2661
    774760     83.6149
    774770     84.4833
    774780     82.5516
    774790     84.1668
    774800     84.9031
    774810     83.8071
    774820     89.3024
    774830     83.7733
    774840     86.1384
    774850     87.1207
    774860     84.3888
    774870     88.7145
    774880      83.234
    774890     85.2632
    774900     90.5433
    774910     83.7813
    774920     84.3768
    774930     90.3504
    774940     90.7482
    774950     88.3948
    774960     99.4058
    774970     99.0588
    774980     83.2256
    774990     99.8294
    775000     80.5056
    775010     83.3021
    775020     85.5892
    775030     85.1326
    775040     100.504
    775050     80.9588
    775060     81.2681
    775070     80.6319
    775080     84.2194
    775090     81.8284
    775100     82.0197
    775110     83.8733
    775120     80.8457
    775130     100.317
    775140     80.9305
    775150     81.7779
    775160      85.616
    775170       83.81
    775180     86.4222
    775190     79.8126
    775200     81.2449
    775210     81.6359
    775220     93.4614
    775230     100.867
    775240     91.9025
    775250     94.6511
    775260     96.1354
    775270     95.9988
    775280     93.8774
    775290     93.0958
    775300     83.7771
    775310     96.0477
    775320     92.7481
    775330     98.3384
    775340     86.0688
    775350     87.4583
    775360     88.4895
    775370     87.9286
    775380     90.5385
    775390     88.2782
    775400     89.0928
    775410     90.9333
    775420     92.8246
    775430     90.8086
    775440     92.7697
    775450      91.197
    775460     83.6923
    775470     85.7582
    775480     81.2764
    775490     89.7945
    775500      86.523
    775510     87.7907
    775520     87.7811
    775530     85.5257
    775540     85.5676
    775550     86.8284
    775560     88.3469
    775570     89.5974
    775580     86.0029
    775590     85.5837
    775600     87.4529
    775610     88.5024
    775620      88.358
    775630     88.0439
    775640     89.0159
    775650     87.2026
    775660     82.1352
    775670     86.6342
    775680     87.8808
    775690     86.4397
    775700     82.0832
    775710     84.1369
    775720     83.2381
    775730     100.995
    775740     84.2801
    775750     84.3668
    775760     87.1499
    775770     83.2448
    775780     86.1957
    775790     86.8946
    775800     88.6944
    775810     82.6546
    775820     83.6811
    775830     84.7161
    775840     83.6364
    775850      85.435
    775860     84.8359
    775870     83.4204
    775880     87.0273
    775890     85.4375
    775900     87.3521
    775910     85.6541
    775920     84.7121
    775930     84.0172
    775940     84.8673
    775950     88.5063
    775960     86.3514
    775970     85.1613
    775980       81.94
    775990     94.4476
    776000      85.863
    776010     81.3643
    776020     101.208
    776030     86.2422
    776040     82.9606
    776050     81.8244
    776060     84.0665
    776070     83.8545
    776080     89.5154
    776090     90.4924
    776100     91.4229
    776110     80.9774
    776120     80.6476
    776130     83.1328
    776140     100.253
    776150     96.2185
    776160     82.5794
    776170     101.381
    776180     81.7895
    776190     84.5304
    776200     86.1432
    776210     89.3279
    776220     89.5499
    776230      90.922
    776240     84.1116
    776250      100.22
    776260      80.586
    776270     92.1018
    776280      90.853
    776290     96.9859
    776300     89.6484
    776310     86.6415
    776320       89.56
    776330     88.0867
    776340     87.9335
    776350     92.7427
    776360     94.3614
    776370     92.5815
    776380     91.6207
    776390     94.5084
    776400     92.6463
    776410     91.5857
    776420     92.4847
    776430     92.4066
    776440      93.836
    776450     94.0675
    776460     92.1071
    776470     92.2023
    776480     91.3378
    776490     90.8524
    776500      93.985
    776510     91.1196
    776520     90.5448
    776530     91.1184
    776540     92.0902
    776550     89.1641
    776560     91.4501
    776570     91.8336
    776580     91.1527
    776590      90.312
    776600     88.7701
    776610     91.7748
    776620     92.6087
    776630     91.9211
    776640      90.067
    776650      89.388
    776660     81.5275
    776670     94.1505
    776680     90.1668
    776690      90.807
    776700     90.1541
    776710     89.2618
    776720      89.575
    776730      100.86
    776740     81.3484
    776750     101.339
    776760     94.8041
    776770     85.4832
    776780      84.465
    776790     88.0467
    776800     86.2889
    776810     93.7818
    776820     86.2246
    776830     85.1491
    776840      83.048
    776850     81.9641
    776860     83.7321
    776870     80.5591
    776880     86.9208
    776890     97.8624
    776900     94.1503
    776910     96.0461
    776920     91.7524
    776930      87.874
    776940     89.2786
    776950     84.5174
    776960     85.9754
    776970      89.403
    776980     83.1985
    776990     93.5061
    777000     97.0931
    777010     81.4413
    777020      80.742
    777030     85.7191
    777040     95.7558
    777050     99.8951
    777060     90.3135
    777070      82.783
    777080     83.0236
    777090     82.3164
    777100     95.9487
    777110     84.7039
    777120     88.3921
    777130     90.2868
    777140      81.794
    777150     83.3161
    777160     85.1617
    777170     83.9091
    777180     100.525
    777190     81.4174
    777200      85.779
    777210     80.9415
    777220     88.9902
    777230     84.2689
    777240      82.063
    777250     89.2772
    777260     82.6953
    777270     101.238
    777280     88.6134
    777290     100.754
    777300      83.728
    777310     96.3014
    777320     81.9748
    777330     86.2128
    777340      88.284
    777350      85.031
    777360     81.6781
    777370     82.0547
    777380     99.2757
    777390     100.803
    777400     85.0089
    777410     83.4078
    777420      82.483
    777430     86.9129
    777440     80.9926
    777450     82.3889
    777460     85.1857
    777470      84.555
    777480     83.9597
    777490     85.8624
    777500     83.0195
    777510     84.9634
    777520     101.538
    777530     91.4648
    777540      97.376
    777550     82.5011
    777560     84.9993
    777570     80.2746
    777580     100.225
    777590     84.9111
    777600     82.7335
    777610     85.4738
    777620     81.0442
    777630     86.8892
    777640      96.769
    777650     80.4589
    777660     101.672
    777670     98.5684
    777680     80.3935
    777690     82.1604
    777700     98.1332
    777710     81.8833
    777720     87.9996
    777730      99.772
    777740     95.0714
    777750     90.2438
    777760     92.6765
    777770     85.8428
    777780     84.4302
    777790     81.6616
    777800     85.6481
    777810     83.4969
    777820     87.7369
    777830     85.2853
    777840      102.18
    777850     84.4305
    777860     86.2174
    777870     97.5744
    777880     87.4504
    777890     86.3841
    777900     81.0379
    777910     81.6791
    777920     100.496
    777930     101.687
    777940     81.3471
    777950     90.0527
    777960     85.4678
    777970     88.2361
    777980     84.7006
    777990     85.9816
    778000     85.0468
    778010     83.3809
    778020     85.7729
    778030     100.662
    778040     83.7161
    778050      82.728
    778060     83.1187
    778070     83.8641
    778080     83.5894
    778090     83.1818
    778100     84.0614
    778110     82.5448
    778120     82.7216
    778130     83.7136
    778140     83.4847
    778150     83.8268
    778160     83.4775
    778170      91.315
    778180     83.5883
    778190     96.4091
    778200     81.5086
    778210     82.6308
    778220     85.3998
    778230     89.7821
    778240     100.626
    778250     91.0332
    778260     83.6541
    778270     84.7634
    778280     101.857
    778290      101.22
    778300     83.0854
    778310     101.306
    778320     99.3875
    778330     81.9494
    778340     86.4072
    778350     83.7564
    778360     97.0564
    778370     97.7448
    778380     99.2786
    778390     100.623
    778400     82.9123
    778410     86.7653
    778420     101.022
    778430     98.3322
    778440     83.7696
    778450     83.3868
    778460      81.293
    778470     82.2695
    778480     87.3567
    778490     89.4046
    778500     82.7348
    778510     83.8555
    778520     85.1282
    778530     87.7876
    778540     96.4696
    778550     93.0853
    778560     88.6937
    778570     88.6488
    778580     101.183
    778590     99.5552
    778600     94.9444
    778610     86.9773
    778620     90.4158
    778630     100.082
    778640     90.7135
    778650     92.4369
    778660     93.1495
    778670     87.5781
    778680     84.4976
    778690     86.4954
    778700     88.8495
    778710      87.304
    778720     99.2173
    778730      82.104
    778740     83.6011
    778750     83.6457
    778760     83.9707
    778770     84.6786
    778780     94.9978
    778790     90.9082
    778800     101.097
    778810     92.1341
    778820     86.8717
    778830     84.1234
    778840      90.732
    778850     89.7024
    778860     87.4266
    778870     86.4426
    778880     84.5953
    778890     81.5029
    778900     93.4986
    778910     86.6314
    778920     91.9495
    778930     80.6356
    778940     87.6659
    778950      86.948
    778960     87.7211
    778970     84.1825
    778980     83.5723
    778990      81.756
    779000     82.9993
    779010     101.591
    779020     85.4842
    779030     86.7073
    779040     87.1441
    779050     87.9602
    779060     86.1142
    779070     88.7904
    779080     81.4838
    779090     83.7717
    779100     80.9218
    779110     83.4613
    779120     88.1977
    779130     86.2664
    779140     89.7984
    779150     87.6621
    779160     85.2588
    779170      84.815
    779180     83.9135
    779190     82.9151
    779200     82.9481
    779210     82.6439
    779220     81.7393
    779230     82.3847
    779240     84.5525
    779250     81.4048
    779260     82.9427
    779270     82.2175
    779280     83.5969
    779290     83.7132
    779300      85.107
    779310     87.3867
    779320     96.9035
    779330     87.0877
    779340     85.5963
    779350     85.2371
    779360     88.8274
    779370     84.9976
    779380     84.5861
    779390     85.7342
    779400     83.2825
    779410     85.0729
    779420     84.7701
    779430     83.4855
    779440     82.6642
    779450     82.8421
    779460     83.2356
    779470     83.0415
    779480     84.1111
    779490      85.642
    779500     84.7357
    779510       83.91
    779520     83.0673
    779530     83.5417
    779540     82.8979
    779550     86.2784
    779560     84.6183
    779570     82.4271
    779580     85.3259
    779590     85.6174
    779600     89.9415
    779610      82.743
    779620     82.7702
    779630     83.2649
    779640     84.2118
    779650     80.8632
    779660     82.4187
    779670      83.995
    779680     83.9144
    779690     81.2073
    779700     83.2293
    779710     81.7917
    779720      81.859
    779730     84.8546
    779740     82.1622
    779750     82.8749
    779760     81.4081
    779770     84.0891
    779780     80.3488
    779790     84.4139
    779800     82.7841
    779810     83.8193
    779820     83.1776
    779830     83.1534
    779840     83.2848
    779850     81.9592
    779860     82.5756
    779870      82.944
    779880     83.7074
    779890     83.2777
    779900     82.4121
    779910     82.4461
    779920     89.1889
    779930      86.631
    779940     83.1308
    779950     84.6537
    779960     86.0994
    779970     83.5986
    779980      82.476
    779990     84.9575
    780000       84.69
    780010     84.0337
    780020     83.7713
    780030     83.8055
    780040     84.2841
    780050     85.0417
    780060     84.7392
    780070     84.0731
    780080     86.2043
    780090      85.537
    780100     83.6047
    780110     83.3916
    780120     86.0803
    780130     84.7029
    780140      83.218
    780150     86.9804
    780160     89.1184
    780170     83.8377
    780180     92.2356
    780190     85.2437
    780200     86.1617
    780210      83.214
    780220     81.3025
    780230     90.8501
    780240     93.2754
    780250     87.1625
    780260      84.533
    780270     83.4017
    780280     80.3165
    780290     85.0793
    780300     87.7994
    780310     82.6092
    780320     84.4836
    780330     82.8869
    780340       81.57
    780350     98.5751
    780360     83.4722
    780370      100.12
    780380     99.6015
    780390     85.7939
    780400     84.5308
    780410     82.3339
    780420     80.7903
    780430     101.389
    780440     83.6492
    780450     100.604
    780460     81.7017
    780470     84.4255
    780480     83.2956
    780490     83.9318
    780500     87.5508
    780510     82.7449
    780520     90.3957
    780530     85.5004
    780540     83.4938
    780550      82.589
    780560     82.5947
    780570      81.472
    780580     101.261
    780590     101.706
    780600     84.1051
    780610     83.8515
    780620        89.4
    780630     86.8882
    780640     82.7583
    780650     83.7353
    780660     83.8206
    780670     82.6655
    780680     83.6004
    780690     83.1842
    780700     84.2584
    780710     83.5435
    780720     82.4694
    780730     85.5826
    780740     84.1973
    780750     86.1813
    780760     84.0381
    780770     86.7055
    780780     84.6244
    780790     86.3555
    780800     86.6964
    780810      85.873
    780820      83.772
    780830     85.8616
    780840     84.0244
    780850     86.3099
    780860     86.9782
    780870     84.6334
    780880     86.2955
    780890     87.0827
    780900     100.173
    780910      82.456
    780920     86.9821
    780930     86.8227
    780940      83.537
    780950     86.2287
    780960     86.7126
    780970     86.0487
    780980     85.9453
    780990     87.6589
    781000     86.6245
    781010     84.7815
    781020     85.7357
    781030     84.0406
    781040     86.9301
    781050     87.1452
    781060     83.8327
    781070     82.8771
    781080     81.8575
    781090     84.0868
    781100     85.4508
    781110      86.582
    781120     83.8006
    781130      91.277
    781140     82.6174
    781150     82.6405
    781160     83.4397
    781170     83.8504
    781180     81.3115
    781190     83.1125
    781200     85.5376
    781210     85.0801
    781220     82.1752
    781230     84.5089
    781240     82.2505
    781250     85.2734
    781260     89.9418
    781270     87.1849
    781280     83.4841
    781290     85.9005
    781300     83.5602
    781310     83.2197
    781320     82.3771
    781330     87.2955
    781340     81.5831
    781350     85.7694
    781360     87.5333
    781370     86.4377
    781380     87.1905
    781390     85.7633
    781400     84.4761
    781410      85.679
    781420      85.913
    781430     85.2455
    781440     83.9584
    781450     84.6046
    781460     85.1021
    781470     87.9832
    781480     85.1773
    781490     84.4565
    781500      86.827
    781510      84.218
    781520     83.0071
    781530     85.2477
    781540     81.8454
    781550     81.2597
    781560      86.048
    781570     80.9628
    781580     81.4744
    781590     82.7921
    781600     83.8087
    781610     82.1307
    781620     82.8914
    781630     81.9681
    781640     82.9299
    781650     87.0259
    781660     85.6161
    781670     86.2222
    781680     86.2356
    781690     85.8976
    781700     88.1734
    781710     86.3526
    781720     88.2729
    781730     87.2439
    781740     86.3108
    781750     85.3213
    781760     87.1687
    781770     84.6411
    781780     82.1693
    781790     86.2595
    781800     84.3127
    781810     91.2558
    781820      92.941
    781830     84.7819
    781840     99.7542
    781850     82.1345
    781860     87.9119
    781870     99.3576
    781880     82.8422
    781890     86.6345
    781900     85.7369
    781910     88.2246
    781920     85.2757
    781930     86.7761
    781940     82.0895
    781950     81.1138
    781960     102.055
    781970     81.6229
    781980     82.7371
    781990     87.0941
    782000     99.7768
    782010     83.9969
    782020     83.2243
    782030     81.5004
    782040     83.6687
    782050     83.9255
    782060     86.6543
    782070     101.665
    782080     97.6144
    782090      94.894
    782100     82.3272
    782110     85.0172
    782120     84.0571
    782130     85.6306
    782140     82.9996
    782150      83.243
    782160     91.7474
    782170     83.8283
    782180     84.2375
    782190     86.3452
    782200     87.6039
    782210     83.4649
    782220     81.8678
    782230     85.1893
    782240     83.8241
    782250     82.1894
    782260     82.7647
    782270     101.805
    782280     82.0014
    782290     82.0349
    782300      82.215
    782310     84.5989
    782320     87.7109
    782330     87.1386
    782340     90.3662
    782350     90.2496
    782360     90.4212
    782370     99.4578
    782380     92.3944
    782390     91.9769
    782400     93.4034
    782410     98.5359
    782420     95.8138
    782430     95.4924
    782440     95.1911
    782450     100.959
    782460     82.1355
    782470     92.8994
    782480     81.0022
    782490     84.7893
    782500     84.3522
    782510     98.5505
    782520     99.8026
    782530     91.3026
    782540     91.6681
    782550     82.4774
    782560     82.1926
    782570     88.2485
    782580     101.517
    782590     87.5613
    782600     86.6518
    782610     99.5476
    782620     88.8867
    782630     87.1683
    782640     92.7774
    782650     86.0603
    782660     101.221
    782670     83.4499
    782680     84.6165
    782690     86.6569
    782700     90.1223
    782710      85.468
    782720     86.1799
    782730     88.9048
    782740     84.5895
    782750     86.2925
    782760     88.5425
    782770     86.2211
    782780     87.4296
    782790     86.3228
    782800     85.5327
    782810     86.7179
    782820     85.1517
    782830     86.5836
    782840     83.9373
    782850     84.7367
    782860     84.0462
    782870     83.2229
    782880     84.8788
    782890     83.4416
    782900     85.4034
    782910     86.5234
    782920     87.5499
    782930     84.2899
    782940     85.1007
    782950     86.0549
    782960     85.3817
    782970     85.9654
    782980      86.999
    782990     86.6032
    783000     85.8349
    783010     85.7097
    783020     84.3114
    783030     83.9082
    783040     86.3792
    783050     85.2774
    783060     85.6078
    783070     85.9127
    783080     85.4277
    783090     83.9725
    783100     85.4321
    783110     84.8372
    783120     84.6377
    783130     85.9439
    783140     84.6014
    783150     84.8034
    783160     84.6453
    783170     84.3366
    783180     84.9917
    783190     85.4777
    783200     85.2341
    783210     84.4174
    783220     84.8377
    783230     85.0308
    783240     85.8122
    783250     85.5456
    783260     85.3697
    783270     84.0308
    783280     84.5254
    783290      85.242
    783300     84.1852
    783310      84.808
    783320       84.65
    783330      85.076
    783340     85.0753
    783350     84.4938
    783360     84.9315
    783370     85.0006
    783380     85.3671
    783390     84.4503
    783400     84.8496
    783410     84.4271
    783420     83.0221
    783430     83.0539
    783440     82.8654
    783450      83.996
    783460     82.9373
    783470     84.5057
    783480      85.729
    783490     84.0745
    783500     84.0716
    783510     84.1647
    783520     84.8203
    783530     84.1464
    783540     83.9361
    783550      82.501
    783560     85.8758
    783570     85.1164
    783580     84.3633
    783590     84.3297
    783600     84.5952
    783610     82.8423
    783620     83.5574
    783630     85.4489
    783640      84.281
    783650     84.5949
    783660      84.472
    783670     84.5759
    783680     84.9926
    783690     82.7997
    783700     82.3515
    783710     83.7761
    783720     86.4214
    783730     82.8637
    783740     86.3658
    783750     81.0763
    783760     85.6182
    783770     83.8309
    783780     84.3819
    783790     84.4271
    783800      84.207
    783810     83.2452
    783820     82.7731
    783830     85.6995
    783840     82.7404
    783850     82.7535
    783860     84.2564
    783870     83.0383
    783880     99.0714
    783890     84.0047
    783900      84.576
    783910     87.9279
    783920     84.4122
    783930     85.1079
    783940     93.2512
    783950     83.2983
    783960     86.8469
    783970     101.104
    783980     101.447
    783990     82.9677
    784000     82.8586
    784010     99.2601
    784020     82.5998
    784030     86.1052
    784040     85.2856
    784050      85.513
    784060     88.3637
    784070     87.4606
    784080      88.855
    784090     82.9682
    784100     83.7428
    784110     85.3151
    784120     85.4097
    784130      80.885
    784140     86.2253
    784150     81.6301
    784160     100.992
    784170     101.498
    784180     101.715
    784190     100.305
    784200     101.353
    784210     81.0343
    784220     80.6544
    784230     98.9809
    784240     82.2447
    784250     82.6993
    784260     81.7111
    784270     100.906
    784280     100.071
    784290     82.6724
    784300     98.7038
    784310     100.174
    784320     81.7268
    784330     101.815
    784340     80.5065
    784350     99.9693
    784360     80.6703
    784370     80.8421
    784380     80.5787
    784390     81.5865
    784400     80.8804
    784410     84.1294
    784420     80.7874
    784430     81.4355
    784440     82.0233
    784450     81.6678
    784460     81.7107
    784470     83.5685
    784480     98.1949
    784490     82.4885
    784500     82.3094
    784510     83.2321
    784520      81.687
    784530     101.328
    784540      82.372
    784550     100.313
    784560     98.6511
    784570     100.791
    784580     101.341
    784590     100.822
    784600     100.861
    784610     101.828
    784620     100.842
    784630     101.561
    784640     100.454
    784650     101.368
    784660     99.1264
    784670      100.41
    784680     100.574
    784690     100.427
    784700     101.598
    784710     100.893
    784720     101.094
    784730     81.5822
    784740     100.283
    784750     81.7808
    784760      81.436
    784770     101.924
    784780     101.129
    784790     81.6877
    784800     100.259
    784810     101.222
    784820     80.9383
    784830     83.3888
    784840     83.0837
    784850     81.3555
    784860     81.1298
    784870     82.7974
    784880      82.744
    784890     81.1724
    784900     80.3442
    784910     100.984
    784920     82.4324
    784930     84.4694
    784940     83.9061
    784950     82.9709
    784960     89.1138
    784970     85.8902
    784980     85.2912
    784990     82.3868
    785000     84.0477
    785010     85.5812
    785020     84.0568
    785030     83.5836
    785040     83.9571
    785050     84.3282
    785060     83.8058
    785070     82.8055
    785080     83.6093
    785090      84.124
    785100     84.0846
    785110     84.9004
    785120     85.7955
    785130     84.9155
    785140     85.4852
    785150     83.8648
    785160     84.0848
    785170     84.6232
    785180     85.1289
    785190     84.9239
    785200     84.1834
    785210     85.5351
    785220     84.5518
    785230     85.4623
    785240     84.2099
    785250     84.2266
    785260     85.0227
    785270      84.011
    785280     84.8694
    785290     85.7402
    785300     85.3515
    785310     86.1369
    785320     86.1212
    785330     84.5681
    785340     85.3673
    785350     85.2005
    785360     84.7893
    785370     85.4171
    785380     86.2876
    785390      86.397
    785400     83.4163
    785410     84.9888
    785420     86.2578
    785430     85.2702
    785440     85.4702
    785450     86.5427
    785460     86.2621
    785470     87.5967
    785480     86.0311
    785490     84.9625
    785500     84.0153
    785510     84.4109
    785520     84.9245
    785530     84.0354
    785540     85.2113
    785550     84.9942
    785560     84.4645
    785570     84.3846
    785580     85.1737
    785590     85.4448
    785600     86.4556
    785610     85.8581
    785620      86.186
    785630     84.9221
    785640     85.1646
    785650     85.3809
    785660     85.0901
    785670     82.8951
    785680     85.8042
    785690      85.298
    785700     84.6689
    785710     85.2399
    785720     85.1936
    785730     85.4264
    785740      84.549
    785750     85.5785
    785760     85.2173
    785770     85.5909
    785780     84.9159
    785790     85.2327
    785800      85.854
    785810      85.062
    785820     84.6027
    785830     84.7917
    785840     84.9502
    785850     85.0121
    785860     84.3263
    785870     84.9442
    785880     84.8447
    785890     85.1391
    785900     84.5633
    785910     84.6719
    785920     83.6992
    785930     84.1214
    785940     83.9793
    785950     84.3983
    785960     84.7427
    785970     84.1818
    785980     83.6693
    785990     85.2322
    786000     84.2468
    786010     84.1701
    786020     84.9748
    786030     83.8657
    786040     84.4755
    786050     84.0689
    786060     83.3892
    786070     84.2333
    786080       84.51
    786090      84.319
    786100     84.1233
    786110     83.9128
    786120     84.3817
    786130     84.2898
    786140     83.7998
    786150     83.9414
    786160     84.4119
    786170     83.0691
    786180     84.6226
    786190     85.2466
    786200     84.8121
    786210     84.9324
    786220     85.3688
    786230     85.4879
    786240     84.6854
    786250     84.9668
    786260     84.7967
    786270     84.2002
    786280     85.1469
    786290     85.3799
    786300     84.9805
    786310     85.1785
    786320     86.2148
    786330     85.9895
    786340      86.149
    786350       85.07
    786360     85.0441
    786370     85.8914
    786380     85.4342
    786390     85.7935
    786400     86.2428
    786410     84.7402
    786420     85.4595
    786430     84.8435
    786440     85.9556
    786450     86.3754
    786460     86.0103
    786470      85.845
    786480     85.6254
    786490      84.627
    786500     85.0845
    786510     84.9057
    786520     85.2144
    786530     85.3648
    786540     85.0637
    786550     85.0346
    786560     84.7209
    786570     85.2737
    786580     84.4765
    786590     85.1807
    786600     84.6306
    786610     85.7127
    786620     86.2092
    786630     84.4366
    786640     84.4997
    786650     85.0769
    786660     84.8459
    786670     85.8439
    786680     85.6915
    786690     85.5231
    786700     84.1662
    786710     85.5657
    786720     85.3879
    786730     85.5987
    786740     85.7912
    786750     86.0467
    786760     86.3899
    786770     85.3546
    786780     85.6817
    786790     85.8888
    786800     84.7845
    786810     84.7007
    786820     84.8806
    786830     84.4306
    786840     84.9052
    786850     87.1564
    786860     87.1953
    786870     85.7717
    786880     87.0805
    786890     84.4929
    786900     86.0907
    786910     83.9663
    786920      83.716
    786930     84.2537
    786940     83.5409
    786950     83.2265
    786960     85.8516
    786970     84.1605
    786980     83.3513
    786990     85.0513
    787000      84.532
    787010     85.0071
    787020     84.0317
    787030     86.1522
    787040     85.7034
    787050     86.1392
    787060      86.456
    787070     84.9366
    787080     85.0724
    787090     85.7971
    787100     84.4635
    787110     85.1094
    787120     87.4355
    787130     85.3899
    787140     85.3578
    787150      85.413
    787160     86.0969
    787170     85.6622
    787180     85.9227
    787190     84.6347
    787200      84.905
    787210     87.4205
    787220     86.4582
    787230     85.6467
    787240     85.3408
    787250     84.5125
    787260      88.912
    787270      84.127
    787280     86.8176
    787290     87.8667
    787300     94.1541
    787310     87.9554
    787320     90.6617
    787330     86.1228
    787340     89.8425
    787350     86.4417
    787360     87.7919
    787370     101.434
    787380     89.8739
    787390     84.6619
    787400     81.8271
    787410     88.9553
    787420     102.728
    787430     83.1858
    787440     81.8683
    787450     96.9724
    787460     101.852
    787470     89.9724
    787480     86.6447
    787490     84.6248
    787500     82.0499
    787510     84.0932
    787520     82.5659
    787530     83.6472
    787540     84.1085
    787550      85.519
    787560     86.0669
    787570     85.3167
    787580     88.2226
    787590     83.5799
    787600     85.1764
    787610     87.3314
    787620     84.6649
    787630     85.3644
    787640     84.9615
    787650     82.8245
    787660     82.6994
    787670     89.4458
    787680     100.006
    787690     101.652
    787700     86.0742
    787710     81.2874
    787720     82.2337
    787730     81.9081
    787740     102.087
    787750     89.0801
    787760     101.458
    787770     86.0677
    787780     85.3797
    787790     84.4538
    787800     84.1354
    787810     81.6949
    787820      81.748
    787830     100.411
    787840     82.7169
    787850     81.3895
    787860     87.2523
    787870     84.4247
    787880     81.8472
    787890     101.074
    787900     98.1641
    787910     101.234
    787920     81.9054
    787930     81.6169
    787940     101.673
    787950     101.326
    787960     81.4797
    787970     100.731
    787980     101.711
    787990     82.4745
    788000     101.516
    788010     82.9424
    788020     83.5129
    788030     101.194
    788040     82.9273
    788050     97.8503
    788060     84.4064
    788070     81.6586
    788080     86.1441
    788090      90.217
    788100     87.5948
    788110     89.0231
    788120     81.7271
    788130     82.5779
    788140     82.2704
    788150     84.1433
    788160     102.232
    788170     84.8028
    788180     82.5335
    788190     82.5583
    788200     83.1388
    788210     83.9655
    788220     83.2063
    788230     83.6308
    788240     85.4239
    788250     85.3092
    788260     85.7354
    788270     83.7408
    788280     83.4759
    788290     82.9289
    788300     81.8277
    788310     84.0049
    788320     83.7333
    788330     81.8175
    788340      88.708
    788350     88.1979
    788360     85.4045
    788370     86.9226
    788380     86.4472
    788390     88.0178
    788400     82.7969
    788410     102.606
    788420     84.7222
    788430     84.3798
    788440     86.6435
    788450     85.8677
    788460     87.2465
    788470     84.4268
    788480     84.1708
    788490     84.4061
    788500     84.0119
    788510     83.5192
    788520     85.9126
    788530     85.5927
    788540      85.674
    788550     86.7249
    788560     89.4716
    788570     88.0173
    788580     86.8627
    788590     90.4418
    788600     87.7767
    788610     86.5699
    788620     84.5252
    788630     82.3062
    788640     82.3761
    788650     81.8813
    788660     82.7228
    788670     82.6067
    788680     85.7263
    788690     84.7771
    788700     86.0546
    788710     87.0141
    788720     85.4592
    788730      86.667
    788740     87.0645
    788750     86.5646
    788760     86.2482
    788770     86.2669
    788780     85.4717
    788790     84.6608
    788800     86.1801
    788810     85.4768
    788820     85.5329
    788830     84.7085
    788840     84.8004
    788850     85.9055
    788860     86.4946
    788870      85.676
    788880     86.3644
    788890     85.7493
    788900     86.6497
    788910      85.259
    788920     85.1811
    788930     85.6481
    788940     84.5197
    788950     84.6377
    788960     83.6379
    788970     83.9514
    788980     84.7227
    788990     85.6182
    789000     84.5576
    789010     85.9487
    789020     84.9711
    789030     85.4126
    789040     84.7676
    789050      84.035
    789060     84.5595
    789070     84.1641
    789080     85.5395
    789090     84.0965
    789100     84.7828
    789110     84.4988
    789120     85.2443
    789130     85.9175
    789140     84.6631
    789150     83.4383
    789160     83.4515
    789170     84.3293
    789180     82.7459
    789190     83.3681
    789200     81.8798
    789210      83.015
    789220     82.2269
    789230     84.6773
    789240     84.1198
    789250     85.4681
    789260     84.0487
    789270     84.9331
    789280     85.6766
    789290      84.964
    789300     86.0556
    789310     85.0364
    789320     85.2899
    789330     85.7716
    789340     82.7481
    789350     83.9519
    789360      85.309
    789370     83.9044
    789380     84.4896
    789390     85.6361
    789400     83.7004
    789410     84.1236
    789420     84.1093
    789430     83.8506
    789440     84.8481
    789450     84.7929
    789460     84.3055
    789470     82.7631
    789480     83.3346
    789490      82.288
    789500     84.1683
    789510     84.1944
    789520     85.0251
    789530     82.7057
    789540     83.3681
    789550     81.7758
    789560     83.0468
    789570      82.593
    789580      83.073
    789590     83.6111
    789600     82.9859
    789610     82.2468
    789620     82.7839
    789630     83.2409
    789640      83.581
    789650     82.2929
    789660     82.6612
    789670     82.9566
    789680     83.0873
    789690     81.4925
    789700     82.5062
    789710     82.6143
    789720     83.8226
    789730     82.0493
    789740      83.746
    789750     83.6517
    789760     83.0112
    789770     83.3089
    789780     82.4177
    789790     82.2165
    789800     82.1789
    789810     82.1566
    789820     83.2652
    789830     82.9865
    789840     82.2482
    789850     81.9697
    789860     102.148
    789870     81.8683
    789880     81.6803
    789890     82.7232
    789900     82.8802
    789910     83.7193
    789920     83.3011
    789930     82.7484
    789940     84.3868
    789950     81.7741
    789960     83.3343
    789970      83.952
    789980     83.2495
    789990     81.6616
    790000     82.5748
    790010     81.6607
    790020     82.2333
    790030     82.5848
    790040      83.024
    790050     82.1435
    790060     84.2987
    790070     102.014
    790080     82.9964
    790090     85.2471
    790100     83.0375
    790110     83.9269
    790120     84.9262
    790130     84.1878
    790140     83.2785
    790150     81.0379
    790160     80.3689
    790170     84.2393
    790180     82.2311
    790190     81.8457
    790200     83.1729
    790210     84.9659
    790220     84.1053
    790230     83.1108
    790240     82.6209
    790250     81.7826
    790260     83.7854
    790270     83.6966
    790280     81.4114
    790290     81.5289
    790300     83.7891
    790310     85.5173
    790320      83.811
    790330     84.6902
    790340     82.6811
    790350     85.3991
    790360     85.4478
    790370     83.5338
    790380     83.9445
    790390      84.508
    790400     81.8273
    790410     83.0385
    790420     84.5594
    790430     83.9791
    790440     84.6462
    790450     86.2361
    790460     84.4055
    790470     84.4794
    790480     84.6543
    790490      84.408
    790500     84.4253
    790510     85.8625
    790520     83.3338
    790530     84.0778
    790540     82.9909
    790550     83.6722
    790560     84.3255
    790570     83.7106
    790580     85.8599
    790590     85.6993
    790600     86.6882
    790610     85.1768
    790620     85.1727
    790630     84.3338
    790640     85.3589
    790650     87.2074
    790660     86.3068
    790670     86.7604
    790680     86.4653
    790690     85.2567
    790700     86.9368
    790710     87.0324
    790720     85.7112
    790730     85.4301
    790740     85.7149
    790750     84.2957
    790760     85.2075
    790770     85.2499
    790780     83.6698
    790790     86.8853
    790800     85.8415
    790810     87.6539
    790820      86.263
    790830     86.0548
    790840     88.4655
    790850     86.3142
    790860     88.3899
    790870     81.8813
    790880     84.8449
    790890     83.9362
    790900     87.1789
    790910     84.5487
    790920     86.7615
    790930      85.331
    790940     85.0213
    790950     81.6636
    790960      81.688
    790970     81.6648
    790980     81.6904
    790990      84.339
    791000     101.727
    791010     84.5556
    791020     85.5093
    791030     83.0854
    791040     82.2125
    791050     82.6766
    791060     81.6154
    791070     101.866
    791080     80.9771
    791090     101.257
    791100     82.5137
    791110     84.1437
    791120     81.8198
    791130     101.822
    791140     82.2852
    791150     84.1114
    791160     82.8881
    791170     85.6605
    791180     83.6191
    791190     82.0935
    791200     81.1016
    791210     83.7747
    791220     83.9336
    791230     82.9589
    791240     81.5549
    791250     81.7523
    791260     100.646
    791270     82.5846
    791280     86.4222
    791290     81.9343
    791300     82.7401
    791310     81.3425
    791320     82.5984
    791330     99.7158
    791340     84.3898
    791350     81.8191
    791360     84.3842
    791370     87.2665
    791380     90.2938
    791390     83.5042
    791400     91.5297
    791410     81.5523
    791420     82.6088
    791430     102.093
    791440     102.613
    791450     100.545
    791460     101.411
    791470     83.8565
    791480     84.5868
    791490     85.4293
    791500     99.7071
    791510     83.1533
    791520     83.0547
    791530     82.9387
    791540     101.979
    791550     81.3539
    791560     81.0763
    791570     101.947
    791580     96.6042
    791590     101.071
    791600     99.5635
    791610     81.3744
    791620     80.8118
    791630     87.6151
    791640     90.9605
    791650     100.126
    791660      84.311
    791670      100.35
    791680     82.5275
    791690     82.9377
    791700     83.1298
    791710     82.9534
    791720     84.5637
    791730     88.5157
    791740      82.847
    791750     81.9112
    791760     81.3826
    791770     82.6486
    791780     80.9976
    791790     81.3975
    791800     83.1512
    791810     101.255
    791820      81.126
    791830     81.5733
    791840     96.8791
    791850     85.1344
    791860     101.514
    791870     82.0427
    791880     100.274
    791890     81.8674
    791900     83.6361
    791910     87.3497
    791920     87.8982
    791930     83.8673
    791940     96.2305
    791950     94.2743
    791960       88.54
    791970     87.5952
    791980     88.4694
    791990     88.4939
    792000      89.286
    792010     88.8358
    792020     88.0156
    792030     86.0431
    792040     88.4439
    792050     87.9412
    792060      87.464
    792070     89.8724
    792080     91.6277
    792090     87.0732
    792100     88.3814
    792110     86.7327
    792120     87.3908
    792130     88.8794
    792140     86.4409
    792150     86.4467
    792160     87.7774
    792170     86.8522
    792180     91.9904
    792190     87.2027
    792200     91.1897
    792210     84.8698
    792220     85.5274
    792230     85.2368
    792240     82.6942
    792250      83.603
    792260     86.1686
    792270      84.984
    792280     89.9482
    792290     88.7646
    792300     89.3181
    792310     89.7418
    792320     99.4616
    792330     101.436
    792340     92.5786
    792350       97.36
    792360     98.5093
    792370     94.7923
    792380     96.7303
    792390     97.7822
    792400     95.3671
    792410      87.292
    792420     98.4795
    792430     100.803
    792440      86.345
    792450     80.9661
    792460     101.451
    792470     92.1361
    792480     99.5485
    792490     98.9389
    792500     81.6918
    792510      101.18
    792520     99.0609
    792530     95.6452
    792540     97.0343
    792550     99.9981
    792560     89.0505
    792570     97.4755
    792580     99.3418
    792590     82.7133
    792600     98.7014
    792610     95.0834
    792620     98.6771
    792630     98.8438
    792640     100.033
    792650     100.837
    792660     97.6669
    792670     99.6213
    792680     101.422
    792690     93.8925
    792700     100.643
    792710     101.962
    792720     101.794
    792730     84.6363
    792740     101.013
    792750     82.4392
    792760     81.4228
    792770     99.9198
    792780     101.232
    792790     100.275
    792800     99.4498
    792810     100.129
    792820     100.263
    792830      100.52
    792840     99.2069
    792850     100.487
    792860      80.034
    792870     84.8306
    792880     82.2199
    792890     93.4789
    792900     91.4209
    792910     101.879
    792920     80.7803
    792930     100.087
    792940     96.2778
    792950     98.3055
    792960     88.6047
    792970     83.4325
    792980      87.598
    792990     89.6038
    793000     93.0529
    793010     91.7714
    793020     89.6295
    793030      90.368
    793040     92.2949
    793050     89.5811
    793060     89.9224
    793070     90.0808
    793080     90.5975
    793090     87.5355
    793100     89.5238
    793110     94.0272
    793120     92.0831
    793130     89.5271
    793140     86.9937
    793150     90.8584
    793160     91.7707
    793170     90.3542
    793180     90.0701
    793190      89.716
    793200     90.0353
    793210     88.9272
    793220     91.3019
    793230     85.9767
    793240     85.7296
    793250     92.6435
    793260     87.8576
    793270     100.968
    793280      91.466
    793290      90.716
    793300     93.7136
    793310     87.1545
    793320       87.01
    793330     90.2672
    793340      93.806
    793350     92.6389
    793360     94.9667
    793370     90.8411
    793380     88.6381
    793390     91.2875
    793400     91.9037
    793410     90.0559
    793420     93.1893
    793430     89.8339
    793440       85.62
    793450      89.263
    793460     90.4346
    793470       91.05
    793480     86.3487
    793490     88.9593
    793500     91.7131
    793510     87.9116
    793520      90.087
    793530     91.1823
    793540     91.8654
    793550     98.2875
    793560     98.9328
    793570     99.7595
    793580     95.9787
    793590     85.8168
    793600     98.5149
    793610     90.9116
    793620     92.4477
    793630     87.2759
    793640     89.2305
    793650        96.8
    793660     89.8617
    793670     88.6702
    793680     86.2152
    793690     82.3584
    793700     88.5991
    793710      84.571
    793720     87.1913
    793730     90.2608
    793740     88.3396
    793750      86.364
    793760     88.3707
    793770     90.1726
    793780      88.328
    793790     82.7608
    793800     83.4809
    793810     95.9777
    793820     98.1886
    793830      93.685
    793840     101.798
    793850     98.8494
    793860     87.2991
    793870     93.5533
    793880     92.9389
    793890     90.9719
    793900       88.59
    793910     91.4078
    793920     90.8701
    793930     91.4499
    793940     90.2616
    793950     90.7418
    793960       90.68
    793970     89.9886
    793980      93.211
    793990     87.9673
    794000     94.1708
    794010     92.2809
    794020     92.7063
    794030     91.4831
    794040      90.602
    794050     88.8687
    794060     89.5357
    794070     90.6845
    794080     91.9508
    794090     90.6177
    794100      91.274
    794110     91.0817
    794120     89.7436
    794130     91.8939
    794140     91.7123
    794150     90.2142
    794160     90.8888
    794170     87.4943
    794180     89.4629
    794190     91.2499
    794200     82.3829
    794210     88.3287
    794220     86.3191
    794230     87.2766
    794240     87.8244
    794250     87.6956
    794260     88.2706
    794270     86.8712
    794280     88.4151
    794290     88.5188
    794300     87.1866
    794310     87.5828
    794320     90.4123
    794330     81.6007
    794340     82.3666
    794350     93.6401
    794360     82.4876
    794370     98.4967
    794380     97.5644
    794390     98.5498
    794400     87.0683
    794410     91.3823
    794420     89.0271
    794430     92.4056
    794440     86.2229
    794450     98.7445
    794460     89.6999
    794470     88.2116
    794480      88.726
    794490     90.2118
    794500     87.3229
    794510     83.3051
    794520     98.3979
    794530     92.0567
    794540     89.5673
    794550     82.3591
    794560      86.184
    794570     89.0078
    794580     88.7276
    794590     86.6488
    794600     100.811
    794610     96.5966
    794620     100.567
    794630     95.7089
    794640     82.7353
    794650     87.5601
    794660     100.361
    794670     100.412
    794680     81.8972
    794690     98.0883
    794700     98.2257
    794710     82.6429
    794720      101.41
    794730     99.9821
    794740      81.911
    794750     101.129
    794760     84.1272
    794770     99.2994
    794780      97.433
    794790     99.1804
    794800     84.0748
    794810     82.0377
    794820     87.1625
    794830     87.7664
    794840     88.0942
    794850     86.9688
    794860     84.8056
    794870     85.4672
    794880     82.3214
    794890     83.4887
    794900     82.4824
    794910     82.7837
    794920     101.988
    794930     87.0124
    794940     100.965
    794950     82.1922
    794960     101.931
    794970     82.0241
    794980     102.483
    794990     88.7279
    795000     86.4479
    795010     82.6617
    795020     101.409
    795030     82.9391
    795040     99.6567
    795050     82.5393
    795060     92.9657
    795070     81.8702
    795080      87.089
    795090     84.9593
    795100     91.7092
    795110     81.4837
    795120     84.0455
    795130     82.6345
    795140     98.9207
    795150     102.665
    795160     102.639
    795170      85.903
    795180     91.8122
    795190     101.053
    795200       88.64
    795210     96.5327
    795220     95.8642
    795230     100.706
    795240     99.7545
    795250      98.059
    795260     96.4957
    795270     97.2078
    795280     97.5855
    795290      98.383
    795300     101.769
    795310     89.7176
    795320     94.3457
    795330     92.1786
    795340      100.63
    795350     97.9107
    795360     97.7794
    795370     100.162
    795380     98.9082
    795390     98.8322
    795400      98.332
    795410     96.9804
    795420      85.021
    795430     101.109
    795440     82.2312
    795450      83.987
    795460       82.78
    795470      96.813
    795480     102.288
    795490     94.5399
    795500     88.7063
    795510     99.6391
    795520      100.95
    795530     100.947
    795540     101.849
    795550     82.3662
    795560     101.908
    795570     97.7601
    795580     82.2967
    795590     100.373
    795600     101.171
    795610     83.9553
    795620     85.6316
    795630      85.527
    795640     85.6584
    795650     87.5679
    795660     99.8056
    795670     81.8826
    795680     83.6005
    795690     83.2063
    795700     84.2268
    795710     85.7061
    795720     86.5678
    795730     81.9505
    795740     84.1874
    795750     86.0952
    795760     87.0742
    795770     86.3985
    795780     87.1725
    795790     86.9053
    795800      84.706
    795810     87.1013
    795820     84.3299
    795830     82.1133
    795840     86.0847
    795850     83.1224
    795860     97.5031
    795870     86.8772
    795880     87.7861
    795890      86.261
    795900     84.8317
    795910     83.2466
    795920     87.4723
    795930     87.7233
    795940     82.6534
    795950      82.739
    795960      83.486
    795970     88.0525
    795980     87.9872
    795990     87.9085
    796000     86.6871
    796010     86.8509
    796020     87.1779
    796030     88.2136
    796040     87.4257
    796050     87.0432
    796060     87.3636
    796070     87.4022
    796080      88.488
    796090     88.4049
    796100      88.618
    796110     83.7602
    796120     84.8873
    796130     101.036
    796140     84.8092
    796150      100.42
    796160     98.6424
    796170     84.9074
    796180     83.5507
    796190     83.0584
    796200     100.805
    796210     87.5631
    796220     101.656
    796230     101.536
    796240     94.1561
    796250     99.5885
    796260     81.0591
    796270     99.4231
    796280     100.999
    796290      82.308
    796300     99.1224
    796310     101.001
    796320       101.4
    796330      101.03
    796340     101.804
    796350     81.7732
    796360     101.587
    796370      101.82
    796380     101.111
    796390     101.351
    796400     102.262
    796410     93.4738
    796420     100.207
    796430     100.945
    796440     81.5235
    796450     82.5562
    796460     100.718
    796470     81.8056
    796480     82.9372
    796490     100.688
    796500      101.44
    796510     80.9447
    796520      102.12
    796530      81.321
    796540     82.4851
    796550     81.1704
    796560     81.0723
    796570     80.7545
    796580     80.7228
    796590     101.486
    796600     101.559
    796610     81.2064
    796620     80.8041
    796630     80.9498
    796640     80.8264
    796650      100.71
    796660     80.9529
    796670     81.1002
    796680     100.688
    796690     100.921
    796700     100.983
    796710     101.554
    796720     101.131
    796730     100.117
    796740     101.152
    796750     101.536
    796760     81.0415
    796770     80.8959
    796780     81.8513
    796790     80.1729
    796800     80.9593
    796810     100.697
    796820     81.1994
    796830     80.8483
    796840      101.05
    796850     100.569
    796860     81.9138
    796870     81.7913
    796880     100.954
    796890     101.556
    796900     101.899
    796910     101.976
    796920     100.654
    796930     101.543
    796940     85.8356
    796950     83.8732
    796960     82.2227
    796970     86.9014
    796980     86.5248
    796990     85.9627
    797000     82.8096
    797010     89.6949
    797020     99.6667
    797030     101.605
    797040     81.6332
    797050     83.4778
    797060     81.5256
    797070     80.8977
    797080     81.1706
    797090     100.445
    797100     99.6098
    797110     99.6006
    797120     100.165
    797130     99.6795
    797140     84.4002
    797150     82.1004
    797160     101.082
    797170       102.4
    797180     101.498
    797190     89.3686
    797200     92.2204
    797210     80.9217
    797220     100.213
    797230     99.2202
    797240     86.6864
    797250     83.2618
    797260     82.3575
    797270     83.4231
    797280     85.0214
    797290     88.0093
    797300     87.3726
    797310     85.5948
    797320     83.4298
    797330     84.0727
    797340     84.3419
    797350      100.15
    797360     82.0442
    797370     100.565
    797380     80.8845
    797390     83.3558
    797400     84.1012
    797410     87.8561
    797420     91.7081
    797430      86.722
    797440     83.1747
    797450     97.5843
    797460     88.3144
    797470     82.5706
    797480     82.5747
    797490      81.516
    797500     87.6231
    797510     101.887
    797520      86.127
    797530     99.8455
    797540     81.8242
    797550     80.9148
    797560      92.367
    797570     81.5928
    797580     90.7337
    797590     100.236
    797600     84.7245
    797610     98.0298
    797620     87.6588
    797630     90.0223
    797640     91.1075
    797650     99.8945
    797660      96.609
    797670     99.6228
    797680     92.7586
    797690     88.7637
    797700     89.5517
    797710     93.4789
    797720     86.4726
    797730     87.5966
    797740     87.8774
    797750     90.9684
    797760      88.596
    797770     88.1197
    797780        88.6
    797790     87.4218
    797800     87.5322
    797810     89.8633
    797820     87.0731
    797830     84.4522
    797840     84.5369
    797850     88.8573
    797860     87.7015
    797870     87.1734
    797880     88.3953
    797890     86.3773
    797900     87.3207
    797910     100.394
    797920      80.704
    797930     86.3085
    797940     101.154
    797950     100.985
    797960     83.1024
    797970     88.8243
    797980     82.1943
    797990     82.6985
    798000     80.3306
    798010     82.4421
    798020     84.8491
    798030     82.5539
    798040     81.0274
    798050     81.9872
    798060     82.7433
    798070     101.517
    798080     87.2618
    798090     81.5566
    798100       84.08
    798110     82.0169
    798120     82.6761
    798130     82.7972
    798140     100.952
    798150     101.155
    798160     80.8584
    798170     101.461
    798180     99.2477
    798190     80.3535
    798200       81.71
    798210     82.4905
    798220     100.657
    798230      81.329
    798240     82.9491
    798250     80.1327
    798260     81.4018
    798270     86.0841
    798280     82.1026
    798290     86.4397
    798300      85.255
    798310     84.1611
    798320     86.4717
    798330     85.1214
    798340     83.5854
    798350     81.4264
    798360     100.588
    798370     81.6909
    798380     81.1381
    798390     83.7719
    798400     81.1601
    798410     80.9121
    798420     100.617
    798430     101.303
    798440     82.2753
    798450     101.058
    798460     83.4635
    798470     89.6346
    798480      87.437
    798490     98.7624
    798500      95.373
    798510     99.5875
    798520     100.066
    798530     100.281
    798540      80.756
    798550     80.4773
    798560     99.2959
    798570     87.7267
    798580     97.4972
    798590     95.1844
    798600     99.6416
    798610     100.575
    798620     87.7652
    798630     91.0286
    798640     87.4461
    798650     88.8489
    798660     85.2306
    798670     99.8719
    798680     99.0687
    798690     82.4129
    798700     85.9672
    798710     100.341
    798720     82.5594
    798730     98.8762
    798740     80.1065
    798750     100.793
    798760     99.2635
    798770     81.5684
    798780     79.9584
    798790     80.1371
    798800     80.6196
    798810     100.023
    798820      82.904
    798830     83.9643
    798840     99.8018
    798850     85.9596
    798860     86.1486
    798870     87.1284
    798880     87.7839
    798890     99.2567
    798900     86.0839
    798910     88.5866
    798920     99.7826
    798930     101.019
    798940     81.2978
    798950     83.1683
    798960     101.096
    798970      80.308
    798980     99.9717
    798990      82.142
    799000     83.4859
    799010     83.8883
    799020     84.5089
    799030     81.2178
    799040       81.68
    799050     82.3941
    799060     82.9993
    799070     83.4183
    799080     87.7271
    799090     82.3989
    799100     99.5177
    799110     100.685
    799120     101.542
    799130     100.149
    799140     99.9542
    799150      100.39
    799160     99.7715
    799170     99.8466
    799180     90.4446
    799190     85.8176
    799200      100.24
    799210     99.8789
    799220     83.5658
    799230     80.9603
    799240     82.1667
    799250     80.7554
    799260     83.7015
    799270     82.7671
    799280     83.9893
    799290     83.3461
    799300     83.4176
    799310     83.9824
    799320     85.3645
    799330     86.2736
    799340      85.191
    799350     81.0198
    799360     82.3043
    799370     81.5537
    799380     83.6909
    799390     82.2113
    799400     85.0252
    799410     86.8136
    799420     86.7637
    799430     84.8624
    799440     86.9011
    799450     85.2719
    799460     87.1313
    799470     87.0396
    799480     85.7974
    799490     85.6519
    799500     85.1897
    799510     84.9736
    799520     86.2953
    799530     87.6298
    799540     85.1883
    799550     86.4245
    799560     86.6156
    799570     85.2906
    799580     86.5143
    799590     87.2474
    799600     87.0116
    799610      85.827
    799620     85.6786
    799630     86.0219
    799640     85.3061
    799650     85.5223
    799660     85.7425
    799670     86.5387
    799680     85.8963
    799690      84.996
    799700     87.8676
    799710     87.7734
    799720     84.9297
    799730     83.4115
    799740     83.3007
    799750     83.1458
    799760     83.6692
    799770     83.9107
    799780     85.3581
    799790     85.4069
    799800     85.3359
    799810     85.1142
    799820     83.6835
    799830     86.8205
    799840     86.6528
    799850     83.3152
    799860     83.4709
    799870     83.5297
    799880     82.4514
    799890     83.5347
    799900     83.8473
    799910     82.6273
    799920     82.6679
    799930     101.966
    799940     83.7776
    799950     85.0327
    799960     84.8866
    799970     85.8963
    799980     82.3149
    799990     84.2196
    800000     86.7952
    800010     87.6588
    800020     87.8887
    800030     85.6668
    800040     86.3658
    800050     85.4025
    800060     87.3732
    800070     86.4377
    800080     87.1817
    800090     87.6936
    800100     87.5903
    800110     87.1831
    800120     86.9376
    800130     86.6087
    800140     87.8519
    800150     87.2106
    800160      88.867
    800170     87.5805
    800180      87.824
    800190     87.5881
    800200     86.9965
    800210     88.1946
    800220     85.5843
    800230     88.3869
    800240     81.9767
    800250     84.5063
    800260     80.8628
    800270     82.0156
    800280     101.737
    800290      81.324
    800300     83.1274
    800310     81.4109
    800320     83.3274
    800330      85.714
    800340     86.1082
    800350     85.9858
    800360     86.2219
    800370      81.214
    800380     85.5231
    800390     85.8047
    800400     83.7515
    800410     87.5463
    800420     83.6457
    800430     84.5973
    800440      83.511
    800450     84.0764
    800460     101.934
    800470     80.5174
    800480     83.6633
    800490     81.7966
    800500      83.621
    800510     84.7068
    800520     86.4622
    800530     82.4368
    800540     83.4584
    800550     81.0822
    800560     83.8389
    800570     83.3256
    800580     84.3752
    800590     84.3018
    800600     85.8656
    800610     86.2228
    800620     83.9377
    800630     85.5352
    800640     81.2467
    800650     82.1462
    800660     81.9031
    800670     84.2863
    800680     100.932
    800690     81.7694
    800700     83.0889
    800710     102.001
    800720     84.9854
    800730     82.0349
    800740     81.6777
    800750     82.3664
    800760     85.0483
    800770      84.659
    800780     86.5736
    800790     84.3708
    800800     82.3278
    800810     81.9477
    800820     83.4295
    800830     100.894
    800840     99.6023
    800850     100.809
    800860     101.365
    800870     101.031
    800880      81.579
    800890     81.5759
    800900     85.1406
    800910     85.2056
    800920     101.688
    800930     81.3884
    800940     81.2135
    800950     82.6827
    800960     82.4307
    800970     82.2491
    800980      101.28
    800990     98.6377
    801000     101.965
    801010      98.794
    801020     97.1365
    801030     96.6959
    801040     81.8749
    801050       83.46
    801060     81.9101
    801070     101.823
    801080     83.2889
    801090     82.0475
    801100     83.5125
    801110     82.3987
    801120     81.3396
    801130     101.372
    801140     100.355
    801150     81.4844
    801160     83.2156
    801170     81.4562
    801180     101.632
    801190     101.738
    801200     101.571
    801210     100.809
    801220     102.158
    801230     101.538
    801240      81.389
    801250     82.6383
    801260     80.9248
    801270     81.5234
    801280     81.2329
    801290     80.7841
    801300     81.6124
    801310     82.1606
    801320     81.8365
    801330      101.24
    801340     82.6888
    801350     82.2868
    801360      81.592
    801370     81.1971
    801380     101.696
    801390     101.529
    801400     82.2752
    801410     83.5905
    801420     81.5034
    801430     101.948
    801440     101.298
    801450     100.848
    801460     81.0338
    801470     81.5296
    801480     82.3053
    801490     102.274
    801500     100.418
    801510     101.141
    801520     100.629
    801530      83.504
    801540     101.763
    801550     82.9193
    801560     101.222
    801570     101.372
    801580     99.7376
    801590     99.1681
    801600      99.959
    801610      97.939
    801620     100.663
    801630      99.763
    801640     81.3041
    801650      96.727
    801660      100.15
    801670     99.1655
    801680     99.1401
    801690     96.5025
    801700     99.5312
    801710     99.2963
    801720     98.0914
    801730     98.8035
    801740     99.8801
    801750     101.262
    801760     82.4676
    801770     99.9412
    801780     96.6663
    801790     101.795
    801800     100.025
    801810     101.566
    801820     101.528
    801830     83.4902
    801840     100.771
    801850     81.1106
    801860     83.7596
    801870     80.7387
    801880     101.058
    801890     100.848
    801900     100.813
    801910     84.0489
    801920     80.5508
    801930     100.871
    801940     98.6872
    801950     99.7432
    801960     101.563
    801970     80.9941
    801980     82.5198
    801990     84.0234
    802000     88.2303
    802010     82.9738
    802020     86.4547
    802030     85.2021
    802040     101.503
    802050     92.7224
    802060     100.666
    802070     100.778
    802080     101.069
    802090     101.554
    802100     100.447
    802110     101.347
    802120     84.1501
    802130     82.0362
    802140     82.1324
    802150     101.051
    802160     101.556
    802170     82.5603
    802180      81.009
    802190     80.9627
    802200     83.6087
    802210      81.875
    802220     100.992
    802230     101.111
    802240      101.29
    802250     101.769
    802260     80.2762
    802270     81.5863
    802280     81.6574
    802290     81.1209
    802300     80.7095
    802310     81.2626
    802320     80.4295
    802330     101.382
    802340     80.7282
    802350     101.183
    802360     81.2672
    802370     82.7035
    802380     101.162
    802390     101.369
    802400     101.165
    802410      81.935
    802420     82.0158
    802430     101.533
    802440     81.4072
    802450     82.1155
    802460     84.7341
    802470       80.86
    802480     80.6878
    802490     79.9922
    802500     100.709
    802510     82.5976
    802520     82.6511
    802530     80.5979
    802540     101.814
    802550     100.955
    802560     101.883
    802570     101.216
    802580     101.413
    802590     82.1153
    802600     101.885
    802610     100.444
    802620     100.844
    802630      102.13
    802640     98.8202
    802650      100.77
    802660     101.875
    802670     100.669
    802680      99.758
    802690     101.023
    802700     101.152
    802710     80.6918
    802720     101.477
    802730     101.152
    802740     81.6214
    802750     100.348
    802760     80.9145
    802770     81.5487
    802780     100.238
    802790      81.415
    802800     101.215
    802810     101.013
    802820     80.8402
    802830     101.192
    802840     100.242
    802850     101.552
    802860     101.769
    802870     101.647
    802880     81.2483
    802890     101.301
    802900     83.0362
    802910     99.3859
    802920     98.8875
    802930     100.601
    802940      99.841
    802950     100.888
    802960     101.135
    802970     99.5605
    802980     101.512
    802990      100.74
    803000     100.452
    803010     101.894
    803020     101.811
    803030     101.544
    803040     100.705
    803050     100.335
    803060     101.638
    803070     101.239
    803080     100.385
    803090     100.873
    803100     101.773
    803110     100.084
    803120     100.277
    803130     100.484
    803140     101.919
    803150     101.575
    803160     101.077
    803170     100.228
    803180     100.743
    803190     101.801
    803200     100.211
    803210     101.457
    803220     82.1489
    803230     101.163
    803240     101.513
    803250      101.52
    803260       101.8
    803270      99.668
    803280     100.399
    803290     80.4631
    803300     99.8457
    803310     100.943
    803320     100.659
    803330     100.308
    803340      100.39
    803350     102.036
    803360     100.778
    803370     100.689
    803380     101.179
    803390     100.668
    803400     99.3666
    803410     80.8929
    803420     101.075
    803430     99.2071
    803440     102.144
    803450     101.431
    803460     101.097
    803470     100.974
    803480     81.6811
    803490     81.0124
    803500     100.201
    803510     81.8516
    803520     81.7031
    803530     100.713
    803540     81.1792
    803550     80.5768
    803560     82.6502
    803570      81.642
    803580     82.2744
    803590     81.7822
    803600      101.76
    803610     81.7652
    803620     101.512
    803630     81.5033
    803640     80.9452
    803650      101.02
    803660     81.5633
    803670     80.7159
    803680     80.7768
    803690      101.47
    803700     82.6083
    803710     101.841
    803720     100.482
    803730     101.617
    803740     81.2592
    803750     85.7371
    803760     102.329
    803770     83.2043
    803780     102.021
    803790      86.922
    803800     84.8869
    803810     101.662
    803820     85.0062
    803830     83.9673
    803840     84.7697
    803850     81.9745
    803860      82.209
    803870     82.2644
    803880     84.5855
    803890     82.5674
    803900     83.0874
    803910     85.1232
    803920     83.3449
    803930     83.4323
    803940     81.4528
    803950      86.666
    803960     82.5959
    803970     85.5376
    803980     82.5135
    803990     87.1285
    804000     82.9756
    804010     81.6037
    804020      85.519
    804030     86.2344
    804040     85.3809
    804050     86.6785
    804060     84.6094
    804070      87.717
    804080      87.469
    804090     87.7252
    804100     87.9933
    804110     88.4633
    804120     89.5846
    804130      88.173
    804140     88.5307
    804150     88.3291
    804160     88.9595
    804170     87.0105
    804180      87.183
    804190     88.4334
    804200     87.9411
    804210     87.1518
    804220     87.1007
    804230     87.4356
    804240     88.1071
    804250     88.6156
    804260     87.5125
    804270     88.2043
    804280     88.3588
    804290     88.3103
    804300     88.3389
    804310     88.0035
    804320     87.2939
    804330     87.2927
    804340     87.8556
    804350     89.0052
    804360     87.9644
    804370     87.1612
    804380     86.6471
    804390     87.7914
    804400     87.4816
    804410     83.5237
    804420     89.6731
    804430     87.7355
    804440     87.5669
    804450     88.1564
    804460     88.4498
    804470     88.3548
    804480       89.02
    804490     87.9839
    804500     89.2222
    804510     88.9089
    804520     88.3997
    804530     87.5206
    804540     87.3349
    804550     87.5277
    804560     89.0095
    804570     87.3424
    804580     86.0735
    804590     88.6061
    804600     85.8916
    804610     88.3465
    804620     88.1284
    804630     87.2962
    804640     88.0466
    804650     87.1182
    804660      87.505
    804670     88.2746
    804680     87.5352
    804690     86.8083
    804700     87.3706
    804710     87.8236
    804720      87.501
    804730     88.0684
    804740      88.165
    804750     86.2492
    804760     86.6778
    804770     87.1864
    804780     88.1672
    804790     87.5947
    804800     86.9702
    804810     87.3871
    804820     87.5474
    804830     87.6986
    804840     87.7416
    804850     87.1651
    804860     87.0482
    804870     89.2113
    804880     87.1518
    804890     86.9789
    804900     87.9374
    804910     87.7022
    804920     88.9716
    804930     87.2828
    804940     87.8342
    804950     87.6898
    804960     87.1008
    804970     87.8469
    804980     88.0296
    804990     89.7951
    805000     87.5865
    805010     87.5641
    805020     87.9612
    805030     88.3879
    805040     86.7679
    805050     86.5307
    805060     88.5762
    805070     90.1918
    805080     88.3044
    805090     87.0411
    805100     87.6243
    805110      87.845
    805120     87.9368
    805130     86.4255
    805140     86.7723
    805150     84.6493
    805160     87.9174
    805170     87.2359
    805180     86.5991
    805190     86.7594
    805200     88.2543
    805210     88.1632
    805220     87.6994
    805230     87.0937
    805240     88.1177
    805250     87.1887
    805260     87.4181
    805270     86.8542
    805280     85.7653
    805290     87.2457
    805300     85.6514
    805310     83.8054
    805320     99.1856
    805330      81.362
    805340     93.0394
    805350     85.7235
    805360     80.8521
    805370     84.2604
    805380     100.709
    805390     90.2337
    805400     83.7473
    805410     87.8597
    805420     83.4993
    805430     80.9679
    805440     100.797
    805450     101.125
    805460     80.8041
    805470     100.715
    805480     101.532
    805490     100.251
    805500     101.312
    805510     100.378
    805520      100.49
    805530     100.604
    805540     101.843
    805550     103.078
    805560     82.4149
    805570     101.307
    805580     81.8563
    805590     81.7856
    805600     82.9837
    805610     82.9407
    805620     82.6046
    805630     81.3481
    805640     83.1039
    805650     82.0798
    805660      82.143
    805670     100.598
    805680     81.8132
    805690      82.447
    805700     84.0966
    805710     81.7129
    805720     81.9871
    805730     102.254
    805740     101.455
    805750      81.702
    805760     81.8427
    805770     82.2239
    805780     82.1561
    805790     81.8665
    805800      82.072
    805810      82.061
    805820     81.6528
    805830     81.8253
    805840     82.2919
    805850     84.3925
    805860     83.8577
    805870     83.4024
    805880     81.7508
    805890     84.2972
    805900      82.719
    805910     100.153
    805920     81.1051
    805930     81.2992
    805940     81.1416
    805950     98.3102
    805960     80.9503
    805970     101.316
    805980     100.317
    805990     100.979
    806000     82.1692
    806010     80.8981
    806020     101.689
    806030     85.5131
    806040     101.612
    806050      83.844
    806060     82.2767
    806070     101.919
    806080     101.359
    806090     100.692
    806100     81.5758
    806110     82.7985
    806120     82.7878
    806130     83.4252
    806140     82.4058
    806150     81.3967
    806160     81.1212
    806170     81.2889
    806180     84.7088
    806190      80.892
    806200     81.8882
    806210     82.9104
    806220     81.1014
    806230     82.4533
    806240     84.2079
    806250     80.6499
    806260     83.2349
    806270     83.5159
    806280     80.7965
    806290     83.1237
    806300     83.0028
    806310     83.9119
    806320     82.3124
    806330     81.8104
    806340      83.466
    806350     82.0859
    806360     81.8956
    806370     82.0419
    806380      82.877
    806390      82.379
    806400     82.8508
    806410     80.4505
    806420     101.646
    806430      81.281
    806440     81.0163
    806450     82.1624
    806460     81.7155
    806470     82.3147
    806480     82.8272
    806490     81.2686
    806500     82.0171
    806510      81.858
    806520     81.9878
    806530     81.3819
    806540     81.4396
    806550     82.0589
    806560     84.1712
    806570     101.727
    806580     82.8655
    806590     84.9388
    806600     81.9239
    806610     80.9812
    806620     80.8351
    806630     81.3077
    806640      80.528
    806650     81.2675
    806660     81.1859
    806670     101.367
    806680      80.685
    806690     80.8728
    806700     80.5354
    806710      80.921
    806720     80.3968
    806730     101.533
    806740     101.326
    806750     81.2686
    806760     101.747
    806770     101.391
    806780     101.276
    806790     101.635
    806800     80.7081
    806810     80.9944
    806820     101.042
    806830     81.7911
    806840     81.0006
    806850     101.601
    806860     80.9172
    806870     100.815
    806880     101.174
    806890     101.456
    806900     81.5126
    806910      101.06
    806920     101.674
    806930      101.69
    806940     101.837
    806950     101.198
    806960     81.0426
    806970     81.4291
    806980     101.411
    806990       81.96
    807000     86.9009
    807010     81.8526
    807020     86.1175
    807030     82.9718
    807040     83.3888
    807050     85.9686
    807060     99.6817
    807070     84.2519
    807080     82.9366
    807090     98.1875
    807100     99.1203
    807110     101.118
    807120      88.287
    807130     88.6592
    807140     101.888
    807150     93.7974
    807160     91.1457
    807170     91.8084
    807180     86.2641
    807190     82.4382
    807200     85.4085
    807210     87.8663
    807220     85.5913
    807230     82.0194
    807240      82.433
    807250     88.0734
    807260      100.19
    807270     81.1907
    807280     98.9188
    807290     101.514
    807300     99.6257
    807310     81.5905
    807320     80.8804
    807330     84.7065
    807340     80.6408
    807350     83.5623
    807360     81.8136
    807370     81.1591
    807380     99.6126
    807390     87.8093
    807400     99.9587
    807410     89.4317
    807420     83.8145
    807430     83.5254
    807440     95.2044
    807450     84.0032
    807460     82.8389
    807470     98.3346
    807480     100.083
    807490     101.435
    807500     98.2484
    807510     97.3132
    807520     98.8186
    807530     93.2337
    807540     87.2062
    807550     94.8963
    807560     83.5098
    807570     94.5848
    807580     100.075
    807590     98.3159
    807600     99.4227
    807610     100.455
    807620     85.6632
    807630      97.971
    807640      100.29
    807650     81.0771
    807660     85.3194
    807670     83.9708
    807680     85.6475
    807690     81.8918
    807700     99.8862
    807710     80.8388
    807720     100.148
    807730     101.211
    807740     85.7835
    807750     83.2009
    807760     85.4137
    807770      101.47
    807780     82.6514
    807790     101.907
    807800     80.7379
    807810     80.4453
    807820     80.9264
    807830       101.4
    807840     85.7725
    807850     81.1862
    807860     81.5891
    807870     84.2288
    807880     86.7782
    807890     83.5574
    807900     84.9134
    807910     87.2724
    807920     85.7938
    807930     85.8047
    807940     86.7252
    807950     85.3557
    807960     87.3679
    807970     85.2801
    807980     86.9256
    807990     86.7279
    808000     86.7462
    808010     87.2134
    808020     86.8203
    808030     86.9189
    808040      86.842
    808050     87.2045
    808060      86.451
    808070     83.4902
    808080      83.898
    808090     85.5925
    808100     86.1283
    808110     86.5044
    808120     86.7214
    808130     87.5062
    808140     87.0774
    808150     85.7937
    808160     87.6179
    808170     87.8107
    808180     86.2838
    808190      88.614
    808200     88.2087
    808210     88.7101
    808220     86.4351
    808230     87.8108
    808240     87.8354
    808250     87.8743
    808260      87.903
    808270     87.6594
    808280     87.5644
    808290     87.9408
    808300     87.1106
    808310     86.7706
    808320     88.4318
    808330     87.7942
    808340     87.3981
    808350     87.7701
    808360     87.1937
    808370     87.3601
    808380     87.1062
    808390     87.6988
    808400     86.7645
    808410     88.5105
    808420      82.702
    808430     86.8418
    808440     83.0991
    808450     86.3003
    808460     83.0659
    808470     84.8289
    808480     85.2375
    808490     85.0168
    808500      83.067
    808510     97.6326
    808520     85.2905
    808530     87.6857
    808540     89.3246
    808550     97.8937
    808560     95.5303
    808570     88.4513
    808580     98.8994
    808590      99.297
    808600     99.9492
    808610     81.3105
    808620     101.563
    808630     98.5931
    808640      93.396
    808650     100.243
    808660     99.7915
    808670     82.6606
    808680     100.563
    808690     99.5814
    808700     97.9441
    808710     99.1215
    808720     96.1633
    808730      96.855
    808740     97.5293
    808750     98.1216
    808760      97.556
    808770     99.8805
    808780     100.108
    808790     99.7544
    808800     97.9156
    808810     99.8305
    808820     99.4768
    808830      99.621
    808840     98.1803
    808850     100.576
    808860     99.0159
    808870     99.1832
    808880     100.373
    808890      100.87
    808900     100.698
    808910     100.685
    808920      99.819
    808930     100.387
    808940     100.327
    808950     101.507
    808960     101.055
    808970     100.852
    808980     101.145
    808990     101.953
    809000     101.419
    809010     102.315
    809020     101.151
    809030     102.322
    809040     102.427
    809050     102.153
    809060     102.515
    809070     101.879
    809080     102.028
    809090     101.935
    809100     101.883
    809110     101.817
    809120      101.82
    809130     102.959
    809140     102.582
    809150     102.399
    809160     101.985
    809170     101.646
    809180     101.177
    809190      101.78
    809200      101.87
    809210     102.536
    809220     102.058
    809230     102.232
    809240     101.265
    809250     102.003
    809260     102.358
    809270     102.426
    809280      101.34
    809290     101.953
    809300     100.738
    809310     101.734
    809320       101.7
    809330     102.162
    809340     100.951
    809350     100.918
    809360      101.29
    809370     102.123
    809380     100.631
    809390     100.978
    809400     102.473
    809410     100.113
    809420      103.16
    809430     102.782
    809440     102.045
    809450     102.037
    809460     102.387
    809470      101.56
    809480      101.49
    809490     101.481
    809500     101.374
    809510     101.501
    809520     101.221
    809530     100.903
    809540     101.616
    809550     100.838
    809560      100.75
    809570     100.254
    809580     101.531
    809590     101.751
    809600     101.703
    809610     100.521
    809620     100.353
    809630     101.592
    809640     100.611
    809650     100.329
    809660     101.416
    809670     102.011
    809680     100.772
    809690     101.702
    809700     101.792
    809710     100.956
    809720     101.119
    809730     101.413
    809740     102.192
    809750     101.063
    809760     102.023
    809770     102.273
    809780     100.948
    809790     101.274
    809800     101.112
    809810     102.128
    809820     102.821
    809830     101.599
    809840     99.9827
    809850     100.482
    809860     101.518
    809870     100.815
    809880     101.421
    809890     100.866
    809900       100.3
    809910     101.719
    809920     99.7009
    809930     99.3413
    809940     99.5788
    809950     99.9309
    809960     100.687
    809970      100.33
    809980       101.2
    809990     100.511
    810000     99.9272
    810010      99.599
    810020     99.9665
    810030     99.4126
    810040     98.6547
    810050     98.1833
    810060     99.0751
    810070     99.0536
    810080     98.6629
    810090     98.7769
    810100     98.7134
    810110     98.7252
    810120     99.3283
    810130     100.656
    810140     100.685
    810150     101.529
    810160     100.945
    810170     101.417
    810180     101.955
    810190     101.632
    810200     100.936
    810210     100.055
    810220     99.6205
    810230     98.4286
    810240     99.8117
    810250      98.565
    810260      99.814
    810270     99.8904
    810280     100.852
    810290     98.9055
    810300     99.7864
    810310     99.5528
    810320     100.743
    810330     99.4996
    810340     99.8528
    810350     100.439
    810360     99.4468
    810370     99.8834
    810380      99.838
    810390     98.8804
    810400     99.3827
    810410      99.496
    810420     100.285
    810430     100.844
    810440     102.938
    810450     100.013
    810460     97.7714
    810470     97.9968
    810480     100.003
    810490     99.3554
    810500     97.8013
    810510     97.9473
    810520     100.114
    810530     98.2311
    810540     96.6575
    810550     98.3279
    810560     98.8383
    810570     98.2355
    810580       98.17
    810590      99.332
    810600     99.3826
    810610     99.8448
    810620     99.1693
    810630     99.3826
    810640     99.6223
    810650     99.7368
    810660     100.196
    810670     99.9565
    810680     98.1476
    810690     97.8578
    810700     97.5153
    810710     96.7495
    810720     96.4889
    810730     95.6321
    810740     97.3816
    810750     98.7618
    810760     98.5116
    810770     97.2947
    810780     97.7665
    810790     99.3344
    810800     97.8691
    810810     97.3355
    810820      98.189
    810830     98.2292
    810840     98.7863
    810850     98.5497
    810860     99.3065
    810870     97.7336
    810880     97.2192
    810890     98.5131
    810900     98.8399
    810910     98.9892
    810920     98.8881
    810930     98.3623
    810940     97.9357
    810950     98.3928
    810960      97.618
    810970     97.5422
    810980     99.1692
    810990      96.743
    811000     98.6271
    811010     98.4128
    811020     98.2313
    811030     97.1704
    811040     97.2754
    811050     97.1482
    811060     98.3048
    811070      97.978
    811080      97.075
    811090     96.9153
    811100     97.7274
    811110      96.944
    811120     93.3024
    811130     94.6533
    811140     96.8307
    811150     98.0409
    811160     98.1835
    811170     98.9321
    811180     97.5603
    811190     98.8479
    811200     99.0607
    811210     97.1803
    811220     97.9327
    811230     98.7037
    811240     99.4926
    811250     99.1414
    811260     81.2914
    811270     99.4653
    811280     99.4313
    811290     99.5737
    811300     98.8753
    811310     99.4797
    811320     99.9846
    811330     99.9164
    811340     99.6396
    811350     99.2868
    811360     99.9622
    811370     99.5869
    811380     100.376
    811390     99.9467
    811400     100.462
    811410     98.9674
    811420      101.14
    811430     100.477
    811440     97.2872
    811450     99.2477
    811460     89.7257
    811470     98.6906
    811480     82.4322
    811490     84.6268
    811500     98.2598
    811510     88.2836
    811520     94.2082
    811530     92.8708
    811540      93.506
    811550     91.9846
    811560      95.471
    811570     96.4225
    811580     100.597
    811590     99.2004
    811600     85.9414
    811610     83.8289
    811620     97.6166
    811630     98.9777
    811640     103.574
    811650     100.765
    811660     99.7601
    811670     100.025
    811680      97.767
    811690     97.0077
    811700     97.6611
    811710     94.1232
    811720     96.8884
    811730     95.0346
    811740     92.2354
    811750     95.1267
    811760     91.4971
    811770     92.1389
    811780     92.1254
    811790     96.1288
    811800     94.9648
    811810     93.6058
    811820     94.4344
    811830      96.081
    811840     95.7679
    811850     93.2794
    811860     93.1033
    811870     93.6591
    811880     95.2772
    811890     92.8255
    811900     93.0321
    811910     92.9545
    811920     94.1696
    811930     93.2184
    811940     95.0233
    811950     97.5986
    811960      95.732
    811970     93.1092
    811980     94.2788
    811990     95.6525
    812000     96.0319
    812010      96.212
    812020     94.3889
    812030     93.3015
    812040     93.4385
    812050     95.2194
    812060     97.5825
    812070     95.2125
    812080     95.3226
    812090     94.2185
    812100     94.1081
    812110     97.5447
    812120     96.5677
    812130     94.7556
    812140      96.834
    812150     94.3862
    812160      93.857
    812170     94.9367
    812180     94.9453
    812190     93.7335
    812200      96.224
    812210     94.4027
    812220     94.3792
    812230     94.9413
    812240     97.1033
    812250     96.0502
    812260     95.9363
    812270     97.1595
    812280      96.584
    812290     94.4926
    812300     94.6278
    812310     93.3417
    812320     93.7797
    812330     95.5268
    812340     91.4309
    812350     90.9404
    812360     91.2453
    812370     94.3823
    812380     92.8898
    812390     93.7116
    812400     93.5087
    812410     90.6824
    812420     92.2086
    812430     94.3473
    812440      94.587
    812450     93.2864
    812460      91.291
    812470     93.8754
    812480      92.222
    812490     92.2599
    812500     90.0177
    812510     95.0811
    812520     93.3195
    812530     92.2941
    812540       91.52
    812550     93.6709
    812560     90.7753
    812570     91.3405
    812580     91.9548
    812590     94.2354
    812600     95.3277
    812610     94.9431
    812620     93.1976
    812630      93.715
    812640     90.0464
    812650     92.3969
    812660     93.7111
    812670     92.8577
    812680     93.9094
    812690     92.5734
    812700     94.5668
    812710      90.888
    812720     92.8927
    812730     95.1669
    812740     93.8307
    812750     93.6724
    812760     93.4247
    812770     94.6807
    812780     94.9051
    812790      93.073
    812800     95.3267
    812810      95.721
    812820     96.0532
    812830     95.3445
    812840      87.527
    812850     92.3974
    812860     94.7898
    812870     93.0962
    812880      93.178
    812890      94.151
    812900     90.8799
    812910     93.4147
    812920     93.6954
    812930     93.3558
    812940     93.0185
    812950     92.8691
    812960     94.1441
    812970      90.611
    812980     91.4192
    812990     93.2272
    813000     90.7481
    813010     95.0745
    813020      90.488
    813030     95.2039
    813040     94.4878
    813050     95.8336
    813060     95.8376
    813070     95.0022
    813080     95.2744
    813090     96.3284
    813100     94.1302
    813110     89.7737
    813120     93.4623
    813130     94.8586
    813140     93.8494
    813150     92.2154
    813160     93.4866
    813170     91.1532
    813180     89.9887
    813190     90.4073
    813200     91.2435
    813210     90.2643
    813220     93.2063
    813230     92.4385
    813240      90.726
    813250     91.7163
    813260     90.3059
    813270     90.6955
    813280     90.7096
    813290     90.3404
    813300     91.0951
    813310     92.3175
    813320     91.8408
    813330      91.816
    813340     94.8255
    813350     91.0373
    813360     91.6173
    813370     91.7057
    813380     92.0839
    813390     91.7348
    813400     90.6247
    813410     93.4671
    813420     90.4457
    813430     93.7586
    813440     89.3507
    813450     91.6192
    813460     92.2267
    813470     93.5827
    813480     95.5406
    813490     90.5914
    813500     92.2535
    813510     91.9095
    813520     92.7811
    813530     91.4065
    813540     92.3049
    813550     93.1845
    813560     90.5281
    813570     91.9826
    813580     92.2149
    813590     92.4348
    813600     91.2084
    813610     93.2855
    813620     92.6466
    813630     92.4655
    813640     91.5611
    813650     90.8292
    813660     91.0003
    813670     93.2256
    813680     91.9618
    813690      92.011
    813700     91.4559
    813710     90.6572
    813720     90.1199
    813730     91.1953
    813740      91.916
    813750     90.5867
    813760     92.0971
    813770     91.4507
    813780     91.9338
    813790     93.2738
    813800     89.5446
    813810     92.4034
    813820     94.6416
    813830     94.2764
    813840     94.3225
    813850     92.9337
    813860     89.9371
    813870       87.97
    813880     95.2814
    813890     93.1558
    813900     94.4461
    813910     91.3596
    813920     94.4761
    813930      92.974
    813940     91.8813
    813950     92.4569
    813960     89.7708
    813970     90.8061
    813980     92.4555
    813990     92.6155
    814000      88.294
    814010      92.423
    814020     92.2169
    814030     94.6672
    814040     95.6367
    814050     94.4046
    814060     95.3156
    814070     94.4817
    814080      96.664
    814090     92.7724
    814100     93.1043
    814110     94.1263
    814120      93.018
    814130     90.2689
    814140     95.5599
    814150     95.1353
    814160     88.5842
    814170     89.7041
    814180     90.8934
    814190     90.3605
    814200     92.6541
    814210     91.3707
    814220     95.6729
    814230     92.1519
    814240     86.4397
    814250     86.9852
    814260     87.6109
    814270     87.6957
    814280     89.9561
    814290     88.7837
    814300     88.3076
    814310      90.049
    814320     87.1059
    814330      89.206
    814340     94.0601
    814350     93.5614
    814360      93.809
    814370     93.5217
    814380     95.7402
    814390     97.0468
    814400     91.7904
    814410      95.862
    814420     96.1556
    814430     93.5111
    814440     91.7009
    814450     91.3439
    814460     88.2132
    814470     89.5324
    814480     89.2025
    814490     89.7321
    814500     94.0573
    814510     92.6484
    814520     94.3479
    814530     93.8766
    814540     92.4951
    814550     92.1202
    814560     91.6668
    814570     87.9086
    814580     95.9857
    814590     88.8112
    814600     94.1474
    814610     88.5239
    814620     98.3098
    814630     90.2663
    814640     95.1036
    814650     95.7251
    814660     98.1414
    814670     92.2636
    814680     88.1408
    814690      91.904
    814700     89.8479
    814710     84.0095
    814720     96.9592
    814730     96.5061
    814740     95.2747
    814750     94.6554
    814760     91.1303
    814770     92.8945
    814780     94.9017
    814790     93.2039
    814800     93.9992
    814810     89.5092
    814820      96.513
    814830     92.8238
    814840     94.9476
    814850     94.7826
    814860     92.1686
    814870      90.376
    814880      91.542
    814890     90.9131
    814900     93.8999
    814910     94.6357
    814920     95.1283
    814930     94.4869
    814940     95.0379
    814950     94.3383
    814960     91.2418
    814970     91.2693
    814980     93.6674
    814990     93.1343
    815000      92.666
    815010     93.8441
    815020     90.3389
    815030     91.1753
    815040     91.6099
    815050     93.2003
    815060     92.0333
    815070      90.665
    815080     94.0457
    815090     93.0208
    815100     93.6039
    815110     93.2834
    815120     93.6214
    815130     93.8978
    815140     95.2513
    815150     92.8998
    815160     92.7761
    815170     91.6151
    815180     91.9044
    815190     92.3278
    815200     93.0069
    815210     92.4644
    815220     93.4696
    815230     93.2646
    815240      92.024
    815250     91.8922
    815260     92.2244
    815270      92.517
    815280     95.3709
    815290     94.9463
    815300     94.9209
    815310     94.3682
    815320     94.9305
    815330     91.4712
    815340     92.9411
    815350     95.3669
    815360     93.3781
    815370     94.7811
    815380      94.026
    815390     92.6468
    815400     93.2406
    815410     95.6475
    815420     96.5883
    815430     95.5003
    815440      95.715
    815450     96.3549
    815460     98.3223
    815470     97.7678
    815480     96.7252
    815490     96.7735
    815500     96.3525
    815510     95.0876
    815520     94.8092
    815530     96.1062
    815540     97.2024
    815550      95.123
    815560     95.7596
    815570      96.168
    815580     96.1014
    815590     92.5542
    815600     95.4767
    815610     93.3764
    815620     93.2063
    815630     92.6097
    815640     93.1113
    815650      94.567
    815660     94.7404
    815670     93.3461
    815680     91.9163
    815690     93.1365
    815700      91.555
    815710     92.0387
    815720     91.3943
    815730     92.7417
    815740      90.376
    815750     93.9376
    815760     91.8457
    815770     96.6772
    815780      90.132
    815790     90.9442
    815800     92.4575
    815810     90.3562
    815820     92.0582
    815830     92.8393
    815840     92.2459
    815850     91.6451
    815860     92.0843
    815870     95.3571
    815880     91.5621
    815890     92.1925
    815900     90.9757
    815910     90.3281
    815920     90.6098
    815930     89.6387
    815940     90.3835
    815950     91.6558
    815960     91.3263
    815970      90.911
    815980     91.9717
    815990     91.5618
    816000     91.1291
    816010     91.5726
    816020     91.3477
    816030     90.9496
    816040     91.2366
    816050     90.8653
    816060     92.0974
    816070     92.4965
    816080     93.3367
    816090     92.4546
    816100      93.194
    816110     92.3775
    816120     91.3256
    816130     92.3156
    816140      91.622
    816150     91.3724
    816160     92.6152
    816170     91.3906
    816180     92.2262
    816190     92.5731
    816200     91.0573
    816210     91.5066
    816220     91.9292
    816230     91.6036
    816240     91.8605
    816250      90.533
    816260     91.0935
    816270     94.4204
    816280     90.5647
    816290      92.111
    816300     91.6843
    816310     91.9206
    816320     93.0277
    816330     92.2473
    816340     91.6432
    816350     92.4122
    816360     92.2419
    816370     92.6181
    816380      93.108
    816390     91.6595
    816400     90.1068
    816410     90.8957
    816420     91.1619
    816430     91.8233
    816440     90.9631
    816450     90.1582
    816460     90.8007
    816470     90.1241
    816480     90.0562
    816490     90.8409
    816500     90.1368
    816510     92.1285
    816520     90.7101
    816530     91.5755
    816540     91.8987
    816550     92.7209
    816560      91.799
    816570     91.3242
    816580     92.2915
    816590     90.7862
    816600     90.7258
    816610     87.9969
    816620     91.0705
    816630     91.4784
    816640     91.6344
    816650     90.0337
    816660     91.3581
    816670     90.5823
    816680     91.5475
    816690          91
    816700     89.7136
    816710     93.3466
    816720     91.5242
    816730     91.2296
    816740     91.3746
    816750     94.5653
    816760     92.4915
    816770     92.8225
    816780     95.4599
    816790     91.6913
    816800     90.6546
    816810     89.8171
    816820     91.5733
    816830     89.5978
    816840     91.6152
    816850      91.588
    816860     90.2767
    816870     90.8077
    816880     90.1682
    816890      91.586
    816900     88.6082
    816910     89.8965
    816920     90.1167
    816930     89.6869
    816940       90.56
    816950      90.473
    816960      91.148
    816970     90.3087
    816980      89.415
    816990     90.7914
    817000     91.0093
    817010     92.2557
    817020     92.2633
    817030     91.2367
    817040     90.5071
    817050     91.9914
    817060     91.1066
    817070     92.5555
    817080     90.2564
    817090     89.6121
    817100     91.5333
    817110     91.2645
    817120     91.7968
    817130      92.017
    817140     90.9665
    817150     93.0198
    817160     92.8599
    817170     91.8717
    817180     93.2391
    817190     92.4316
    817200     91.7175
    817210     91.6699
    817220     93.0557
    817230     90.0652
    817240     91.7792
    817250     92.3408
    817260     91.4396
    817270     91.4885
    817280     91.7239
    817290     92.2949
    817300     91.9586
    817310     92.0566
    817320      90.386
    817330     91.2892
    817340     91.4708
    817350     90.1198
    817360       90.39
    817370     90.9331
    817380     90.7555
    817390     90.4532
    817400     90.4721
    817410     90.6188
    817420     89.9235
    817430     89.9907
    817440     89.8722
    817450     90.6472
    817460     90.6826
    817470     90.8195
    817480     91.1485
    817490     90.6281
    817500      89.926
    817510     89.3737
    817520     89.6676
    817530     89.5026
    817540     90.5509
    817550     90.3647
    817560     89.0704
    817570     89.7762
    817580     89.8795
    817590     90.4575
    817600      90.143
    817610      90.809
    817620     90.0811
    817630     90.7534
    817640     89.3541
    817650     90.1953
    817660     90.7443
    817670     89.7037
    817680     90.3572
    817690     89.4184
    817700     90.5011
    817710     89.9921
    817720     89.1229
    817730     89.6154
    817740      89.227
    817750     89.8517
    817760     90.2324
    817770     90.2772
    817780     88.9546
    817790     91.9548
    817800     89.6439
    817810     89.8594
    817820     89.6306
    817830     90.8916
    817840     89.6449
    817850     90.3223
    817860     89.4756
    817870     91.0383
    817880     90.3973
    817890     90.0666
    817900     88.8814
    817910     89.6023
    817920     89.9624
    817930     89.8334
    817940     90.5378
    817950     89.4007
    817960     90.3939
    817970     90.4509
    817980     90.6324
    817990     91.4088
    818000     91.1119
    818010     89.8877
    818020     90.0165
    818030     90.8468
    818040     90.4826
    818050     90.3701
    818060     91.5125
    818070     90.0707
    818080     87.8526
    818090     89.2526
    818100     88.9147
    818110     89.7276
    818120     90.2963
    818130     88.5759
    818140      90.298
    818150     90.9259
    818160     91.3671
    818170     92.1535
    818180     91.9519
    818190     90.5841
    818200      90.705
    818210     90.5771
    818220     90.0401
    818230     90.4084
    818240     90.3462
    818250     88.8181
    818260     88.4566
    818270     90.9275
    818280     90.2983
    818290     89.3453
    818300     91.2381
    818310      90.373
    818320     89.8201
    818330     89.9118
    818340     90.3908
    818350     91.8734
    818360     91.0362
    818370     90.5889
    818380     91.5639
    818390     90.0219
    818400     91.1339
    818410     90.5418
    818420      91.273
    818430     91.1053
    818440     90.8583
    818450     90.9283
    818460      89.995
    818470     90.8708
    818480      90.113
    818490     90.7277
    818500     90.8433
    818510     89.8841
    818520     90.3152
    818530     91.1078
    818540     91.7769
    818550     91.0087
    818560     92.1118
    818570     90.3021
    818580     90.9986
    818590      90.274
    818600       90.99
    818610     90.1892
    818620     91.9831
    818630     90.9232
    818640     90.6999
    818650     90.0306
    818660     90.1546
    818670     91.0579
    818680     90.1497
    818690     89.4445
    818700       88.77
    818710     89.8938
    818720     88.6876
    818730     91.1376
    818740     89.8306
    818750     90.6657
    818760     89.1493
    818770     89.2735
    818780     88.9509
    818790     89.8328
    818800     89.5557
    818810     89.9586
    818820     88.8032
    818830     89.3281
    818840     89.7762
    818850     89.4625
    818860     91.2823
    818870     89.2131
    818880     88.7315
    818890     90.8175
    818900     89.2355
    818910     88.3536
    818920      88.375
    818930     89.4726
    818940     89.9254
    818950     87.8611
    818960     90.3055
    818970     89.9771
    818980     89.6898
    818990     87.8587
    819000     88.2753
    819010     89.5197
    819020     88.9921
    819030     89.6725
    819040     87.6499
    819050     90.6185
    819060      89.392
    819070     87.6295
    819080     89.0866
    819090     88.8595
    819100     88.9639
    819110     89.7435
    819120     87.6572
    819130     88.0109
    819140     86.8163
    819150     87.6822
    819160     88.1697
    819170     88.4252
    819180     89.4354
    819190     88.9187
    819200     88.2964
    819210      89.394
    819220     89.7208
    819230     89.3221
    819240     88.8678
    819250     90.3386
    819260     88.9473
    819270     89.5175
    819280      89.266
    819290     88.3278
    819300     88.4395
    819310     89.5754
    819320     88.0456
    819330     89.3932
    819340     89.0466
    819350     88.0989
    819360     88.4379
    819370     90.0385
    819380     87.7082
    819390     88.0463
    819400     88.1932
    819410      89.269
    819420     89.4448
    819430     88.7525
    819440     89.6848
    819450     88.3613
    819460     88.0893
    819470     88.8921
    819480     88.3321
    819490     86.9888
    819500      87.893
    819510     87.8096
    819520     88.4041
    819530     88.0809
    819540     88.5658
    819550     88.1446
    819560       88.51
    819570      89.076
    819580     89.2625
    819590      88.208
    819600     88.9047
    819610     88.1113
    819620     89.1151
    819630     88.6283
    819640     88.1959
    819650     88.5216
    819660     88.3422
    819670     88.3336
    819680     87.7764
    819690     88.2458
    819700     88.1429
    819710     88.2977
    819720     87.8914
    819730     87.5278
    819740     87.9641
    819750     88.9294
    819760     87.8937
    819770     88.1157
    819780     87.7402
    819790     88.6604
    819800     88.0362
    819810     87.6146
    819820     88.7649
    819830     87.6798
    819840     87.4296
    819850     87.6109
    819860     87.4997
    819870     88.0606
    819880     88.2768
    819890      87.203
    819900     87.6894
    819910     88.1794
    819920     87.5192
    819930     87.8106
    819940     88.8867
    819950     88.3906
    819960     89.6688
    819970     88.7275
    819980     89.6126
    819990     88.6971
    820000     89.2613
    820010     87.6471
    820020     88.5276
    820030     88.7962
    820040     88.0574
    820050     87.1808
    820060      89.074
    820070     88.0019
    820080     88.9193
    820090     88.1045
    820100     87.7697
    820110     87.7924
    820120     87.2996
    820130      87.374
    820140     88.6756
    820150     88.2059
    820160     87.8828
    820170     87.4138
    820180     88.8857
    820190     88.7753
    820200     87.5512
    820210     87.3763
    820220      88.888
    820230      87.996
    820240     88.3075
    820250     89.9388
    820260     88.4643
    820270     89.4295
    820280     88.4442
    820290     87.4784
    820300     87.8661
    820310     88.0558
    820320     87.8731
    820330     89.0153
    820340     88.2186
    820350     88.9422
    820360      90.923
    820370     88.9839
    820380     88.2454
    820390     89.4051
    820400     88.9237
    820410     88.3216
    820420     89.1405
    820430     88.4846
    820440     89.2246
    820450     88.8561
    820460     89.1307
    820470     89.6015
    820480     88.8485
    820490     89.1385
    820500     89.8114
    820510     89.8462
    820520     90.9207
    820530     89.0478
    820540     90.1372
    820550     89.1832
    820560     88.9927
    820570     89.4082
    820580     89.2637
    820590     88.6552
    820600     89.6135
    820610     90.0699
    820620     89.8689
    820630     88.8995
    820640      89.617
    820650       90.39
    820660     89.4591
    820670     89.9512
    820680     89.3181
    820690     90.0473
    820700     89.6203
    820710     89.1534
    820720      89.854
    820730     89.8082
    820740      90.071
    820750     89.8296
    820760     89.2603
    820770     89.1856
    820780     89.7842
    820790     90.0336
    820800     90.1115
    820810     89.7247
    820820     89.8139
    820830     89.3321
    820840     89.7326
    820850     89.9686
    820860     89.6447
    820870     89.1816
    820880     89.8799
    820890     90.3997
    820900     89.9759
    820910     90.3208
    820920     89.6543
    820930     89.8204
    820940     90.1232
    820950     89.6571
    820960     89.4669
    820970     89.6241
    820980     89.4988
    820990       90.08
    821000     89.5218
    821010     89.6475
    821020     89.2578
    821030     89.6806
    821040       89.53
    821050     89.3946
    821060     89.4951
    821070     89.5433
    821080     89.6482
    821090     89.4881
    821100      90.079
    821110     89.7481
    821120     89.6853
    821130     89.7559
    821140     89.6794
    821150     89.3243
    821160      89.284
    821170     89.1015
    821180     89.6949
    821190      89.699
    821200     89.2879
    821210     89.6507
    821220     90.2846
    821230     89.3318
    821240     89.9247
    821250     90.1522
    821260     89.8357
    821270     89.4141
    821280     89.6524
    821290     89.5932
    821300     89.6853
    821310     89.3792
    821320     89.1236
    821330     90.2075
    821340     89.7096
    821350      90.069
    821360     90.2032
    821370     89.7938
    821380     89.3742
    821390     89.2427
    821400     89.9413
    821410     89.0912
    821420     88.6566
    821430     89.5743
    821440     88.7127
    821450      88.744
    821460     89.2141
    821470     89.1194
    821480     88.9234
    821490     89.0817
    821500     89.5608
    821510     89.4255
    821520     89.3099
    821530     89.4934
    821540     89.9448
    821550     89.9302
    821560     88.7272
    821570     89.7104
    821580     90.2755
    821590     89.1088
    821600     89.5491
    821610     89.4927
    821620     88.9813
    821630     88.8032
    821640     89.0982
    821650     89.6067
    821660     89.3426
    821670     89.7064
    821680     89.3011
    821690     89.0758
    821700     89.1403
    821710     89.4406
    821720     88.8835
    821730     88.4094
    821740     88.8727
    821750     89.3006
    821760      89.355
    821770     89.3692
    821780     89.5234
    821790     89.0619
    821800     89.5218
    821810     89.2398
    821820      89.299
    821830     89.8936
    821840     89.5316
    821850       89.97
    821860     89.0191
    821870     89.0535
    821880     91.0188
    821890     89.5803
    821900      89.486
    821910     89.1156
    821920     89.4225
    821930     89.5442
    821940     89.6382
    821950     90.2829
    821960     89.4548
    821970     89.6177
    821980     89.8487
    821990     89.3736
    822000     90.0764
    822010     90.0798
    822020     89.2867
    822030     89.9605
    822040      90.187
    822050     89.6792
    822060     89.0428
    822070     89.3481
    822080     89.9844
    822090      89.592
    822100      89.191
    822110     89.9825
    822120     89.3588
    822130     90.5455
    822140     89.4314
    822150     89.9169
    822160     89.7979
    822170     90.6629
    822180     89.7497
    822190     90.3245
    822200     90.2617
    822210     89.6891
    822220     90.3192
    822230     89.9351
    822240     89.8545
    822250     90.3354
    822260     89.4346
    822270     89.7656
    822280     89.5125
    822290     89.1427
    822300      89.359
    822310      88.974
    822320     89.9559
    822330     89.8362
    822340     89.2758
    822350     89.4612
    822360     89.4303
    822370     89.8277
    822380     89.4814
    822390      89.869
    822400     89.5028
    822410     90.0395
    822420     89.8015
    822430     90.3979
    822440     89.8541
    822450     89.7481
    822460     89.6954
    822470     90.3609
    822480      90.213
    822490     90.2384
    822500     89.4207
    822510      89.625
    822520     90.0777
    822530     89.7357
    822540     89.8618
    822550     89.8442
    822560      90.285
    822570     90.1999
    822580     90.1334
    822590     90.6907
    822600     90.7296
    822610     90.4151
    822620      90.706
    822630     90.0484
    822640     90.0473
    822650     90.3456
    822660     90.5412
    822670     90.0919
    822680     90.3286
    822690      90.088
    822700     90.3054
    822710     89.3279
    822720     89.6021
    822730     90.4061
    822740     89.8185
    822750     89.9283
    822760     89.5499
    822770      89.505
    822780     89.9676
    822790      90.477
    822800     90.0224
    822810     90.2153
    822820     90.2405
    822830     90.0628
    822840     90.3958
    822850      89.254
    822860     90.6422
    822870     90.5256
    822880     89.7288
    822890     90.3823
    822900     89.4651
    822910     90.3459
    822920      89.968
    822930       89.61
    822940     89.0474
    822950     90.2545
    822960     90.1356
    822970     90.5241
    822980      89.848
    822990     89.8255
    823000     90.6776
    823010     90.2887
    823020     89.9702
    823030     89.5438
    823040     90.1148
    823050     90.3411
    823060      90.397
    823070     90.1263
    823080     89.8386
    823090     90.1995
    823100     90.2201
    823110     90.1973
    823120     90.3447
    823130     90.7579
    823140     90.4483
    823150     90.3422
    823160      90.477
    823170     90.6966
    823180     90.1983
    823190     90.2839
    823200     89.9312
    823210     90.3011
    823220     90.6182
    823230     90.0492
    823240     91.2915
    823250     90.8798
    823260     90.0895
    823270     90.1583
    823280     90.6785
    823290     90.0318
    823300     90.2927
    823310     89.7433
    823320     90.6808
    823330      89.195
    823340      89.704
    823350     90.1458
    823360     90.2128
    823370       89.69
    823380     89.5535
    823390     89.8941
    823400     90.3574
    823410      89.735
    823420     89.6712
    823430     89.5917
    823440     89.4861
    823450     89.9628
    823460     90.1085
    823470     89.9505
    823480     90.4017
    823490     90.1851
    823500     90.4136
    823510     90.1754
    823520     90.3147
    823530     90.0863
    823540     89.8484
    823550     89.9733
    823560     89.9553
    823570     89.3915
    823580     90.2831
    823590     89.9534
    823600     89.9109
    823610     90.1848
    823620      90.391
    823630     90.2201
    823640     90.3956
    823650     90.3126
    823660     90.0336
    823670     90.6356
    823680     90.3971
    823690     89.5091
    823700     90.3823
    823710     90.3363
    823720     90.5841
    823730     89.6478
    823740     89.9704
    823750     89.3497
    823760     90.0139
    823770     90.9638
    823780     90.5418
    823790     90.2414
    823800     90.8647
    823810     90.4655
    823820     90.1535
    823830     90.7903
    823840     91.1533
    823850     91.5208
    823860     91.7929
    823870     90.7127
    823880     90.4629
    823890     89.9694
    823900     90.2043
    823910     90.2812
    823920     90.4819
    823930     90.3301
    823940     90.3166
    823950     90.2014
    823960     90.1266
    823970     89.8196
    823980     90.2282
    823990     90.2591
    824000     90.5113
    824010     89.8342
    824020     89.9582
    824030     89.7793
    824040     89.9331
    824050     89.8876
    824060     89.9045
    824070     90.4758
    824080     90.4491
    824090     89.5644
    824100     89.7358
    824110     90.0678
    824120     90.6451
    824130     90.7353
    824140     90.1298
    824150     89.9362
    824160     89.9286
    824170     90.1236
    824180     90.5148
    824190     90.8443
    824200      89.914
    824210     90.1681
    824220     90.4888
    824230     90.7103
    824240     90.0655
    824250      90.546
    824260     90.2513
    824270     90.1328
    824280     89.1961
    824290     89.6175
    824300     89.5994
    824310     89.6122
    824320     89.3351
    824330     89.1441
    824340      89.239
    824350     89.2855
    824360     89.9207
    824370     89.7339
    824380     89.8104
    824390     89.7645
    824400     89.6926
    824410     90.0218
    824420      90.318
    824430     89.9383
    824440     89.8265
    824450     89.9515
    824460      90.576
    824470      89.703
    824480     89.8881
    824490     89.5034
    824500     89.7596
    824510     90.4947
    824520     90.1536
    824530      89.702
    824540     90.2858
    824550     90.0327
    824560     90.2426
    824570     90.0899
    824580      90.689
    824590     90.3315
    824600     90.8105
    824610     90.6069
    824620     90.6789
    824630     90.6582
    824640     91.0006
    824650     90.4105
    824660      90.519
    824670      90.518
    824680     90.3534
    824690     90.6697
    824700     90.9171
    824710     90.9658
    824720     90.4575
    824730     90.7983
    824740     90.9099
    824750     89.8318
    824760     90.4816
    824770     91.2791
    824780     90.9388
    824790     90.7014
    824800     90.9177
    824810     90.2088
    824820     91.3257
    824830     90.8093
    824840      90.483
    824850     90.7439
    824860     90.1157
    824870      89.881
    824880     90.1532
    824890     90.0156
    824900     90.7119
    824910     90.5207
    824920     90.5471
    824930     90.7047
    824940     90.4509
    824950     90.3832
    824960        90.8
    824970     90.7418
    824980     90.6289
    824990     90.9399
    825000     90.2361
    825010     90.0867
    825020     90.3756
    825030     89.6328
    825040     89.3889
    825050     89.6579
    825060     89.9127
    825070     90.4817
    825080     91.0358
    825090      89.872
    825100      89.731
    825110     90.5875
    825120     89.5952
    825130      90.917
    825140     90.9706
    825150      89.801
    825160     89.7986
    825170     90.8173
    825180     90.7235
    825190     90.5216
    825200     89.7408
    825210     90.2594
    825220     90.4791
    825230     90.9025
    825240     90.0084
    825250      89.763
    825260     89.9065
    825270     90.4306
    825280     89.8126
    825290     89.7474
    825300     89.5141
    825310     90.7677
    825320     90.4438
    825330       90.97
    825340      90.056
    825350     90.8702
    825360     89.9881
    825370     91.2422
    825380     90.0657
    825390     89.5335
    825400     89.1709
    825410     89.7449
    825420     89.4011
    825430     89.8432
    825440     89.3285
    825450      89.677
    825460     89.8015
    825470     89.7718
    825480     89.2617
    825490     89.8772
    825500     89.4968
    825510     89.6799
    825520     89.6308
    825530     89.2834
    825540     90.0879
    825550     89.5922
    825560     89.2719
    825570     89.0015
    825580     89.5443
    825590     89.7158
    825600     90.2628
    825610     90.0428
    825620     89.6145
    825630     89.6691
    825640     89.5239
    825650     89.3562
    825660     89.5225
    825670     89.4388
    825680     89.5765
    825690     89.5542
    825700     89.6665
    825710     89.4395
    825720     89.3351
    825730     89.6041
    825740     89.4512
    825750     89.9983
    825760     89.5285
    825770     89.3885
    825780     89.5212
    825790     89.2134
    825800     89.7138
    825810     89.8117
    825820     89.5917
    825830      90.022
    825840     89.8858
    825850     89.7552
    825860     89.5513
    825870     90.1532
    825880     89.8736
    825890     89.8581
    825900     89.8352
    825910     89.9389
    825920     90.0679
    825930     89.4293
    825940     89.3405
    825950     90.4392
    825960      89.829
    825970     89.4832
    825980     88.8825
    825990     89.0525
    826000     89.1226
    826010     89.4101
    826020     88.9887
    826030     88.8113
    826040     89.5926
    826050     89.7261
    826060     89.4489
    826070     89.2444
    826080     89.1403
    826090     89.7212
    826100     89.5717
    826110     89.8871
    826120     89.6488
    826130     89.3521
    826140     89.4074
    826150     88.9299
    826160       89.68
    826170     89.5526
    826180     89.8742
    826190     90.0661
    826200     89.6146
    826210     89.2568
    826220     89.5846
    826230     88.7221
    826240     88.7339
    826250     89.3238
    826260     88.9805
    826270     88.9259
    826280     88.6121
    826290     89.1789
    826300     89.3249
    826310     89.4269
    826320     89.3148
    826330     88.9612
    826340     89.4411
    826350     88.4116
    826360     89.0124
    826370     89.4916
    826380     88.8835
    826390     89.0923
    826400      89.212
    826410     89.0849
    826420     89.5678
    826430      89.462
    826440     89.4366
    826450     89.6994
    826460     89.8904
    826470     89.6476
    826480     89.8201
    826490     89.7426
    826500     89.6631
    826510     89.2373
    826520     89.6781
    826530     89.9181
    826540     89.6796
    826550     90.3958
    826560     90.0419
    826570     89.3788
    826580     89.1524
    826590     89.3907
    826600     89.5551
    826610     89.6869
    826620     89.6019
    826630     89.6626
    826640     89.6367
    826650     89.6879
    826660     89.4987
    826670     89.6323
    826680      88.527
    826690     88.7742
    826700     89.7314
    826710     89.3727
    826720     89.1356
    826730     89.6821
    826740      89.593
    826750     89.4429
    826760      89.297
    826770     89.9575
    826780     89.6573
    826790     89.4383
    826800     88.7962
    826810     89.0309
    826820     89.7874
    826830     89.8611
    826840     89.5675
    826850     89.0752
    826860     89.6227
    826870     89.3487
    826880     89.6954
    826890     89.4623
    826900     89.2357
    826910     89.8429
    826920     89.4888
    826930     89.7529
    826940     89.5819
    826950     89.4771
    826960     89.1669
    826970     89.0605
    826980      89.269
    826990     89.3698
    827000     89.0055
    827010     89.0343
    827020     89.1539
    827030     89.0662
    827040     88.9246
    827050     89.5547
    827060     89.3112
    827070     89.7992
    827080     89.4376
    827090     88.7177
    827100     89.5509
    827110     89.1924
    827120     89.4613
    827130     89.5687
    827140     89.8172
    827150     89.5499
    827160     89.1206
    827170     89.9153
    827180     89.2123
    827190     89.6701
    827200     89.0584
    827210      89.021
    827220     89.2667
    827230     89.0541
    827240     89.6195
    827250     89.6828
    827260     89.2391
    827270     89.0655
    827280     88.9313
    827290     89.3725
    827300     89.2724
    827310     89.2342
    827320     89.3498
    827330     89.5544
    827340     89.2807
    827350     89.0829
    827360     89.4201
    827370     89.4019
    827380     88.8477
    827390     89.7445
    827400     90.5706
    827410     89.8871
    827420     89.5683
    827430     88.9867
    827440     89.5851
    827450     89.6927
    827460     89.1285
    827470     89.2996
    827480     88.9223
    827490     89.3251
    827500      89.418
    827510     89.5442
    827520      90.043
    827530     89.3603
    827540     89.3564
    827550     89.1967
    827560     89.7497
    827570     89.3371
    827580     89.5349
    827590     89.2247
    827600     89.3281
    827610     89.3945
    827620     89.4152
    827630     89.7111
    827640     88.5716
    827650      89.047
    827660     89.4346
    827670     89.5897
    827680     88.9833
    827690     88.9375
    827700     88.6038
    827710     88.7503
    827720     89.4329
    827730     89.3471
    827740     88.7699
    827750     89.2111
    827760     89.0535
    827770      88.541
    827780     88.6731
    827790     89.2012
    827800     88.7915
    827810     88.7465
    827820     89.0188
    827830     89.2686
    827840      88.518
    827850     88.2604
    827860     88.7123
    827870      88.474
    827880     88.6806
    827890     88.0733
    827900     88.4253
    827910     88.8241
    827920     89.6092
    827930     88.2585
    827940     88.2551
    827950     88.3111
    827960     88.4716
    827970     89.0408
    827980     88.6371
    827990     88.1234
    828000      88.389
    828010       88.05
    828020     88.5587
    828030     87.8698
    828040      88.416
    828050     88.4275
    828060     88.4045
    828070     88.2634
    828080     88.5118
    828090     88.6286
    828100     88.5388
    828110     88.7769
    828120     88.1292
    828130     89.0389
    828140     88.8016
    828150     88.6853
    828160     88.8163
    828170     88.8633
    828180     89.2592
    828190     88.9504
    828200      88.934
    828210     88.7872
    828220     89.3919
    828230     89.6319
    828240     88.6909
    828250     88.5837
    828260     88.9273
    828270     89.0397
    828280     89.0098
    828290     88.5268
    828300      88.724
    828310     88.7554
    828320     88.8531
    828330     89.2079
    828340     88.5173
    828350     88.4378
    828360     88.3349
    828370     88.9664
    828380     88.8499
    828390     88.5102
    828400     88.6146
    828410      88.548
    828420      88.317
    828430     88.8495
    828440     88.5752
    828450     89.0092
    828460     88.2321
    828470     88.8283
    828480     88.6477
    828490      88.591
    828500     88.3938
    828510     88.5635
    828520     88.1633
    828530     88.4783
    828540     88.5738
    828550     88.6719
    828560     89.0503
    828570     88.9394
    828580     88.3589
    828590     88.1442
    828600     88.3814
    828610     88.3063
    828620      88.244
    828630     87.9294
    828640     88.1768
    828650     87.6812
    828660     88.0082
    828670     88.7711
    828680      88.518
    828690     88.2736
    828700     88.1954
    828710     88.4073
    828720     88.3386
    828730     88.2502
    828740     88.3859
    828750     88.1288
    828760     88.0815
    828770     89.0273
    828780     88.7487
    828790     88.3436
    828800     88.8539
    828810     88.7122
    828820     88.6854
    828830     88.7484
    828840      88.601
    828850     89.4692
    828860      88.204
    828870     88.8789
    828880     88.9804
    828890     89.2083
    828900     89.4466
    828910     88.6942
    828920     89.9477
    828930     89.3298
    828940      89.658
    828950     89.4925
    828960     89.3216
    828970     88.9941
    828980     89.3867
    828990      89.471
    829000     88.9252
    829010     89.1984
    829020     88.7982
    829030     88.5374
    829040     89.4224
    829050     89.2289
    829060     89.1823
    829070      89.475
    829080     89.6135
    829090     89.3245
    829100      89.661
    829110     89.5835
    829120     89.4269
    829130     89.4214
    829140     89.6525
    829150     89.4163
    829160     89.6349
    829170     89.6336
    829180     89.1689
    829190     89.3292
    829200     89.0828
    829210     89.4519
    829220     89.2486
    829230     88.9498
    829240     89.7472
    829250     89.2032
    829260     89.6884
    829270     89.2884
    829280     89.7215
    829290     89.1774
    829300     89.5367
    829310     88.5525
    829320     88.8148
    829330     89.3813
    829340     89.7905
    829350     89.0717
    829360     89.4964
    829370     89.2637
    829380     89.6907
    829390     89.5631
    829400     89.9749
    829410     89.5434
    829420     89.3555
    829430     89.3565
    829440     89.8661
    829450     89.0879
    829460     89.3401
    829470     88.9712
    829480     89.3666
    829490     89.1973
    829500     89.5339
    829510     89.3876
    829520     89.2133
    829530     89.7729
    829540     89.9602
    829550     89.2386
    829560     89.7516
    829570     89.8803
    829580     90.0777
    829590     89.5532
    829600     89.6567
    829610     89.5767
    829620     90.0695
    829630      89.625
    829640      89.283
    829650     89.0768
    829660     89.0154
    829670     89.0186
    829680     89.3009
    829690     89.1806
    829700      88.948
    829710     88.9417
    829720     89.6798
    829730     89.5711
    829740     89.1177
    829750     89.4926
    829760     89.5863
    829770     89.5011
    829780     89.5801
    829790     89.0246
    829800      89.403
    829810     89.5528
    829820     88.9486
    829830     88.7311
    829840     89.0208
    829850     89.8419
    829860     89.3177
    829870     89.1409
    829880     89.6521
    829890     88.9947
    829900     89.7616
    829910     88.9746
    829920     89.7017
    829930     89.5923
    829940     88.7585
    829950     89.9358
    829960     89.4977
    829970     90.0649
    829980     89.6322
    829990     89.2786
    830000     89.1025
    830010     89.7279
    830020      88.683
    830030     89.0874
    830040      89.137
    830050     88.9661
    830060     89.3196
    830070     89.1382
    830080     89.1772
    830090      89.469
    830100     89.9299
    830110     89.5917
    830120     89.2116
    830130     89.4759
    830140     89.1242
    830150     88.8475
    830160     88.9915
    830170     88.9075
    830180     89.5028
    830190     88.9011
    830200     88.9279
    830210     89.8299
    830220     89.3492
    830230     89.3574
    830240     89.3783
    830250     89.4229
    830260     89.4811
    830270      89.818
    830280     89.3717
    830290     89.4184
    830300     89.0971
    830310     89.0985
    830320     89.0605
    830330     89.8969
    830340     89.6016
    830350      90.487
    830360     89.9929
    830370     90.0811
    830380     91.0505
    830390     90.2296
    830400     89.8565
    830410     90.2507
    830420     89.8229
    830430     89.3337
    830440     89.8111
    830450      89.801
    830460     89.4541
    830470     90.3074
    830480     90.7908
    830490     90.2882
    830500     89.9578
    830510     90.0428
    830520     90.0511
    830530     89.9321
    830540     89.9666
    830550     89.4973
    830560     90.3652
    830570     90.4554
    830580     89.9223
    830590     90.0742
    830600     89.9107
    830610     89.3018
    830620     89.5922
    830630     89.4095
    830640     89.6054
    830650     90.1765
    830660     89.7055
    830670     90.5153
    830680     90.1452
    830690     90.3588
    830700     90.0778
    830710     90.2031
    830720     90.2579
    830730     89.9493
    830740     89.6529
    830750     89.2795
    830760     89.3597
    830770      89.636
    830780     90.1342
    830790      89.664
    830800     89.7739
    830810     90.1924
    830820      89.858
    830830     90.1755
    830840     89.3084
    830850     90.5821
    830860     89.9375
    830870     89.3271
    830880     89.4331
    830890     89.7763
    830900     89.6168
    830910     89.7672
    830920     89.4267
    830930     89.7509
    830940     89.9461
    830950     89.5545
    830960     89.6343
    830970     90.5167
    830980     90.5454
    830990     90.4137
    831000     89.6259
    831010     89.7078
    831020     90.6276
    831030     89.9432
    831040     89.7794
    831050     89.8487
    831060     89.7013
    831070      89.835
    831080     90.1944
    831090     90.3679
    831100     89.5736
    831110     89.8676
    831120     90.1873
    831130     89.8689
    831140     90.1183
    831150     89.9829
    831160     90.4703
    831170      90.357
    831180     89.5959
    831190     89.6896
    831200     89.6135
    831210      89.775
    831220     89.8412
    831230     89.6162
    831240     90.3654
    831250     89.8184
    831260     89.7812
    831270     90.0086
    831280     90.5128
    831290     89.7379
    831300     90.0952
    831310     90.3314
    831320     88.9591
    831330      89.497
    831340     89.6273
    831350      89.617
    831360     89.4872
    831370     89.5924
    831380      89.997
    831390     89.7626
    831400     90.1168
    831410     90.4835
    831420     89.4765
    831430     90.7294
    831440     90.9958
    831450     90.0959
    831460      90.278
    831470     90.5611
    831480     89.7121
    831490     90.6618
    831500        89.7
    831510      88.793
    831520     89.7288
    831530     89.9132
    831540     89.9986
    831550     90.7378
    831560     91.4603
    831570     90.7552
    831580     90.2251
    831590     90.2513
    831600     89.9514
    831610     89.7188
    831620     90.3773
    831630     89.7753
    831640     89.5621
    831650     89.3081
    831660     89.4359
    831670     89.5858
    831680     88.8032
    831690     89.5327
    831700     89.0045
    831710     89.1252
    831720     88.5173
    831730     88.9115
    831740      89.416
    831750     88.8697
    831760     89.1349
    831770     89.2305
    831780     89.4055
    831790     89.1119
    831800     89.1175
    831810      89.425
    831820     88.9797
    831830     89.5105
    831840     89.7887
    831850     89.7232
    831860     89.3902
    831870     88.9868
    831880     89.3194
    831890     89.5975
    831900     89.5767
    831910     89.5161
    831920      89.043
    831930     89.2144
    831940     89.8102
    831950     89.0305
    831960     89.8004
    831970     89.3063
    831980     89.1667
    831990     89.3024
    832000     89.0806
    832010      88.533
    832020     88.7288
    832030     88.2199
    832040     89.5388
    832050     89.7159
    832060     89.2054
    832070     89.5985
    832080     89.3698
    832090     90.1071
    832100     89.5655
    832110     89.2408
    832120     89.2918
    832130     89.4508
    832140     89.6911
    832150     89.4824
    832160     89.5575
    832170     89.5895
    832180     89.5247
    832190     89.5493
    832200     89.9909
    832210      90.239
    832220     90.0111
    832230     90.6815
    832240     90.2226
    832250     89.9152
    832260     90.1607
    832270     89.3759
    832280     89.8317
    832290     90.2007
    832300     89.8439
    832310     89.1369
    832320     89.9036
    832330     89.8012
    832340     89.9998
    832350     89.5784
    832360      90.172
    832370     89.4302
    832380     89.3437
    832390     89.2876
    832400     89.1263
    832410      89.139
    832420     89.3585
    832430     89.4477
    832440     89.8017
    832450     89.6503
    832460       89.19
    832470     89.1594
    832480     89.2479
    832490     89.3221
    832500     90.1274
    832510     89.6699
    832520     88.7812
    832530     89.1274
    832540     89.5237
    832550     89.4172
    832560     89.2026
    832570     89.6331
    832580     89.3098
    832590     89.3618
    832600     89.1083
    832610     90.0832
    832620     89.1316
    832630     90.0445
    832640     89.9757
    832650     89.7261
    832660     89.7465
    832670      89.587
    832680     89.6144
    832690       89.33
    832700     88.9855
    832710     89.1835
    832720     89.5089
    832730     89.6771
    832740     89.4424
    832750     90.0721
    832760     89.8023
    832770     89.7467
    832780     90.2176
    832790     89.6415
    832800     90.0222
    832810     89.7898
    832820     90.5736
    832830     90.1183
    832840     89.8269
    832850     90.0163
    832860     89.0377
    832870      89.903
    832880     89.5273
    832890     89.7114
    832900     89.4838
    832910     90.1861
    832920     89.9401
    832930     89.9237
    832940     90.6846
    832950     90.8952
    832960     90.5682
    832970     90.3495
    832980     90.6486
    832990      90.184
    833000     90.0761
    833010     90.1573
    833020     89.8894
    833030     90.3547
    833040     89.5125
    833050     90.3804
    833060     89.6216
    833070     90.4894
    833080     89.5008
    833090     90.0005
    833100     89.6216
    833110     89.5496
    833120     90.0467
    833130     90.7263
    833140     90.2259
    833150     90.5551
    833160     89.8765
    833170     90.1389
    833180     89.5128
    833190     89.8747
    833200     89.7092
    833210     89.8275
    833220     89.3201
    833230     89.5861
    833240     89.5815
    833250     89.6454
    833260     89.7115
    833270     90.2829
    833280     90.5566
    833290     90.4137
    833300     89.7932
    833310     89.8446
    833320     90.0625
    833330      89.895
    833340     89.6178
    833350     89.9744
    833360     90.5311
    833370     89.8728
    833380     89.4709
    833390     89.5736
    833400     90.2219
    833410     90.0476
    833420     89.4506
    833430     89.5645
    833440     89.7702
    833450      89.731
    833460     89.1863
    833470     90.4552
    833480     89.7661
    833490     90.0483
    833500      89.973
    833510     90.9074
    833520     89.6908
    833530     90.0922
    833540     90.1443
    833550     90.0384
    833560     90.4251
    833570     90.6089
    833580      90.113
    833590      90.211
    833600     90.3717
    833610     89.9627
    833620     89.8465
    833630     90.1052
    833640       90.09
    833650     90.4687
    833660     90.5435
    833670     90.7285
    833680     89.8356
    833690     90.2518
    833700     89.6347
    833710     89.5239
    833720     90.2069
    833730      90.058
    833740      90.801
    833750     89.7298
    833760      90.532
    833770     89.6885
    833780     90.6651
    833790     89.7706
    833800     90.3188
    833810      90.192
    833820     90.3143
    833830     90.5708
    833840     90.1436
    833850     89.8914
    833860     90.0335
    833870     90.1236
    833880     90.5427
    833890     89.9146
    833900     90.4637
    833910     90.7331
    833920     89.9235
    833930     90.4365
    833940     90.6021
    833950     90.4739
    833960     90.3354
    833970     90.5797
    833980     90.1312
    833990     90.3621
    834000     90.0985
    834010     90.6829
    834020     90.2414
    834030     90.3702
    834040     90.1925
    834050     90.7034
    834060     90.8974
    834070     90.4508
    834080     90.6233
    834090     90.5876
    834100     90.4229
    834110     90.2576
    834120     90.1413
    834130     90.3578
    834140     90.0448
    834150     90.9335
    834160     90.5788
    834170     90.0712
    834180     90.2611
    834190     90.4607
    834200     90.2505
    834210     89.9638
    834220      89.618
    834230     90.2285
    834240     89.5995
    834250     90.1509
    834260      90.512
    834270     90.1105
    834280     90.6473
    834290     90.1813
    834300     91.2939
    834310      89.994
    834320     90.7078
    834330     91.5097
    834340     91.9609
    834350     91.5709
    834360      92.017
    834370      92.067
    834380     91.0054
    834390     90.9001
    834400     91.9758
    834410     91.5987
    834420     91.6667
    834430      91.792
    834440      90.785
    834450     91.4612
    834460     91.5632
    834470     91.7782
    834480     91.5852
    834490      91.827
    834500     91.3593
    834510      92.005
    834520     91.9339
    834530     92.3137
    834540     92.5656
    834550     91.9968
    834560     91.8118
    834570     90.9393
    834580     91.4506
    834590     92.7896
    834600     92.2093
    834610     92.7542
    834620     92.5986
    834630     92.9316
    834640     93.1066
    834650      92.342
    834660     92.6245
    834670     91.3262
    834680     92.5735
    834690     93.2152
    834700     92.5906
    834710     93.0428
    834720     92.3058
    834730     93.0944
    834740     91.4725
    834750     91.8347
    834760     91.6467
    834770     92.1937
    834780     91.3979
    834790     91.9513
    834800     91.2816
    834810     92.5687
    834820     92.9953
    834830     92.5357
    834840     91.5162
    834850     91.4039
    834860     91.6238
    834870     91.6604
    834880     90.7638
    834890     90.4357
    834900     90.8526
    834910     91.9918
    834920       90.98
    834930     91.1714
    834940     91.3686
    834950     91.1412
    834960     92.1033
    834970     91.5848
    834980     91.3389
    834990     92.1006
    835000     91.5941
    835010     91.7129
    835020      91.556
    835030     91.7856
    835040     91.6523
    835050     92.0883
    835060     92.0005
    835070     92.1181
    835080     91.9523
    835090     92.4771
    835100      91.965
    835110     91.7427
    835120     91.8721
    835130      91.758
    835140     92.6865
    835150     91.0354
    835160     91.6436
    835170     91.3566
    835180     91.4458
    835190     93.0044
    835200     92.1146
    835210     92.9028
    835220     92.6251
    835230     92.7451
    835240     92.7065
    835250     93.0557
    835260     92.8388
    835270     91.3408
    835280     92.1356
    835290     91.5647
    835300     91.7938
    835310     92.2227
    835320     92.6806
    835330     92.6901
    835340     93.2941
    835350     92.6214
    835360     91.6688
    835370     92.3737
    835380     91.0424
    835390     90.8842
    835400     91.0374
    835410     91.4412
    835420     92.1918
    835430     91.8114
    835440      92.305
    835450     91.9056
    835460     90.9073
    835470     90.8398
    835480     91.1219
    835490     91.3179
    835500     91.5256
    835510     91.9861
    835520     91.2331
    835530     91.2882
    835540     90.6772
    835550     90.8655
    835560     91.4303
    835570     90.4136
    835580     90.6857
    835590     91.1672
    835600     91.1256
    835610     90.7521
    835620     91.3035
    835630     91.2531
    835640     90.4704
    835650     90.7354
    835660     91.1224
    835670     90.4227
    835680     91.3579
    835690     90.5973
    835700     90.5881
    835710     91.1187
    835720     90.7855
    835730     90.7633
    835740     90.6317
    835750     90.4922
    835760     91.2257
    835770     90.4282
    835780     90.7707
    835790     90.7841
    835800     90.2251
    835810     90.0141
    835820     90.0028
    835830     90.2418
    835840     90.9534
    835850     90.9313
    835860     90.8387
    835870     90.3711
    835880     91.3769
    835890      91.308
    835900     90.6321
    835910     91.0709
    835920     90.8221
    835930     90.6293
    835940     91.3062
    835950     90.6977
    835960     90.5912
    835970      91.219
    835980     90.8936
    835990     91.2488
    836000     90.7342
    836010     91.0108
    836020     90.6648
    836030     91.1855
    836040     90.8889
    836050     90.8443
    836060     90.5429
    836070     90.7861
    836080     90.6082
    836090     91.1308
    836100     91.0233
    836110     90.4243
    836120     91.2153
    836130     91.2507
    836140     90.0536
    836150      90.508
    836160     91.2562
    836170     90.4171
    836180     91.0489
    836190      91.104
    836200     91.6999
    836210      91.121
    836220     90.6841
    836230     91.3326
    836240     91.0042
    836250     91.3965
    836260     91.0864
    836270     91.0937
    836280     91.1078
    836290     91.1918
    836300     90.7499
    836310     90.6496
    836320     90.3807
    836330     90.4129
    836340     91.0882
    836350     91.2779
    836360     91.0411
    836370     90.4608
    836380     90.7532
    836390      91.452
    836400     90.4742
    836410     91.2456
    836420     90.5026
    836430     91.2265
    836440     91.0766
    836450     90.8721
    836460     90.6325
    836470     90.5762
    836480     91.3416
    836490     90.6934
    836500     90.7217
    836510     90.9731
    836520     91.4625
    836530     90.4567
    836540     90.9882
    836550     90.5142
    836560     90.7239
    836570      91.151
    836580     90.6818
    836590     90.8113
    836600     91.5076
    836610      90.741
    836620     90.6981
    836630     90.9072
    836640     90.5361
    836650     90.7005
    836660      90.302
    836670     90.4744
    836680     90.7362
    836690     90.3378
    836700     90.9954
    836710     90.3365
    836720     91.2165
    836730     91.6448
    836740     90.8863
    836750     91.1791
    836760      90.198
    836770     90.6925
    836780     90.9065
    836790     90.3877
    836800     90.5362
    836810      90.462
    836820     90.8242
    836830     91.2541
    836840     91.0907
    836850     91.4046
    836860     90.8014
    836870     90.9495
    836880     90.2278
    836890     90.2222
    836900     90.4627
    836910      90.503
    836920     91.0622
    836930     91.1912
    836940     92.0222
    836950     91.3567
    836960     91.2854
    836970     90.9855
    836980     92.0822
    836990     91.2408
    837000      91.392
    837010     91.0295
    837020     91.6546
    837030     91.4161
    837040      91.924
    837050     90.8572
    837060     91.2285
    837070      91.983
    837080     91.5234
    837090     90.6821
    837100     90.6522
    837110     91.0612
    837120     91.8359
    837130     92.2561
    837140     91.5674
    837150     90.8101
    837160     90.7573
    837170      91.241
    837180     90.9998
    837190     90.8022
    837200     90.4313
    837210     90.2836
    837220     90.9117
    837230     90.1572
    837240     90.5922
    837250     91.1021
    837260     90.6466
    837270     90.8132
    837280     90.5517
    837290     90.8995
    837300     90.6428
    837310     91.3063
    837320     91.5866
    837330     91.5754
    837340     91.0261
    837350     90.7333
    837360     90.4799
    837370     91.0606
    837380      91.106
    837390     90.4348
    837400     91.1137
    837410     90.3221
    837420     89.8977
    837430     90.7223
    837440     90.6732
    837450     90.4598
    837460     90.0827
    837470     90.7958
    837480     90.9128
    837490     90.4789
    837500      90.068
    837510     90.0435
    837520     90.8294
    837530     90.9367
    837540     90.9894
    837550     90.5553
    837560     90.6255
    837570     90.9628
    837580     90.4112
    837590      90.928
    837600     90.5622
    837610     90.0991
    837620     90.4303
    837630     90.3146
    837640     90.7894
    837650     90.6214
    837660     90.7298
    837670     91.0307
    837680     90.7593
    837690     90.9997
    837700     90.2979
    837710     90.8127
    837720     90.8748
    837730     91.2363
    837740      91.209
    837750     90.5726
    837760     90.5839
    837770     91.0823
    837780     90.6296
    837790     91.1682
    837800     90.1967
    837810     90.4819
    837820     90.8804
    837830     91.2827
    837840     90.8022
    837850     90.3025
    837860     89.8594
    837870     90.6295
    837880     90.9139
    837890     90.6282
    837900     90.3774
    837910     90.7441
    837920     89.9051
    837930     89.9942
    837940     89.4498
    837950     89.7088
    837960      89.629
    837970     89.9075
    837980     90.1799
    837990      90.233
    838000     90.0391
    838010      89.803
    838020     89.8398
    838030     90.1456
    838040     90.7069
    838050     90.2972
    838060     90.0673
    838070     89.5303
    838080      89.365
    838090     89.9976
    838100     90.5205
    838110     90.2213
    838120     90.2043
    838130     89.9747
    838140     90.2533
    838150     90.3849
    838160     90.0192
    838170     90.0072
    838180     90.4147
    838190     90.1277
    838200     90.0841
    838210     90.4356
    838220     90.5557
    838230     90.5169
    838240     90.1229
    838250     90.7546
    838260     90.0256
    838270     90.3253
    838280     90.0867
    838290     89.4293
    838300     90.1027
    838310     89.9534
    838320     89.7167
    838330     89.5452
    838340     89.7719
    838350      89.882
    838360     90.0624
    838370     89.7399
    838380     89.8996
    838390      89.801
    838400     89.3012
    838410     90.0401
    838420      89.506
    838430     89.3612
    838440     90.1868
    838450        89.8
    838460     89.8328
    838470     89.3914
    838480     89.5824
    838490     90.2151
    838500     89.8477
    838510     90.0313
    838520     89.6439
    838530     89.6961
    838540     90.3214
    838550     90.1807
    838560      90.064
    838570     90.1862
    838580     89.4461
    838590     90.0658
    838600     89.7515
    838610      89.633
    838620     89.9573
    838630     89.2669
    838640     89.6168
    838650     89.5921
    838660     89.7538
    838670     90.3918
    838680     90.0984
    838690     89.9483
    838700     89.6832
    838710     89.8078
    838720     90.2829
    838730     89.9982
    838740     89.3443
    838750     89.9603
    838760     90.4407
    838770     90.0829
    838780     89.9172
    838790     89.9936
    838800      89.908
    838810     89.6361
    838820     89.7048
    838830     90.0023
    838840     89.4201
    838850     89.5286
    838860     89.5601
    838870     89.5087
    838880     89.6897
    838890     89.7617
    838900     90.0301
    838910     89.6243
    838920     89.5284
    838930     89.4659
    838940     89.8551
    838950     89.8257
    838960     90.4457
    838970     89.9699
    838980     89.3517
    838990     89.6235
    839000      89.558
    839010     89.3676
    839020     89.7865
    839030     90.2316
    839040     89.8865
    839050     90.3044
    839060     89.9319
    839070     90.2813
    839080     89.7338
    839090     90.1341
    839100     90.1321
    839110     90.4154
    839120     89.9783
    839130     89.3692
    839140      90.044
    839150     90.1888
    839160     89.9826
    839170     90.0328
    839180     90.8758
    839190     90.0536
    839200     90.1768
    839210     89.6979
    839220     90.3538
    839230     90.9771
    839240     90.3558
    839250     90.4564
    839260     91.0666
    839270     90.1111
    839280     90.5702
    839290     90.5864
    839300     90.7685
    839310     90.6683
    839320     90.7102
    839330     90.5878
    839340     90.7728
    839350     90.2278
    839360      90.606
    839370      90.207
    839380     90.7195
    839390     90.3671
    839400     90.8786
    839410     91.5071
    839420     90.8957
    839430     90.2454
    839440     90.1976
    839450     89.9935
    839460     89.9461
    839470     90.3813
    839480     89.9015
    839490      90.692
    839500      90.329
    839510     90.5489
    839520     90.5534
    839530     90.2228
    839540     90.1578
    839550      90.625
    839560     90.4393
    839570     91.2405
    839580     91.1773
    839590     90.1272
    839600     89.9605
    839610     90.1175
    839620     90.7289
    839630     90.1431
    839640     90.3116
    839650     89.9845
    839660     90.4221
    839670     90.1927
    839680      90.829
    839690      90.792
    839700     90.6833
    839710     90.6334
    839720     91.0912
    839730     90.3369
    839740     90.0468
    839750     90.8934
    839760     91.1838
    839770     90.3173
    839780      90.052
    839790     90.4563
    839800     90.7869
    839810     90.1828
    839820      90.267
    839830     90.5639
    839840     90.4041
    839850     90.2282
    839860     90.3037
    839870     90.6088
    839880     90.9595
    839890      90.592
    839900     89.7359
    839910     90.3436
    839920     90.0335
    839930     90.6016
    839940     90.2456
    839950     89.8669
    839960      90.159
    839970     90.1152
    839980     89.9414
    839990     90.1211
    840000     89.8375
    840010     89.5434
    840020     90.0792
    840030     89.8831
    840040     89.9903
    840050     90.2208
    840060     90.1031
    840070     90.3712
    840080     89.9975
    840090     90.4191
    840100     90.1951
    840110     90.7374
    840120     90.1541
    840130     89.7504
    840140     90.2931
    840150     90.1968
    840160     90.1996
    840170     90.6769
    840180     91.3192
    840190     90.3567
    840200     90.7858
    840210     90.9289
    840220     90.3724
    840230     90.8389
    840240     91.0119
    840250     90.8381
    840260       90.94
    840270       90.89
    840280      90.567
    840290     90.9848
    840300     91.0963
    840310     90.6798
    840320     90.8835
    840330     90.9012
    840340     90.6462
    840350     90.7485
    840360     90.5493
    840370      90.899
    840380     90.2691
    840390      90.734
    840400     89.9847
    840410     90.2309
    840420     90.6527
    840430     90.4122
    840440     90.9063
    840450      90.451
    840460     91.0507
    840470     91.0707
    840480     91.1911
    840490     90.7607
    840500     91.8268
    840510     91.5771
    840520     91.0461
    840530      90.448
    840540     90.6912
    840550     90.7084
    840560     91.2423
    840570     91.8923
    840580      91.191
    840590     91.0005
    840600     89.9378
    840610     90.9096
    840620     90.7888
    840630      90.904
    840640     90.7317
    840650     90.7468
    840660     90.8554
    840670     91.1729
    840680     90.6097
    840690     90.6777
    840700     91.2643
    840710     90.5607
    840720     91.6769
    840730     91.3322
    840740     91.1866
    840750     90.9216
    840760     90.8452
    840770     90.8605
    840780     90.7785
    840790     90.8164
    840800     90.7966
    840810     90.5476
    840820     90.4244
    840830      90.518
    840840     91.1275
    840850     90.5368
    840860     90.7343
    840870     90.9845
    840880      90.207
    840890     91.0398
    840900     91.1691
    840910     90.9755
    840920     90.5817
    840930     91.6118
    840940     90.9358
    840950     91.1055
    840960     90.3248
    840970     91.0229
    840980     90.8919
    840990     91.1021
    841000     90.1739
    841010     90.7075
    841020     90.9173
    841030     90.6459
    841040     90.4828
    841050     91.6444
    841060     91.0465
    841070     90.9074
    841080     90.5344
    841090       90.87
    841100     91.1928
    841110     90.9345
    841120     91.6035
    841130     91.8116
    841140     91.9105
    841150     91.2614
    841160      91.227
    841170     90.5186
    841180      91.779
    841190     91.0734
    841200     90.8113
    841210     91.3817
    841220     90.6609
    841230     91.3306
    841240     90.7394
    841250     91.2355
    841260     91.2648
    841270     91.2276
    841280     90.8368
    841290     91.3938
    841300     90.6376
    841310     91.1224
    841320     91.2326
    841330     91.3588
    841340      90.496
    841350     90.9445
    841360     91.3272
    841370     90.5349
    841380     91.0782
    841390     90.2485
    841400     89.8173
    841410     90.7672
    841420     90.3706
    841430     90.9084
    841440     91.5933
    841450     91.5355
    841460     91.8243
    841470     91.0706
    841480     91.0174
    841490     90.8668
    841500     91.2201
    841510     91.2562
    841520     91.1341
    841530     91.1757
    841540     91.1265
    841550     91.3083
    841560     90.8069
    841570     90.7936
    841580     90.3054
    841590     90.8012
    841600     90.2967
    841610      90.685
    841620     90.5693
    841630     91.2749
    841640     90.5122
    841650     90.8344
    841660     90.9196
    841670     89.8316
    841680     90.2959
    841690     90.4629
    841700     91.0893
    841710     90.8183
    841720     90.7091
    841730     90.9901
    841740     91.0336
    841750     91.0854
    841760     91.4301
    841770      91.404
    841780     91.3951
    841790     90.6272
    841800     90.7228
    841810     90.5699
    841820     89.7052
    841830     89.9106
    841840     90.1992
    841850     91.1763
    841860     90.6577
    841870     89.9875
    841880     90.8376
    841890     90.8897
    841900     90.3794
    841910     90.9119
    841920      90.427
    841930     89.6446
    841940     90.9762
    841950     90.9994
    841960     90.6023
    841970     91.2089
    841980     91.8571
    841990     91.0531
    842000     91.5518
    842010     91.4243
    842020     91.5958
    842030     90.6796
    842040      90.694
    842050     91.2807
    842060     91.8076
    842070     91.4243
    842080     91.1619
    842090     90.7985
    842100     90.3657
    842110     91.2429
    842120      91.806
    842130      91.158
    842140      90.142
    842150     90.5495
    842160     90.8938
    842170     90.3082
    842180     91.3382
    842190     91.0077
    842200     90.8051
    842210     90.9067
    842220      90.717
    842230     91.1891
    842240     91.3476
    842250      90.796
    842260     90.9474
    842270     91.0609
    842280     91.4122
    842290     90.5627
    842300     91.2749
    842310     90.9253
    842320     91.7201
    842330     91.1333
    842340     90.9475
    842350      91.273
    842360      91.236
    842370     91.0978
    842380      91.308
    842390     91.5561
    842400     92.1416
    842410     91.1679
    842420     90.7758
    842430     90.8728
    842440     90.9275
    842450     91.0663
    842460     90.9329
    842470     91.3455
    842480     91.3937
    842490     91.3201
    842500     91.3074
    842510      90.865
    842520      91.412
    842530     91.1359
    842540     91.0338
    842550     90.8152
    842560     90.5962
    842570      91.926
    842580      91.226
    842590     90.8961
    842600     90.8287
    842610     91.7019
    842620     91.2908
    842630     91.7665
    842640     92.5507
    842650     92.2497
    842660     91.1587
    842670     91.3821
    842680     91.3797
    842690     90.9356
    842700     91.8949
    842710      92.157
    842720     91.9911
    842730     91.7793
    842740     92.8853
    842750     93.2772
    842760     92.8037
    842770     93.2889
    842780     93.4469
    842790     92.4751
    842800     92.5205
    842810     91.3846
    842820     92.5719
    842830     90.8102
    842840     91.1206
    842850     91.6647
    842860     91.6402
    842870     91.7348
    842880     90.9514
    842890     90.8352
    842900     91.4362
    842910     91.1196
    842920     91.0556
    842930      90.902
    842940     91.4032
    842950     91.6141
    842960     91.5876
    842970      91.372
    842980     91.0442
    842990     91.3837
    843000     91.1661
    843010     90.8387
    843020     91.2221
    843030     91.8419
    843040     91.4534
    843050     91.1055
    843060     91.1245
    843070      91.495
    843080     90.9043
    843090     91.6101
    843100     90.7647
    843110     91.6046
    843120     90.3682
    843130     91.5504
    843140      91.325
    843150     91.5654
    843160     90.9497
    843170      91.307
    843180      92.178
    843190     91.6472
    843200     91.4992
    843210     91.5419
    843220     91.4249
    843230     90.4693
    843240     90.6002
    843250      89.894
    843260     90.6869
    843270     90.6783
    843280     90.9639
    843290     90.7234
    843300     90.0493
    843310     91.1045
    843320     90.9349
    843330     90.7042
    843340     90.5196
    843350     90.8949
    843360     91.2028
    843370     91.2007
    843380     91.9379
    843390     90.8097
    843400     90.7838
    843410     90.6081
    843420     91.0803
    843430     90.6508
    843440     91.2398
    843450     90.3818
    843460     90.9723
    843470     90.8745
    843480     90.7292
    843490     90.7318
    843500     90.4545
    843510     89.7453
    843520     90.6115
    843530      91.148
    843540     91.0396
    843550     90.9464
    843560     90.1519
    843570     90.2599
    843580     90.1241
    843590     90.3122
    843600     90.5417
    843610     90.5534
    843620     90.8093
    843630      90.526
    843640     91.0771
    843650     91.5736
    843660     91.1775
    843670     90.9138
    843680     91.4414
    843690     92.0399
    843700     91.0488
    843710     91.4421
    843720     91.4612
    843730     92.0393
    843740     90.8837
    843750     91.4293
    843760     91.6914
    843770     91.5068
    843780      90.968
    843790     91.2431
    843800     92.1093
    843810     91.1426
    843820     92.0122
    843830     91.5263
    843840     92.1276
    843850     91.2786
    843860     91.6861
    843870     92.1837
    843880     90.9389
    843890     92.1166
    843900     91.7064
    843910     91.6263
    843920     92.0859
    843930     91.7167
    843940     92.5819
    843950     93.5219
    843960     92.3949
    843970     92.1658
    843980     92.6474
    843990     92.1423
    844000      91.428
    844010     92.5645
    844020     92.8606
    844030     92.6102
    844040     92.7942
    844050       92.16
    844060     93.2177
    844070      92.409
    844080     91.6019
    844090     91.7781
    844100     92.1122
    844110     92.0427
    844120      92.325
    844130     91.3932
    844140     91.5597
    844150     91.6419
    844160     91.5946
    844170      91.889
    844180     91.7588
    844190     91.6925
    844200     91.7024
    844210     91.3694
    844220     91.4791
    844230     91.5711
    844240     91.4842
    844250     91.0855
    844260     90.9181
    844270     91.0006
    844280     90.8915
    844290     90.5146
    844300      91.032
    844310     91.1245
    844320     90.4098
    844330     91.1582
    844340     91.1248
    844350      90.944
    844360     90.8236
    844370     90.4251
    844380     90.7096
    844390     90.9067
    844400     90.4766
    844410     91.6783
    844420     91.2777
    844430     91.6936
    844440      90.965
    844450      91.175
    844460     90.5178
    844470     90.9573
    844480     90.4688
    844490     90.8578
    844500     90.3875
    844510     90.2762
    844520     90.6287
    844530       90.53
    844540     90.5616
    844550     90.9009
    844560     90.2129
    844570     90.0508
    844580     90.3599
    844590      90.527
    844600     90.9962
    844610     90.3273
    844620     90.5255
    844630     90.3804
    844640     91.1446
    844650     91.3755
    844660     90.9827
    844670      90.578
    844680     91.4253
    844690     90.3791
    844700     91.3037
    844710      91.122
    844720     90.8778
    844730     90.7002
    844740     90.3624
    844750      91.164
    844760     90.9284
    844770     90.2182
    844780     91.4179
    844790     90.6074
    844800     90.5069
    844810     91.1459
    844820       90.64
    844830     90.4456
    844840     89.5912
    844850     90.7016
    844860     90.8204
    844870     90.5807
    844880     90.8206
    844890     91.2523
    844900     90.3058
    844910     90.7275
    844920     90.6042
    844930     90.3294
    844940     90.8178
    844950     90.2067
    844960     90.7102
    844970     90.4011
    844980     90.0555
    844990     89.6795
    845000     89.7392
    845010     89.9098
    845020     90.0333
    845030     90.1405
    845040     90.5044
    845050     90.1045
    845060     89.7418
    845070     89.9014
    845080     89.3303
    845090     90.5468
    845100     90.0528
    845110     89.5594
    845120     89.6715
    845130     89.6286
    845140     89.7312
    845150      90.505
    845160     89.7654
    845170     89.3968
    845180     89.3602
    845190     89.6693
    845200     89.7338
    845210     90.0345
    845220     90.3527
    845230     89.3251
    845240     89.5433
    845250     89.8717
    845260     90.2088
    845270     89.6841
    845280     89.9029
    845290     89.8925
    845300     89.5432
    845310     89.1603
    845320     89.6737
    845330      89.644
    845340     90.5548
    845350     89.7223
    845360     90.8905
    845370     90.3557
    845380     89.5017
    845390     89.9866
    845400      90.637
    845410     90.8256
    845420     90.1341
    845430     90.5686
    845440     90.3471
    845450     91.5249
    845460     90.6378
    845470     90.8933
    845480     90.5449
    845490     90.3624
    845500     90.1453
    845510     89.6874
    845520     89.6097
    845530     89.7997
    845540     90.1471
    845550     90.0474
    845560     90.2004
    845570     90.0476
    845580     89.7666
    845590     90.8339
    845600     90.4081
    845610     90.5956
    845620      90.389
    845630     90.8818
    845640     89.9531
    845650     90.3648
    845660      90.066
    845670     90.1055
    845680      89.633
    845690     89.7396
    845700     90.3821
    845710     90.3753
    845720     90.3135
    845730     90.0453
    845740     90.0171
    845750     89.8426
    845760     89.5197
    845770     90.9015
    845780     90.2232
    845790     90.2285
    845800     89.8737
    845810     90.8645
    845820     90.6998
    845830     90.6537
    845840     90.9509
    845850     91.0477
    845860     91.5394
    845870     90.7202
    845880       91.26
    845890     90.9731
    845900     91.0964
    845910     90.4133
    845920     90.9611
    845930     91.2118
    845940     90.7421
    845950     91.9741
    845960     91.2725
    845970     90.2601
    845980     90.1561
    845990     90.8697
    846000     91.1232
    846010     91.0738
    846020     90.7061
    846030     90.1658
    846040     90.2116
    846050     90.3446
    846060     90.8012
    846070     91.5464
    846080     91.4885
    846090     91.5047
    846100      91.662
    846110     91.7259
    846120     91.1914
    846130     91.5622
    846140     91.9759
    846150     90.8165
    846160     91.8171
    846170     91.5845
    846180     92.7085
    846190     92.6179
    846200     92.2122
    846210     92.4088
    846220     91.2849
    846230     91.0415
    846240     91.7849
    846250     92.2024
    846260     92.3823
    846270     92.0073
    846280     91.2723
    846290     91.8618
    846300     91.7984
    846310     92.4636
    846320     93.0151
    846330     93.5596
    846340     92.5266
    846350      91.861
    846360      92.686
    846370     92.3673
    846380     93.1273
    846390     92.7403
    846400     92.3939
    846410     91.4154
    846420     91.1649
    846430     91.3879
    846440     91.6229
    846450     91.6476
    846460     91.9845
    846470     92.5024
    846480     92.2472
    846490     92.5068
    846500     91.1387
    846510     92.7522
    846520     92.8795
    846530     91.7768
    846540     93.5249
    846550     91.8531
    846560     91.8431
    846570     92.1047
    846580     92.9125
    846590     92.3179
    846600     93.0508
    846610     91.0983
    846620     91.2469
    846630     91.4719
    846640      90.882
    846650     91.0311
    846660     91.6351
    846670      91.855
    846680     91.6763
    846690     90.9312
    846700     91.6573
    846710     91.4591
    846720     91.1091
    846730     91.3622
    846740     91.1689
    846750     91.6446
    846760     91.9428
    846770     91.1588
    846780      92.349
    846790     92.0363
    846800     92.1024
    846810     91.6226
    846820     91.8996
    846830      92.394
    846840     92.7491
    846850     91.4688
    846860      92.602
    846870     92.1724
    846880     92.6146
    846890     92.3446
    846900     92.4186
    846910     91.8369
    846920     91.9501
    846930     92.3629
    846940     91.9999
    846950     92.5732
    846960     92.4181
    846970     92.4219
    846980     92.5804
    846990     92.2678
    847000     91.8013
    847010     91.4778
    847020     91.5464
    847030     91.0812
    847040     92.6486
    847050     92.3261
    847060     92.2996
    847070     91.7697
    847080     91.8991
    847090     90.8564
    847100     91.7931
    847110     92.3583
    847120     91.6931
    847130     90.4231
    847140      91.814
    847150     90.9927
    847160     92.1672
    847170     92.1741
    847180     92.0101
    847190     91.0729
    847200     91.1934
    847210     92.0168
    847220     92.2348
    847230     92.1295
    847240     92.3133
    847250     92.9129
    847260     92.7092
    847270     92.6554
    847280     92.1511
    847290     91.8368
    847300     92.0364
    847310     92.6494
    847320     92.2993
    847330     93.3501
    847340     92.7219
    847350     91.8847
    847360     93.1645
    847370     92.9594
    847380     91.8621
    847390     92.2922
    847400     92.2155
    847410     92.4254
    847420     92.3634
    847430     92.7486
    847440     92.7858
    847450      91.823
    847460     91.5472
    847470     92.1818
    847480     91.8212
    847490     92.0309
    847500     91.4327
    847510     91.1323
    847520     90.6941
    847530     91.9499
    847540     91.7441
    847550     91.3165
    847560     91.5106
    847570     91.6143
    847580     92.2075
    847590     92.2808
    847600     91.9267
    847610      91.872
    847620     92.1382
    847630     90.8951
    847640     91.9957
    847650     91.8056
    847660     91.6927
    847670     91.4577
    847680     92.0556
    847690      91.586
    847700     91.0257
    847710     91.5036
    847720     90.8709
    847730     90.9381
    847740     90.7882
    847750     91.1201
    847760     90.7561
    847770     90.3742
    847780     89.9245
    847790     90.3913
    847800     90.3086
    847810     90.7208
    847820      90.799
    847830     90.9423
    847840     90.5082
    847850     91.6145
    847860     91.4479
    847870      91.472
    847880      91.566
    847890     90.9382
    847900     91.3468
    847910     91.2464
    847920     91.3903
    847930     92.3179
    847940     91.8771
    847950     91.2324
    847960     91.2344
    847970     91.7738
    847980      91.347
    847990     91.9118
    848000     91.1023
    848010      90.922
    848020     91.2191
    848030     91.2072
    848040      90.778
    848050     91.6719
    848060     90.8327
    848070     90.6092
    848080     91.5832
    848090     91.9976
    848100     90.9461
    848110     90.8248
    848120     90.9664
    848130     91.1318
    848140     90.8083
    848150     91.0615
    848160     91.3965
    848170     91.1122
    848180     91.3766
    848190      91.536
    848200     90.7658
    848210     91.2874
    848220     90.7426
    848230     90.5467
    848240      90.822
    848250     91.1498
    848260     91.8582
    848270     91.4484
    848280     91.8256
    848290     91.3909
    848300     91.1647
    848310     91.0953
    848320     90.7985
    848330     90.7278
    848340     91.2606
    848350     92.5985
    848360      91.824
    848370     92.2025
    848380     92.1465
    848390     92.2663
    848400      90.924
    848410      92.145
    848420     91.9972
    848430     92.1904
    848440     90.9569
    848450     91.4846
    848460     91.7531
    848470     92.2961
    848480     92.5674
    848490     92.6707
    848500      91.952
    848510     92.5593
    848520     91.8262
    848530      91.894
    848540     91.6618
    848550     91.7357
    848560     91.0812
    848570     91.1517
    848580     91.2001
    848590     91.4433
    848600     91.3088
    848610     92.0365
    848620     91.9783
    848630     92.0961
    848640     91.6782
    848650     91.9784
    848660     92.2587
    848670     91.5793
    848680     92.2178
    848690     92.1294
    848700     91.9935
    848710     92.5912
    848720     91.8607
    848730     92.0451
    848740     92.3814
    848750     92.2845
    848760     92.6085
    848770     91.5924
    848780      92.022
    848790     91.6396
    848800     92.4208
    848810     92.0614
    848820     92.3027
    848830     91.9262
    848840     91.9561
    848850     91.4167
    848860       91.91
    848870     91.3217
    848880     92.2048
    848890     91.0154
    848900     90.9102
    848910     90.9892
    848920     90.8639
    848930     91.0048
    848940     91.3222
    848950     92.0864
    848960     91.3407
    848970     91.8843
    848980     92.1259
    848990     91.4458
    849000     91.8152
    849010     92.0552
    849020     91.4723
    849030     91.3123
    849040     91.4887
    849050     91.3583
    849060     91.3536
    849070     91.5148
    849080     91.4764
    849090     92.5375
    849100     92.0026
    849110     93.2313
    849120     92.8643
    849130     92.5903
    849140     92.7462
    849150     92.4215
    849160     92.1044
    849170     91.0656
    849180     91.3995
    849190     91.1838
    849200     91.7971
    849210     91.0962
    849220     92.0718
    849230     93.1554
    849240     92.0121
    849250     92.8445
    849260     92.1224
    849270     92.5905
    849280     92.3095
    849290     92.2398
    849300     92.2492
    849310      91.819
    849320     91.4532
    849330     91.9476
    849340     92.8379
    849350     92.1302
    849360     92.0179
    849370     91.9809
    849380     92.5704
    849390     92.8733
    849400       91.54
    849410     91.7256
    849420     91.5198
    849430     91.6798
    849440     92.4615
    849450     91.5822
    849460     91.6195
    849470      91.687
    849480     91.5517
    849490     91.3788
    849500     91.8056
    849510     92.2502
    849520     92.1862
    849530     91.6278
    849540     91.3926
    849550     91.3088
    849560     91.1014
    849570     91.4649
    849580     91.6941
    849590     90.9142
    849600     90.6586
    849610     90.3222
    849620     90.2138
    849630     90.7441
    849640     90.8332
    849650     90.2911
    849660     90.2354
    849670     90.0242
    849680     90.1992
    849690     91.3899
    849700     90.9096
    849710     90.3158
    849720     91.0579
    849730     90.4354
    849740     90.5952
    849750     90.4501
    849760     90.3976
    849770      90.271
    849780     90.2443
    849790     90.4429
    849800     90.6943
    849810     90.5625
    849820     90.2031
    849830     91.1109
    849840     90.6832
    849850     90.0622
    849860     90.7363
    849870     90.5029
    849880     90.0873
    849890      90.282
    849900     90.9949
    849910     90.1974
    849920     90.1853
    849930     90.2757
    849940     90.5027
    849950     89.1831
    849960     89.7668
    849970     89.9968
    849980     89.6858
    849990     90.3756
    850000     90.1215
    850010     89.9929
    850020     90.2047
    850030     89.7156
    850040     90.1724
    850050     89.9004
    850060     89.9909
    850070     90.3738
    850080      90.732
    850090     90.6166
    850100     90.1771
    850110     89.8502
    850120     89.7203
    850130     89.9656
    850140     89.5488
    850150     89.9113
    850160     89.9033
    850170     89.6807
    850180     90.1105
    850190     89.4221
    850200     90.1788
    850210     89.8077
    850220     90.8426
    850230     89.7178
    850240     90.0212
    850250     89.3976
    850260       89.49
    850270     89.7715
    850280     89.9611
    850290     90.1618
    850300     90.0356
    850310     90.7898
    850320     90.0378
    850330     90.2865
    850340     89.6425
    850350     90.3295
    850360     90.1492
    850370     90.4546
    850380     89.8491
    850390     90.2681
    850400     90.0804
    850410     90.1238
    850420     90.0911
    850430     89.4487
    850440       91.16
    850450     90.4489
    850460     90.8333
    850470     90.7614
    850480     91.3257
    850490     90.0263
    850500     90.5614
    850510      90.451
    850520     91.1085
    850530     91.0242
    850540     90.8024
    850550     91.4767
    850560     91.3186
    850570     90.9756
    850580     91.2425
    850590     90.5858
    850600     90.9275
    850610     89.9586
    850620     90.2807
    850630     90.5895
    850640     90.6553
    850650     90.1582
    850660     90.1388
    850670     90.2971
    850680     90.4385
    850690     91.0427
    850700     90.4492
    850710     90.5364
    850720     90.4821
    850730     90.9963
    850740     90.2564
    850750     91.1253
    850760     91.1444
    850770     91.2609
    850780     90.6535
    850790     90.5271
    850800     91.1941
    850810     91.1499
    850820     91.1598
    850830     90.9082
    850840     90.4997
    850850     89.8169
    850860     90.3965
    850870     90.0364
    850880     90.2544
    850890     90.7601
    850900     90.9694
    850910      91.222
    850920     91.4485
    850930     90.8309
    850940     90.8759
    850950     90.6959
    850960      91.004
    850970     91.4187
    850980     91.0853
    850990     90.5402
    851000     90.9144
    851010     90.4659
    851020     91.0583
    851030     91.1907
    851040     90.5206
    851050     90.8245
    851060     90.5267
    851070     91.1228
    851080     90.4546
    851090     91.0778
    851100     90.7578
    851110     90.7772
    851120     91.1661
    851130     90.9445
    851140      90.791
    851150     90.9714
    851160     91.1068
    851170     90.6212
    851180     91.1127
    851190     91.5693
    851200     91.5955
    851210     90.7224
    851220     91.4006
    851230     91.2542
    851240     91.3238
    851250     90.9712
    851260     91.6544
    851270     91.0373
    851280     90.8743
    851290     91.1856
    851300     90.4598
    851310       90.83
    851320     90.8977
    851330     90.8056
    851340     91.2005
    851350      90.291
    851360     90.7828
    851370      90.734
    851380     91.0439
    851390     91.0044
    851400     90.3596
    851410     90.8475
    851420     90.8918
    851430     90.7272
    851440     90.9553
    851450     90.6707
    851460     90.7172
    851470     91.1809
    851480     91.0689
    851490     90.3777
    851500     90.7749
    851510     91.0007
    851520     90.9323
    851530     90.3215
    851540     90.8291
    851550     91.6055
    851560     90.9257
    851570      90.781
    851580     91.1609
    851590     90.9498
    851600     91.7284
    851610     91.7676
    851620     91.5612
    851630     91.9777
    851640     91.0827
    851650     91.9565
    851660     91.2591
    851670      91.533
    851680     91.1882
    851690      91.333
    851700     91.2827
    851710     91.9217
    851720     91.8248
    851730       91.22
    851740     91.5303
    851750      91.452
    851760      91.638
    851770     91.7954
    851780     91.0734
    851790     91.6519
    851800      91.681
    851810     91.7111
    851820     91.7983
    851830      91.736
    851840     92.0359
    851850     91.6751
    851860     91.5879
    851870     91.3272
    851880     90.8701
    851890     91.4671
    851900     91.4916
    851910     91.1682
    851920     91.0818
    851930      91.703
    851940     91.6164
    851950     91.8137
    851960     91.3542
    851970     91.5329
    851980     90.7572
    851990     91.1497
    852000     91.5507
    852010     91.5201
    852020     91.0511
    852030     90.8813
    852040      91.501
    852050     91.8159
    852060     90.9166
    852070     91.3288
    852080     91.7666
    852090     92.4316
    852100     91.3794
    852110     91.6666
    852120      91.476
    852130     91.8042
    852140     90.9793
    852150     91.4104
    852160     91.1329
    852170     90.8289
    852180     91.3939
    852190     91.1315
    852200     91.7572
    852210     91.9391
    852220     90.8362
    852230     91.0227
    852240     91.1769
    852250      90.638
    852260     91.2018
    852270     91.2534
    852280     90.6531
    852290     90.9634
    852300     90.5045
    852310     90.9401
    852320     90.3853
    852330     91.0516
    852340     91.2876
    852350     90.7859
    852360     90.7542
    852370      90.624
    852380     90.9237
    852390     90.9758
    852400      90.754
    852410     90.9219
    852420     91.3996
    852430     91.0216
    852440      91.711
    852450     91.1363
    852460     91.6407
    852470     91.0491
    852480     91.4004
    852490     90.9973
    852500     91.7351
    852510     91.6682
    852520     91.7866
    852530     91.4345
    852540     91.4329
    852550     91.0638
    852560     91.1477
    852570     91.5234
    852580     91.3979
    852590     91.2587
    852600     91.3335
    852610     90.8271
    852620     90.7461
    852630     91.0059
    852640      91.139
    852650     91.0954
    852660      90.984
    852670     90.7983
    852680     90.4862
    852690     91.0922
    852700     90.5634
    852710     90.4483
    852720     91.1669
    852730     90.8062
    852740     90.7945
    852750     90.8593
    852760     90.8815
    852770     90.9622
    852780     91.0132
    852790     90.8178
    852800     90.9326
    852810     90.0806
    852820      90.685
    852830     89.9247
    852840     89.9888
    852850     90.8807
    852860     90.8309
    852870     91.0789
    852880     91.0941
    852890     91.1443
    852900     90.7212
    852910     91.3017
    852920     91.3817
    852930     91.0493
    852940     90.9789
    852950      92.214
    852960      91.681
    852970     91.8812
    852980     91.5207
    852990      91.632
    853000     91.3651
    853010     91.2209
    853020     91.4361
    853030     91.3783
    853040     91.4326
    853050      90.754
    853060     91.2283
    853070     91.1067
    853080     91.0133
    853090     90.1922
    853100     90.8257
    853110     91.2566
    853120     90.8718
    853130     90.7831
    853140     90.5996
    853150      90.801
    853160     91.6852
    853170     90.9413
    853180      90.611
    853190     91.1418
    853200     91.1578
    853210     91.0279
    853220     91.2318
    853230     91.1373
    853240     91.4155
    853250     91.2766
    853260     91.2224
    853270     91.0916
    853280     91.2859
    853290     91.7626
    853300      91.475
    853310     91.7937
    853320      90.767
    853330     90.9207
    853340     90.8276
    853350     90.0863
    853360     90.5155
    853370     90.3632
    853380     90.3716
    853390     90.4859
    853400     90.5825
    853410     90.9768
    853420     90.9923
    853430     90.7367
    853440     90.4432
    853450     90.4325
    853460     91.1416
    853470     90.6205
    853480     90.6346
    853490     91.1667
    853500     90.4708
    853510     91.1935
    853520     91.3283
    853530     91.4676
    853540     91.1462
    853550     91.4585
    853560     91.0719
    853570     91.5242
    853580     91.0847
    853590     91.3319
    853600      90.933
    853610     91.4632
    853620     91.1416
    853630     91.5857
    853640     91.1259
    853650     90.9844
    853660     91.1011
    853670     91.1351
    853680     91.4254
    853690     91.1676
    853700      91.061
    853710      91.108
    853720     90.9799
    853730     90.4874
    853740     91.1332
    853750     90.8737
    853760     90.9555
    853770     91.1171
    853780     90.9499
    853790     90.7393
    853800      91.041
    853810       91.33
    853820     91.0688
    853830      90.997
    853840     90.8739
    853850     90.2825
    853860     90.3538
    853870     90.4645
    853880     90.9563
    853890     90.0526
    853900     90.1242
    853910     90.5309
    853920     90.5218
    853930     90.4002
    853940     90.5602
    853950     90.4036
    853960     90.7845
    853970     91.3467
    853980     90.8508
    853990     90.6991
    854000     91.1243
    854010     90.4853
    854020     90.9729
    854030      90.788
    854040     90.3145
    854050     90.8407
    854060     90.2559
    854070     91.1354
    854080     91.2457
    854090     91.1349
    854100     90.4998
    854110     90.5671
    854120     91.0078
    854130     91.3278
    854140     90.9526
    854150     91.0135
    854160     91.8052
    854170      90.921
    854180      91.098
    854190      91.529
    854200     91.3275
    854210     91.5351
    854220     91.5716
    854230     90.9408
    854240     91.0465
    854250     90.7826
    854260      90.733
    854270     91.4694
    854280     90.6323
    854290     90.7526
    854300     90.4118
    854310     91.1636
    854320     91.0731
    854330     90.9591
    854340      90.549
    854350     91.2204
    854360     91.3539
    854370     91.0533
    854380     91.0244
    854390     91.2252
    854400     91.6068
    854410     90.9643
    854420     91.0003
    854430      91.254
    854440     91.2437
    854450     90.7724
    854460     90.5774
    854470     91.4882
    854480     91.3323
    854490     90.6349
    854500     91.2834
    854510     91.0462
    854520     91.3904
    854530     91.0642
    854540     90.6895
    854550     91.6672
    854560     91.9921
    854570     91.8641
    854580     91.0379
    854590     91.6878
    854600     91.6924
    854610     91.5514
    854620     91.1202
    854630     91.0075
    854640     91.2096
    854650     91.8306
    854660     91.5654
    854670     91.3551
    854680     90.9008
    854690     90.3751
    854700     91.5143
    854710     91.3021
    854720     90.9888
    854730      90.974
    854740     90.7047
    854750     90.7821
    854760     90.5914
    854770     90.6543
    854780     91.0711
    854790      90.248
    854800     90.7195
    854810     90.9316
    854820     91.0015
    854830     90.7424
    854840     90.5966
    854850     90.4511
    854860     90.7473
    854870     91.1319
    854880     90.5396
    854890     90.9495
    854900     91.1115
    854910     91.4213
    854920      91.086
    854930     91.1069
    854940     90.6845
    854950     90.9195
    854960     90.7728
    854970     90.7583
    854980     90.5473
    854990     90.7012
    855000     90.7439
    855010     90.8033
    855020      90.712
    855030     90.5224
    855040     90.4715
    855050     90.8903
    855060     90.4129
    855070     90.5185
    855080     90.3659
    855090     90.7799
    855100     90.3519
    855110     90.2284
    855120     90.3938
    855130     90.6125
    855140     90.0119
    855150      90.738
    855160     90.8967
    855170     90.1635
    855180     90.4278
    855190     90.9025
    855200      90.252
    855210     90.0851
    855220     90.7385
    855230     90.3743
    855240     90.4057
    855250     89.9125
    855260     90.7647
    855270     90.5998
    855280     90.1544
    855290     90.6072
    855300     90.3598
    855310     90.9102
    855320     91.0682
    855330     91.2215
    855340     90.2375
    855350     90.4808
    855360     90.6005
    855370     90.6527
    855380     90.5927
    855390     90.8134
    855400     90.8778
    855410     90.8089
    855420     91.4448
    855430     90.5489
    855440     90.7164
    855450     90.6694
    855460     90.8263
    855470     90.5088
    855480     90.9835
    855490      90.822
    855500     90.5498
    855510     90.5786
    855520     90.8254
    855530      91.425
    855540     91.3778
    855550     90.7536
    855560     90.4976
    855570     90.5991
    855580      90.873
    855590     90.6273
    855600     90.8406
    855610     90.9492
    855620     90.4339
    855630     90.7204
    855640     90.5956
    855650     90.8897
    855660     90.8918
    855670     90.3224
    855680     91.1311
    855690     90.1317
    855700     90.6254
    855710     90.5879
    855720     90.7428
    855730     90.3679
    855740     91.0629
    855750     90.5415
    855760     90.5429
    855770     90.3453
    855780      90.938
    855790     92.0203
    855800     91.7464
    855810     91.0323
    855820     90.7558
    855830     90.2266
    855840     90.9755
    855850     91.0983
    855860     90.1829
    855870     89.8077
    855880     89.9798
    855890     90.5983
    855900     90.5679
    855910     90.4724
    855920     90.9541
    855930      91.071
    855940     89.8601
    855950     90.5235
    855960     90.2459
    855970     89.7225
    855980     90.4696
    855990     90.3024
    856000      90.537
    856010     90.6912
    856020     90.7342
    856030     90.0315
    856040     89.9102
    856050     90.2483
    856060     90.3337
    856070     90.4623
    856080     90.0471
    856090     90.2149
    856100     90.6655
    856110     90.1855
    856120     90.4062
    856130     90.1308
    856140     90.0534
    856150     89.9902
    856160     89.9482
    856170     90.2309
    856180     91.0851
    856190     90.2144
    856200     90.3023
    856210     89.9452
    856220     90.0724
    856230     90.1205
    856240     89.9333
    856250     89.9426
    856260     90.5812
    856270     90.2088
    856280     89.8574
    856290     89.8114
    856300     90.3134
    856310     90.0776
    856320     90.2808
    856330     89.9021
    856340     90.1527
    856350     90.1883
    856360     90.2813
    856370     90.1363
    856380     90.3128
    856390     89.8635
    856400     90.1751
    856410     90.7468
    856420     89.6371
    856430     89.8174
    856440     90.2281
    856450     90.2814
    856460     90.2523
    856470     89.7368
    856480     90.3839
    856490     90.0305
    856500     90.1822
    856510     90.4111
    856520     89.8618
    856530     89.9258
    856540     90.5359
    856550     90.0438
    856560     90.1206
    856570     90.1197
    856580     89.9959
    856590     90.2472
    856600     90.3068
    856610     90.1996
    856620     90.5253
    856630     90.6688
    856640     91.2537
    856650     90.4011
    856660      90.199
    856670     90.5007
    856680     90.5155
    856690     90.3419
    856700       91.26
    856710     90.6561
    856720     90.1247
    856730     91.2803
    856740     90.4268
    856750     90.5381
    856760     90.4637
    856770     90.8568
    856780     90.7508
    856790     90.7575
    856800     91.4125
    856810     91.1009
    856820      91.686
    856830     90.9251
    856840     90.7405
    856850      90.465
    856860     90.8963
    856870     91.2756
    856880     91.3027
    856890     91.0698
    856900     90.7535
    856910     91.2543
    856920     90.7606
    856930      91.051
    856940     90.7193
    856950     91.9058
    856960     90.7603
    856970     90.9342
    856980     90.3369
    856990     90.2038
    857000     90.7891
    857010     90.9302
    857020      90.976
    857030      91.125
    857040     90.9092
    857050     90.7149
    857060     91.1524
    857070     91.1204
    857080     91.7109
    857090     90.5312
    857100      90.814
    857110     90.7556
    857120       90.35
    857130     91.1955
    857140     91.1348
    857150     90.6804
    857160     91.2748
    857170     90.6175
    857180     90.8933
    857190      90.786
    857200     91.2928
    857210     90.4035
    857220     90.9944
    857230     90.7232
    857240     90.8254
    857250     90.9095
    857260     91.2062
    857270     90.5637
    857280     90.7222
    857290     91.0519
    857300     91.1207
    857310     91.2969
    857320     90.8776
    857330     90.0931
    857340     90.7432
    857350     90.8735
    857360     90.9172
    857370     90.3743
    857380     90.4622
    857390     90.6057
    857400     89.9699
    857410     90.6386
    857420     91.2527
    857430     89.8951
    857440     90.4077
    857450     89.8755
    857460     90.1474
    857470     89.8842
    857480     90.2511
    857490     90.0291
    857500      91.218
    857510     90.6836
    857520     90.9021
    857530      90.749
    857540     91.0852
    857550     90.9504
    857560     91.0808
    857570      91.162
    857580     91.4576
    857590     90.7015
    857600     90.3722
    857610     91.0342
    857620     90.8419
    857630     90.3183
    857640     90.8339
    857650     89.9987
    857660     89.8384
    857670     89.9266
    857680     90.4096
    857690     89.9363
    857700     90.9288
    857710     90.9399
    857720     90.1387
    857730     90.4993
    857740     90.2597
    857750      90.102
    857760     90.9582
    857770     90.0821
    857780     90.7033
    857790     91.0461
    857800     90.5031
    857810     90.4286
    857820     90.5551
    857830     90.1199
    857840     89.4133
    857850     90.3711
    857860     90.8954
    857870     90.1659
    857880     90.0982
    857890     89.9893
    857900     89.5238
    857910     89.9463
    857920     89.9858
    857930     90.3406
    857940     90.2878
    857950     89.6158
    857960      89.665
    857970     89.3707
    857980     90.4237
    857990     90.3466
    858000     90.0885
    858010     89.9684
    858020     90.0298
    858030     90.3639
    858040     89.7236
    858050     90.2871
    858060     89.6206
    858070      90.292
    858080     90.0559
    858090     90.0966
    858100     90.1418
    858110     89.3342
    858120     90.3301
    858130      89.517
    858140     89.4397
    858150     90.0772
    858160     90.1204
    858170     89.9902
    858180     89.4607
    858190     89.2065
    858200     89.9902
    858210     89.1949
    858220     90.3589
    858230     89.9882
    858240     90.1433
    858250     89.4582
    858260     89.5072
    858270     89.9073
    858280     89.4629
    858290     90.1996
    858300     89.8957
    858310     89.7554
    858320     89.9394
    858330     90.9839
    858340      90.157
    858350     90.2265
    858360       90.27
    858370     90.4639
    858380     90.3145
    858390     90.4722
    858400     90.3353
    858410     89.7505
    858420      90.021
    858430     90.1917
    858440     89.5676
    858450     88.8678
    858460      89.867
    858470     89.6418
    858480      89.922
    858490     90.2232
    858500     90.6996
    858510     89.5059
    858520     88.7433
    858530     89.5966
    858540     90.3723
    858550     90.3071
    858560     90.4456
    858570     90.0313
    858580     90.4486
    858590     90.2969
    858600     89.7599
    858610     90.2135
    858620     90.0851
    858630     90.3962
    858640     90.9373
    858650     91.1474
    858660     90.0902
    858670     90.7452
    858680     90.6137
    858690     90.9289
    858700     90.6187
    858710     90.1572
    858720     90.4775
    858730     90.1956
    858740      89.992
    858750     90.7301
    858760     90.1982
    858770     90.7607
    858780      89.996
    858790     90.2286
    858800     90.9611
    858810     90.2739
    858820     90.3662
    858830     90.7915
    858840     90.7453
    858850     91.0618
    858860     90.7645
    858870     91.1614
    858880     90.4666
    858890      90.166
    858900     90.6136
    858910     90.5717
    858920     91.1312
    858930     90.2419
    858940     90.1465
    858950     90.6712
    858960     90.0891
    858970      90.185
    858980     90.1778
    858990     89.6034
    859000     90.5979
    859010     90.2186
    859020     90.2335
    859030     89.7697
    859040     90.2691
    859050     90.3143
    859060     89.9161
    859070     90.0614
    859080     90.0315
    859090     89.9819
    859100      89.998
    859110     89.7455
    859120     89.8186
    859130     89.9441
    859140     89.9013
    859150     90.2624
    859160     89.8061
    859170     89.5083
    859180     89.7654
    859190     89.5775
    859200     89.6538
    859210       90.04
    859220     89.9272
    859230     89.6761
    859240     90.1277
    859250     90.3138
    859260     89.7707
    859270     89.9296
    859280     90.1571
    859290     90.5819
    859300      89.987
    859310     89.8783
    859320     90.5683
    859330     90.3028
    859340     90.7304
    859350     90.6746
    859360     89.5999
    859370     90.2984
    859380     90.1765
    859390     90.7817
    859400     90.4357
    859410     90.3504
    859420     90.6013
    859430     91.1091
    859440     91.3839
    859450     90.8077
    859460     90.1755
    859470     90.3226
    859480      90.597
    859490     90.5087
    859500     90.3591
    859510     89.5227
    859520     90.9168
    859530     90.3679
    859540     89.9592
    859550     89.7682
    859560     90.7732
    859570     90.6362
    859580     90.2212
    859590     89.8221
    859600     90.4394
    859610      90.253
    859620     90.5497
    859630     90.0141
    859640     89.9364
    859650     89.4102
    859660     90.1622
    859670     90.2979
    859680     90.5283
    859690     90.0788
    859700     90.2863
    859710     90.0119
    859720      90.192
    859730     89.7893
    859740     89.7818
    859750     89.9002
    859760     90.2341
    859770      90.115
    859780     90.6722
    859790     89.8689
    859800     90.2398
    859810     90.3075
    859820     89.6285
    859830     90.1292
    859840     90.1718
    859850     90.1002
    859860     89.7197
    859870     90.3328
    859880     89.6358
    859890     89.9025
    859900     89.2411
    859910     89.3108
    859920     89.9623
    859930     89.8453
    859940     89.9137
    859950     90.4751
    859960      90.354
    859970     90.4199
    859980     90.1728
    859990     90.0871
    860000     89.7445
    860010     90.3919
    860020     90.6894
    860030     89.9593
    860040     91.0853
    860050      90.656
    860060     90.2854
    860070     90.9087
    860080     91.2763
    860090     90.7975
    860100     90.8421
    860110     90.0234
    860120     90.3185
    860130     91.0799
    860140     90.7216
    860150     90.9065
    860160     90.8148
    860170     90.4095
    860180     90.9099
    860190     90.7639
    860200     90.6007
    860210     91.0927
    860220     90.7892
    860230      90.876
    860240     90.8452
    860250     91.4866
    860260     90.3171
    860270     90.7434
    860280     90.2875
    860290     90.3397
    860300     90.6537
    860310     90.6055
    860320     90.0146
    860330     90.7885
    860340     90.3096
    860350     90.5028
    860360     90.7431
    860370     90.8813
    860380     90.6656
    860390      91.117
    860400     91.0437
    860410     90.7292
    860420     90.7029
    860430     90.3636
    860440     90.8706
    860450      90.248
    860460     90.7254
    860470      90.241
    860480     91.1691
    860490     90.0681
    860500     90.2715
    860510     90.4588
    860520     90.8217
    860530     91.0506
    860540     90.8868
    860550     90.8481
    860560     91.4245
    860570     91.0769
    860580     90.8658
    860590     90.9498
    860600     90.2096
    860610     90.0429
    860620      90.115
    860630      89.457
    860640     90.0353
    860650     90.8704
    860660     90.5866
    860670     90.8304
    860680      90.771
    860690     90.7183
    860700     91.1622
    860710     91.0068
    860720     90.8903
    860730     90.9095
    860740     91.2563
    860750     91.4566
    860760     90.9695
    860770     89.6493
    860780     89.6692
    860790     89.9321
    860800     90.4682
    860810     90.5786
    860820     89.6319
    860830     90.2325
    860840     90.0078
    860850     90.3915
    860860     90.6891
    860870     90.5992
    860880     90.2053
    860890     90.9644
    860900     90.1978
    860910     90.7292
    860920     90.7988
    860930     90.5651
    860940     90.4717
    860950     90.6783
    860960     91.1047
    860970     90.7445
    860980     91.3148
    860990     90.5476
    861000     91.0445
    861010     90.4478
    861020     91.0536
    861030     91.1608
    861040     89.9462
    861050     90.4823
    861060     90.8531
    861070     90.7753
    861080     90.1684
    861090      90.582
    861100     90.5697
    861110     90.2883
    861120     91.1087
    861130     90.6971
    861140     90.7563
    861150     91.0613
    861160     90.8607
    861170     90.6573
    861180     90.8625
    861190     90.7158
    861200     90.0142
    861210     90.6225
    861220     90.0591
    861230     90.7083
    861240     90.5532
    861250     90.5124
    861260     90.6812
    861270     90.1186
    861280     91.0354
    861290     90.7891
    861300     90.4082
    861310     90.9819
    861320     91.0256
    861330     90.2711
    861340     90.9203
    861350     90.6112
    861360     91.5242
    861370     90.9613
    861380     91.0137
    861390     90.6309
    861400      90.965
    861410     90.5913
    861420      90.919
    861430     90.5277
    861440     90.4187
    861450     90.6229
    861460     90.5317
    861470     90.9406
    861480     90.4077
    861490     90.2162
    861500     90.6081
    861510     91.1467
    861520     90.8247
    861530     90.9567
    861540     90.7618
    861550     91.3939
    861560     90.9635
    861570     91.0333
    861580     90.6842
    861590     90.8118
    861600      90.489
    861610     91.1619
    861620     90.3037
    861630     90.8296
    861640      90.727
    861650      90.479
    861660     90.3229
    861670     91.4763
    861680      90.707
    861690     90.7321
    861700     90.6352
    861710     90.9282
    861720     90.3028
    861730      90.267
    861740      90.394
    861750      90.618
    861760     91.2801
    861770     90.2787
    861780     90.9029
    861790     90.3726
    861800     91.0349
    861810      90.695
    861820     91.0825
    861830     91.0082
    861840     91.2894
    861850     91.2661
    861860     91.3691
    861870      90.606
    861880     91.7309
    861890      90.908
    861900     90.6839
    861910      90.952
    861920     90.3568
    861930     90.8325
    861940     90.9342
    861950       91.33
    861960     90.7965
    861970     89.9656
    861980     90.4045
    861990      90.626
    862000      90.592
    862010     90.3738
    862020     90.9546
    862030     90.2242
    862040     90.3265
    862050     90.6119
    862060     90.3959
    862070     89.7792
    862080     90.5812
    862090     90.3544
    862100     90.9928
    862110     90.5198
    862120     90.8868
    862130     90.2906
    862140     90.8673
    862150     90.6612
    862160     91.0501
    862170     90.6974
    862180     90.3735
    862190     90.1391
    862200     91.3883
    862210     90.5287
    862220     90.4224
    862230      91.148
    862240     90.1665
    862250     90.4807
    862260     90.7124
    862270     90.3181
    862280     91.0538
    862290     90.5319
    862300     90.1375
    862310     90.6343
    862320     90.9851
    862330      91.061
    862340     90.0493
    862350     90.1973
    862360     90.5536
    862370      90.782
    862380     90.6186
    862390     90.6565
    862400     91.2236
    862410     90.2395
    862420     90.3516
    862430     90.6862
    862440     90.3172
    862450      91.119
    862460     90.6574
    862470     90.7173
    862480     91.0129
    862490     90.4489
    862500     90.2336
    862510     90.3816
    862520     90.6572
    862530     90.8644
    862540      90.353
    862550     90.6492
    862560     91.1081
    862570     90.5642
    862580     90.8224
    862590     91.0143
    862600     90.3414
    862610     90.2331
    862620     91.3859
    862630     90.4526
    862640     90.9038
    862650     90.4872
    862660     90.5965
    862670     90.8855
    862680     91.4424
    862690     91.0915
    862700     90.5309
    862710     90.5537
    862720     91.1284
    862730     90.8145
    862740     90.7872
    862750     90.1979
    862760     89.9027
    862770     90.0713
    862780     90.7938
    862790     90.7758
    862800     91.1166
    862810     90.2588
    862820     90.4605
    862830     90.5133
    862840     90.1465
    862850     90.1883
    862860     91.0109
    862870     91.0599
    862880     90.8698
    862890     90.5706
    862900     90.3639
    862910      90.853
    862920     91.0637
    862930     91.2334
    862940     90.2452
    862950     90.1252
    862960     89.6965
    862970     90.3643
    862980     90.4206
    862990     91.0823
    863000     90.6328
    863010     90.9606
    863020     91.4331
    863030     90.5432
    863040     90.0551
    863050     90.5736
    863060     91.0297
    863070     90.7356
    863080     90.4695
    863090     90.7357
    863100     90.9218
    863110     90.8549
    863120      91.467
    863130       91.01
    863140     92.3114
    863150     91.5195
    863160     91.1079
    863170     91.1817
    863180     91.2714
    863190     91.1354
    863200      91.073
    863210     91.1525
    863220     91.0998
    863230     91.1733
    863240     90.8871
    863250     90.2814
    863260     90.8973
    863270     91.0189
    863280     91.0226
    863290     90.8064
    863300     90.5551
    863310     90.5134
    863320     91.1536
    863330     90.7948
    863340     90.8356
    863350      90.971
    863360     90.4483
    863370     90.7029
    863380     90.9078
    863390     89.9588
    863400     90.7964
    863410     90.5095
    863420     89.8104
    863430     90.4219
    863440     90.1712
    863450     90.5247
    863460     89.7985
    863470      90.517
    863480     90.0365
    863490      91.157
    863500     90.2363
    863510     90.7541
    863520     90.1538
    863530     90.3166
    863540     91.0478
    863550     90.7943
    863560     90.5763
    863570     90.4098
    863580     90.4437
    863590     90.6757
    863600     90.8139
    863610     90.2488
    863620     90.6421
    863630     90.6703
    863640     90.6001
    863650     90.7648
    863660     90.6945
    863670     90.2594
    863680     91.2745
    863690     90.7593
    863700     90.3731
    863710     91.2027
    863720     90.8912
    863730     90.7615
    863740     91.2427
    863750     91.3924
    863760     90.5777
    863770     91.4368
    863780     90.6337
    863790     90.3119
    863800      90.555
    863810      90.649
    863820      91.076
    863830     90.4735
    863840      90.955
    863850     90.9885
    863860     90.4751
    863870     91.5103
    863880     90.8748
    863890     90.5218
    863900     90.6945
    863910     90.6515
    863920     90.6243
    863930     90.5391
    863940      91.203
    863950     90.0942
    863960     90.1959
    863970     90.9353
    863980     90.9097
    863990     90.7055
    864000     90.3197
    864010     91.6258
    864020     90.8153
    864030     90.9355
    864040        90.9
    864050     90.9417
    864060     90.3759
    864070     90.9753
    864080     91.3449
    864090     91.1822
    864100     91.0069
    864110     90.7594
    864120     90.4796
    864130     90.9287
    864140     90.9565
    864150     90.7507
    864160     89.9336
    864170     90.3417
    864180     90.9601
    864190     90.6203
    864200     90.8299
    864210     90.7542
    864220     90.8826
    864230     90.4452
    864240     90.5509
    864250     90.4315
    864260     90.3294
    864270     90.5644
    864280     90.6234
    864290     90.3143
    864300     90.5502
    864310     90.7338
    864320     90.8929
    864330     90.9325
    864340     90.4844
    864350     90.8056
    864360     90.9399
    864370     90.2084
    864380     90.6361
    864390       90.61
    864400     91.0832
    864410     90.3307
    864420     90.8366
    864430     90.3433
    864440     90.7287
    864450     90.2614
    864460     91.1826
    864470     90.9359
    864480      90.878
    864490     91.1312
    864500     91.3006
    864510     90.9779
    864520     90.8804
    864530     91.0471
    864540     91.3439
    864550     91.4042
    864560     90.8032
    864570     91.1936
    864580     91.5593
    864590     91.0537
    864600     90.8602
    864610      91.339
    864620     91.1963
    864630     91.1571
    864640     91.3074
    864650      91.653
    864660     90.9714
    864670     91.4874
    864680     90.4408
    864690     91.0527
    864700     90.9584
    864710     91.0451
    864720      91.789
    864730     91.3324
    864740     90.8246
    864750     90.6347
    864760     90.7868
    864770     90.6284
    864780     91.2033
    864790     91.4485
    864800     91.0091
    864810     90.8466
    864820     90.5762
    864830     90.5059
    864840     91.1959
    864850     91.0981
    864860     90.6353
    864870     90.4424
    864880      90.866
    864890     91.0342
    864900     91.4785
    864910      90.552
    864920     90.7652
    864930     91.1898
    864940     90.5813
    864950     91.4983
    864960      91.071
    864970     90.9149
    864980     90.7146
    864990     90.9787
    865000     90.9955
    865010     90.3522
    865020     90.3875
    865030     90.4266
    865040     90.7809
    865050     90.6185
    865060     90.6786
    865070      91.101
    865080     91.0199
    865090     91.0627
    865100     91.3329
    865110     90.5261
    865120     90.4967
    865130     90.3917
    865140      90.712
    865150     90.3725
    865160     91.4932
    865170     90.9159
    865180     90.9899
    865190     90.7943
    865200     90.9252
    865210     90.8179
    865220     91.5722
    865230     92.0524
    865240     91.3403
    865250     91.2665
    865260     91.3109
    865270     92.3833
    865280       91.42
    865290     91.7512
    865300     92.3998
    865310     91.6085
    865320     91.9986
    865330     91.6603
    865340     91.2945
    865350     91.8314
    865360      91.387
    865370     91.7076
    865380     91.4498
    865390     91.0015
    865400     91.7944
    865410     90.9553
    865420     91.4541
    865430     91.3426
    865440      91.182
    865450     91.3895
    865460     91.5503
    865470     91.5451
    865480     92.0835
    865490     91.6037
    865500     90.9201
    865510     91.4021
    865520     91.9377
    865530     92.8333
    865540     91.3084
    865550     90.8318
    865560     90.9658
    865570     91.2608
    865580     91.1771
    865590     91.6112
    865600     91.9122
    865610     91.1869
    865620     91.0159
    865630     91.5422
    865640      90.805
    865650     90.4885
    865660     91.8504
    865670     91.3577
    865680     90.7885
    865690     90.9885
    865700     90.8257
    865710     90.7601
    865720     91.9052
    865730     91.3481
    865740     90.9312
    865750     90.0377
    865760     91.0038
    865770     91.5523
    865780     91.0128
    865790     91.6483
    865800     90.8699
    865810     90.9106
    865820     91.2328
    865830     90.8801
    865840     90.5439
    865850      91.572
    865860     90.4968
    865870     89.9732
    865880      90.661
    865890     89.7105
    865900     90.5311
    865910     90.4056
    865920     90.1559
    865930     90.0968
    865940     90.1137
    865950     89.8037
    865960     90.0433
    865970     89.4853
    865980     89.6845
    865990     89.3273
    866000     89.6902
    866010     90.2861
    866020     90.1978
    866030     90.6397
    866040     90.2194
    866050     89.6441
    866060     90.1758
    866070     89.3349
    866080     90.4687
    866090     89.8321
    866100     89.8781
    866110     89.8456
    866120     89.9323
    866130     89.9167
    866140     89.7767
    866150     90.2737
    866160     90.0039
    866170     89.9005
    866180     89.4862
    866190     89.9421
    866200     89.9118
    866210      90.061
    866220     89.6826
    866230     89.3467
    866240     89.5589
    866250     89.7353
    866260     89.7167
    866270       90.23
    866280     90.1533
    866290     89.8253
    866300     89.3204
    866310     89.5252
    866320     89.1954
    866330      89.433
    866340     89.3379
    866350     89.5872
    866360     90.0615
    866370     89.5108
    866380     89.4829
    866390     89.9124
    866400     89.7531
    866410     90.0379
    866420     90.0406
    866430     90.2094
    866440     89.5817
    866450     90.3688
    866460     90.3823
    866470     89.7262
    866480     90.2902
    866490     89.8487
    866500      90.166
    866510     90.2254
    866520      89.741
    866530     90.4534
    866540     90.6051
    866550     90.2189
    866560     90.5365
    866570     91.2521
    866580     90.0708
    866590     89.4067
    866600     89.7621
    866610     90.1114
    866620     90.2046
    866630     90.5813
    866640      90.259
    866650     90.4123
    866660     90.2102
    866670     90.4615
    866680     89.9338
    866690     89.9417
    866700     90.5062
    866710     90.6871
    866720     89.8584
    866730      89.967
    866740     89.6124
    866750     89.9778
    866760     89.9631
    866770     89.6878
    866780      89.254
    866790     89.3322
    866800     89.4737
    866810     89.2726
    866820     89.9207
    866830     89.4983
    866840     89.6821
    866850     90.6456
    866860     90.2714
    866870     90.6077
    866880     90.6799
    866890     90.2204
    866900      89.366
    866910      89.599
    866920     89.8545
    866930     90.1574
    866940     89.7583
    866950     89.5504
    866960     89.0283
    866970     89.7897
    866980     90.1241
    866990      89.738
    867000     89.7087
    867010      89.503
    867020     90.3555
    867030     89.4666
    867040      89.534
    867050      89.687
    867060     89.8188
    867070     89.7417
    867080     89.6916
    867090     89.5332
    867100     90.2246
    867110      89.708
    867120     89.8462
    867130     89.7735
    867140     89.9997
    867150     89.9492
    867160     90.2467
    867170     89.0806
    867180     90.5781
    867190     89.0796
    867200     89.6168
    867210     89.7163
    867220     89.7375
    867230     88.9731
    867240     88.8872
    867250     89.8711
    867260     89.3192
    867270       89.63
    867280     89.2544
    867290     88.8201
    867300     89.4044
    867310     89.5928
    867320     89.7935
    867330     89.5298
    867340     89.8768
    867350     88.8398
    867360     89.6803
    867370     89.6202
    867380     89.4708
    867390     89.0094
    867400     89.2431
    867410     89.1088
    867420     89.2864
    867430     89.6655
    867440     89.1224
    867450     89.3683
    867460     89.0418
    867470      88.885
    867480     89.1568
    867490     88.8428
    867500     88.7482
    867510     89.7267
    867520     88.9961
    867530     88.8972
    867540     89.4698
    867550      88.847
    867560     88.8672
    867570     89.2421
    867580     88.6043
    867590     88.9737
    867600     89.0224
    867610     88.9888
    867620     88.9517
    867630     89.2895
    867640     89.4528
    867650      89.597
    867660     89.1291
    867670     89.0891
    867680     88.7631
    867690      88.874
    867700     88.7548
    867710      88.793
    867720     89.3994
    867730     89.5049
    867740     88.4863
    867750     89.3282
    867760     88.8631
    867770     88.5489
    867780     88.5806
    867790     89.2649
    867800     88.7481
    867810     88.8518
    867820     88.8362
    867830     89.2915
    867840     89.0423
    867850     89.2095
    867860     89.1047
    867870     89.0683
    867880     89.0847
    867890     89.2762
    867900     89.1527
    867910      89.245
    867920     89.5785
    867930     89.2161
    867940     88.8291
    867950     89.4606
    867960     89.6853
    867970     89.0914
    867980     89.6849
    867990     89.4373
    868000     89.8352
    868010     89.5893
    868020     89.8523
    868030     88.5795
    868040     89.8742
    868050     89.8515
    868060     89.5554
    868070     89.9463
    868080       89.15
    868090     89.1332
    868100     89.4601
    868110     88.8291
    868120      90.642
    868130      90.083
    868140     89.3922
    868150     90.2654
    868160     90.0723
    868170       89.84
    868180     89.9152
    868190     89.2023
    868200     89.5775
    868210     89.8661
    868220     89.5771
    868230     89.0959
    868240     89.8761
    868250      89.468
    868260     89.4488
    868270     89.8501
    868280     90.0859
    868290     89.4013
    868300     89.6837
    868310     89.5364
    868320     89.2148
    868330     89.9299
    868340     90.3859
    868350     90.0779
    868360     90.5774
    868370     90.4272
    868380     90.5258
    868390      89.862
    868400     90.2316
    868410     90.2405
    868420     90.7432
    868430     90.2869
    868440     89.9051
    868450     89.7671
    868460     90.4628
    868470     90.4221
    868480     91.2054
    868490     90.4389
    868500     90.5927
    868510     90.5371
    868520     89.7565
    868530     89.6109
    868540     89.1762
    868550     90.1147
    868560     89.7808
    868570     89.7531
    868580     89.5722
    868590     89.6735
    868600     89.5095
    868610     90.3307
    868620     89.5555
    868630      90.035
    868640     89.3645
    868650     89.7969
    868660     89.9522
    868670     89.4504
    868680     89.9811
    868690     89.2444
    868700     89.1415
    868710     89.3691
    868720     89.6937
    868730     90.8036
    868740      88.929
    868750     89.9669
    868760     89.0849
    868770     89.4006
    868780     89.8175
    868790     89.8064
    868800     90.1808
    868810      89.481
    868820     89.4746
    868830     90.0885
    868840      89.889
    868850     89.9806
    868860     89.8616
    868870     89.5968
    868880     89.3165
    868890     89.7475
    868900     89.5323
    868910     89.4501
    868920     89.2768
    868930     89.3555
    868940     89.1011
    868950     88.9972
    868960     89.1226
    868970     89.0939
    868980     89.0113
    868990     88.8954
    869000     88.9034
    869010     89.5348
    869020     89.1148
    869030     89.4946
    869040     89.5232
    869050     89.4078
    869060     89.9629
    869070     89.5087
    869080     89.1025
    869090     88.5634
    869100     88.4695
    869110     87.7518
    869120     87.7983
    869130     88.5923
    869140     88.6091
    869150     88.7178
    869160      88.254
    869170      88.267
    869180     88.5106
    869190     87.6893
    869200     88.3819
    869210     89.2984
    869220     88.3522
    869230     88.0475
    869240     88.3508
    869250     88.4179
    869260     88.0385
    869270     88.4502
    869280     88.3685
    869290      88.362
    869300     88.7547
    869310     88.1693
    869320     87.5942
    869330     88.2362
    869340      88.831
    869350     87.6864
    869360     88.1599
    869370     88.7922
    869380     88.7226
    869390     88.2235
    869400     88.7549
    869410     87.6311
    869420      87.936
    869430     88.0053
    869440     87.7598
    869450     87.7257
    869460     87.5086
    869470     88.2109
    869480      87.576
    869490     87.8488
    869500      88.104
    869510     88.2519
    869520     88.1435
    869530     87.9782
    869540      87.453
    869550     88.2193
    869560     88.1825
    869570     88.5251
    869580     89.1346
    869590     88.2552
    869600     88.9958
    869610     88.5023
    869620     88.6766
    869630     88.7302
    869640     88.2105
    869650      88.662
    869660     89.0886
    869670      88.549
    869680      88.369
    869690     88.3518
    869700     87.9289
    869710     87.9738
    869720      88.091
    869730     88.5049
    869740     89.0784
    869750     89.1003
    869760     88.8153
    869770      88.404
    869780     88.4716
    869790      88.257
    869800     88.2103
    869810     88.4562
    869820     88.3904
    869830     88.6931
    869840     88.8165
    869850     88.2192
    869860     88.0194
    869870      88.154
    869880     89.1289
    869890     88.3752
    869900     88.8628
    869910     88.2715
    869920     88.0104
    869930     88.1406
    869940     88.0442
    869950     88.5817
    869960     88.2289
    869970     88.2563
    869980     88.3784
    869990     88.7406
    870000     88.2662
    870010     88.4664
    870020     87.8359
    870030     88.1231
    870040     88.6481
    870050     87.9999
    870060     88.1247
    870070      88.154
    870080     88.3501
    870090     88.4857
    870100     88.2543
    870110     88.2892
    870120     88.7094
    870130     87.5743
    870140     89.1619
    870150     88.5252
    870160     88.7703
    870170     88.6211
    870180     88.4442
    870190     88.5849
    870200     88.6654
    870210     88.6281
    870220     88.3152
    870230     88.4767
    870240     88.5318
    870250     88.2152
    870260     88.6593
    870270     88.6171
    870280     89.2331
    870290     89.1463
    870300     88.9008
    870310     89.0151
    870320     88.7095
    870330     88.8326
    870340     88.7593
    870350     88.8251
    870360     88.8894
    870370     88.8741
    870380     89.9234
    870390     89.1877
    870400      89.003
    870410     89.2365
    870420     89.2476
    870430     89.3702
    870440     89.1012
    870450     89.6452
    870460     89.3607
    870470     89.9708
    870480     89.4901
    870490     89.5128
    870500     89.9464
    870510     89.0166
    870520      89.296
    870530      89.253
    870540     89.3817
    870550     89.6182
    870560     90.0189
    870570     89.2682
    870580     88.7181
    870590     88.4162
    870600     89.6229
    870610     89.3454
    870620     89.2652
    870630     89.1845
    870640     89.6805
    870650     89.4969
    870660     90.0079
    870670     89.7018
    870680     89.7306
    870690      90.216
    870700     90.8916
    870710     90.5574
    870720     90.2031
    870730     90.7731
    870740     90.0234
    870750     90.9789
    870760     89.8991
    870770     89.6161
    870780     90.4164
    870790     90.7686
    870800     90.4561
    870810       90.78
    870820      89.978
    870830     90.1546
    870840      90.323
    870850     90.1856
    870860     90.4834
    870870     89.6347
    870880     90.2623
    870890     89.6677
    870900     90.1931
    870910     90.1101
    870920     89.4445
    870930     89.5464
    870940     89.9383
    870950     90.3005
    870960     89.8096
    870970     89.5977
    870980     90.2701
    870990      89.992
    871000     89.6784
    871010     89.5042
    871020     89.5873
    871030     90.1435
    871040     89.9736
    871050     89.7799
    871060     89.7491
    871070     89.4572
    871080     89.4819
    871090      90.158
    871100     90.2083
    871110     89.8237
    871120     90.0388
    871130     89.8702
    871140     89.6464
    871150     89.4472
    871160     89.8695
    871170     90.1368
    871180     89.8681
    871190     89.5408
    871200     89.7849
    871210     89.7847
    871220     90.0864
    871230     90.0892
    871240     90.9137
    871250     90.1037
    871260     90.1614
    871270     90.2732
    871280     90.2416
    871290     90.4227
    871300     89.9958
    871310     89.9903
    871320     90.6161
    871330     90.0388
    871340     90.3368
    871350     90.1454
    871360     90.2825
    871370     90.2581
    871380     90.4957
    871390     89.8608
    871400      90.478
    871410      90.237
    871420     90.0101
    871430     90.2671
    871440     90.0313
    871450     90.4661
    871460     90.1933
    871470     90.3743
    871480     90.4498
    871490     90.4854
    871500     90.1448
    871510     90.4391
    871520     90.3768
    871530     90.9295
    871540     90.4263
    871550     89.4407
    871560     90.2809
    871570     90.2882
    871580     90.1116
    871590     90.3508
    871600     90.6852
    871610      90.228
    871620     90.2534
    871630     91.1449
    871640     90.2511
    871650     90.5114
    871660     90.2509
    871670     89.9676
    871680      90.267
    871690     90.3418
    871700     90.1501
    871710     90.2051
    871720      89.709
    871730     89.6478
    871740     89.8085
    871750     90.3597
    871760     90.3534
    871770     89.7049
    871780     89.7994
    871790     89.8227
    871800     90.2473
    871810     90.1151
    871820     90.4018
    871830       90.02
    871840      89.754
    871850     89.5364
    871860     89.5312
    871870     90.4589
    871880     90.0989
    871890      90.139
    871900     89.8378
    871910     89.6609
    871920     90.0866
    871930     89.9293
    871940     90.0096
    871950     90.3825
    871960     90.1798
    871970     89.6798
    871980     90.0453
    871990     90.2483
    872000     90.8799
    872010      90.018
    872020     90.1593
    872030     90.7465
    872040     90.0596
    872050     89.8154
    872060     89.9042
    872070     90.2032
    872080     89.7688
    872090     89.9804
    872100     89.6375
    872110     90.2035
    872120     90.3947
    872130     90.7191
    872140     89.8053
    872150     89.7363
    872160     89.3791
    872170     89.6928
    872180     89.8383
    872190     90.0685
    872200     89.6316
    872210     90.0451
    872220     90.0758
    872230     89.9445
    872240      89.934
    872250     90.7645
    872260     89.8419
    872270     90.2363
    872280     89.8878
    872290      89.642
    872300     89.9305
    872310     90.5804
    872320     90.0103
    872330     89.6095
    872340     89.8825
    872350     89.7471
    872360     89.8044
    872370     89.9491
    872380     90.2341
    872390     89.9006
    872400     89.3623
    872410     90.3207
    872420      89.707
    872430     89.1101
    872440     89.2463
    872450     89.2576
    872460     89.7123
    872470     89.1872
    872480     89.7339
    872490     89.8257
    872500     89.7647
    872510     89.6922
    872520     89.6726
    872530     89.4984
    872540     90.5212
    872550     89.7119
    872560      89.788
    872570     89.6625
    872580     90.0481
    872590      89.862
    872600     90.7621
    872610     90.3415
    872620     90.2864
    872630     89.8923
    872640     90.3346
    872650     90.1792
    872660     90.5787
    872670     90.7255
    872680     90.4686
    872690     90.2841
    872700     90.0662
    872710     90.0744
    872720     89.7419
    872730     89.3843
    872740     89.8631
    872750     90.0784
    872760     89.7663
    872770     89.7234
    872780     89.9154
    872790     89.4332
    872800     89.7692
    872810     89.4833
    872820     89.7183
    872830      88.874
    872840     89.4467
    872850     89.1242
    872860     89.6272
    872870     89.8633
    872880      89.439
    872890     89.6894
    872900     89.5352
    872910     89.7742
    872920     89.6753
    872930     90.0526
    872940     89.4402
    872950     89.6602
    872960     89.9367
    872970     90.2267
    872980     90.0493
    872990     90.2282
    873000     89.6985
    873010     90.4195
    873020     90.3317
    873030     89.9135
    873040     89.9685
    873050     90.5674
    873060     90.8996
    873070     90.5849
    873080     90.6779
    873090     90.3949
    873100      90.552
    873110     90.3744
    873120     90.3425
    873130     89.8928
    873140     90.3019
    873150      90.934
    873160     90.1919
    873170     89.6338
    873180     90.6175
    873190     90.7384
    873200      90.708
    873210     89.8538
    873220     89.3623
    873230     89.5581
    873240     89.1084
    873250     88.9324
    873260     89.7549
    873270      89.322
    873280     89.3651
    873290       90.24
    873300     89.7427
    873310     90.0058
    873320     89.7296
    873330     90.0708
    873340     90.8912
    873350      89.981
    873360     90.0851
    873370     90.5973
    873380      90.262
    873390      90.832
    873400     90.5176
    873410      89.961
    873420     90.0768
    873430     90.3582
    873440     90.5986
    873450     90.5266
    873460     90.3553
    873470     90.1847
    873480     90.2874
    873490      90.484
    873500     90.6353
    873510     90.3388
    873520     90.7053
    873530     90.3638
    873540     90.4963
    873550     90.9363
    873560     89.9426
    873570     90.2805
    873580     90.8125
    873590     90.2529
    873600      90.648
    873610     90.5181
    873620     90.6805
    873630     90.0775
    873640     90.1827
    873650     90.3713
    873660     90.2602
    873670     90.2249
    873680     90.4319
    873690     91.1077
    873700      90.415
    873710     90.6288
    873720     90.3767
    873730     90.6044
    873740     90.8472
    873750     91.2131
    873760     90.4833
    873770     90.8803
    873780      90.834
    873790     91.3781
    873800     90.9862
    873810     91.3972
    873820     90.0602
    873830     90.9393
    873840     90.1556
    873850     90.3998
    873860     90.0939
    873870     89.8102
    873880     90.0445
    873890     89.9948
    873900     89.8208
    873910     89.6701
    873920     90.6436
    873930     90.1246
    873940     89.7401
    873950     90.6847
    873960       89.99
    873970     90.2353
    873980     90.4281
    873990     90.8523
    874000      90.044
    874010     91.0035
    874020     90.0685
    874030     89.8924
    874040     89.8646
    874050     89.8239
    874060     89.7205
    874070     89.9162
    874080      89.971
    874090     90.3153
    874100     90.4292
    874110     90.9446
    874120     90.6358
    874130     90.4426
    874140     90.5306
    874150     90.9006
    874160     90.3296
    874170     90.0562
    874180      90.475
    874190     90.3131
    874200     90.6857
    874210     89.5913
    874220     89.9339
    874230     89.8465
    874240     90.4917
    874250      90.312
    874260     90.3841
    874270     90.1001
    874280     90.1348
    874290     89.9501
    874300     90.7149
    874310     90.3342
    874320     90.3224
    874330     90.9376
    874340     90.8246
    874350      90.854
    874360     90.7047
    874370     90.0002
    874380     90.6065
    874390     90.3331
    874400     90.0628
    874410     89.7832
    874420     90.6657
    874430     89.8745
    874440     90.0464
    874450     90.9185
    874460     91.0263
    874470     91.3277
    874480     90.6819
    874490     91.0816
    874500     90.6158
    874510     91.1023
    874520     91.1009
    874530      91.103
    874540      90.821
    874550     90.9142
    874560      90.909
    874570     90.4248
    874580     90.9048
    874590     91.3675
    874600     90.0322
    874610     90.5079
    874620     89.9645
    874630     90.0446
    874640     89.4928
    874650     89.9543
    874660     89.9151
    874670     90.1864
    874680     90.0014
    874690     89.8734
    874700     89.7948
    874710     90.1024
    874720      89.453
    874730     90.2223
    874740     89.5834
    874750     90.5997
    874760     90.1848
    874770      88.918
    874780     89.5023
    874790     89.8783
    874800     89.6215
    874810     90.5342
    874820     89.8223
    874830     90.2132
    874840     89.9258
    874850     90.2173
    874860     90.6372
    874870      90.252
    874880     89.6563
    874890     89.8329
    874900      90.115
    874910     90.2254
    874920     90.3409
    874930     90.2425
    874940     89.7236
    874950     90.5402
    874960     90.3175
    874970     90.4141
    874980     91.2922
    874990     90.6557
    875000     89.6992
    875010     90.3198
    875020     91.0185
    875030     90.5257
    875040     90.2261
    875050     91.6662
    875060     90.9151
    875070     90.5071
    875080     90.8723
    875090     90.7018
    875100     90.2845
    875110      90.779
    875120     90.2104
    875130     91.2764
    875140     91.3846
    875150     90.9712
    875160     90.1803
    875170     91.0031
    875180     90.5074
    875190     91.0926
    875200     90.7983
    875210     90.4744
    875220     91.0961
    875230     91.0453
    875240     90.9754
    875250      91.009
    875260     90.9454
    875270     91.4582
    875280     90.9145
    875290     91.5339
    875300     91.6313
    875310     91.2195
    875320     91.2902
    875330     91.0905
    875340     91.3596
    875350     91.4633
    875360     91.4813
    875370     90.9202
    875380     91.2692
    875390     92.0009
    875400     90.4627
    875410     90.6718
    875420     92.2816
    875430     91.6882
    875440     91.3551
    875450     92.2755
    875460      91.814
    875470     91.8754
    875480       91.97
    875490     92.3197
    875500     92.0018
    875510     91.8278
    875520     91.4909
    875530     91.2617
    875540     91.3704
    875550     91.0114
    875560     91.4786
    875570     91.7586
    875580      91.293
    875590     91.4647
    875600     91.0902
    875610     90.8298
    875620      91.275
    875630     91.1725
    875640     91.3586
    875650     91.2874
    875660     90.6956
    875670     91.1865
    875680     91.2203
    875690     91.2117
    875700     91.3428
    875710     90.8754
    875720     91.1629
    875730     91.1135
    875740     90.8337
    875750     91.8725
    875760     91.4763
    875770     91.2458
    875780     90.5535
    875790      90.934
    875800     90.5733
    875810     90.7129
    875820     91.1784
    875830     90.8383
    875840     90.9317
    875850     91.2234
    875860     90.6587
    875870     91.2738
    875880     91.0838
    875890      90.929
    875900     91.3822
    875910      91.141
    875920     90.6794
    875930     90.9327
    875940     90.9356
    875950     90.6623
    875960     91.2367
    875970     91.8519
    875980     91.1002
    875990     90.2771
    876000     89.9062
    876010      90.545
    876020     91.0676
    876030     91.1748
    876040     90.8854
    876050     91.0386
    876060     91.2449
    876070     90.4502
    876080     91.3038
    876090     91.2549
    876100     90.9194
    876110     90.4368
    876120     91.3427
    876130     90.6933
    876140     91.1794
    876150     91.1804
    876160     90.6295
    876170     91.3648
    876180     90.3142
    876190     90.8317
    876200     91.1691
    876210     91.2092
    876220     90.8272
    876230     90.8609
    876240     90.9216
    876250     90.6524
    876260     91.0959
    876270     90.5575
    876280     91.3341
    876290     90.6656
    876300     91.0906
    876310     90.9345
    876320     92.1276
    876330     91.5204
    876340     91.9307
    876350     91.0829
    876360     92.0891
    876370     91.8769
    876380     91.7848
    876390     91.3098
    876400     90.9554
    876410     90.7059
    876420     90.7293
    876430     90.6209
    876440     91.3816
    876450     90.9001
    876460     90.5737
    876470      90.713
    876480     91.1837
    876490     90.8882
    876500     91.0407
    876510     91.1875
    876520      90.783
    876530     90.5381
    876540     91.3097
    876550     91.0939
    876560     91.2154
    876570     91.7233
    876580     90.6216
    876590     91.2352
    876600     91.5423
    876610     90.8933
    876620     90.7903
    876630     90.7761
    876640     90.7939
    876650     91.2813
    876660     91.3583
    876670     91.3176
    876680     90.7709
    876690     91.2376
    876700     90.8573
    876710     90.3879
    876720     90.5191
    876730     90.2969
    876740     90.7398
    876750     90.4945
    876760     90.7687
    876770     90.9848
    876780      90.669
    876790     90.6989
    876800     91.0966
    876810     91.0368
    876820     91.1023
    876830     91.1536
    876840     90.3983
    876850     90.8654
    876860     90.9046
    876870     91.2283
    876880     90.6861
    876890     91.3268
    876900     91.4621
    876910     90.7333
    876920     91.1345
    876930     90.7908
    876940     91.1677
    876950     90.8641
    876960     90.4327
    876970     90.7568
    876980     90.9452
    876990     91.0159
    877000     90.9671
    877010     91.4492
    877020     91.5242
    877030     91.3007
    877040     91.3861
    877050     91.4145
    877060     90.7522
    877070     90.9133
    877080     91.6386
    877090      91.381
    877100     91.0004
    877110      91.318
    877120     91.4999
    877130     91.1197
    877140     90.5261
    877150     90.8599
    877160     90.4307
    877170     90.6736
    877180     90.2222
    877190     91.4208
    877200     90.4854
    877210     90.4496
    877220     91.4064
    877230     91.5022
    877240     90.6758
    877250     91.2516
    877260     90.9598
    877270      91.927
    877280     90.7391
    877290     91.2361
    877300     92.1543
    877310     91.5457
    877320     91.5711
    877330     91.1322
    877340     91.0935
    877350     91.0061
    877360       90.91
    877370      91.253
    877380      91.769
    877390     90.9482
    877400     91.1214
    877410     91.8829
    877420     90.0866
    877430     91.2094
    877440     90.6662
    877450     90.7581
    877460     90.4108
    877470     91.1165
    877480     90.5865
    877490     91.0021
    877500     90.8338
    877510     90.5803
    877520     91.4078
    877530     90.0378
    877540     90.7222
    877550     90.5606
    877560     91.4048
    877570     91.6851
    877580     91.3942
    877590     91.8083
    877600     91.2722
    877610     91.9379
    877620     91.0002
    877630     90.6008
    877640      91.176
    877650     90.8658
    877660     90.3338
    877670     91.1377
    877680     90.9735
    877690     90.6137
    877700     90.2717
    877710     90.1696
    877720     89.9588
    877730     90.5378
    877740     90.4286
    877750      90.854
    877760     89.8758
    877770     90.3283
    877780      90.148
    877790     90.0788
    877800     90.6411
    877810     90.3005
    877820     90.4778
    877830     90.1276
    877840     90.2632
    877850     90.4955
    877860     90.4905
    877870     90.8217
    877880     90.5672
    877890     90.3273
    877900     89.7486
    877910     90.8055
    877920     90.3992
    877930     90.2229
    877940      90.293
    877950     90.1841
    877960     90.0187
    877970     89.4334
    877980     89.8109
    877990     89.8347
    878000     89.6739
    878010     89.5066
    878020     89.6891
    878030     89.9997
    878040     90.2484
    878050     90.1428
    878060     89.7812
    878070     89.7861
    878080     89.8582
    878090     90.7847
    878100      89.678
    878110     90.5378
    878120     90.1272
    878130     89.7721
    878140     89.7057
    878150     89.6526
    878160     89.6606
    878170     90.4055
    878180     89.5578
    878190      90.202
    878200     89.4904
    878210     89.5737
    878220     90.0385
    878230     89.6365
    878240     89.6487
    878250     90.5283
    878260     90.3665
    878270     89.7988
    878280     89.5447
    878290     90.3234
    878300     89.8222
    878310     90.0572
    878320     90.0797
    878330     89.6962
    878340     89.4929
    878350     89.4997
    878360     89.8475
    878370      89.978
    878380     89.3811
    878390     90.0777
    878400     89.8863
    878410     90.0522
    878420     89.3664
    878430     90.2372
    878440     89.8907
    878450     89.9083
    878460     90.7129
    878470     90.3548
    878480     90.0842
    878490     89.9516
    878500     89.4687
    878510     90.6896
    878520     90.7573
    878530     90.5047
    878540     89.7092
    878550     90.5996
    878560     89.6945
    878570     89.9135
    878580     90.1272
    878590     89.7473
    878600     89.7959
    878610     90.0157
    878620     89.9352
    878630     90.4467
    878640      90.609
    878650     90.1006
    878660     90.1347
    878670      89.956
    878680     89.7996
    878690      89.538
    878700     90.1514
    878710      90.225
    878720     89.6191
    878730     89.9056
    878740     89.9556
    878750     90.1533
    878760     89.9683
    878770     89.9496
    878780     89.8898
    878790     89.9541
    878800     90.9185
    878810      90.718
    878820     91.3908
    878830     90.3176
    878840     90.3869
    878850     89.8693
    878860     90.6622
    878870      89.865
    878880     90.1664
    878890      89.986
    878900     89.9013
    878910     90.0521
    878920     90.2639
    878930     90.3663
    878940     90.5195
    878950     89.7715
    878960     90.2263
    878970     90.7955
    878980     90.3129
    878990     89.9604
    879000      90.652
    879010     89.9236
    879020     90.1195
    879030     90.1289
    879040     89.8258
    879050     90.0002
    879060     90.2063
    879070     89.9973
    879080     90.1675
    879090     90.2106
    879100     90.2728
    879110     90.0978
    879120     90.0312
    879130     89.7501
    879140     90.1366
    879150     90.0007
    879160     90.3369
    879170     89.5276
    879180     90.1884
    879190     89.9088
    879200     89.4512
    879210     89.6095
    879220     89.1705
    879230      89.751
    879240      90.059
    879250     89.9628
    879260     90.1742
    879270      89.948
    879280      90.663
    879290     90.1467
    879300     90.1173
    879310     89.8764
    879320     90.1636
    879330     89.8065
    879340     90.0703
    879350     89.7548
    879360     89.8841
    879370     90.4229
    879380     89.6967
    879390     89.8866
    879400     90.3549
    879410     90.3804
    879420     89.9879
    879430     89.2797
    879440     89.6584
    879450     89.4889
    879460     89.5614
    879470     90.0216
    879480     89.9048
    879490     91.0457
    879500     90.4766
    879510     90.0535
    879520     90.6122
    879530     90.4108
    879540     90.6182
    879550      90.684
    879560     90.1959
    879570     89.9997
    879580     90.2703
    879590     90.4043
    879600     90.5863
    879610     90.1781
    879620     90.9896
    879630     90.7547
    879640     90.0065
    879650     90.1597
    879660     90.4108
    879670     90.7553
    879680     90.5323
    879690     90.2451
    879700     90.7781
    879710      90.872
    879720     90.7566
    879730     90.5915
    879740      90.458
    879750     91.3824
    879760     91.3591
    879770     90.4929
    879780     90.9764
    879790     90.9353
    879800     91.0821
    879810     91.0814
    879820     91.0723
    879830     90.6708
    879840     90.6618
    879850     90.2583
    879860     90.7751
    879870     91.2264
    879880     91.4834
    879890     91.3485
    879900     91.8997
    879910     91.6666
    879920     90.8405
    879930     90.8664
    879940     91.6862
    879950     91.7174
    879960     91.1958
    879970     91.9381
    879980      91.491
    879990      91.477
    880000     91.4134
    880010     91.1954
    880020     91.7856
    880030     91.3753
    880040     91.4527
    880050     90.5981
    880060     90.7551
    880070      91.301
    880080     91.2102
    880090     91.0617
    880100     91.7893
    880110     91.5549
    880120      90.696
    880130     90.9201
    880140     90.8936
    880150     91.3028
    880160     91.3953
    880170     91.4475
    880180     91.4978
    880190     90.6915
    880200     90.8113
    880210     90.5655
    880220     91.1414
    880230     90.8206
    880240     90.5701
    880250     91.1973
    880260     90.2944
    880270     90.4792
    880280      90.334
    880290     90.3268
    880300     90.0352
    880310     90.1428
    880320     89.6804
    880330     89.9074
    880340     90.3678
    880350     90.7558
    880360     90.7355
    880370     90.5352
    880380     90.1161
    880390     91.7451
    880400     89.9389
    880410     90.7667
    880420     90.3389
    880430      90.729
    880440     90.5188
    880450     90.7574
    880460     90.7683
    880470     90.1532
    880480     90.6078
    880490     90.3629
    880500      90.312
    880510      90.229
    880520     90.8713
    880530     90.7934
    880540     89.9705
    880550     90.3832
    880560     90.1044
    880570     90.1672
    880580     89.8735
    880590     90.3424
    880600     90.8027
    880610     90.1085
    880620     90.4262
    880630     90.6858
    880640     90.5065
    880650     90.7393
    880660      90.364
    880670      90.907
    880680      90.965
    880690     90.7074
    880700     89.7751
    880710     90.8482
    880720     90.6745
    880730     90.5222
    880740     90.4127
    880750      91.362
    880760     90.9462
    880770     90.9853
    880780     90.3563
    880790     91.1238
    880800     90.9512
    880810     90.7296
    880820     90.7937
    880830     90.8517
    880840     90.3198
    880850      90.488
    880860     89.8645
    880870     90.4828
    880880     90.0853
    880890      90.747
    880900     90.7005
    880910     90.4714
    880920     90.4459
    880930     90.7228
    880940     90.0176
    880950     90.7294
    880960     90.6968
    880970     90.2427
    880980     90.4221
    880990     90.5019
    881000     90.9317
    881010      90.384
    881020     90.2217
    881030     90.2511
    881040     90.8459
    881050     90.2736
    881060     90.6011
    881070     91.1146
    881080      90.382
    881090      90.118
    881100      90.521
    881110      90.553
    881120     90.6026
    881130     90.2497
    881140     90.1993
    881150      90.637
    881160     90.1973
    881170     91.0112
    881180     90.4876
    881190     90.6602
    881200      90.693
    881210     90.4181
    881220     91.0731
    881230     90.3265
    881240     90.0625
    881250     90.4032
    881260     90.2727
    881270     91.0715
    881280     90.2282
    881290     91.0895
    881300     90.6449
    881310     91.3809
    881320     90.5167
    881330     90.4624
    881340     90.6245
    881350     89.9889
    881360     90.5059
    881370     91.3946
    881380     90.6825
    881390     91.1393
    881400     90.9176
    881410     90.7114
    881420     90.2736
    881430      90.366
    881440      91.834
    881450     90.8151
    881460     90.6408
    881470     89.9527
    881480     90.3764
    881490     90.7137
    881500     89.9222
    881510     90.5117
    881520     90.9503
    881530     90.9393
    881540       90.64
    881550     91.0415
    881560     90.5609
    881570     90.3209
    881580     90.8837
    881590     90.8088
    881600     90.9404
    881610     91.2787
    881620      91.192
    881630     90.9067
    881640     90.8599
    881650     91.0707
    881660     90.8281
    881670     91.4168
    881680     90.5217
    881690     90.3165
    881700     91.1251
    881710     91.0162
    881720     90.5664
    881730     90.3271
    881740      90.701
    881750     90.2682
    881760     90.4798
    881770     90.2293
    881780     91.0785
    881790     90.6546
    881800     90.1898
    881810     90.1997
    881820      90.249
    881830     90.4096
    881840     90.3328
    881850     90.0304
    881860     89.3757
    881870     90.0229
    881880     89.9673
    881890      89.553
    881900     90.0719
    881910      90.128
    881920     89.4918
    881930     89.7504
    881940     89.4132
    881950     90.0384
    881960     89.6057
    881970     89.5189
    881980     90.3971
    881990     89.9112
    882000     90.3086
    882010     90.8561
    882020     90.2743
    882030     90.7624
    882040     90.0621
    882050     90.2629
    882060     90.0529
    882070      89.868
    882080     90.2883
    882090     90.6576
    882100     90.0522
    882110     91.0951
    882120     90.3891
    882130     90.1604
    882140     90.5415
    882150     89.5749
    882160     90.0449
    882170     90.0732
    882180     89.9624
    882190      89.029
    882200     89.5665
    882210     89.4263
    882220     89.2586
    882230     89.2139
    882240     89.0979
    882250     88.9267
    882260     88.5557
    882270      88.564
    882280     90.2264
    882290     89.0396
    882300     89.6893
    882310     89.5931
    882320     89.4303
    882330     90.4276
    882340     88.8086
    882350     89.0356
    882360     89.4636
    882370     89.3591
    882380     88.8882
    882390     89.5752
    882400     90.5119
    882410     90.2094
    882420     90.2721
    882430     88.8072
    882440     88.9236
    882450     88.8049
    882460     89.2209
    882470     88.6139
    882480     88.9161
    882490     89.1173
    882500     89.4342
    882510     88.9843
    882520     89.4894
    882530     89.8414
    882540     89.7602
    882550     90.2858
    882560     89.9032
    882570     89.8176
    882580     89.9089
    882590     88.9634
    882600     89.3486
    882610     89.0256
    882620     89.2948
    882630     89.8902
    882640     89.4946
    882650     89.0359
    882660     89.2051
    882670     89.9027
    882680     89.5025
    882690     89.7035
    882700     89.7038
    882710     89.2553
    882720     89.3746
    882730     89.5352
    882740     89.8707
    882750      89.401
    882760     89.2492
    882770     89.8461
    882780     89.6393
    882790     90.2537
    882800     91.1808
    882810     90.4458
    882820     90.5201
    882830     91.0558
    882840     90.3004
    882850     90.7101
    882860      90.822
    882870     90.8474
    882880     90.3869
    882890     90.2179
    882900     89.4186
    882910     89.4965
    882920     89.7743
    882930     90.1765
    882940     89.6285
    882950     89.7965
    882960     89.1526
    882970     89.8078
    882980     89.8428
    882990     90.0685
    883000     90.3576
    883010     89.7228
    883020     89.8566
    883030     90.1569
    883040     91.2141
    883050     89.8378
    883060     90.3909
    883070     88.9443
    883080     89.4397
    883090      88.691
    883100     90.2952
    883110     90.2059
    883120     89.6524
    883130      89.582
    883140     88.5505
    883150     90.0341
    883160     89.6899
    883170     90.4042
    883180     88.9745
    883190     88.8367
    883200     88.5278
    883210     90.1061
    883220     89.1227
    883230     88.7277
    883240     88.7509
    883250     88.9381
    883260     89.6584
    883270     89.4639
    883280     89.1203
    883290     89.7352
    883300     89.6864
    883310     89.6562
    883320      89.376
    883330     88.3793
    883340     88.8864
    883350     88.6782
    883360     88.6447
    883370     89.7779
    883380      88.832
    883390     89.1041
    883400     88.4553
    883410     89.1558
    883420     88.6754
    883430     87.9062
    883440     88.4872
    883450     88.0705
    883460      88.314
    883470     88.5852
    883480     88.9292
    883490     87.8403
    883500     88.7401
    883510     88.3229
    883520     88.8947
    883530      88.621
    883540     88.4953
    883550     89.8244
    883560     89.0413
    883570     89.6658
    883580     88.7013
    883590     89.4258
    883600     89.6706
    883610     88.9918
    883620     88.6165
    883630     89.4309
    883640     88.8022
    883650     89.1148
    883660     88.8203
    883670     88.9971
    883680     89.0062
    883690     88.9476
    883700     89.2612
    883710     88.9163
    883720     88.8302
    883730     88.4578
    883740     89.2884
    883750     89.0789
    883760     88.9946
    883770      89.294
    883780     89.7573
    883790     88.7617
    883800     89.1338
    883810     88.7571
    883820     88.4614
    883830     88.8792
    883840     88.5969
    883850     88.7791
    883860     88.4263
    883870     89.1786
    883880     89.0459
    883890     89.0351
    883900     88.8323
    883910      89.063
    883920     89.5116
    883930     88.7053
    883940     88.9984
    883950     89.3913
    883960        88.3
    883970     89.2089
    883980     89.4869
    883990     89.0725
    884000     89.0123
    884010     89.8886
    884020     89.5722
    884030     89.7784
    884040     88.9162
    884050     89.6393
    884060     88.5666
    884070     89.0687
    884080     88.5865
    884090     89.3575
    884100     88.9374
    884110     88.7493
    884120     88.9543
    884130     89.3194
    884140     89.1011
    884150     89.7289
    884160      90.119
    884170     88.9951
    884180     88.7871
    884190     89.6206
    884200     88.9258
    884210     89.5474
    884220     89.0623
    884230     88.6185
    884240     89.0009
    884250     89.6164
    884260     89.6869
    884270     89.0582
    884280     89.1708
    884290     89.1769
    884300     88.6993
    884310     88.9825
    884320     89.3332
    884330     88.7487
    884340     88.4695
    884350     88.8378
    884360     88.4898
    884370     89.4978
    884380     89.9631
    884390     88.8719
    884400     88.6273
    884410     89.0201
    884420     89.6929
    884430     88.7515
    884440     89.0085
    884450     89.0671
    884460      89.137
    884470     89.0369
    884480     89.6466
    884490     89.0498
    884500     89.5296
    884510     88.6727
    884520      89.237
    884530     89.3218
    884540     88.6065
    884550     89.2601
    884560     89.4234
    884570     89.8968
    884580     89.3952
    884590     89.9636
    884600      88.668
    884610     89.4072
    884620     89.3579
    884630     89.4187
    884640     89.1744
    884650     89.2746
    884660     89.8078
    884670      89.536
    884680     89.6377
    884690     89.3832
    884700     89.6649
    884710     89.3499
    884720     89.6388
    884730     88.9343
    884740     88.4076
    884750     89.1158
    884760     89.5453
    884770     89.8139
    884780     89.4926
    884790     88.6409
    884800     89.2435
    884810     88.4695
    884820      89.572
    884830     89.0908
    884840     89.0946
    884850     89.5578
    884860     89.5801
    884870     89.4669
    884880     88.9535
    884890     89.9974
    884900     89.2135
    884910      90.683
    884920     88.9239
    884930     88.8853
    884940     89.5604
    884950     88.6938
    884960      89.621
    884970     89.3823
    884980     90.2807
    884990     89.8844
    885000     89.1069
    885010     90.8164
    885020     89.8645
    885030      89.277
    885040     89.4604
    885050     89.8052
    885060     88.6463
    885070     89.7779
    885080     89.5207
    885090     88.7327
    885100     89.3352
    885110     89.9879
    885120     89.3939
    885130     89.3274
    885140     89.1999
    885150      89.198
    885160     88.6238
    885170     88.4259
    885180     88.8203
    885190     88.5474
    885200     88.6761
    885210     89.1231
    885220     88.8243
    885230     88.8098
    885240     88.0062
    885250     88.7965
    885260     89.0256
    885270     88.8984
    885280     88.5148
    885290     89.3415
    885300     89.5235
    885310     89.7073
    885320     89.7228
    885330     89.0561
    885340     89.1011
    885350     88.9645
    885360     89.1479
    885370     88.9766
    885380     88.8603
    885390     89.1225
    885400     89.5078
    885410      90.336
    885420      89.381
    885430     89.9928
    885440      89.101
    885450     89.8994
    885460     89.8353
    885470     89.9629
    885480     89.3164
    885490     89.3613
    885500     89.5867
    885510     89.2454
    885520     88.9566
    885530     89.4086
    885540      89.537
    885550     88.9444
    885560     89.5697
    885570     88.7876
    885580     89.0317
    885590     88.9115
    885600      88.716
    885610     88.3681
    885620     89.3166
    885630     90.5912
    885640     89.6372
    885650     89.9921
    885660     89.2572
    885670     89.4252
    885680     89.5706
    885690     88.7365
    885700     89.4716
    885710     88.8485
    885720     89.6282
    885730     88.9878
    885740     89.4391
    885750     89.1273
    885760     89.3688
    885770     90.1232
    885780     90.2915
    885790     88.9947
    885800     89.2731
    885810     89.9791
    885820     88.9015
    885830     89.1115
    885840      89.111
    885850     89.2112
    885860     88.9811
    885870     89.3484
    885880     88.3752
    885890      89.152
    885900     89.1865
    885910     89.6091
    885920      88.979
    885930     90.2203
    885940     89.4709
    885950     89.4171
    885960     88.9978
    885970      89.897
    885980     89.6539
    885990     90.2851
    886000     90.4306
    886010     89.7398
    886020     89.9533
    886030     89.0352
    886040     90.8677
    886050     89.9252
    886060     90.3968
    886070     89.5946
    886080     90.2362
    886090     90.1394
    886100     89.8929
    886110      90.084
    886120     90.5917
    886130     89.4036
    886140     89.8132
    886150     90.3837
    886160     89.6999
    886170      89.734
    886180     90.6704
    886190     90.5217
    886200     90.0535
    886210     90.1301
    886220     90.3078
    886230     89.8696
    886240     90.0549
    886250     89.4788
    886260      90.292
    886270     89.5204
    886280     89.4832
    886290     89.9507
    886300     89.3484
    886310     89.5543
    886320     89.5745
    886330     89.9708
    886340     89.4738
    886350     89.0039
    886360     89.8643
    886370     89.3744
    886380     89.7895
    886390     89.5638
    886400     89.5666
    886410     90.1782
    886420     89.4975
    886430     89.1983
    886440      89.588
    886450     88.6776
    886460     89.1696
    886470     89.2341
    886480     89.8402
    886490     89.7338
    886500     88.9716
    886510      89.173
    886520     88.9866
    886530     88.6565
    886540     88.9735
    886550     90.1126
    886560     89.1155
    886570     89.0648
    886580     89.2329
    886590      89.716
    886600     88.6574
    886610     88.9907
    886620     88.9485
    886630     89.0024
    886640     89.9935
    886650     89.1354
    886660     89.0611
    886670     89.4962
    886680     88.8355
    886690     88.5873
    886700     88.3907
    886710     89.2886
    886720     89.1554
    886730     88.3513
    886740     88.5132
    886750     89.2204
    886760     88.8578
    886770     88.5735
    886780     88.1745
    886790      88.632
    886800     89.0304
    886810     89.3484
    886820     88.5926
    886830     89.1187
    886840     88.0364
    886850      88.882
    886860     88.2891
    886870     89.1583
    886880     89.4939
    886890     88.7227
    886900     88.3172
    886910     88.1576
    886920     88.5111
    886930     88.1909
    886940     88.5969
    886950     89.0622
    886960     88.8141
    886970     88.9456
    886980     88.7081
    886990     88.5786
    887000     89.0965
    887010     88.8822
    887020     88.8502
    887030     88.4279
    887040     88.6945
    887050     87.8873
    887060     88.6057
    887070     88.0341
    887080     87.8075
    887090     88.7664
    887100     88.9447
    887110     88.5171
    887120     88.8859
    887130     88.1401
    887140     87.9425
    887150       87.76
    887160     88.2693
    887170     89.0366
    887180      88.269
    887190     87.9277
    887200     87.4036
    887210     87.4524
    887220     88.1918
    887230     88.4005
    887240     88.5093
    887250     88.0706
    887260     88.5579
    887270     89.0811
    887280     88.2913
    887290     88.4164
    887300     88.3654
    887310      88.373
    887320     88.9297
    887330      89.115
    887340     89.1488
    887350     88.9019
    887360     88.5385
    887370     88.6945
    887380     89.1767
    887390     88.3275
    887400     88.3898
    887410     88.6433
    887420     89.1013
    887430     88.6653
    887440     88.1468
    887450     88.7972
    887460     88.8495
    887470     88.6334
    887480     88.4346
    887490     89.2631
    887500     89.1476
    887510     89.9004
    887520     89.1917
    887530     89.8344
    887540      89.341
    887550     90.1186
    887560     89.6455
    887570     89.2035
    887580     89.8264
    887590     89.1399
    887600     88.4793
    887610     88.3505
    887620     88.6927
    887630     88.2312
    887640     88.7221
    887650      89.184
    887660     88.4664
    887670     89.1108
    887680     88.5704
    887690     88.5327
    887700     87.9645
    887710     88.4436
    887720     88.2721
    887730     87.9564
    887740     88.4098
    887750     89.0275
    887760     90.7062
    887770     88.8121
    887780     89.2761
    887790     88.3522
    887800     88.0596
    887810     88.7603
    887820     88.5354
    887830     88.9768
    887840     88.3919
    887850     88.4942
    887860     88.7479
    887870      89.065
    887880      88.531
    887890     88.3832
    887900      89.127
    887910     88.4988
    887920     88.3094
    887930     88.5371
    887940     89.0021
    887950     88.3782
    887960     88.7703
    887970      88.869
    887980     88.4372
    887990     89.2947
    888000     88.4827
    888010     88.5715
    888020     89.3647
    888030     88.3948
    888040     88.3296
    888050     89.2904
    888060     88.6463
    888070     88.5204
    888080     88.4683
    888090     88.8967
    888100     88.2837
    888110     88.5656
    888120      88.312
    888130     88.6533
    888140     88.4837
    888150     88.2885
    888160     88.3762
    888170     88.1728
    888180     88.5571
    888190     88.8762
    888200     88.2173
    888210     87.6075
    888220     88.5091
    888230     88.6794
    888240     88.6702
    888250     88.5168
    888260     88.4508
    888270      88.238
    888280     88.3493
    888290      88.678
    888300     88.9956
    888310     88.1348
    888320     88.5568
    888330     88.3612
    888340     88.2017
    888350      88.535
    888360     88.1983
    888370     88.3252
    888380     88.3735
    888390     88.4255
    888400     88.2355
    888410     88.0954
    888420     88.5876
    888430     87.5832
    888440     88.3845
    888450     88.4787
    888460     88.0374
    888470     88.2415
    888480     89.0887
    888490     89.1701
    888500     88.8217
    888510     89.2134
    888520     88.9978
    888530     89.1322
    888540      89.558
    888550     88.4499
    888560     88.3931
    888570     88.6032
    888580     88.5928
    888590     88.7131
    888600     89.1201
    888610     88.4207
    888620     89.5323
    888630      88.651
    888640     88.7506
    888650     89.6664
    888660     89.1894
    888670     88.8589
    888680     88.9611
    888690     89.1132
    888700     89.6582
    888710     89.7075
    888720     88.6114
    888730      89.382
    888740     88.4495
    888750     88.3149
    888760     88.3944
    888770     88.1155
    888780     88.5071
    888790     89.0766
    888800     89.1688
    888810     89.0083
    888820     88.7835
    888830     88.8321
    888840     88.7347
    888850     88.7638
    888860      88.299
    888870     88.2834
    888880     88.2378
    888890     88.3448
    888900     89.0665
    888910     88.8941
    888920     88.8068
    888930     88.7449
    888940     88.8243
    888950     88.5429
    888960     88.4781
    888970       89.45
    888980     88.5234
    888990     89.0246
    889000      88.981
    889010     88.8419
    889020     89.0196
    889030     89.5299
    889040     88.6839
    889050     89.8044
    889060     89.3681
    889070      88.914
    889080     89.4635
    889090     88.9337
    889100     89.1954
    889110     89.4031
    889120     89.2504
    889130     88.9636
    889140     89.4543
    889150     89.6332
    889160      88.991
    889170     88.5983
    889180     88.6845
    889190     88.8205
    889200     89.2368
    889210     89.7261
    889220     88.9664
    889230     89.4282
    889240     89.0982
    889250     88.6821
    889260     89.7735
    889270     89.1273
    889280     89.4703
    889290     89.2794
    889300     88.9369
    889310     88.5869
    889320      89.148
    889330     89.3767
    889340     88.4282
    889350     88.8663
    889360     89.0858
    889370     88.5529
    889380     89.2364
    889390     88.4754
    889400      89.323
    889410     89.7435
    889420     89.1438
    889430     88.8033
    889440     89.3198
    889450     88.8766
    889460     89.2033
    889470     89.0481
    889480     89.4505
    889490     89.4073
    889500     89.3165
    889510     89.0115
    889520     88.8187
    889530     88.5615
    889540     88.8583
    889550     88.8213
    889560     89.3584
    889570     89.4581
    889580     89.4033
    889590     88.9679
    889600     88.4603
    889610     89.4583
    889620     89.1295
    889630     88.6116
    889640     88.3287
    889650     88.5551
    889660     89.6833
    889670     89.3869
    889680     89.4054
    889690     89.5999
    889700     89.3953
    889710     89.9571
    889720     90.3094
    889730     89.7647
    889740     89.1425
    889750     89.7622
    889760     89.1959
    889770     90.0487
    889780      89.498
    889790      89.268
    889800     90.3382
    889810     88.9002
    889820     89.2474
    889830      89.985
    889840     89.9977
    889850     88.6759
    889860     90.6185
    889870     90.1925
    889880     89.4314
    889890     89.6435
    889900     90.2599
    889910      89.752
    889920     89.7493
    889930     89.0192
    889940     90.0016
    889950     89.8112
    889960     90.5897
    889970     89.8369
    889980       89.72
    889990     89.4873
    890000     90.8212
    890010     90.2449
    890020     90.5392
    890030     89.2203
    890040     89.9821
    890050     89.4454
    890060     89.6198
    890070     89.2015
    890080      89.331
    890090     89.3237
    890100     89.4279
    890110     89.0794
    890120     89.4489
    890130     89.4738
    890140     89.2386
    890150     89.1915
    890160     89.1343
    890170     90.0175
    890180     90.2265
    890190     90.1118
    890200     89.9291
    890210     90.5979
    890220     89.7723
    890230      89.706
    890240     89.6756
    890250     89.3635
    890260     90.2369
    890270     90.4619
    890280     90.0514
    890290     90.4396
    890300     90.3436
    890310     90.1977
    890320     89.9162
    890330     90.6586
    890340     89.5943
    890350      89.361
    890360     90.4828
    890370     90.0182
    890380     89.4636
    890390     90.3336
    890400      90.657
    890410     89.1534
    890420     90.2129
    890430     89.9977
    890440     88.9195
    890450     89.2746
    890460     89.6707
    890470     89.7119
    890480     90.2314
    890490     89.7492
    890500     90.0704
    890510     89.6227
    890520      89.608
    890530     89.6296
    890540     89.6194
    890550     89.1329
    890560       89.42
    890570     89.6961
    890580     90.1286
    890590     89.7508
    890600     89.2744
    890610     90.0202
    890620     90.3766
    890630     88.4239
    890640     89.3858
    890650     88.8933
    890660     89.0956
    890670     89.0011
    890680     88.9042
    890690     90.1796
    890700     90.3215
    890710     88.9126
    890720     89.5693
    890730     89.9388
    890740     89.8374
    890750     90.6326
    890760     90.1245
    890770     90.4677
    890780     89.9514
    890790     89.6176
    890800     90.4915
    890810     89.0979
    890820     89.4721
    890830     89.3549
    890840     90.0311
    890850     89.3694
    890860     89.5927
    890870     89.8635
    890880     88.8172
    890890     89.6473
    890900     89.3982
    890910     89.3915
    890920     90.0608
    890930     90.1841
    890940     89.8582
    890950     89.7693
    890960     89.0644
    890970     88.9865
    890980     89.4575
    890990     89.5232
    891000     89.4315
    891010     89.7526
    891020     89.5823
    891030     89.8162
    891040     90.0061
    891050     89.2982
    891060     90.1673
    891070     89.8765
    891080     89.1865
    891090     89.0152
    891100     89.0716
    891110     89.2804
    891120     90.8344
    891130     89.5257
    891140     89.7377
    891150     88.7427
    891160     89.5268
    891170     90.0517
    891180     89.5172
    891190     89.3259
    891200     88.8428
    891210     88.6108
    891220     88.4519
    891230     88.5337
    891240     89.2922
    891250     88.7673
    891260     88.8921
    891270     89.5156
    891280     88.7651
    891290     89.7947
    891300     89.5271
    891310     89.3663
    891320     90.0312
    891330     89.3909
    891340     89.3411
    891350     88.9671
    891360     89.5035
    891370     89.6385
    891380     89.0369
    891390     89.4153
    891400     89.5901
    891410     89.5078
    891420     89.0354
    891430     88.4163
    891440     88.8071
    891450     88.8528
    891460     88.9388
    891470     88.3393
    891480     88.2342
    891490      89.246
    891500     89.7607
    891510     89.3271
    891520     89.5156
    891530     89.1149
    891540     89.0241
    891550     89.0692
    891560     89.1031
    891570     89.3275
    891580     88.8679
    891590     89.2445
    891600     88.6122
    891610     88.8136
    891620     88.7541
    891630     89.1639
    891640     88.4773
    891650     88.8803
    891660     88.6183
    891670     88.6435
    891680     88.4776
    891690     87.9878
    891700      88.091
    891710     88.9442
    891720     88.7827
    891730      89.268
    891740     88.2637
    891750     88.4566
    891760      89.762
    891770     89.7049
    891780     89.1212
    891790      88.888
    891800     89.5718
    891810     89.1675
    891820     88.8117
    891830     88.8089
    891840     88.5913
    891850       90.12
    891860     88.9372
    891870      89.021
    891880     88.3148
    891890     88.3306
    891900     88.5991
    891910     88.8771
    891920     89.2676
    891930     88.8983
    891940     88.3624
    891950     88.7863
    891960     88.9016
    891970     88.7247
    891980     88.2651
    891990     88.7121
    892000     88.1199
    892010     88.7224
    892020     88.9583
    892030     88.0716
    892040     88.9656
    892050     88.6587
    892060     89.2383
    892070     88.9185
    892080     89.1481
    892090     89.0515
    892100     89.1434
    892110     89.3404
    892120     88.8562
    892130      88.622
    892140     89.2967
    892150     88.9371
    892160     88.3344
    892170     88.6302
    892180     88.4916
    892190     88.7962
    892200     88.2676
    892210     88.7854
    892220     88.6512
    892230     87.8737
    892240      88.214
    892250      88.169
    892260     87.6689
    892270     88.1583
    892280      87.873
    892290     87.8446
    892300     88.7571
    892310     88.1423
    892320     88.1028
    892330     88.5407
    892340      88.538
    892350      88.539
    892360     88.0865
    892370     88.1649
    892380     88.3363
    892390     88.4662
    892400     88.3107
    892410     88.3709
    892420     88.5795
    892430     88.1461
    892440     88.9423
    892450     88.4948
    892460     89.7156
    892470     88.8189
    892480      88.444
    892490     89.0044
    892500     88.5487
    892510     88.9888
    892520     88.5152
    892530     88.1257
    892540     88.5209
    892550     88.1332
    892560     88.9015
    892570     88.4542
    892580     88.8697
    892590     88.1064
    892600     88.2108
    892610     88.2285
    892620     88.0597
    892630     88.2771
    892640     88.5139
    892650     88.2877
    892660     88.3262
    892670        88.2
    892680     87.9176
    892690     88.9112
    892700     88.5919
    892710     88.8524
    892720     87.7583
    892730      87.912
    892740     88.1745
    892750     87.9773
    892760     88.3263
    892770     88.7176
    892780     88.4699
    892790     88.4825
    892800     88.9955
    892810      89.087
    892820     88.8637
    892830     88.7461
    892840     88.4113
    892850     88.5131
    892860     88.0228
    892870     88.0969
    892880     87.8505
    892890     88.4099
    892900     88.2459
    892910     87.7596
    892920     87.3547
    892930       88.39
    892940     88.0304
    892950     87.7405
    892960     87.6066
    892970     87.5566
    892980     87.7972
    892990     87.6777
    893000     88.5093
    893010     88.2532
    893020     87.9672
    893030     88.4835
    893040     88.2921
    893050     87.9074
    893060      88.292
    893070     88.2967
    893080     88.2973
    893090     88.2847
    893100     88.3724
    893110     88.1246
    893120     88.4945
    893130     87.7977
    893140     87.8047
    893150     88.1349
    893160     87.6039
    893170     88.1448
    893180     88.3116
    893190     88.1204
    893200     88.3332
    893210     88.2606
    893220     88.2478
    893230     87.6683
    893240     88.3312
    893250     88.4248
    893260     88.3917
    893270     88.3883
    893280      88.849
    893290     88.0334
    893300     88.0864
    893310     87.8692
    893320     87.7521
    893330     87.7155
    893340     87.8723
    893350     88.1888
    893360      88.274
    893370     88.1187
    893380     88.5288
    893390     87.7859
    893400     87.5621
    893410     88.1899
    893420     88.1796
    893430     87.9897
    893440     87.3119
    893450      88.215
    893460     87.8474
    893470     87.5334
    893480      87.858
    893490     87.5803
    893500     88.2268
    893510     88.0458
    893520     88.1009
    893530     88.1591
    893540     88.1476
    893550      87.548
    893560     88.2501
    893570     88.6989
    893580     88.2825
    893590     88.4311
    893600     87.6014
    893610     88.5609
    893620      88.612
    893630     88.2918
    893640     88.4427
    893650     88.2489
    893660     87.9567
    893670     88.2754
    893680     87.8108
    893690     88.6652
    893700     87.8307
    893710     87.7855
    893720     88.2692
    893730      88.249
    893740     88.2535
    893750     87.9828
    893760     88.2628
    893770     88.4976
    893780     87.9076
    893790     88.0975
    893800     87.8774
    893810     88.0888
    893820     88.9098
    893830     88.6364
    893840     88.3014
    893850     88.2526
    893860     88.7621
    893870     88.4156
    893880     88.2327
    893890     88.0327
    893900     88.1688
    893910     87.9213
    893920     88.4208
    893930      88.437
    893940     87.9796
    893950     88.0114
    893960     87.8388
    893970     88.2581
    893980     88.3352
    893990     88.7641
    894000      88.468
    894010     88.4624
    894020     87.9575
    894030      88.106
    894040     87.9024
    894050     87.8923
    894060      88.233
    894070     87.8728
    894080     87.7829
    894090     87.6653
    894100     87.8328
    894110     88.0622
    894120     87.4528
    894130     87.8751
    894140     88.1089
    894150     87.3869
    894160     87.7549
    894170     87.8009
    894180     87.6401
    894190      87.936
    894200     87.6031
    894210     87.5203
    894220     87.5399
    894230     88.0235
    894240     87.4599
    894250     87.9252
    894260     87.9405
    894270     88.2311
    894280     88.0324
    894290     87.5934
    894300      87.711
    894310     87.6503
    894320     88.2283
    894330     87.9558
    894340     87.9914
    894350     87.7906
    894360      88.064
    894370     87.8162
    894380     87.4645
    894390     88.0895
    894400     87.1211
    894410     87.6787
    894420     88.1775
    894430     88.0498
    894440     87.8327
    894450     87.8263
    894460     87.5984
    894470     87.8252
    894480     87.5766
    894490     88.0575
    894500     87.3956
    894510     87.8008
    894520     87.9805
    894530     87.8195
    894540     87.8561
    894550     87.8267
    894560     88.4606
    894570     88.3064
    894580     87.7784
    894590     88.2814
    894600     88.5363
    894610     88.5376
    894620     87.9619
    894630     87.8363
    894640     87.9334
    894650     88.2168
    894660     87.7236
    894670     87.5936
    894680     87.6386
    894690      88.025
    894700      87.591
    894710     87.9479
    894720     88.8395
    894730     87.9357
    894740     88.4904
    894750     87.8791
    894760     88.5647
    894770     88.2133
    894780     88.0921
    894790     87.8735
    894800     88.3555
    894810     88.8572
    894820     87.8107
    894830     88.4353
    894840     88.4921
    894850     87.7927
    894860     88.2924
    894870     88.7587
    894880     88.6419
    894890     88.2417
    894900      87.919
    894910     88.6668
    894920     88.0465
    894930     88.0828
    894940     87.8929
    894950     87.5919
    894960     87.6975
    894970     88.1927
    894980     88.2325
    894990     88.0346
    895000     88.5265
    895010     88.3698
    895020     87.0435
    895030      87.475
    895040     88.2327
    895050     87.9325
    895060     88.0884
    895070     87.8138
    895080     88.4543
    895090     88.3337
    895100     88.4277
    895110     88.3716
    895120     88.3059
    895130     87.9599
    895140     87.9736
    895150     88.0508
    895160     88.0382
    895170     88.6162
    895180     89.4079
    895190     88.1036
    895200     88.1733
    895210     88.0971
    895220      88.137
    895230     88.4239
    895240     88.2933
    895250     88.5419
    895260     87.9511
    895270     88.1398
    895280     88.0146
    895290     88.2421
    895300     88.0667
    895310     88.3707
    895320     88.2225
    895330     88.1894
    895340     88.3965
    895350     88.1187
    895360     87.9989
    895370     88.0832
    895380     88.7496
    895390     88.9426
    895400      88.944
    895410     89.2066
    895420     88.6872
    895430     88.1844
    895440     88.0723
    895450     88.5828
    895460     88.0105
    895470     88.7794
    895480     88.3788
    895490     88.4177
    895500     88.3288
    895510     88.2543
    895520      89.233
    895530     88.4783
    895540     88.8122
    895550     88.9788
    895560     88.5231
    895570     88.5492
    895580     88.6873
    895590     88.2252
    895600     88.1837
    895610      88.473
    895620     88.5005
    895630     88.0808
    895640     88.2448
    895650     88.2816
    895660     88.7644
    895670     88.1448
    895680     88.3146
    895690     88.8088
    895700     88.0064
    895710     88.2726
    895720     88.5497
    895730     88.4881
    895740     88.6506
    895750     88.9009
    895760     88.3906
    895770     88.7122
    895780      88.676
    895790      88.307
    895800     88.4885
    895810     87.2091
    895820     88.0676
    895830     87.9459
    895840     87.9766
    895850     87.7219
    895860     87.6257
    895870     87.8502
    895880     87.9745
    895890      88.291
    895900     88.3202
    895910     87.6476
    895920     87.8225
    895930     88.2623
    895940     88.2463
    895950     88.2424
    895960     87.6518
    895970     88.3152
    895980     88.4426
    895990     88.1663
    896000     87.8705
    896010      88.265
    896020     87.6845
    896030     87.8156
    896040     87.9416
    896050     88.0648
    896060     87.3352
    896070     88.4815
    896080     88.4351
    896090     87.8012
    896100     87.9953
    896110      88.066
    896120     88.0535
    896130     87.8408
    896140     88.2772
    896150     87.9342
    896160     88.4357
    896170     87.6402
    896180     87.7482
    896190     87.5843
    896200     87.7571
    896210     87.7882
    896220     87.7149
    896230     87.6433
    896240     88.1462
    896250     87.8447
    896260     87.4991
    896270     87.4536
    896280     87.7277
    896290     87.8839
    896300     87.6794
    896310     87.6432
    896320     87.7127
    896330     87.6713
    896340     88.0084
    896350     88.3541
    896360      87.435
    896370     87.6716
    896380      87.922
    896390     87.9607
    896400     87.7296
    896410      87.978
    896420      87.518
    896430     87.8626
    896440     87.3806
    896450     87.7431
    896460     88.0266
    896470     87.9016
    896480      88.504
    896490     88.1464
    896500     87.8968
    896510     88.3136
    896520     88.4112
    896530     88.2768
    896540      87.991
    896550     87.6218
    896560     87.8447
    896570     87.7439
    896580     88.5908
    896590     87.6506
    896600     88.1013
    896610     88.0733
    896620     88.0073
    896630     87.5092
    896640     88.1557
    896650      88.915
    896660     88.0491
    896670     88.0789
    896680     87.6517
    896690     87.4707
    896700     87.7857
    896710     88.0745
    896720      87.858
    896730     87.6051
    896740     87.8774
    896750     87.7205
    896760     87.6022
    896770     88.0614
    896780     87.8892
    896790     87.8683
    896800     87.5807
    896810     87.6171
    896820     88.0176
    896830     88.0086
    896840     87.8528
    896850     87.8372
    896860     87.5011
    896870     87.6977
    896880     88.2627
    896890     87.7777
    896900     88.1373
    896910      88.111
    896920     88.1452
    896930     88.1302
    896940     87.8868
    896950     88.2654
    896960     88.0807
    896970     88.1602
    896980     87.9721
    896990     88.1992
    897000     87.5817
    897010     87.5236
    897020      87.591
    897030     88.0177
    897040     87.9723
    897050     87.6112
    897060      88.699
    897070     87.9057
    897080     88.2397
    897090     88.1952
    897100     87.7363
    897110     87.7475
    897120     88.5148
    897130     87.6424
    897140     87.8989
    897150     87.2798
    897160     87.8633
    897170     87.9775
    897180     88.0266
    897190     88.1942
    897200     87.9061
    897210      87.679
    897220     87.7626
    897230      87.927
    897240     87.6761
    897250     87.7462
    897260     87.9883
    897270     88.1914
    897280     87.3478
    897290     88.1262
    897300     88.0142
    897310     88.1221
    897320     87.4468
    897330     87.9603
    897340     88.0281
    897350     88.2712
    897360     87.9598
    897370     88.0342
    897380     87.5534
    897390     87.5796
    897400     87.8761
    897410     88.0053
    897420     88.6015
    897430     88.5129
    897440     87.6638
    897450     87.8311
    897460     87.9517
    897470     88.0405
    897480     88.6836
    897490     88.0792
    897500     87.8996
    897510     88.3673
    897520     88.2065
    897530     88.5961
    897540     87.9526
    897550     87.9355
    897560      87.969
    897570      87.321
    897580     87.5657
    897590     87.8906
    897600     87.3968
    897610     87.4542
    897620      87.825
    897630     87.0272
    897640       87.29
    897650     87.8193
    897660     87.5415
    897670     87.9698
    897680     88.5673
    897690     87.5788
    897700     87.5473
    897710     87.8725
    897720     88.0413
    897730     87.6699
    897740     88.0396
    897750     88.0426
    897760     88.4581
    897770     87.5655
    897780     87.4604
    897790     87.1834
    897800     87.5763
    897810      87.777
    897820     88.1212
    897830     87.9582
    897840     87.5024
    897850     87.6172
    897860     87.6006
    897870     88.0227
    897880     87.6105
    897890      87.788
    897900     87.6439
    897910     87.3243
    897920      87.752
    897930     87.7778
    897940     87.7925
    897950     87.4086
    897960     87.5163
    897970     87.8484
    897980     87.8867
    897990     87.5686
    898000     87.8175
    898010     87.9232
    898020     87.8108
    898030     87.7823
    898040     87.5745
    898050     87.8413
    898060      87.847
    898070     88.1019
    898080     87.3334
    898090     88.3367
    898100      88.045
    898110       87.31
    898120     87.4856
    898130     87.7699
    898140     87.9201
    898150     87.8554
    898160     88.1141
    898170     88.2243
    898180     87.3089
    898190     87.1767
    898200     88.2292
    898210     87.6253
    898220       87.06
    898230     87.5121
    898240     87.7101
    898250     88.3437
    898260     87.7636
    898270     87.3605
    898280     87.8439
    898290     88.2037
    898300     88.3437
    898310     87.3785
    898320     87.9926
    898330      87.854
    898340      87.693
    898350     87.7746
    898360       87.67
    898370     87.8735
    898380     87.8766
    898390     87.7822
    898400     88.3226
    898410     87.6287
    898420      88.206
    898430     88.5448
    898440     88.1689
    898450     88.7671
    898460     87.6836
    898470      87.938
    898480     88.0514
    898490     88.1538
    898500     87.2366
    898510     87.9231
    898520     87.3159
    898530     87.7662
    898540     88.0159
    898550     87.2612
    898560     87.3709
    898570     87.4119
    898580     87.4947
    898590     87.4965
    898600     87.4965
    898610     87.5219
    898620     87.4568
    898630     87.8047
    898640     88.1514
    898650     88.0345
    898660     88.3696
    898670     87.9894
    898680     88.2547
    898690     88.2544
    898700     87.9146
    898710     87.9913
    898720     88.5693
    898730     87.7931
    898740     88.1004
    898750     88.1288
    898760     88.0322
    898770     87.8817
    898780     87.8595
    898790     87.9469
    898800     87.6744
    898810     87.9057
    898820     88.3555
    898830     87.8085
    898840     88.0521
    898850     87.8097
    898860     87.8435
    898870      87.798
    898880     87.3974
    898890     87.6874
    898900      87.962
    898910     88.2691
    898920     87.8022
    898930     87.4007
    898940     88.0599
    898950     87.7109
    898960     88.6769
    898970     87.9529
    898980     87.7175
    898990     88.1713
    899000     88.9776
    899010     88.3992
    899020     88.3382
    899030     88.6846
    899040     88.3808
    899050     87.7945
    899060     87.8247
    899070     88.1696
    899080     88.4409
    899090     87.7774
    899100     87.5851
    899110     88.6387
    899120     87.9268
    899130     87.7985
    899140     88.0951
    899150     88.1181
    899160     88.0687
    899170     87.7437
    899180      88.048
    899190     88.3341
    899200     88.1895
    899210     87.6859
    899220     87.8847
    899230     87.7881
    899240      88.326
    899250     88.2123
    899260      88.505
    899270     88.5222
    899280     88.3557
    899290      88.116
    899300     87.7458
    899310     88.4341
    899320      88.695
    899330     87.6631
    899340     88.6209
    899350     88.3963
    899360     87.8198
    899370     88.7029
    899380     87.9139
    899390     88.6344
    899400     88.5266
    899410     88.8041
    899420     88.6199
    899430     88.1574
    899440     88.0976
    899450     88.6749
    899460     88.7269
    899470     87.9945
    899480     88.3397
    899490     88.0765
    899500     88.3597
    899510     88.3662
    899520     87.9962
    899530     88.1035
    899540     88.1806
    899550      88.228
    899560     88.1736
    899570     88.4746
    899580     89.0983
    899590     87.6031
    899600     88.0022
    899610     88.2492
    899620     88.3475
    899630     88.3935
    899640     87.7205
    899650     88.1474
    899660     88.2131
    899670     88.2497
    899680     87.9064
    899690     88.2458
    899700     88.5212
    899710     88.0252
    899720     87.5877
    899730      87.823
    899740     88.2758
    899750     87.8959
    899760     88.0007
    899770     87.9492
    899780     87.4506
    899790     87.9325
    899800     87.7779
    899810     87.9887
    899820     87.9594
    899830     87.5174
    899840     87.4592
    899850     87.9384
    899860     87.8333
    899870     87.9437
    899880     88.2508
    899890     88.1183
    899900     88.0319
    899910     88.8172
    899920     88.0271
    899930     88.1144
    899940     88.0095
    899950     88.1053
    899960       87.87
    899970     87.9811
    899980     87.6563
    899990     88.5943
    900000     87.7474
    900010     88.2634
    900020     87.9079
    900030     88.4298
    900040     88.9431
    900050     88.0664
    900060     88.3434
    900070     87.8113
    900080     88.0844
    900090     88.5855
    900100      87.512
    900110     88.2679
    900120     88.3871
    900130     87.7555
    900140     88.0892
    900150     87.9975
    900160     88.3151
    900170     87.9167
    900180     87.6154
    900190     87.5821
    900200     88.2851
    900210     88.0026
    900220     87.8597
    900230     88.2388
    900240     88.0552
    900250     88.6767
    900260     88.4571
    900270     88.3058
    900280     88.2775
    900290     87.8094
    900300      88.799
    900310     87.9101
    900320     88.1607
    900330     88.1918
    900340     88.1279
    900350     88.8064
    900360     87.8335
    900370     88.1113
    900380     88.5571
    900390     88.3284
    900400     88.5078
    900410     88.1777
    900420     88.0847
    900430     88.4639
    900440     88.1348
    900450     88.1466
    900460     87.8962
    900470     88.4502
    900480     88.2178
    900490     87.8651
    900500     88.3755
    900510      88.603
    900520     88.1336
    900530     88.2462
    900540     88.0758
    900550     88.5215
    900560     88.6099
    900570     87.9234
    900580     87.8326
    900590     88.1402
    900600     87.8002
    900610     87.7289
    900620      88.136
    900630     88.1041
    900640      88.193
    900650     87.9596
    900660      87.659
    900670     87.9949
    900680     87.9401
    900690     87.9474
    900700     87.8508
    900710     88.2488
    900720     88.5147
    900730     88.3549
    900740      88.283
    900750     88.3526
    900760      88.118
    900770     88.4924
    900780     88.8899
    900790     88.5587
    900800     87.8509
    900810     88.1079
    900820     88.5132
    900830     88.6192
    900840      89.262
    900850     88.4246
    900860       87.88
    900870     88.0928
    900880     88.5883
    900890     88.8424
    900900     88.6871
    900910     88.8796
    900920     88.9714
    900930     88.2476
    900940     88.2529
    900950     88.3808
    900960     88.0391
    900970     88.8384
    900980     88.9476
    900990     88.7665
    901000     88.1364
    901010     88.7148
    901020     88.3756
    901030     88.7115
    901040     88.5148
    901050     88.6553
    901060     87.8954
    901070     87.8006
    901080     88.4409
    901090     88.8182
    901100     88.5247
    901110     88.0465
    901120       88.04
    901130     88.2531
    901140     88.3962
    901150     88.8291
    901160     88.0097
    901170     88.1874
    901180     87.7754
    901190     88.5914
    901200     88.3457
    901210     89.0112
    901220      88.477
    901230     88.2989
    901240     88.3326
    901250     87.7373
    901260     88.1808
    901270     88.7595
    901280     88.2862
    901290      88.397
    901300     87.9461
    901310     88.0545
    901320     88.0756
    901330     88.1722
    901340     89.0973
    901350     87.7923
    901360     88.0385
    901370      88.254
    901380     88.4061
    901390     88.2019
    901400     88.5981
    901410     88.4103
    901420     88.1548
    901430     87.9496
    901440     88.3202
    901450     87.9813
    901460     88.5127
    901470     87.8229
    901480     88.5134
    901490      88.434
    901500     88.4155
    901510     88.5818
    901520     88.5676
    901530     88.5984
    901540     87.9833
    901550     87.9106
    901560     88.9416
    901570     88.4672
    901580     88.6072
    901590     88.8518
    901600     88.6893
    901610     88.2464
    901620     88.1209
    901630     88.4171
    901640     88.1095
    901650     89.0841
    901660     89.6273
    901670     89.3226
    901680     89.7729
    901690     88.8777
    901700     88.9161
    901710     88.5302
    901720     89.0175
    901730     88.2698
    901740     89.6956
    901750     89.1479
    901760     88.9876
    901770     89.4912
    901780     88.4959
    901790     89.2449
    901800     89.3128
    901810     89.2142
    901820     89.5142
    901830     88.7335
    901840     88.8644
    901850     88.4681
    901860     88.8089
    901870     89.1339
    901880     89.1347
    901890     89.6166
    901900     89.0048
    901910      88.915
    901920      88.601
    901930     88.6292
    901940     88.5965
    901950     89.2618
    901960     88.5132
    901970     88.6282
    901980     88.5899
    901990     89.3567
    902000     89.3242
    902010     89.0499
    902020     88.9189
    902030     89.0169
    902040      88.213
    902050     88.5957
    902060     88.7725
    902070     88.4537
    902080     89.0644
    902090     88.7071
    902100     88.9534
    902110     89.0889
    902120     88.8264
    902130     88.7647
    902140     89.3423
    902150     88.7602
    902160     88.6734
    902170     88.3941
    902180     88.4139
    902190     88.8541
    902200     88.3951
    902210     88.8236
    902220     89.5845
    902230     88.9762
    902240     88.5013
    902250     88.7836
    902260     89.1355
    902270     89.1672
    902280     89.0193
    902290     88.8923
    902300     88.5005
    902310     88.5862
    902320     88.4273
    902330     88.7944
    902340     88.4235
    902350     88.5398
    902360      88.689
    902370     89.0898
    902380     88.5122
    902390     88.7795
    902400     89.4016
    902410     88.1912
    902420      88.452
    902430     88.9427
    902440     88.8415
    902450     88.9066
    902460      88.953
    902470     88.8501
    902480     88.7345
    902490     88.3876
    902500     88.2301
    902510     87.7696
    902520     88.7424
    902530     89.0829
    902540     88.3681
    902550     88.6821
    902560     88.4355
    902570      88.457
    902580     88.7656
    902590     88.7472
    902600     87.9656
    902610     89.0852
    902620     88.6697
    902630     87.9794
    902640     88.5511
    902650     88.1892
    902660     88.4641
    902670     88.6052
    902680     88.2463
    902690     88.3095
    902700     88.6635
    902710     88.9728
    902720     88.3051
    902730      88.447
    902740     88.7373
    902750     88.5656
    902760     88.1749
    902770     87.7419
    902780     87.7995
    902790     88.3307
    902800     89.0419
    902810     88.0642
    902820     87.5782
    902830     88.6889
    902840     88.8091
    902850      88.423
    902860     88.4379
    902870     88.5732
    902880     88.3114
    902890     88.7524
    902900      89.051
    902910     88.2276
    902920     88.5569
    902930     88.2441
    902940     88.1217
    902950     88.2805
    902960     88.3168
    902970     88.8369
    902980     88.7538
    902990     88.0777
    903000     87.9717
    903010     87.5518
    903020     88.3444
    903030     87.9315
    903040     88.1408
    903050     88.2372
    903060     87.8482
    903070     88.4365
    903080     88.0722
    903090     87.7488
    903100     87.7279
    903110     88.1146
    903120     88.3111
    903130     87.8402
    903140     87.9475
    903150     88.5722
    903160     87.6538
    903170      87.606
    903180     87.6836
    903190     88.1244
    903200     88.3089
    903210      87.334
    903220     87.6143
    903230     88.0814
    903240     87.7897
    903250     87.8565
    903260     87.9853
    903270     87.9715
    903280     88.5158
    903290     87.9325
    903300     88.8701
    903310     88.4286
    903320     88.0732
    903330        88.3
    903340     88.0104
    903350     88.4042
    903360     88.4187
    903370     87.7504
    903380     88.0623
    903390     88.7716
    903400     88.5344
    903410     88.3477
    903420     88.1627
    903430      87.911
    903440     88.2341
    903450      87.665
    903460     88.3939
    903470     88.5588
    903480     88.2541
    903490      88.182
    903500     88.7232
    903510     88.3095
    903520     87.9344
    903530     87.7865
    903540       88.01
    903550     88.6266
    903560     88.8203
    903570     88.7914
    903580     87.8744
    903590     88.7887
    903600      89.144
    903610     88.6638
    903620     88.4942
    903630     88.6877
    903640     88.1303
    903650      89.001
    903660     89.2696
    903670     88.9475
    903680     88.6017
    903690     88.5334
    903700     88.1501
    903710     88.1398
    903720     88.3085
    903730     87.8466
    903740     87.9349
    903750     87.9739
    903760     87.3979
    903770     88.5268
    903780     88.1361
    903790     88.1858
    903800     88.5839
    903810      88.935
    903820     88.5112
    903830     88.6941
    903840     88.6625
    903850     88.1939
    903860     88.3998
    903870     88.3881
    903880     87.9327
    903890     88.9706
    903900     89.0824
    903910     88.3935
    903920     88.7631
    903930     88.6137
    903940     89.4989
    903950     88.7223
    903960     88.6474
    903970     87.6299
    903980     88.5831
    903990     88.5809
    904000     88.6423
    904010     88.6434
    904020     88.7613
    904030     88.7498
    904040     88.6302
    904050     88.2366
    904060     87.6908
    904070     88.5871
    904080     88.2095
    904090     88.7646
    904100     88.3251
    904110     88.7145
    904120     88.6656
    904130      87.999
    904140      88.338
    904150     88.1885
    904160     88.0463
    904170     88.5734
    904180     88.2557
    904190     88.4108
    904200     88.5596
    904210     88.5645
    904220     88.4465
    904230     88.9756
    904240     88.4575
    904250     88.9493
    904260     88.7894
    904270     88.5961
    904280     89.0484
    904290     89.3591
    904300     88.9853
    904310     88.2904
    904320     88.4856
    904330     88.2893
    904340     88.5634
    904350     87.9948
    904360     89.0809
    904370     88.7823
    904380     88.1961
    904390     88.8176
    904400     88.5241
    904410     88.1964
    904420     88.1751
    904430      88.353
    904440     87.9849
    904450     88.2697
    904460     87.6735
    904470     88.7687
    904480     88.4286
    904490     88.8051
    904500     88.4251
    904510     88.8023
    904520     89.2238
    904530     89.1627
    904540     88.7916
    904550      88.869
    904560     88.5094
    904570     88.7728
    904580      88.067
    904590     88.7743
    904600     88.3713
    904610      88.699
    904620     88.3335
    904630     88.3467
    904640     88.0509
    904650     88.8719
    904660      88.365
    904670     88.5735
    904680     88.2464
    904690     88.4942
    904700     88.3162
    904710     88.6478
    904720     88.3713
    904730     88.7122
    904740     88.4159
    904750     88.1745
    904760     88.0928
    904770     88.0508
    904780     88.8671
    904790     89.0169
    904800     88.6013
    904810     88.2877
    904820     88.4557
    904830     88.0184
    904840     88.4036
    904850     88.1044
    904860     89.0638
    904870     88.5511
    904880     88.1787
    904890     88.6544
    904900     87.9627
    904910      88.244
    904920     88.2102
    904930     88.1363
    904940     87.7312
    904950     87.8913
    904960     87.5296
    904970     87.8254
    904980      88.028
    904990     88.3534
    905000     88.7478
    905010     88.5367
    905020     88.9536
    905030     88.8954
    905040     88.4352
    905050     88.5575
    905060     88.8261
    905070     88.3338
    905080      88.302
    905090     88.0945
    905100      88.165
    905110     88.6537
    905120      88.264
    905130     87.9731
    905140     88.6326
    905150     88.6053
    905160      88.756
    905170      88.831
    905180     88.5856
    905190     88.4066
    905200     88.4933
    905210     88.1895
    905220     88.2357
    905230     88.7875
    905240       88.55
    905250     88.6716
    905260     87.9887
    905270     88.7392
    905280     88.3638
    905290     88.4313
    905300     88.2567
    905310       88.37
    905320     88.4648
    905330     88.7458
    905340      88.421
    905350      88.581
    905360     88.8315
    905370     88.5239
    905380     88.6826
    905390     88.3963
    905400     88.5389
    905410     88.4276
    905420     88.5947
    905430     88.2321
    905440     88.7243
    905450     88.4119
    905460     88.7446
    905470     88.7467
    905480      88.291
    905490     88.4742
    905500     88.4915
    905510     88.2077
    905520     88.6441
    905530     88.0765
    905540     88.2155
    905550     88.5177
    905560      88.625
    905570     88.5452
    905580     88.7412
    905590     88.7094
    905600     88.4078
    905610     88.5812
    905620     88.1144
    905630       88.16
    905640     88.3042
    905650      88.961
    905660      88.909
    905670     88.1883
    905680     88.4105
    905690     88.7181
    905700     88.8603
    905710     88.8216
    905720     88.5332
    905730     88.2148
    905740     88.0727
    905750     88.6304
    905760     88.6813
    905770     88.8564
    905780     88.7835
    905790     89.0207
    905800     88.6546
    905810     88.6121
    905820     88.7731
    905830     88.2448
    905840     88.8876
    905850     88.5799
    905860     88.7323
    905870     88.5566
    905880     88.8345
    905890     88.8655
    905900     88.6745
    905910     88.6223
    905920     88.7097
    905930     88.9038
    905940     88.6111
    905950     88.9636
    905960     88.7506
    905970     88.4415
    905980     89.3382
    905990     88.3164
    906000     88.2434
    906010     87.8925
    906020     88.0338
    906030     88.6344
    906040     89.4741
    906050      88.352
    906060     88.5869
    906070     88.6255
    906080     88.5765
    906090     88.3681
    906100     88.7044
    906110     88.4454
    906120     89.3898
    906130     88.5142
    906140     88.6233
    906150     88.5976
    906160     88.8384
    906170     88.8293
    906180     88.4507
    906190     89.1501
    906200      88.854
    906210     89.0332
    906220     88.6278
    906230     88.4753
    906240     88.0447
    906250      88.299
    906260      88.525
    906270     88.4614
    906280     89.1606
    906290     88.7838
    906300     88.7411
    906310     89.2192
    906320     89.0282
    906330     88.9224
    906340     88.3389
    906350     88.1012
    906360     88.4055
    906370     89.0167
    906380     88.9685
    906390      89.409
    906400     88.5255
    906410     88.5461
    906420     89.0043
    906430     88.5779
    906440     88.5248
    906450     88.6046
    906460     88.8645
    906470      88.344
    906480     89.1083
    906490     89.0474
    906500     88.8024
    906510       89.16
    906520     88.9972
    906530     89.1548
    906540     88.1523
    906550     88.7264
    906560     89.0606
    906570     88.9807
    906580     88.2815
    906590     88.9074
    906600     88.8693
    906610     89.0792
    906620     89.2206
    906630     88.8809
    906640     88.7636
    906650     88.5321
    906660     88.4352
    906670     89.1097
    906680     88.4582
    906690     88.3358
    906700     88.5934
    906710     88.6411
    906720     89.0152
    906730     88.4935
    906740     88.6631
    906750     88.8561
    906760     88.0155
    906770      88.527
    906780     88.4199
    906790     87.8588
    906800     88.0143
    906810     88.7379
    906820     88.5373
    906830     89.4454
    906840     88.3346
    906850     89.1721
    906860     88.2369
    906870     88.6685
    906880     88.6213
    906890      88.769
    906900     88.1731
    906910      89.432
    906920     88.3384
    906930     88.7401
    906940     89.2996
    906950     89.3819
    906960     89.0932
    906970     88.5128
    906980     89.0838
    906990     88.8039
    907000     88.4367
    907010     89.2094
    907020     88.9023
    907030      88.919
    907040     89.1567
    907050     89.8027
    907060     88.4889
    907070      88.918
    907080     88.8058
    907090     89.1983
    907100     89.0426
    907110     88.7208
    907120     88.3407
    907130     88.6051
    907140     89.7664
    907150     89.7786
    907160     89.1393
    907170     89.3601
    907180     89.3801
    907190     89.3579
    907200     88.9003
    907210     88.8491
    907220     89.9617
    907230      89.221
    907240     88.9116
    907250     88.9336
    907260     88.7953
    907270     88.6242
    907280     89.5767
    907290     89.2378
    907300      88.849
    907310     88.5527
    907320      88.014
    907330     88.8891
    907340     88.8345
    907350     88.4927
    907360     88.1745
    907370     88.3134
    907380     88.2794
    907390     88.1541
    907400     87.9351
    907410     88.3181
    907420     88.2527
    907430     88.8926
    907440     88.6071
    907450     88.5458
    907460     88.2251
    907470     88.8144
    907480     88.5214
    907490     89.0488
    907500     87.7528
    907510     88.2135
    907520     88.1217
    907530     87.8539
    907540     88.6517
    907550     88.1807
    907560     88.0935
    907570     88.7857
    907580     87.5498
    907590     88.4546
    907600     88.0422
    907610     88.2412
    907620     88.6641
    907630     88.3358
    907640     89.1655
    907650     89.1401
    907660     89.2509
    907670     88.7787
    907680     88.4912
    907690     88.4129
    907700     88.2672
    907710      88.094
    907720     88.9903
    907730       89.16
    907740     88.4876
    907750     88.6544
    907760     88.2089
    907770     88.2803
    907780     88.8637
    907790     88.6622
    907800     88.6676
    907810     88.1496
    907820     88.5276
    907830     88.3067
    907840      88.459
    907850     88.2309
    907860     89.2461
    907870     88.4189
    907880     88.5129
    907890     88.9903
    907900      88.282
    907910     88.4084
    907920     88.8179
    907930     88.5409
    907940      87.963
    907950     88.5379
    907960     88.0878
    907970     88.2208
    907980     88.0617
    907990     87.9016
    908000     88.6045
    908010     88.2637
    908020     88.1483
    908030     88.7031
    908040     88.5209
    908050     88.1407
    908060     88.5327
    908070     88.8213
    908080     88.7697
    908090      88.151
    908100     87.7885
    908110       88.39
    908120     88.5957
    908130     88.7881
    908140     88.5134
    908150     88.5002
    908160     88.8421
    908170     88.4206
    908180     88.0532
    908190     89.1413
    908200     88.1273
    908210     88.8022
    908220     89.1637
    908230     88.5013
    908240     88.6166
    908250      88.451
    908260     88.3317
    908270     88.3637
    908280     89.0104
    908290     88.6697
    908300     88.9584
    908310      88.838
    908320     88.8707
    908330     89.1364
    908340     89.1096
    908350     88.7975
    908360     88.2896
    908370     88.5216
    908380      88.303
    908390     88.3746
    908400     88.0553
    908410     88.1574
    908420     88.2364
    908430     88.1414
    908440     88.3486
    908450     88.4718
    908460     88.8189
    908470     88.3204
    908480     88.2042
    908490     88.5658
    908500     89.1843
    908510     88.8782
    908520     89.2322
    908530     88.9408
    908540     89.6333
    908550     89.1866
    908560     89.0975
    908570     89.1975
    908580     89.2189
    908590      88.879
    908600     88.9712
    908610     88.8849
    908620     88.4537
    908630     89.1527
    908640     88.6375
    908650     88.6777
    908660     88.4904
    908670      88.686
    908680     88.7536
    908690     89.2075
    908700     89.0666
    908710     88.4263
    908720     88.2299
    908730     89.1525
    908740     88.8237
    908750      88.261
    908760     88.6522
    908770     88.3063
    908780     87.8491
    908790     87.6295
    908800     88.7402
    908810     88.5906
    908820     88.7094
    908830     89.1205
    908840      88.665
    908850     88.2664
    908860     87.9614
    908870     88.2484
    908880     87.9668
    908890     88.0702
    908900     88.5118
    908910     88.3797
    908920     87.7681
    908930       88.16
    908940     87.9052
    908950     88.1642
    908960     88.2246
    908970     87.6361
    908980     88.2716
    908990     88.2418
    909000     88.3902
    909010     88.3522
    909020     88.8582
    909030     88.1916
    909040     88.0816
    909050     88.1479
    909060     88.0121
    909070     88.2549
    909080     87.7869
    909090     87.9817
    909100     88.2188
    909110     88.1966
    909120     87.9563
    909130     87.7189
    909140     87.8861
    909150     87.7522
    909160     87.7452
    909170     87.7343
    909180     87.7167
    909190     88.2398
    909200     88.2796
    909210     87.7979
    909220      88.112
    909230     88.1762
    909240     87.5606
    909250     88.1418
    909260     88.4752
    909270     88.2334
    909280     88.0096
    909290     88.3773
    909300     88.2123
    909310     88.1832
    909320     88.1513
    909330     88.1959
    909340     88.0796
    909350     88.3722
    909360     87.5397
    909370     87.7171
    909380     87.9867
    909390      88.006
    909400     88.4939
    909410     88.2392
    909420     88.4276
    909430     87.9142
    909440     87.6757
    909450     88.3246
    909460     87.9138
    909470     88.2645
    909480     87.6699
    909490     88.2827
    909500     87.6365
    909510     88.2677
    909520     87.9649
    909530     88.2181
    909540     87.7522
    909550     88.3285
    909560     88.2172
    909570     88.2736
    909580     87.8292
    909590     87.8691
    909600     88.2653
    909610     87.9558
    909620     88.4808
    909630     88.2352
    909640     88.4045
    909650     87.8987
    909660     88.2553
    909670       88.32
    909680     88.5908
    909690     88.2414
    909700     88.3115
    909710     88.2554
    909720     88.4835
    909730     87.8021
    909740     88.4005
    909750      88.073
    909760     88.4178
    909770     87.6049
    909780     88.2153
    909790     88.7255
    909800     88.3798
    909810     88.1561
    909820     87.9618
    909830      88.318
    909840     87.9298
    909850     88.1109
    909860     88.2277
    909870     88.5392
    909880     88.7089
    909890     87.9672
    909900     88.2844
    909910     87.9442
    909920     87.6335
    909930     87.9309
    909940     87.5897
    909950      87.819
    909960     87.6619
    909970     87.5658
    909980     87.7677
    909990      87.957
    910000     87.7266
    910010     87.8288
    910020     88.2424
    910030     87.9417
    910040     88.0823
    910050      88.086
    910060     87.7209
    910070     87.8868
    910080     88.0778
    910090     87.8565
    910100     87.9404
    910110     88.1103
    910120     87.3792
    910130     87.5264
    910140     88.2201
    910150     87.9961
    910160     87.7839
    910170     87.8995
    910180     88.0077
    910190     88.0441
    910200     88.2326
    910210     87.9003
    910220     87.5188
    910230     88.3331
    910240     87.9671
    910250     88.3669
    910260     88.1439
    910270       87.58
    910280     88.7939
    910290     88.0377
    910300     87.9994
    910310     87.8757
    910320      88.313
    910330      88.566
    910340     88.1067
    910350      89.006
    910360     88.6384
    910370     88.0465
    910380     87.9408
    910390     87.8874
    910400     88.1039
    910410     87.8063
    910420     87.3855
    910430     87.6905
    910440      87.801
    910450     87.8596
    910460     87.7757
    910470     87.7253
    910480     88.1702
    910490     88.0881
    910500     87.8949
    910510     88.3975
    910520     88.0458
    910530     87.7034
    910540     87.6054
    910550     87.6356
    910560     87.4727
    910570     88.0032
    910580     87.6391
    910590     87.3913
    910600     87.3702
    910610     88.2491
    910620     87.9688
    910630     87.8091
    910640     86.9846
    910650     87.5114
    910660     87.6968
    910670     87.4476
    910680     87.7673
    910690     88.1297
    910700     87.4953
    910710     87.4174
    910720     87.7344
    910730     87.7513
    910740     87.8052
    910750     87.5224
    910760     87.5549
    910770     87.9754
    910780     87.6819
    910790     87.7913
    910800     87.6621
    910810     87.9565
    910820     87.9714
    910830     87.5356
    910840     87.8535
    910850     87.4538
    910860     87.0913
    910870     87.6882
    910880     87.4234
    910890     87.3775
    910900     88.1442
    910910     88.0434
    910920     87.5821
    910930     87.3584
    910940     87.8789
    910950     87.5968
    910960     87.2661
    910970     87.6525
    910980     88.0992
    910990      87.969
    911000      87.564
    911010     87.5961
    911020      87.447
    911030     87.7041
    911040     86.9912
    911050      87.318
    911060     87.2464
    911070     87.5127
    911080     87.4514
    911090     87.6739
    911100     86.9745
    911110     87.1916
    911120     87.2074
    911130     87.6949
    911140     87.3545
    911150     87.6618
    911160     87.7266
    911170     87.4563
    911180     87.5738
    911190     87.5141
    911200     87.5263
    911210     87.3532
    911220     87.1996
    911230     87.9239
    911240     87.1237
    911250     87.3787
    911260     87.4886
    911270     87.6306
    911280     87.4666
    911290     87.5994
    911300     87.6606
    911310     87.9234
    911320      87.882
    911330     87.6549
    911340     87.5744
    911350     87.8698
    911360     88.0601
    911370     88.0408
    911380     88.2749
    911390       88.05
    911400     87.6815
    911410     87.8199
    911420     87.8439
    911430      87.704
    911440     87.5679
    911450     87.5119
    911460     87.6384
    911470     87.9615
    911480     87.7049
    911490     87.5639
    911500     87.5499
    911510      87.569
    911520     87.6303
    911530     87.3734
    911540     87.7386
    911550     88.1901
    911560     87.6395
    911570     87.9061
    911580     87.6354
    911590     87.4937
    911600     87.5036
    911610     87.3132
    911620     87.6978
    911630     87.4825
    911640     87.3115
    911650     86.6347
    911660     86.4951
    911670     87.1888
    911680     87.1491
    911690      87.236
    911700      87.554
    911710     86.7838
    911720     87.3616
    911730     87.1077
    911740     87.2253
    911750     87.0463
    911760     87.1081
    911770      86.692
    911780     86.9561
    911790     87.2836
    911800     87.2152
    911810     87.2886
    911820     87.3541
    911830     87.1714
    911840     87.0713
    911850     87.0024
    911860      87.475
    911870     86.6932
    911880     87.0904
    911890     87.3358
    911900     86.5763
    911910     87.0381
    911920     86.6962
    911930     86.9058
    911940     87.7582
    911950     86.8634
    911960     87.1647
    911970     86.8834
    911980     87.2359
    911990     87.1282
    912000     87.4925
    912010     86.4155
    912020     86.8573
    912030      87.191
    912040     86.8941
    912050     87.5129
    912060     86.9693
    912070     87.2378
    912080     87.4523
    912090     87.2706
    912100     87.2365
    912110     87.0288
    912120     87.0362
    912130     87.1084
    912140      86.899
    912150     87.1528
    912160        87.4
    912170     87.4551
    912180     87.4065
    912190     87.1156
    912200     86.3191
    912210     86.9202
    912220     86.9506
    912230     87.4586
    912240     86.9999
    912250     87.1328
    912260     87.1875
    912270     86.7399
    912280     87.1087
    912290     87.0498
    912300     87.3233
    912310      86.904
    912320     87.6684
    912330     87.5587
    912340     87.4173
    912350     87.2581
    912360     87.9548
    912370     87.2247
    912380     87.4612
    912390     87.9681
    912400     87.7898
    912410     87.7037
    912420     87.8798
    912430     87.8999
    912440     87.9562
    912450     88.1028
    912460     88.1093
    912470     88.0049
    912480      87.723
    912490     87.9002
    912500     88.0319
    912510     87.6763
    912520     88.3464
    912530     87.4813
    912540     87.6947
    912550     88.0014
    912560     87.8009
    912570     88.0438
    912580     88.2086
    912590     88.0845
    912600     87.8458
    912610     88.2873
    912620     87.6249
    912630     88.1314
    912640     88.8443
    912650     87.9958
    912660     88.0001
    912670     88.4653
    912680     88.2913
    912690      88.176
    912700     88.0109
    912710     88.3849
    912720     88.2736
    912730     88.3966
    912740     88.3878
    912750     87.6927
    912760     88.9588
    912770     88.5503
    912780     88.3021
    912790     87.9952
    912800     88.2728
    912810     87.7919
    912820     87.6632
    912830     88.0612
    912840     87.6566
    912850     87.3983
    912860     87.6244
    912870     87.5001
    912880     87.5341
    912890     87.0494
    912900     86.8344
    912910     87.2075
    912920      86.587
    912930      87.011
    912940     86.9443
    912950     87.1173
    912960     87.0391
    912970     87.1058
    912980      86.654
    912990      87.122
    913000     86.7128
    913010     86.8986
    913020     87.1469
    913030     87.0584
    913040     87.2285
    913050     86.7433
    913060     87.2849
    913070       87.07
    913080      87.272
    913090     88.0264
    913100     87.7723
    913110       87.17
    913120     87.5419
    913130     87.7584
    913140     87.3738
    913150     87.2556
    913160     87.4019
    913170     87.6414
    913180     87.2227
    913190     87.5894
    913200     87.8296
    913210     87.3426
    913220     87.4684
    913230     88.2013
    913240      87.212
    913250     87.6147
    913260     87.6222
    913270     87.8013
    913280      87.522
    913290     87.9712
    913300     87.8673
    913310     87.2649
    913320       87.76
    913330     87.3858
    913340     87.8545
    913350     87.3309
    913360     87.2353
    913370     87.9341
    913380     87.3764
    913390     87.6519
    913400     87.4391
    913410     87.2816
    913420     87.7401
    913430     87.5808
    913440     86.9315
    913450     87.3522
    913460     87.6016
    913470     87.7285
    913480     87.4613
    913490     87.7744
    913500     87.5208
    913510     87.5007
    913520     87.8572
    913530     87.5818
    913540     87.2001
    913550     87.4905
    913560     87.8197
    913570     87.1222
    913580     87.2798
    913590     87.1915
    913600     87.6351
    913610     87.4396
    913620     87.4588
    913630      87.458
    913640     87.7365
    913650     87.3281
    913660     87.7004
    913670     87.4931
    913680     87.9774
    913690     87.3318
    913700     87.0912
    913710     87.5528
    913720     87.6229
    913730     87.1372
    913740     87.8195
    913750     87.5483
    913760     87.3638
    913770     87.6082
    913780     88.2536
    913790     87.6347
    913800     87.5013
    913810     87.5033
    913820     87.7931
    913830     87.9489
    913840     87.2826
    913850     87.8804
    913860      87.662
    913870     88.3074
    913880     87.6743
    913890     87.6494
    913900     87.6266
    913910     87.9601
    913920     87.5388
    913930     88.1625
    913940     87.5754
    913950     87.6279
    913960     87.7935
    913970     87.6256
    913980     88.1021
    913990     88.0478
    914000     88.2688
    914010     87.4973
    914020     87.8461
    914030      88.222
    914040     87.2613
    914050     87.4673
    914060     87.9573
    914070     87.6048
    914080     87.7882
    914090     87.3847
    914100     87.7491
    914110     87.4438
    914120     87.8892
    914130     87.5862
    914140     87.3334
    914150     87.8917
    914160     87.7787
    914170     87.5797
    914180     87.9266
    914190     87.5859
    914200       87.96
    914210      88.151
    914220     87.6185
    914230      87.534
    914240     87.8509
    914250      88.022
    914260     88.0985
    914270     87.5808
    914280     87.7958
    914290     88.0737
    914300     87.9305
    914310     87.7797
    914320     87.9437
    914330     88.3016
    914340      87.738
    914350     87.5866
    914360     88.1332
    914370     87.8684
    914380     88.0583
    914390     87.7741
    914400     88.0293
    914410     88.1208
    914420     88.7119
    914430     88.4707
    914440     88.6057
    914450     88.1219
    914460     88.2488
    914470     88.5289
    914480     88.5298
    914490     88.2847
    914500      88.225
    914510     88.6534
    914520     87.7587
    914530     88.1088
    914540     88.3201
    914550     88.7019
    914560     88.3994
    914570     88.5574
    914580     88.4186
    914590     88.0871
    914600     88.1076
    914610     88.4705
    914620     88.3542
    914630     88.4765
    914640     88.3114
    914650     88.3025
    914660     88.3558
    914670     89.0081
    914680     88.5959
    914690     88.7276
    914700     88.6779
    914710     88.8178
    914720     88.7865
    914730     88.6509
    914740     88.2801
    914750     88.2911
    914760     88.5843
    914770     88.6265
    914780     88.4414
    914790     88.2339
    914800     88.6793
    914810      88.533
    914820     88.4296
    914830     88.2855
    914840     88.2781
    914850     88.2834
    914860     88.2493
    914870     87.9355
    914880     88.2055
    914890     88.6777
    914900     88.1836
    914910     88.1079
    914920     87.7883
    914930      87.834
    914940     88.4784
    914950     88.1125
    914960     88.6924
    914970     88.5897
    914980     87.8269
    914990     87.8847
    915000     87.7308
    915010     88.1301
    915020     87.5541
    915030     88.3086
    915040     88.0157
    915050     88.2458
    915060     87.2068
    915070     88.0845
    915080     87.3123
    915090     87.5281
    915100     87.7619
    915110     88.0224
    915120     87.6444
    915130     87.5384
    915140     87.8771
    915150     87.6525
    915160     87.6621
    915170      87.739
    915180      87.514
    915190     87.5505
    915200     87.6456
    915210     88.1747
    915220     88.0704
    915230     87.7753
    915240      88.174
    915250     87.2607
    915260     87.7738
    915270     87.7914
    915280     88.2436
    915290     87.6517
    915300     87.5526
    915310     87.4061
    915320     87.6725
    915330     87.7309
    915340      87.087
    915350     87.5786
    915360     87.7647
    915370     88.1522
    915380     87.7981
    915390     87.6216
    915400     87.7249
    915410     87.4793
    915420     87.2273
    915430     87.3388
    915440     87.6215
    915450     88.0401
    915460     87.6078
    915470     87.8557
    915480     87.4621
    915490     87.8698
    915500     87.6908
    915510     87.5529
    915520     87.8286
    915530     87.5948
    915540     87.6538
    915550     87.5647
    915560     87.2351
    915570     87.8815
    915580     87.2857
    915590      87.579
    915600     87.7244
    915610     87.7102
    915620     88.1283
    915630      87.544
    915640     88.1007
    915650     88.0422
    915660      88.042
    915670     88.1183
    915680      87.572
    915690     88.0212
    915700     87.8147
    915710     87.4277
    915720     87.9811
    915730     87.9323
    915740     88.0497
    915750     87.7383
    915760     87.6023
    915770     87.9331
    915780     87.8498
    915790     87.9505
    915800     87.5703
    915810     87.9963
    915820     87.9408
    915830     87.8431
    915840      87.748
    915850     87.6898
    915860     87.1919
    915870     87.9179
    915880     87.2467
    915890     87.7381
    915900     87.9148
    915910     87.9187
    915920     87.9493
    915930     87.3858
    915940     87.5155
    915950     88.2257
    915960     87.4767
    915970     87.0942
    915980     87.6084
    915990     87.3854
    916000     87.2637
    916010     87.2425
    916020     87.0173
    916030     87.2801
    916040     87.3366
    916050     87.1529
    916060     87.2186
    916070     86.9917
    916080     87.3682
    916090     87.5042
    916100     87.3194
    916110      87.604
    916120     87.7577
    916130     87.3704
    916140     87.7221
    916150     87.3398
    916160     87.5767
    916170     87.1884
    916180     87.0745
    916190     87.3312
    916200     87.5964
    916210     87.2568
    916220     87.7369
    916230     87.1771
    916240     87.6717
    916250     87.3801
    916260     87.2292
    916270     87.0269
    916280     87.2768
    916290     86.8908
    916300     87.5895
    916310      87.263
    916320     87.8873
    916330     87.5052
    916340      88.128
    916350     87.6514
    916360     86.6407
    916370     87.4744
    916380     87.4405
    916390     87.0309
    916400     87.7337
    916410     87.7853
    916420     87.5774
    916430     87.8066
    916440     87.6134
    916450      87.873
    916460     88.2261
    916470     88.4338
    916480        88.1
    916490     87.9927
    916500     88.4095
    916510     88.3713
    916520     87.8596
    916530     87.5381
    916540     87.3056
    916550      87.599
    916560     87.6741
    916570     88.0195
    916580      88.842
    916590     88.6116
    916600     88.0929
    916610     87.3454
    916620     87.8249
    916630     87.2457
    916640      87.192
    916650     87.5255
    916660     87.7161
    916670     87.2962
    916680     87.1563
    916690     87.1074
    916700     87.7767
    916710     86.9926
    916720     87.5892
    916730     87.3072
    916740     87.6042
    916750      86.955
    916760     87.0449
    916770     86.3568
    916780     86.8787
    916790     86.8189
    916800     87.1993
    916810     87.5896
    916820     87.7177
    916830     87.2092
    916840     87.8139
    916850     87.8723
    916860     88.0425
    916870     87.0712
    916880     88.2397
    916890      87.985
    916900      87.766
    916910     87.8831
    916920      87.954
    916930     88.4382
    916940     88.8224
    916950     88.3765
    916960     87.8644
    916970     88.0166
    916980     88.0499
    916990     88.1029
    917000       87.52
    917010     87.5912
    917020     88.1965
    917030     87.7667
    917040      87.685
    917050     87.4732
    917060     87.8846
    917070     87.2525
    917080     87.4675
    917090     87.2445
    917100     87.3241
    917110     87.2355
    917120     87.2186
    917130      87.302
    917140     87.0924
    917150     87.3601
    917160     87.2567
    917170     87.0945
    917180     87.5884
    917190     87.1004
    917200     87.0595
    917210     87.5956
    917220     87.5671
    917230     87.7073
    917240     87.0093
    917250     87.3344
    917260     87.2218
    917270     86.7161
    917280     87.0919
    917290     87.0918
    917300     86.9643
    917310     87.3274
    917320      87.857
    917330     87.6898
    917340     87.6359
    917350     87.7971
    917360     87.4047
    917370     87.9057
    917380     87.9303
    917390     88.4134
    917400     87.7287
    917410     87.2839
    917420     87.0574
    917430     87.3337
    917440     87.3091
    917450     86.9664
    917460     86.5396
    917470     86.9162
    917480     87.2136
    917490     87.0625
    917500     87.3803
    917510     87.2817
    917520     87.5273
    917530     87.3964
    917540      87.771
    917550     86.9141
    917560     86.9755
    917570     87.0686
    917580     87.3518
    917590     87.7987
    917600      87.773
    917610     87.3977
    917620     87.7172
    917630      87.152
    917640     87.4683
    917650     87.7086
    917660     87.6074
    917670     87.4656
    917680     87.5222
    917690     86.8907
    917700     87.4565
    917710     87.8203
    917720      87.462
    917730     87.5966
    917740     87.2129
    917750     87.4919
    917760     87.9963
    917770      87.615
    917780     87.8063
    917790     87.5428
    917800     87.2826
    917810     87.5971
    917820     87.5817
    917830     87.1871
    917840      87.443
    917850     87.3253
    917860     87.4901
    917870     87.2777
    917880     87.3961
    917890     86.6604
    917900     87.5832
    917910      87.138
    917920     87.4749
    917930     87.3086
    917940     87.6367
    917950     87.5419
    917960     87.5637
    917970      87.811
    917980     88.0341
    917990     88.2998
    918000     87.1584
    918010     87.2975
    918020     87.2702
    918030     87.3855
    918040     87.0947
    918050     87.3165
    918060     87.4932
    918070     87.9226
    918080     87.6495
    918090     88.0667
    918100     87.2869
    918110     87.7611
    918120     87.1575
    918130     87.4758
    918140     87.4824
    918150     87.8389
    918160     86.9841
    918170     87.4531
    918180      87.373
    918190     87.6096
    918200     87.3083
    918210     86.6112
    918220     87.3711
    918230     86.5007
    918240     87.0569
    918250       86.45
    918260     86.5003
    918270     87.0601
    918280     86.9759
    918290     87.1673
    918300     86.8926
    918310     87.1146
    918320     86.8725
    918330     86.9658
    918340     87.1523
    918350     87.3265
    918360     87.0262
    918370     87.2953
    918380     86.8596
    918390     87.0489
    918400      87.183
    918410      86.977
    918420     86.9314
    918430     87.4532
    918440     87.5907
    918450     87.3721
    918460     86.9751
    918470     87.2532
    918480     87.1137
    918490     88.0285
    918500     87.3415
    918510     87.4366
    918520     87.0388
    918530     87.2361
    918540     87.7161
    918550      87.431
    918560     87.5705
    918570      87.732
    918580     86.9473
    918590     87.3483
    918600     88.0777
    918610     87.7825
    918620     87.0612
    918630     86.8745
    918640     87.3613
    918650     87.4186
    918660     87.5156
    918670     87.8066
    918680     87.1281
    918690     87.3215
    918700     86.7767
    918710     86.9147
    918720     86.7627
    918730      86.573
    918740     86.8006
    918750     86.6814
    918760     86.7321
    918770     87.2722
    918780     87.2978
    918790     86.6807
    918800     86.7313
    918810     87.0863
    918820     87.3526
    918830     87.0637
    918840     87.0103
    918850      87.143
    918860      86.921
    918870     86.9728
    918880     86.5693
    918890     87.0795
    918900     87.5009
    918910     86.9203
    918920     87.8201
    918930     88.3723
    918940     87.3091
    918950     87.5083
    918960      87.136
    918970     87.1071
    918980     87.2093
    918990     87.5772
    919000     87.2391
    919010     87.1782
    919020     87.4714
    919030     86.7138
    919040     87.1436
    919050      87.351
    919060     86.9814
    919070     87.1076
    919080     87.0237
    919090     87.6496
    919100     86.7609
    919110     87.2328
    919120     87.5024
    919130     87.1623
    919140     87.2303
    919150     87.0898
    919160     87.4219
    919170     87.1381
    919180      87.004
    919190     87.1595
    919200     87.6609
    919210     87.2161
    919220     87.6375
    919230     87.4743
    919240     87.3712
    919250     87.5091
    919260      87.308
    919270     87.5979
    919280     87.1303
    919290     87.3822
    919300     87.2292
    919310     87.4566
    919320     87.2227
    919330     87.0161
    919340     87.4603
    919350      87.445
    919360     87.3252
    919370     87.1159
    919380     87.4646
    919390     85.8697
    919400     86.5643
    919410     85.4832
    919420     86.4548
    919430     87.5762
    919440     87.4382
    919450     86.7533
    919460     87.6578
    919470     87.0595
    919480     87.0537
    919490     87.1068
    919500     87.1359
    919510      87.325
    919520      87.617
    919530     87.5942
    919540     86.9417
    919550     87.9035
    919560     87.8279
    919570     87.7298
    919580     87.6459
    919590     88.3494
    919600     87.7797
    919610     88.9035
    919620     87.8143
    919630     88.5049
    919640     88.2452
    919650     87.3167
    919660      87.646
    919670     87.8125
    919680     87.3697
    919690     88.0272
    919700      88.122
    919710     87.9713
    919720     87.7183
    919730     87.9603
    919740     87.2874
    919750     86.8778
    919760     86.9802
    919770     86.7327
    919780     87.6782
    919790     87.6524
    919800      87.051
    919810     87.2353
    919820      87.302
    919830     87.4671
    919840     87.2282
    919850     87.4038
    919860     86.5329
    919870     87.3825
    919880     87.3638
    919890     86.9025
    919900     87.0561
    919910     87.0413
    919920     86.6514
    919930     87.1136
    919940     86.9169
    919950     87.2105
    919960     86.8471
    919970     87.2858
    919980     87.3665
    919990     87.6169
    920000     87.2949
    920010     87.6234
    920020     88.4785
    920030     87.9515
    920040     87.1864
    920050     87.7095
    920060     88.2604
    920070     87.0496
    920080     88.1784
    920090     87.6324
    920100     87.3158
    920110     86.8758
    920120     88.0248
    920130     87.4246
    920140     87.8261
    920150     87.5017
    920160     87.2464
    920170     87.5889
    920180     88.2804
    920190     88.6858
    920200     87.8076
    920210     87.8642
    920220     87.8111
    920230     87.7175
    920240     87.5031
    920250     89.1205
    920260     88.3436
    920270     88.2141
    920280     87.2742
    920290     87.9893
    920300     88.2143
    920310       88.04
    920320     88.9209
    920330     87.8368
    920340     88.8219
    920350     87.5147
    920360      88.432
    920370     88.3825
    920380     88.5528
    920390     88.5649
    920400     88.4761
    920410     88.5062
    920420     88.3367
    920430     88.6364
    920440     88.6835
    920450     88.5998
    920460     88.4902
    920470     88.9742
    920480      88.922
    920490     88.8996
    920500     88.4511
    920510     88.1072
    920520     88.6566
    920530     88.6872
    920540     88.6649
    920550     88.6063
    920560     88.3608
    920570     88.0821
    920580     88.7946
    920590     88.7998
    920600     88.2249
    920610     88.6909
    920620     88.5513
    920630     88.5144
    920640     87.7467
    920650     88.3128
    920660     87.6873
    920670     87.9265
    920680     88.5548
    920690     87.9926
    920700     88.7182
    920710     88.2961
    920720     87.6065
    920730     87.9582
    920740     87.8717
    920750     88.3865
    920760     88.1916
    920770      88.686
    920780     88.2551
    920790     88.6942
    920800     87.8454
    920810     87.4676
    920820     87.6867
    920830     87.5863
    920840     88.1074
    920850     88.4219
    920860     87.7225
    920870     87.9943
    920880     88.4533
    920890     88.2722
    920900     89.1447
    920910     88.5512
    920920      88.686
    920930     88.5687
    920940     87.6485
    920950     88.8726
    920960     88.3352
    920970     88.8482
    920980     88.6499
    920990     88.4151
    921000     87.8948
    921010     88.0853
    921020     87.8522
    921030     87.3573
    921040     87.3953
    921050      87.532
    921060     88.1616
    921070     87.4527
    921080     87.9937
    921090     87.7813
    921100     88.0735
    921110     87.6084
    921120     87.8895
    921130     87.8264
    921140     88.0641
    921150      88.302
    921160     87.7014
    921170     88.3472
    921180     87.5698
    921190     87.7737
    921200     87.3858
    921210     88.3597
    921220     88.0269
    921230     66.5446
    921240     88.3834
    921250     88.6029
    921260     89.1407
    921270     88.6081
    921280     88.7747
    921290      88.486
    921300     87.6039
    921310     87.7425
    921320     88.3558
    921330     88.2899
    921340     88.0017
    921350     87.8071
    921360     87.2508
    921370     87.3801
    921380     87.8369
    921390     88.1763
    921400     88.3295
    921410     87.9379
    921420     88.5468
    921430      88.108
    921440      87.844
    921450     87.9756
    921460     88.3397
    921470     87.8732
    921480      87.877
    921490     87.7146
    921500     87.4598
    921510     87.2492
    921520     88.1998
    921530     87.2665
    921540     88.1695
    921550     88.4559
    921560     87.8123
    921570     87.7664
    921580     87.8776
    921590     88.5014
    921600     87.5189
    921610     88.0549
    921620     88.6853
    921630     88.4541
    921640     88.7966
    921650     88.7481
    921660     88.4746
    921670     88.2275
    921680     88.2379
    921690     88.2422
    921700     88.6988
    921710     87.8646
    921720     88.2368
    921730     87.6752
    921740     87.7216
    921750     87.8598
    921760     88.0527
    921770     88.3616
    921780     87.3671
    921790     87.9783
    921800     87.8326
    921810     88.3111
    921820     88.0614
    921830     88.1598
    921840     88.4297
    921850     88.7704
    921860     88.9863
    921870      87.977
    921880     86.9926
    921890     88.1455
    921900     88.4264
    921910     88.2364
    921920     88.2346
    921930     88.3345
    921940     88.2229
    921950     88.3279
    921960     88.0608
    921970     87.5521
    921980     87.9384
    921990     87.6077
    922000     87.6824
    922010     87.7124
    922020     88.3962
    922030     87.9154
    922040     86.9362
    922050     87.9034
    922060     87.8287
    922070     87.5055
    922080     87.4574
    922090     87.8434
    922100     87.5098
    922110     87.6478
    922120     87.5782
    922130     87.5888
    922140     87.0789
    922150     87.2782
    922160     87.1387
    922170     86.5608
    922180     87.7832
    922190     87.3445
    922200     87.6858
    922210     87.2601
    922220     86.9677
    922230     86.9261
    922240     87.9434
    922250     87.5975
    922260     87.7906
    922270     87.9881
    922280     87.4959
    922290     88.3193
    922300     88.1966
    922310     88.2721
    922320     87.6729
    922330      87.264
    922340     86.9631
    922350     86.7085
    922360     86.8995
    922370     87.4556
    922380     87.2438
    922390     87.2034
    922400     87.0605
    922410     87.2702
    922420     87.2469
    922430     86.9487
    922440     87.4664
    922450     86.3517
    922460     86.5313
    922470     87.2947
    922480     87.8944
    922490     86.9967
    922500     87.1522
    922510     87.0724
    922520     86.5171
    922530      87.665
    922540     86.8691
    922550      86.723
    922560     86.1971
    922570     86.0121
    922580     86.2209
    922590     86.4625
    922600     85.7372
    922610      86.803
    922620      86.304
    922630     87.5673
    922640     87.3083
    922650     86.8665
    922660     86.2654
    922670     87.2765
    922680     86.9627
    922690     86.5797
    922700     86.1886
    922710     86.4925
    922720     87.0068
    922730       86.13
    922740     86.8085
    922750     86.2632
    922760     86.2915
    922770     86.1692
    922780     85.8282
    922790     86.2318
    922800     86.4941
    922810     87.1072
    922820     86.6404
    922830     87.3349
    922840     86.5399
    922850      86.183
    922860      86.934
    922870     86.4669
    922880     86.3617
    922890     86.4463
    922900      86.396
    922910     85.8347
    922920      86.758
    922930     85.3135
    922940      85.965
    922950     86.4347
    922960     87.2143
    922970     86.6825
    922980     86.7842
    922990     85.9835
    923000     87.0594
    923010     86.8932
    923020     87.1007
    923030     87.4147
    923040     87.9824
    923050     86.9721
    923060     86.9923
    923070     86.5993
    923080     86.4001
    923090     86.8714
    923100     87.7407
    923110     87.1543
    923120     87.5968
    923130     87.7328
    923140     87.2858
    923150     87.0225
    923160     87.0884
    923170     86.7682
    923180     87.4972
    923190     87.8504
    923200     86.5782
    923210     87.4086
    923220     86.8324
    923230     86.8618
    923240     87.1179
    923250     87.6585
    923260     87.5638
    923270     87.2622
    923280     86.7964
    923290     87.4346
    923300     86.7847
    923310     87.0655
    923320     86.3888
    923330     87.6085
    923340     87.0138
    923350      87.109
    923360       86.77
    923370     87.1548
    923380      87.351
    923390     87.2634
    923400     87.0894
    923410     87.9625
    923420     88.2073
    923430     87.8884
    923440     87.6769
    923450     87.7323
    923460     88.0141
    923470     87.6928
    923480     87.7555
    923490     88.0518
    923500     88.3103
    923510     88.3283
    923520     88.0819
    923530     88.4923
    923540     88.4806
    923550     88.0414
    923560     88.2369
    923570     88.6384
    923580     88.4389
    923590     88.5151
    923600     88.8346
    923610     88.9646
    923620     88.7172
    923630     87.6312
    923640     88.2312
    923650     88.5229
    923660     87.6836
    923670      88.081
    923680      88.099
    923690     87.8961
    923700     88.0314
    923710     87.7494
    923720     87.6731
    923730     88.0858
    923740     87.6652
    923750     87.7232
    923760      85.751
    923770     87.4389
    923780     87.4441
    923790     87.8463
    923800     87.7195
    923810     86.9864
    923820     87.5877
    923830     86.9103
    923840     88.2591
    923850     87.5591
    923860     86.4682
    923870     87.4315
    923880     87.3856
    923890     87.8541
    923900     88.2676
    923910     88.3748
    923920     87.7026
    923930     88.0734
    923940     88.4439
    923950     89.0266
    923960     88.5112
    923970      89.016
    923980     88.1349
    923990     88.3091
    924000     87.4374
    924010     89.2836
    924020     88.2671
    924030     88.0489
    924040     88.3287
    924050     87.0731
    924060      87.987
    924070     88.3844
    924080     87.9201
    924090     87.6693
    924100     87.8398
    924110     88.3672
    924120     86.9035
    924130     87.4249
    924140     88.1734
    924150     87.5201
    924160     89.5199
    924170     87.5615
    924180     88.0118
    924190      87.943
    924200     88.4011
    924210     89.9632
    924220     88.2412
    924230     88.3078
    924240     87.2018
    924250     87.2019
    924260     87.5205
    924270     86.9902
    924280     87.5546
    924290     87.4113
    924300     88.1503
    924310     88.3485
    924320     87.3179
    924330      87.503
    924340     86.9926
    924350     87.1709
    924360     88.5596
    924370     87.5162
    924380     88.5533
    924390     88.7311
    924400     87.6906
    924410     88.4461
    924420     88.1395
    924430     88.9121
    924440     87.2748
    924450      88.009
    924460      87.247
    924470     88.0881
    924480     88.0523
    924490     87.9721
    924500     87.3933
    924510       88.12
    924520      87.303
    924530     87.0929
    924540     87.6839
    924550     87.5361
    924560     87.4183
    924570     87.6271
    924580     86.7227
    924590     87.2726
    924600     87.2672
    924610     86.6664
    924620     87.0462
    924630     87.0441
    924640     87.1178
    924650     87.6154
    924660     86.7182
    924670      86.894
    924680     86.1749
    924690     87.4549
    924700     86.1981
    924710     87.3364
    924720     87.1136
    924730     87.2487
    924740     86.8265
    924750     87.4469
    924760     87.2741
    924770     87.2068
    924780     87.2298
    924790     87.3812
    924800     87.6812
    924810     87.2833
    924820     86.8467
    924830     87.3605
    924840     87.5226
    924850     87.0621
    924860      87.524
    924870     87.4227
    924880     87.0101
    924890     86.9395
    924900     86.9576
    924910     86.8546
    924920      86.991
    924930     87.1236
    924940     87.0846
    924950      87.719
    924960     87.7599
    924970     87.1557
    924980     87.8843
    924990     87.8238
    925000     87.6853
    925010     87.4901
    925020     87.7677
    925030      88.618
    925040     88.2947
    925050     87.9089
    925060     88.4411
    925070     88.6232
    925080      87.831
    925090     87.7014
    925100     87.5745
    925110     88.0125
    925120     87.8632
    925130     87.8324
    925140     87.6435
    925150     87.1276
    925160     87.4323
    925170     88.2543
    925180     86.8808
    925190      87.025
    925200      87.979
    925210     87.6416
    925220     87.1545
    925230     88.4094
    925240     87.5904
    925250     87.9251
    925260     87.9461
    925270     88.0279
    925280     87.7567
    925290     87.5122
    925300     87.8862
    925310     86.7372
    925320     86.8909
    925330     87.6583
    925340     87.8013
    925350     87.6226
    925360     87.9471
    925370      88.232
    925380     88.0572
    925390     88.4037
    925400      86.896
    925410     86.4411
    925420      87.288
    925430      87.922
    925440     87.8838
    925450     87.3698
    925460      87.181
    925470     87.2543
    925480      86.809
    925490     87.2034
    925500     86.3691
    925510     87.0377
    925520     87.5408
    925530     86.9714
    925540     86.5464
    925550     87.8102
    925560     87.7296
    925570     87.3232
    925580     87.2635
    925590     87.5934
    925600     87.5052
    925610     86.9729
    925620     86.8891
    925630      86.617
    925640     87.5597
    925650     87.2428
    925660     86.8932
    925670     86.3523
    925680     87.0868
    925690     87.1932
    925700     86.6448
    925710     87.1997
    925720     87.4712
    925730     87.1473
    925740     86.6539
    925750     87.1683
    925760     87.2843
    925770     86.9406
    925780     87.3515
    925790     87.2151
    925800      86.953
    925810     86.2925
    925820     87.2248
    925830     87.0722
    925840     87.6217
    925850     86.8508
    925860     86.5678
    925870     86.7531
    925880     87.4186
    925890     86.8417
    925900      86.923
    925910     86.7493
    925920     87.4725
    925930     87.3794
    925940     86.7247
    925950     87.7941
    925960     87.0256
    925970      87.115
    925980     86.8611
    925990     86.9021
    926000     86.8431
    926010     86.9309
    926020     87.3009
    926030     86.7049
    926040     86.1737
    926050     87.1605
    926060     86.9648
    926070       87.49
    926080     86.9185
    926090     87.3538
    926100     86.8929
    926110     86.8413
    926120     86.6843
    926130     87.3737
    926140     86.9288
    926150     87.2429
    926160     86.8636
    926170     87.0772
    926180     86.7955
    926190     86.8103
    926200     87.2597
    926210     87.7991
    926220     87.2067
    926230     87.5041
    926240     87.2722
    926250      87.861
    926260     87.3419
    926270     88.1439
    926280     87.7227
    926290     87.7194
    926300     87.7096
    926310     87.2118
    926320     87.2034
    926330     87.9304
    926340     88.2866
    926350     87.0102
    926360     87.7111
    926370     87.3037
    926380     87.7674
    926390     87.4653
    926400     87.3812
    926410      87.448
    926420     87.5688
    926430     87.0803
    926440     87.6874
    926450     87.3327
    926460     86.9313
    926470     87.7097
    926480     88.1769
    926490     87.1092
    926500     88.1691
    926510      88.238
    926520     87.6791
    926530     87.4792
    926540     87.1317
    926550     87.5351
    926560     86.7097
    926570     87.2162
    926580     87.3826
    926590     87.3681
    926600     87.8702
    926610     87.1784
    926620     86.2683
    926630     87.2509
    926640     87.5238
    926650     86.5271
    926660      86.725
    926670       86.58
    926680     85.9268
    926690     86.6283
    926700     86.7962
    926710     86.6443
    926720     86.7438
    926730     87.7136
    926740      86.353
    926750     86.6149
    926760     86.8928
    926770      86.839
    926780     86.5192
    926790     87.3268
    926800      87.033
    926810     86.7159
    926820     87.2881
    926830     87.0563
    926840     87.0709
    926850     87.4997
    926860     87.3531
    926870     87.7514
    926880     87.4133
    926890     87.2703
    926900     86.5357
    926910     86.8948
    926920     86.5535
    926930     85.7893
    926940     86.5066
    926950     86.2575
    926960     86.1808
    926970     86.7773
    926980     86.4822
    926990     86.8306
    927000     86.2395
    927010     86.8556
    927020     86.8314
    927030     86.9331
    927040     86.9438
    927050     86.9084
    927060     86.8411
    927070     86.7957
    927080     87.4405
    927090      86.794
    927100     85.6784
    927110     86.6404
    927120     86.9049
    927130     87.4039
    927140     87.1414
    927150     87.3365
    927160     86.6127
    927170     87.4436
    927180     87.6563
    927190     87.0517
    927200     87.1422
    927210     87.1451
    927220     86.4772
    927230     87.6903
    927240     87.5212
    927250     87.0427
    927260     86.9566
    927270     87.1212
    927280     87.2847
    927290     87.3149
    927300     87.0691
    927310       86.87
    927320     86.9954
    927330     87.1922
    927340     87.2243
    927350     86.9673
    927360     87.5366
    927370     87.0999
    927380     87.1828
    927390     87.3701
    927400      86.661
    927410     87.1913
    927420     86.9584
    927430     87.6248
    927440     87.6687
    927450     86.7066
    927460     87.5025
    927470     87.2801
    927480     86.7143
    927490     87.5737
    927500     87.3318
    927510     86.8739
    927520     87.2971
    927530     87.6269
    927540     87.8418
    927550     87.0951
    927560     87.9119
    927570     87.8593
    927580      86.753
    927590     87.3662
    927600     87.7493
    927610     87.4046
    927620     88.2979
    927630     87.7445
    927640     87.9573
    927650     86.9665
    927660     87.6452
    927670     87.5659
    927680     87.1893
    927690     87.6885
    927700     87.2161
    927710     87.0867
    927720     86.7739
    927730     86.8009
    927740     87.0492
    927750     87.9648
    927760     87.0744
    927770     87.8623
    927780     87.1597
    927790     86.8871
    927800     87.1195
    927810      86.902
    927820     87.7323
    927830     87.6152
    927840     87.3916
    927850     87.8537
    927860     87.1566
    927870     87.0892
    927880     87.6884
    927890     87.9791
    927900     88.1439
    927910     87.8592
    927920     87.7595
    927930     87.7558
    927940     88.0396
    927950      87.606
    927960     87.5515
    927970     88.3014
    927980      88.305
    927990     87.7701
    928000     88.0251
    928010     88.0212
    928020     87.5379
    928030     86.8291
    928040     87.9403
    928050     88.0276
    928060     87.0415
    928070     86.7351
    928080     87.5519
    928090     87.9522
    928100     87.8402
    928110     87.7282
    928120     87.8715
    928130     87.3415
    928140     87.6234
    928150     88.0666
    928160     87.1416
    928170     88.2878
    928180     86.8467
    928190     87.5467
    928200     87.4539
    928210     87.4649
    928220      87.333
    928230     87.9789
    928240     87.2927
    928250     86.9147
    928260     86.7203
    928270     87.3421
    928280     87.6497
    928290     87.7108
    928300     87.6862
    928310     87.9399
    928320     87.0915
    928330     87.7632
    928340     87.9667
    928350      88.732
    928360     88.0375
    928370     88.2674
    928380     88.7044
    928390     88.3151
    928400     88.1004
    928410     88.9343
    928420     89.0901
    928430     88.3886
    928440     88.5448
    928450     88.2426
    928460      88.302
    928470      88.347
    928480     88.9689
    928490     88.7987
    928500     87.8546
    928510     87.6459
    928520       88.54
    928530     88.0847
    928540     89.3706
    928550     89.4785
    928560     88.6229
    928570     88.6609
    928580     88.3511
    928590     87.7305
    928600      88.271
    928610     87.7549
    928620     87.5547
    928630     87.9512
    928640     87.3393
    928650     88.5042
    928660     87.0728
    928670     87.8309
    928680     87.2583
    928690     86.8822
    928700     88.1919
    928710     88.2018
    928720     88.8254
    928730     88.1556
    928740     88.5152
    928750     88.0504
    928760     88.2421
    928770     87.0596
    928780     86.5555
    928790     87.0967
    928800     87.0594
    928810     86.7001
    928820     88.1718
    928830     87.0051
    928840      86.173
    928850     87.8734
    928860     88.2167
    928870     87.4373
    928880     88.0879
    928890     86.9236
    928900     87.3057
    928910     87.7341
    928920     87.9796
    928930     88.1733
    928940     89.0388
    928950      87.622
    928960     88.5251
    928970     88.2326
    928980     87.5853
    928990     88.8551
    929000     88.6627
    929010     87.5044
    929020     88.1251
    929030     88.0209
    929040     88.6241
    929050     87.8643
    929060     88.2395
    929070     88.4269
    929080     87.0904
    929090     88.1533
    929100     88.1998
    929110     88.4087
    929120     87.6003
    929130     87.7846
    929140     87.3774
    929150     87.0964
    929160     87.3751
    929170     87.5814
    929180     87.5328
    929190      87.088
    929200     86.3205
    929210     86.3227
    929220     86.8854
    929230     86.6253
    929240     86.5587
    929250     87.0249
    929260     87.5028
    929270     86.9592
    929280     86.3902
    929290     86.3278
    929300     86.7797
    929310     85.7141
    929320     85.8388
    929330     86.2087
    929340     86.9372
    929350      86.575
    929360     86.3713
    929370     86.4184
    929380     86.9672
    929390       87.01
    929400      87.266
    929410     86.8661
    929420     86.5754
    929430     85.8299
    929440     87.2614
    929450     86.7716
    929460     86.8069
    929470     86.8136
    929480     86.7045
    929490     86.1646
    929500     86.9622
    929510     86.4797
    929520     86.6598
    929530     86.5315
    929540     86.7641
    929550     86.8436
    929560     86.1872
    929570       85.86
    929580     86.0929
    929590     85.4818
    929600       86.21
    929610     86.2347
    929620     86.0189
    929630     86.9044
    929640     86.6412
    929650     87.1451
    929660     86.5031
    929670     87.0908
    929680     87.2876
    929690     87.2366
    929700     87.4438
    929710      87.622
    929720     87.1892
    929730     88.3359
    929740     86.8679
    929750     86.5593
    929760     85.5656
    929770     87.0899
    929780     86.8903
    929790     87.0108
    929800     87.4452
    929810     86.9243
    929820     87.3611
    929830     87.0966
    929840     87.0684
    929850     87.6064
    929860     87.5683
    929870      86.483
    929880     87.0203
    929890     87.6746
    929900      86.466
    929910     86.9909
    929920     87.2405
    929930     87.3455
    929940     87.5046
    929950     86.5289
    929960     86.7764
    929970     86.6729
    929980     86.9929
    929990     86.2558
    930000     86.4311
    930010     87.4497
    930020     87.6544
    930030     87.2014
    930040     87.2946
    930050     87.4875
    930060     87.8951
    930070     87.7011
    930080     88.2749
    930090     88.2509
    930100     87.0767
    930110     87.8264
    930120      87.408
    930130     87.7329
    930140     88.1597
    930150     87.5843
    930160     87.8553
    930170     87.8922
    930180     88.1934
    930190     87.1798
    930200     87.7678
    930210     87.2547
    930220     87.3657
    930230     87.8506
    930240     87.7864
    930250     88.2083
    930260     87.9082
    930270     87.7562
    930280     87.8412
    930290     87.4198
    930300     87.9169
    930310     87.9525
    930320      88.281
    930330     87.9484
    930340     87.5456
    930350     87.9126
    930360     87.8059
    930370     87.4768
    930380     88.2795
    930390     87.7678
    930400     87.4593
    930410      87.097
    930420     87.2007
    930430      87.388
    930440     87.6016
    930450     87.5453
    930460     88.1481
    930470      87.832
    930480     87.2192
    930490     88.4225
    930500     88.6807
    930510     87.3252
    930520     87.0343
    930530     87.4995
    930540     87.6759
    930550     87.8669
    930560     86.2613
    930570     87.5241
    930580     87.3382
    930590     87.2905
    930600     88.4622
    930610     88.4864
    930620     87.6395
    930630       88.49
    930640     87.5801
    930650     87.9261
    930660     87.8323
    930670     88.1567
    930680     87.5726
    930690     87.9631
    930700     88.6314
    930710     88.4632
    930720     88.0753
    930730     88.0085
    930740     87.2476
    930750     87.7863
    930760     88.7219
    930770     88.0831
    930780     88.0502
    930790     88.0547
    930800     87.3882
    930810     87.0435
    930820     87.5721
    930830     87.6453
    930840     87.1826
    930850     87.5233
    930860     87.1728
    930870     87.6542
    930880     87.0711
    930890     87.0421
    930900     87.5459
    930910     87.3186
    930920     87.5632
    930930     87.8454
    930940     87.7277
    930950     87.7161
    930960     88.0251
    930970     87.4709
    930980      88.672
    930990     87.6469
    931000     88.3817
    931010     88.1924
    931020     87.9452
    931030     87.6175
    931040     87.8506
    931050       87.92
    931060     87.8047
    931070     88.1619
    931080      87.939
    931090     88.0793
    931100     87.1305
    931110     87.3963
    931120     87.9816
    931130     87.3172
    931140     87.7132
    931150     87.9935
    931160     88.7233
    931170     87.6358
    931180     88.4107
    931190     87.8264
    931200     88.5035
    931210     87.9685
    931220     88.2815
    931230     87.8313
    931240     88.2097
    931250     88.1288
    931260     87.0823
    931270     87.0136
    931280     87.8115
    931290      87.834
    931300      86.998
    931310     87.5298
    931320      87.735
    931330     87.1799
    931340     87.1932
    931350     87.2649
    931360     88.2894
    931370     87.7828
    931380     87.2475
    931390     87.0599
    931400     87.0389
    931410     87.1769
    931420     87.0121
    931430     87.5289
    931440      87.694
    931450     87.7301
    931460      86.795
    931470     87.5873
    931480     87.7095
    931490     86.9387
    931500     87.5175
    931510     87.0032
    931520     87.0351
    931530     87.1559
    931540     87.1684
    931550     87.5632
    931560     87.0444
    931570     87.7182
    931580     87.5272
    931590     87.0755
    931600     87.4369
    931610     87.3884
    931620     87.9877
    931630     87.2737
    931640     87.2527
    931650     87.2083
    931660     87.2923
    931670     86.7275
    931680     87.6524
    931690     87.4215
    931700      87.304
    931710     87.5352
    931720     87.5175
    931730     87.6047
    931740     87.4404
    931750     88.0254
    931760     87.5373
    931770     88.1885
    931780     87.8874
    931790      87.012
    931800     87.8426
    931810     86.9943
    931820     86.3071
    931830     86.8298
    931840     86.3087
    931850     87.0228
    931860     86.7941
    931870      86.795
    931880     87.1966
    931890     87.3578
    931900     87.4917
    931910     88.1665
    931920     87.0681
    931930      87.241
    931940     87.1544
    931950     88.2667
    931960     87.2497
    931970     87.4627
    931980     86.7511
    931990     86.9509
    932000     87.4363
    932010     86.9767
    932020     87.5517
    932030     87.0001
    932040     87.6005
    932050     87.3517
    932060     87.2159
    932070     87.2122
    932080     87.2583
    932090     87.2923
    932100     87.3208
    932110     86.6672
    932120     87.3153
    932130     87.3016
    932140     87.2875
    932150     86.5375
    932160     86.8466
    932170     86.7475
    932180     87.2862
    932190     87.6346
    932200     87.4156
    932210     87.4494
    932220     86.9647
    932230     87.0413
    932240     86.7278
    932250     86.5857
    932260     87.0119
    932270     86.7933
    932280      87.246
    932290     87.4476
    932300      86.856
    932310     87.4347
    932320     87.1623
    932330     87.2179
    932340     87.4897
    932350     86.7732
    932360     86.8497
    932370     86.7706
    932380     85.3937
    932390     86.1105
    932400     86.8252
    932410      86.703
    932420     87.2103
    932430     86.3566
    932440     87.0162
    932450     87.2746
    932460     87.1677
    932470     86.8356
    932480     86.9021
    932490     86.0626
    932500     86.4045
    932510     86.0159
    932520     86.2633
    932530     85.3639
    932540     86.3104
    932550     86.4106
    932560     85.9527
    932570     86.0839
    932580     86.3023
    932590     85.2908
    932600      87.052
    932610     85.6438
    932620      85.938
    932630     85.9144
    932640     85.9604
    932650     86.1775
    932660     86.8922
    932670     87.0531
    932680     87.5305
    932690     87.6681
    932700     86.7113
    932710     87.9677
    932720     87.6116
    932730     87.5048
    932740     87.9509
    932750     87.1311
    932760     86.5658
    932770     88.5194
    932780     87.8694
    932790     87.0666
    932800     87.5617
    932810     87.1136
    932820     86.9293
    932830     86.3435
    932840     88.6208
    932850     87.1219
    932860     88.4379
    932870     87.4736
    932880     88.8088
    932890     87.9751
    932900     88.6891
    932910     88.4495
    932920     87.9768
    932930     88.8303
    932940     88.6463
    932950     87.9923
    932960      89.624
    932970     87.7377
    932980     87.9396
    932990     88.3605
    933000     88.3046
    933010     89.0358
    933020     88.7969
    933030     88.4085
    933040     88.5135
    933050     88.1897
    933060     88.6451
    933070     88.5284
    933080     87.7286
    933090     87.1711
    933100     88.2881
    933110     87.1835
    933120     88.2081
    933130     88.1029
    933140     87.9672
    933150     87.2248
    933160      87.716
    933170     88.0756
    933180     88.3166
    933190     87.9346
    933200     88.3355
    933210     88.1432
    933220     88.6698
    933230     88.8786
    933240     88.1914
    933250     88.3627
    933260     87.5927
    933270     87.7564
    933280     87.9686
    933290     87.8734
    933300     87.2029
    933310     87.0884
    933320     88.3794
    933330      88.646
    933340      88.582
    933350     87.8855
    933360     89.0411
    933370     89.4715
    933380     88.5433
    933390     90.1999
    933400     89.5746
    933410      89.232
    933420     88.2799
    933430     88.9882
    933440     88.5036
    933450     89.0812
    933460     88.8454
    933470     86.4622
    933480     88.7536
    933490     88.8313
    933500      88.646
    933510     88.8942
    933520     88.9485
    933530     88.5546
    933540     88.2894
    933550     88.1865
    933560     88.1642
    933570     87.7444
    933580     88.6902
    933590     88.7192
    933600     88.2321
    933610     87.4726
    933620     87.4369
    933630     87.6744
    933640     87.4724
    933650     88.3924
    933660     88.1757
    933670      88.092
    933680     88.0176
    933690     88.5733
    933700     87.6973
    933710     87.9518
    933720      88.016
    933730     87.4178
    933740     87.2541
    933750     87.9501
    933760      87.249
    933770     87.8092
    933780     88.2748
    933790      87.582
    933800     87.7478
    933810     87.3825
    933820     88.1899
    933830      87.981
    933840     87.7262
    933850     88.0332
    933860     88.2211
    933870     87.9621
    933880     88.4788
    933890     88.0248
    933900     89.5079
    933910     88.5712
    933920     88.4617
    933930     88.7671
    933940     89.1955
    933950     88.6805
    933960      88.861
    933970     90.1463
    933980     88.5677
    933990     88.3277
    934000     88.3811
    934010     87.4348
    934020     88.3045
    934030     87.6246
    934040     88.4195
    934050     87.7339
    934060     87.7052
    934070      88.657
    934080     87.9083
    934090     88.6078
    934100     87.9346
    934110     87.9159
    934120     88.2844
    934130     89.0832
    934140     87.8146
    934150     88.3173
    934160     87.5768
    934170     87.3111
    934180     88.8491
    934190     88.1699
    934200     87.9805
    934210     88.5113
    934220     87.9842
    934230     87.7707
    934240     87.9087
    934250     87.6161
    934260     86.8955
    934270     88.2462
    934280     88.8156
    934290     87.3821
    934300     87.1027
    934310     88.5417
    934320     88.3593
    934330     88.4948
    934340     88.5759
    934350     88.3259
    934360     88.2628
    934370     88.0262
    934380     89.0089
    934390     88.5993
    934400     88.5318
    934410     88.8246
    934420     89.0319
    934430     88.9854
    934440     87.3863
    934450     89.7269
    934460     88.1107
    934470     88.6938
    934480     88.2955
    934490     87.9578
    934500     88.3239
    934510     88.3089
    934520     88.6332
    934530     88.7394
    934540     88.1334
    934550     88.1458
    934560     88.7244
    934570     87.8855
    934580     87.7997
    934590     87.7385
    934600     87.8855
    934610     88.5754
    934620     88.2363
    934630     88.1483
    934640     88.5625
    934650     89.2856
    934660     89.2243
    934670      88.582
    934680     87.3229
    934690     86.6941
    934700      87.813
    934710     89.0403
    934720     87.8862
    934730     87.0138
    934740     87.4161
    934750     88.3381
    934760     88.4471
    934770     88.0355
    934780     88.3456
    934790     88.8514
    934800     88.9169
    934810     87.4831
    934820     87.8826
    934830     87.3999
    934840     88.3915
    934850     87.9021
    934860     88.0603
    934870     88.0915
    934880     88.5565
    934890     88.7696
    934900     87.8205
    934910     88.1483
    934920     89.0234
    934930     88.7092
    934940     88.8147
    934950      87.911
    934960     88.6971
    934970     88.0937
    934980     87.9569
    934990     88.6585
    935000     89.0065
    935010     88.2692
    935020     88.1318
    935030     88.2829
    935040     88.8383
    935050     87.9429
    935060     88.3111
    935070     88.7918
    935080     89.0416
    935090     87.8332
    935100     87.1578
    935110     88.1786
    935120     88.5296
    935130     88.3664
    935140     89.3305
    935150     88.1019
    935160     88.5964
    935170     88.3988
    935180     89.3082
    935190     89.6308
    935200     89.1312
    935210     89.5603
    935220     89.3396
    935230     89.1267
    935240     89.6517
    935250     89.0049
    935260     88.8489
    935270     88.6595
    935280     88.1852
    935290     88.8544
    935300      88.463
    935310     89.1539
    935320     89.9207
    935330     88.9562
    935340     88.9434
    935350     89.5672
    935360      88.693
    935370     88.9981
    935380     88.7421
    935390     88.3577
    935400     88.5522
    935410     89.0605
    935420     89.0667
    935430     88.8856
    935440     88.3861
    935450     87.7171
    935460     88.2004
    935470     88.4506
    935480      88.633
    935490     87.9768
    935500     89.2918
    935510     88.7313
    935520     88.3566
    935530     88.4515
    935540     88.6411
    935550     87.7883
    935560     87.8359
    935570     87.8944
    935580     88.1353
    935590     88.9444
    935600     88.6904
    935610     88.8036
    935620     88.2274
    935630     89.0899
    935640     88.3096
    935650       88.49
    935660     88.1197
    935670     88.3206
    935680     88.6274
    935690     88.3663
    935700      87.803
    935710       88.53
    935720     87.9174
    935730     88.4612
    935740     88.1048
    935750     88.6318
    935760     88.0117
    935770     88.3806
    935780     88.7634
    935790     88.2351
    935800     87.5251
    935810     89.2667
    935820     90.4311
    935830     89.1333
    935840     89.0129
    935850     88.9212
    935860     86.9888
    935870     88.5126
    935880     89.2476
    935890      89.918
    935900     86.2263
    935910     87.9638
    935920     87.1436
    935930      87.861
    935940     88.6968
    935950     89.2937
    935960     88.2942
    935970     89.4192
    935980     89.6188
    935990     90.7192
    936000     89.5764
    936010     88.9475
    936020     88.7471
    936030      89.147
    936040     87.7996
    936050     87.6949
    936060      87.717
    936070     87.0783
    936080     86.9352
    936090     87.4977
    936100      87.469
    936110     87.9569
    936120     86.7973
    936130     86.6389
    936140      86.471
    936150     86.9539
    936160     86.9912
    936170     86.6454
    936180     86.9375
    936190     87.1126
    936200     87.4479
    936210     87.5831
    936220     87.2164
    936230     88.0815
    936240     87.8451
    936250     87.3379
    936260      87.631
    936270     87.8284
    936280     88.1585
    936290     87.9073
    936300     87.5563
    936310     86.5194
    936320     87.2859
    936330     86.4599
    936340     86.7615
    936350     88.2456
    936360     87.4509
    936370      87.454
    936380      88.816
    936390     87.0651
    936400     86.6049
    936410     86.5277
    936420     85.5449
    936430     86.8788
    936440     88.1563
    936450       88.36
    936460     87.7619
    936470     87.6537
    936480     88.4963
    936490     87.6538
    936500       86.56
    936510     87.3773
    936520     88.2393
    936530     87.1525
    936540     88.1095
    936550      87.837
    936560     88.5882
    936570     88.5841
    936580     88.6922
    936590     88.7162
    936600     88.7389
    936610     88.7455
    936620     88.3733
    936630     88.4141
    936640     88.7618
    936650     89.1107
    936660     89.2264
    936670     88.5049
    936680     89.3317
    936690     88.4492
    936700     88.8576
    936710     88.5651
    936720     88.8481
    936730     89.3362
    936740      88.451
    936750     88.4141
    936760      89.149
    936770     89.4545
    936780     90.0878
    936790     88.8318
    936800     88.5241
    936810     89.3527
    936820     89.2507
    936830     88.6967
    936840     88.6308
    936850     88.8293
    936860     89.1652
    936870     88.4903
    936880     88.2121
    936890      88.431
    936900     89.6038
    936910     87.9121
    936920     88.4843
    936930     89.2691
    936940     89.1675
    936950     88.3678
    936960     88.3272
    936970     88.0276
    936980     88.7779
    936990     88.3506
    937000     88.3918
    937010     89.7161
    937020     87.8942
    937030     88.8243
    937040     88.5272
    937050     87.3511
    937060     88.1576
    937070     88.0183
    937080     88.4963
    937090     88.9466
    937100     88.1628
    937110      88.706
    937120     89.2655
    937130     88.3237
    937140     88.0837
    937150     89.4043
    937160     88.0234
    937170     87.9281
    937180     88.1918
    937190     88.4961
    937200     88.8327
    937210     89.2353
    937220     88.0496
    937230     88.1916
    937240     87.8294
    937250     87.3586
    937260      88.039
    937270      88.665
    937280        88.6
    937290     88.9208
    937300     88.4646
    937310     87.9428
    937320     88.2207
    937330     87.8278
    937340     88.1098
    937350     87.8728
    937360     88.4469
    937370     88.4553
    937380     87.2146
    937390     88.1594
    937400     88.7482
    937410     87.5254
    937420     88.4912
    937430      88.408
    937440     88.2443
    937450     88.3494
    937460       88.35
    937470     88.0642
    937480     88.2142
    937490     87.9238
    937500     89.4313
    937510     87.9938
    937520      88.239
    937530     88.5386
    937540     88.1714
    937550     88.3808
    937560     87.8999
    937570     88.3691
    937580     88.3366
    937590     88.5352
    937600     88.6082
    937610      88.774
    937620     87.8713
    937630     87.6479
    937640     88.0903
    937650     88.0135
    937660     87.7852
    937670     88.0315
    937680     88.2608
    937690     88.6447
    937700     88.4475
    937710     87.9215
    937720     87.8192
    937730     87.8616
    937740     88.9445
    937750     88.6773
    937760     88.4843
    937770     88.1686
    937780     87.7763
    937790     88.2426
    937800      88.231
    937810     87.9162
    937820     88.7245
    937830     88.2637
    937840     88.1572
    937850     88.2451
    937860     88.6964
    937870       88.35
    937880     88.6487
    937890     88.6284
    937900     87.7433
    937910     87.5078
    937920     88.4978
    937930      88.659
    937940     88.3127
    937950     88.4753
    937960     88.1951
    937970     88.6181
    937980     88.2983
    937990      88.593
    938000     88.2322
    938010     87.9295
    938020     88.1384
    938030     88.9559
    938040     88.6574
    938050     88.5907
    938060     88.5307
    938070     88.8203
    938080     89.5515
    938090     89.1176
    938100     89.1299
    938110     88.7033
    938120     88.3402
    938130     88.5974
    938140     88.4623
    938150      88.857
    938160     88.5344
    938170     87.9124
    938180     88.7559
    938190     88.3699
    938200     88.4798
    938210     88.8709
    938220     88.3974
    938230     87.6333
    938240     87.6223
    938250        87.5
    938260     87.1689
    938270     87.1083
    938280     86.8249
    938290     87.1348
    938300     87.9189
    938310     88.2044
    938320      88.025
    938330     87.1099
    938340     87.1686
    938350     86.6478
    938360     88.7995
    938370     88.0997
    938380     88.1401
    938390     88.9237
    938400     88.9274
    938410     88.4111
    938420     87.4409
    938430     87.8267
    938440     88.4172
    938450     89.2012
    938460     87.3655
    938470     87.8484
    938480     87.9091
    938490     88.9579
    938500     88.9348
    938510     89.0885
    938520     89.2439
    938530      88.701
    938540     88.2304
    938550     87.6228
    938560     88.0875
    938570     87.9824
    938580     87.9282
    938590     88.1112
    938600     87.9727
    938610     87.9223
    938620     88.4651
    938630     87.2582
    938640     87.4382
    938650     88.2428
    938660     88.1552
    938670     89.1331
    938680     88.9591
    938690     88.9257
    938700     88.0073
    938710     88.7106
    938720     88.0144
    938730     87.9099
    938740     87.0701
    938750     88.3264
    938760     88.6202
    938770     88.2026
    938780      88.779
    938790     87.3297
    938800     86.9658
    938810     88.1337
    938820     89.1237
    938830     90.3589
    938840     89.0633
    938850      87.331
    938860     88.1157
    938870     88.0143
    938880     88.9024
    938890     88.2983
    938900     88.1391
    938910     88.6851
    938920     88.5634
    938930     87.9769
    938940     88.1986
    938950     88.7603
    938960     88.1628
    938970     88.5387
    938980     88.7122
    938990     88.9396
    939000     88.2303
    939010     88.6586
    939020     87.9777
    939030     87.3772
    939040     87.9902
    939050     87.9024
    939060     87.5867
    939070     88.2319
    939080     88.1378
    939090     88.5423
    939100      88.145
    939110     87.7711
    939120     87.5379
    939130     88.1703
    939140     87.4686
    939150     88.0519
    939160     88.5925
    939170     88.6941
    939180     86.7514
    939190     88.4721
    939200     87.4978
    939210     88.1603
    939220     87.8031
    939230     87.9296
    939240     88.1072
    939250     88.5252
    939260      88.724
    939270     87.8443
    939280       89.33
    939290      88.683
    939300      88.269
    939310     88.8414
    939320     88.6204
    939330     88.6423
    939340     88.3439
    939350     87.8577
    939360     88.1175
    939370     87.9284
    939380     88.3357
    939390     88.2552
    939400     88.9788
    939410     88.2036
    939420     87.8063
    939430     88.6612
    939440     87.9178
    939450     87.8733
    939460     87.8344
    939470     88.0118
    939480      87.056
    939490     87.3466
    939500      87.882
    939510      88.184
    939520       87.86
    939530     87.5441
    939540     86.7686
    939550     87.9679
    939560     86.9508
    939570     87.8073
    939580     87.2088
    939590     88.2971
    939600     88.4311
    939610     88.3715
    939620     88.5442
    939630     88.6795
    939640     87.9744
    939650     88.1199
    939660     88.2425
    939670     88.4318
    939680     88.4047
    939690     88.7216
    939700     88.7305
    939710     88.1119
    939720     87.8043
    939730     87.5167
    939740     88.7761
    939750      88.524
    939760       88.77
    939770     88.4465
    939780     88.4894
    939790     89.2521
    939800     87.7639
    939810     88.4968
    939820     88.4681
    939830     88.7867
    939840     88.7667
    939850     89.2711
    939860     89.1711
    939870     88.8944
    939880     88.8523
    939890     89.4555
    939900     89.9409
    939910     89.1718
    939920     88.2824
    939930     88.7311
    939940     88.5571
    939950     88.7698
    939960     88.5181
    939970     88.3012
    939980     88.4419
    939990     87.9833
    940000     88.9733
    940010     89.0738
    940020     88.6418
    940030     88.5783
    940040      87.833
    940050     87.8923
    940060     88.4636
    940070     89.5928
    940080     89.0452
    940090     88.2761
    940100      89.253
    940110     89.2253
    940120      88.911
    940130     90.0195
    940140     89.0262
    940150     88.5132
    940160     88.8962
    940170     89.3515
    940180     88.5289
    940190     88.3988
    940200     88.7808
    940210     90.1166
    940220      88.562
    940230      88.655
    940240     87.8303
    940250     88.8972
    940260     88.9498
    940270     88.6282
    940280      89.131
    940290     89.3824
    940300     88.6275
    940310      88.903
    940320     88.6782
    940330     88.9278
    940340     88.5766
    940350     88.5849
    940360     89.6599
    940370     88.3697
    940380     89.0091
    940390     88.5219
    940400     88.8121
    940410     88.1818
    940420     89.5346
    940430     88.6019
    940440     88.3943
    940450     88.2433
    940460     88.3586
    940470     88.7276
    940480     87.9068
    940490     88.5023
    940500      89.181
    940510     89.1518
    940520     89.0815
    940530     87.9895
    940540     88.1665
    940550     87.9704
    940560     89.8092
    940570     89.2287
    940580     88.9784
    940590       89.23
    940600     88.8505
    940610     88.9876
    940620     89.4678
    940630     89.0567
    940640      89.573
    940650     89.2915
    940660     89.5122
    940670     90.0903
    940680     89.5051
    940690     87.8212
    940700     88.9325
    940710     88.9539
    940720     88.6778
    940730     89.0126
    940740     88.5694
    940750     89.0148
    940760     88.7393
    940770     89.7402
    940780     89.1655
    940790     89.5316
    940800     89.7067
    940810     89.2434
    940820      89.314
    940830     89.1402
    940840     88.8897
    940850      88.602
    940860     89.1433
    940870     88.7911
    940880     88.8856
    940890     89.1233
    940900     88.5654
    940910     89.4603
    940920     89.5982
    940930     89.3042
    940940      89.358
    940950     89.1437
    940960     89.7119
    940970     89.3353
    940980     89.9973
    940990     89.1763
    941000     88.3612
    941010     87.8537
    941020     88.5971
    941030     88.7965
    941040     88.1496
    941050     88.7974
    941060     89.0178
    941070     89.3186
    941080     89.4248
    941090      88.388
    941100     89.7255
    941110     89.6237
    941120     89.8436
    941130     89.2736
    941140     88.1742
    941150     88.5077
    941160     88.4961
    941170     89.1119
    941180     89.2923
    941190     87.4612
    941200      87.962
    941210     88.6114
    941220      88.733
    941230     89.1362
    941240     89.0879
    941250     88.4514
    941260     88.9997
    941270     88.4128
    941280     88.5904
    941290      87.024
    941300     88.9944
    941310     88.9394
    941320     89.0362
    941330     89.8871
    941340     87.8654
    941350     88.1125
    941360     88.0128
    941370     87.2652
    941380     87.8771
    941390     87.7837
    941400     89.5962
    941410     88.3573
    941420     87.4835
    941430     89.0808
    941440     89.6828
    941450     87.9059
    941460     89.2724
    941470     90.3446
    941480     88.6621
    941490     87.8496
    941500     87.0275
    941510     86.8622
    941520     87.4798
    941530     87.3158
    941540     88.0629
    941550     87.9943
    941560     88.0282
    941570     87.6397
    941580     88.9862
    941590     88.1836
    941600      89.002
    941610     88.6147
    941620     88.3723
    941630     85.9618
    941640     88.4047
    941650     88.9269
    941660      89.261
    941670     87.4796
    941680     88.4444
    941690     87.6058
    941700     87.8462
    941710      88.008
    941720     85.0783
    941730      85.672
    941740     87.2754
    941750     88.2282
    941760     88.3382
    941770     87.8553
    941780     88.4905
    941790     87.1514
    941800     88.0168
    941810      86.627
    941820     86.7929
    941830     88.8224
    941840     89.2453
    941850     88.2415
    941860     88.5811
    941870     88.9671
    941880     88.9829
    941890     88.4295
    941900     87.3507
    941910     87.7693
    941920     88.4225
    941930     88.5255
    941940     87.8554
    941950     86.7288
    941960     87.3617
    941970     87.7684
    941980     86.1273
    941990     88.0477
    942000     88.1264
    942010      88.356
    942020     88.1965
    942030     88.5604
    942040     88.6997
    942050     88.5079
    942060     89.0154
    942070     88.9539
    942080     89.0195
    942090     88.5216
    942100     88.0859
    942110     88.5579
    942120     88.4545
    942130     88.5126
    942140     88.8658
    942150     87.6098
    942160      87.616
    942170     88.2759
    942180     88.0082
    942190     88.9042
    942200     87.4104
    942210     88.4358
    942220     88.4402
    942230     88.6991
    942240     88.9061
    942250     88.8619
    942260      89.337
    942270      88.981
    942280     89.3588
    942290     88.3872
    942300     88.6999
    942310     88.8898
    942320     89.1125
    942330     89.3282
    942340     89.4541
    942350     89.0285
    942360     88.9054
    942370      88.533
    942380     88.1947
    942390     88.0197
    942400     87.9019
    942410     87.9777
    942420     87.8153
    942430     88.1815
    942440     88.1604
    942450     88.0749
    942460     87.6756
    942470     88.6318
    942480     88.6488
    942490      87.933
    942500     88.5231
    942510     87.8206
    942520     88.5639
    942530     88.9529
    942540     87.5591
    942550     88.3992
    942560     87.7196
    942570     88.7245
    942580     88.9745
    942590     89.7858
    942600     89.6167
    942610     88.7562
    942620     88.5611
    942630     88.8376
    942640     88.6983
    942650     89.5796
    942660     89.9731
    942670     89.1669
    942680     88.2841
    942690     88.1784
    942700     88.6079
    942710     88.2023
    942720     89.1149
    942730     88.2897
    942740     88.4142
    942750     88.2082
    942760      88.893
    942770     89.1612
    942780     88.3966
    942790     89.1241
    942800     88.9136
    942810     88.5317
    942820     89.2854
    942830     88.7356
    942840     89.1772
    942850     88.7585
    942860     88.7919
    942870     88.7481
    942880      87.983
    942890     88.1661
    942900     88.0015
    942910          88
    942920     87.6998
    942930     87.1815
    942940     87.2998
    942950      87.287
    942960     87.2643
    942970     86.9822
    942980     87.8695
    942990     87.5681
    943000      87.496
    943010     85.9889
    943020     85.9027
    943030     86.3816
    943040     86.0053
    943050     88.9316
    943060      87.447
    943070     87.1529
    943080     86.4137
    943090     86.7589
    943100     86.7561
    943110     86.1353
    943120      86.919
    943130     87.2615
    943140     87.1426
    943150     87.6268
    943160     87.6719
    943170     87.7352
    943180     86.9676
    943190     88.1055
    943200     87.0218
    943210     87.8006
    943220     87.8469
    943230     87.6081
    943240      87.398
    943250     87.2984
    943260     87.0556
    943270     87.8067
    943280     87.7181
    943290     87.6063
    943300     88.6658
    943310     88.2539
    943320     88.1702
    943330     87.3222
    943340     87.9906
    943350     87.9063
    943360     86.2382
    943370     86.5008
    943380     86.1784
    943390     86.5592
    943400     87.1529
    943410     87.5043
    943420     87.0626
    943430     86.5279
    943440      87.151
    943450     86.9952
    943460     88.0312
    943470     87.8645
    943480     86.9256
    943490     87.7507
    943500     88.0473
    943510     87.1035
    943520      86.205
    943530      87.977
    943540     87.7712
    943550     87.1678
    943560     85.8391
    943570     87.2622
    943580     87.8997
    943590     88.0567
    943600     88.4501
    943610     87.3102
    943620      88.244
    943630     88.7578
    943640      88.366
    943650     89.0501
    943660     88.4648
    943670     89.3363
    943680      88.728
    943690     88.7984
    943700     88.2081
    943710      88.756
    943720     88.4683
    943730     88.3308
    943740     89.1497
    943750      88.315
    943760      88.113
    943770     88.0149
    943780     87.9633
    943790     88.0957
    943800     89.4703
    943810      87.915
    943820     88.0158
    943830     88.9838
    943840     87.3731
    943850     87.7703
    943860     87.6838
    943870     87.8094
    943880     87.2721
    943890     86.7595
    943900     87.5267
    943910      87.702
    943920     87.6269
    943930     87.9456
    943940     87.5404
    943950     88.5285
    943960     88.7498
    943970     88.5582
    943980     89.6785
    943990     89.1626
    944000     90.1677
    944010     89.7843
    944020     89.3123
    944030      88.762
    944040     89.2385
    944050     89.0911
    944060     89.1778
    944070     89.5568
    944080      89.791
    944090     89.3108
    944100       89.23
    944110     88.9083
    944120     89.8305
    944130     89.6095
    944140     89.7915
    944150     89.0862
    944160     89.5421
    944170     88.7244
    944180     88.7758
    944190      88.383
    944200      89.572
    944210      88.969
    944220      89.099
    944230     88.7719
    944240      89.043
    944250      89.533
    944260     89.0427
    944270     89.1677
    944280     89.4392
    944290     90.0911
    944300     89.4236
    944310     90.0519
    944320     89.6451
    944330     90.0044
    944340     88.9947
    944350     89.6915
    944360     89.7092
    944370      89.485
    944380      89.933
    944390     90.2168
    944400     89.8784
    944410     89.5463
    944420     90.4109
    944430     89.3248
    944440     89.4986
    944450     89.1933
    944460      88.933
    944470     90.1236
    944480     89.4246
    944490     88.4892
    944500     88.5367
    944510     89.1225
    944520     89.4217
    944530     89.1423
    944540     89.8593
    944550     89.9977
    944560     89.4703
    944570     88.6564
    944580     89.6319
    944590     89.5056
    944600     89.7958
    944610     88.7518
    944620     88.2264
    944630     89.3797
    944640     89.4933
    944650     90.6817
    944660     89.6923
    944670     90.0671
    944680     89.8203
    944690     89.3682
    944700      90.285
    944710     90.1189
    944720     90.3135
    944730     89.9482
    944740     89.6193
    944750     89.7744
    944760     89.9232
    944770     90.4509
    944780     89.5294
    944790     89.4481
    944800     88.8998
    944810     89.4519
    944820     89.5234
    944830     89.0994
    944840      89.744
    944850     89.8625
    944860     89.2573
    944870     89.3198
    944880      89.683
    944890     89.6809
    944900     89.9113
    944910     89.1241
    944920     89.5568
    944930     89.7191
    944940     89.0584
    944950     89.6351
    944960     89.6433
    944970     89.2891
    944980     89.5978
    944990     89.8426
    945000     89.8624
    945010     89.9666
    945020     89.5496
    945030     89.5013
    945040       90.07
    945050     89.5708
    945060     88.9328
    945070     89.5182
    945080     89.0881
    945090     89.9542
    945100     90.0963
    945110     89.7835
    945120     89.8861
    945130     90.2636
    945140     90.1622
    945150     89.4079
    945160     89.2658
    945170     89.0873
    945180     89.9461
    945190     89.3691
    945200     89.6416
    945210     89.7657
    945220     89.6955
    945230     90.1832
    945240     89.0517
    945250     89.6645
    945260     90.1158
    945270     90.6713
    945280     89.6315
    945290      90.275
    945300     89.4086
    945310     89.0922
    945320     88.9898
    945330     88.9408
    945340     89.2522
    945350     89.5774
    945360     88.8412
    945370     90.2602
    945380     89.7002
    945390     89.3795
    945400     89.2651
    945410     89.7553
    945420     89.1811
    945430     89.8977
    945440     89.2597
    945450     88.9845
    945460     89.4731
    945470     89.7811
    945480     89.7768
    945490     89.5525
    945500     88.7363
    945510     89.5913
    945520     88.3176
    945530     88.8055
    945540      89.521
    945550     90.1513
    945560     89.1164
    945570     88.8694
    945580     88.8521
    945590      88.767
    945600     89.0127
    945610     88.3078
    945620     88.0116
    945630     88.6532
    945640     88.7814
    945650     89.1376
    945660     88.7905
    945670     88.9589
    945680     89.4013
    945690     89.2238
    945700     88.5079
    945710     88.0212
    945720      87.697
    945730      88.516
    945740     88.8988
    945750     89.1918
    945760     88.9432
    945770     88.5429
    945780     88.7528
    945790     88.6826
    945800     88.9893
    945810     88.5364
    945820      88.631
    945830     89.2695
    945840     89.2355
    945850     89.2281
    945860     89.0234
    945870     88.8807
    945880     89.6114
    945890     89.4246
    945900     88.6912
    945910     88.5658
    945920     88.7166
    945930     89.4836
    945940     88.8401
    945950     88.8433
    945960     88.9781
    945970     89.7616
    945980     88.4625
    945990     88.7819
    946000     88.4297
    946010     87.9663
    946020     87.8743
    946030     88.3918
    946040     88.1699
    946050     88.2368
    946060     87.8882
    946070     87.8535
    946080      89.148
    946090     89.0677
    946100     89.2062
    946110     89.4326
    946120     88.7614
    946130     88.5628
    946140     89.1913
    946150     88.7202
    946160     88.4928
    946170     87.8865
    946180     88.8377
    946190     88.8097
    946200     88.7352
    946210     89.3641
    946220     89.7327
    946230     89.3113
    946240     88.7536
    946250     89.2334
    946260     88.8876
    946270     89.2352
    946280     88.8568
    946290     88.7964
    946300     88.9211
    946310      88.747
    946320     88.1122
    946330     88.7762
    946340     89.5427
    946350     88.7741
    946360     88.6476
    946370     88.9971
    946380     88.9835
    946390     88.8978
    946400     88.5948
    946410      89.041
    946420     88.4478
    946430      88.666
    946440     88.2564
    946450     88.5693
    946460     89.3405
    946470     89.5085
    946480     88.7735
    946490     88.6443
    946500     88.8648
    946510     88.7023
    946520     88.5045
    946530      88.935
    946540      88.618
    946550     88.3442
    946560     88.4004
    946570     88.8676
    946580     89.0571
    946590     88.3681
    946600     88.7872
    946610     88.7229
    946620     88.8596
    946630     89.2435
    946640      88.411
    946650     88.7549
    946660     89.1044
    946670     88.5426
    946680     88.5062
    946690     89.0474
    946700     88.5736
    946710     89.3596
    946720     89.0133
    946730     87.8089
    946740     88.2607
    946750     88.4268
    946760     88.3029
    946770     88.4097
    946780     87.8757
    946790     87.8344
    946800     88.3925
    946810     88.2395
    946820     87.9106
    946830     87.7534
    946840     87.8682
    946850     88.5887
    946860     88.0233
    946870     87.9747
    946880     88.0537
    946890     88.4646
    946900     88.5292
    946910     88.8223
    946920     87.6405
    946930     88.6731
    946940     87.8299
    946950     87.5624
    946960     88.1721
    946970     87.8334
    946980     87.6631
    946990     86.8932
    947000     87.7719
    947010      87.747
    947020     88.5932
    947030     88.4489
    947040      87.857
    947050     88.2041
    947060     88.6764
    947070      87.763
    947080     87.9413
    947090     88.2738
    947100     87.2998
    947110      87.982
    947120     87.5489
    947130     87.5906
    947140     87.8642
    947150     88.3489
    947160     87.8259
    947170     87.9333
    947180     87.9315
    947190     87.1098
    947200     87.7525
    947210     87.3139
    947220     86.7326
    947230     86.9526
    947240     86.7376
    947250     86.9875
    947260     86.9725
    947270     87.4745
    947280     87.6588
    947290     87.5449
    947300     87.6775
    947310     87.3478
    947320      87.197
    947330     87.6474
    947340     87.5672
    947350     87.1011
    947360     87.1629
    947370     87.7571
    947380     87.5362
    947390     86.8738
    947400     86.5373
    947410     87.4397
    947420     87.6473
    947430     87.5151
    947440     87.7558
    947450     87.0523
    947460     87.2869
    947470     87.0251
    947480     87.6509
    947490     87.0454
    947500     86.4522
    947510     87.2601
    947520     86.8172
    947530     86.9152
    947540      86.424
    947550     87.0869
    947560     86.6796
    947570     87.3507
    947580     87.2731
    947590     86.9788
    947600     86.8852
    947610     87.2569
    947620     87.3116
    947630     87.3725
    947640     87.3674
    947650     87.3188
    947660     87.1818
    947670      87.496
    947680     87.7315
    947690     87.1335
    947700     87.0815
    947710     87.0756
    947720     87.3197
    947730     87.3725
    947740     87.3015
    947750     87.0518
    947760     87.3004
    947770     87.2941
    947780     87.0592
    947790     86.7534
    947800     87.2032
    947810     87.3478
    947820     86.8068
    947830     87.7227
    947840     86.9406
    947850     87.0215
    947860     87.1172
    947870      87.233
    947880     87.8023
    947890     86.8602
    947900     87.1485
    947910     87.3664
    947920     86.8996
    947930      87.126
    947940     87.7808
    947950     87.3356
    947960     87.6453
    947970     87.5036
    947980     86.8796
    947990     87.2953
    948000     86.5404
    948010      87.278
    948020     87.0185
    948030       87.51
    948040     87.3242
    948050     87.2322
    948060     87.1829
    948070     87.3113
    948080     87.5511
    948090     87.3853
    948100     87.3725
    948110     87.0541
    948120      86.712
    948130     86.9362
    948140     87.1324
    948150     87.2615
    948160     86.7719
    948170     87.1204
    948180     87.2335
    948190     87.2338
    948200     87.2447
    948210     86.9772
    948220     87.0521
    948230     86.7131
    948240     87.2665
    948250     87.2769
    948260      87.593
    948270     87.0604
    948280     86.9122
    948290     86.7847
    948300     87.3279
    948310     87.0529
    948320     87.5461
    948330     87.3798
    948340     87.1285
    948350     86.9508
    948360     87.0614
    948370     87.5591
    948380     87.6275
    948390     87.7553
    948400     87.5609
    948410     87.8395
    948420     87.6026
    948430     87.5385
    948440     87.3934
    948450     87.2114
    948460     87.6642
    948470     87.7487
    948480     87.7467
    948490     87.6323
    948500     87.3878
    948510     87.2379
    948520     87.9762
    948530     87.9772
    948540     87.8528
    948550     87.6251
    948560     87.8721
    948570     87.9768
    948580     87.6436
    948590     87.6564
    948600     87.1953
    948610     87.4032
    948620     87.5171
    948630     87.4862
    948640     87.5836
    948650     87.4178
    948660     87.5174
    948670     87.8174
    948680     87.6454
    948690     87.8109
    948700     86.9929
    948710     87.9624
    948720     87.8888
    948730     87.4792
    948740     88.6302
    948750     87.5602
    948760     87.7295
    948770     87.4239
    948780       87.52
    948790     87.8617
    948800     87.6747
    948810     87.8187
    948820     87.5316
    948830     87.1417
    948840     87.7922
    948850     87.2245
    948860     87.6036
    948870     87.5902
    948880     87.6853
    948890     87.2555
    948900     87.5881
    948910     87.9001
    948920     88.2541
    948930      87.987
    948940     87.6784
    948950     87.5079
    948960     87.2906
    948970     87.9072
    948980     87.3031
    948990     87.9627
    949000     87.0787
    949010     87.5946
    949020     87.3734
    949030      87.788
    949040     87.7414
    949050     87.8356
    949060      87.617
    949070     87.6083
    949080     87.8022
    949090     87.9715
    949100     88.5974
    949110     88.1468
    949120     88.1855
    949130     88.8005
    949140     87.7287
    949150     88.0084
    949160     88.3202
    949170     87.2134
    949180     87.6301
    949190     87.6655
    949200      87.884
    949210     87.2911
    949220     87.7914
    949230     87.8795
    949240     87.8687
    949250     87.6286
    949260     88.0101
    949270     88.4745
    949280     87.8442
    949290      88.096
    949300      88.231
    949310     87.9254
    949320     87.5741
    949330      87.761
    949340     87.3974
    949350     88.2868
    949360     88.0947
    949370     87.9202
    949380     87.0401
    949390     87.8674
    949400     87.7845
    949410     88.3289
    949420      88.178
    949430     87.6835
    949440     87.8931
    949450     87.5155
    949460     88.1333
    949470     88.3926
    949480     87.8765
    949490     87.7596
    949500     87.9832
    949510     88.1074
    949520     87.9491
    949530     88.6418
    949540     88.0637
    949550       87.68
    949560     87.8992
    949570     88.1745
    949580     87.6888
    949590     87.7589
    949600     87.7629
    949610       88.21
    949620     87.4584
    949630      87.486
    949640     87.6699
    949650     87.2896
    949660     87.4425
    949670     87.7612
    949680     87.7347
    949690     87.7558
    949700       87.93
    949710     88.3515
    949720     87.9362
    949730     87.3858
    949740     87.6278
    949750      87.947
    949760     87.8205
    949770      87.756
    949780     88.1178
    949790     87.5846
    949800     87.7856
    949810     87.8942
    949820     88.0137
    949830     87.8065
    949840     88.2051
    949850     87.7738
    949860     87.3837
    949870     88.1158
    949880     88.0978
    949890       87.55
    949900     87.7226
    949910     87.5257
    949920     88.1965
    949930      87.732
    949940     87.7067
    949950     87.9022
    949960     87.8083
    949970     87.8379
    949980     87.7375
    949990     88.2653
    950000      87.748
    950010     87.9187
    950020     87.9075
    950030     87.6396
    950040     87.5032
    950050     87.6353
    950060     87.7104
    950070     87.6656
    950080     87.5705
    950090     87.7294
    950100     87.5936
    950110     87.4885
    950120     87.6375
    950130     87.9494
    950140     87.3162
    950150     87.1955
    950160     87.1145
    950170      87.468
    950180     87.8197
    950190     87.8387
    950200     87.7374
    950210     87.2863
    950220      87.506
    950230     87.4504
    950240     87.8939
    950250     87.6505
    950260     87.5832
    950270     87.7817
    950280     87.7141
    950290     87.6951
    950300     87.0559
    950310     87.4449
    950320     87.7119
    950330     87.6078
    950340     87.5797
    950350     87.9797
    950360     88.0363
    950370     88.1389
    950380     88.0807
    950390     87.3945
    950400      87.421
    950410     87.8191
    950420     88.1977
    950430     88.0272
    950440     87.5957
    950450     87.5221
    950460     88.2473
    950470      88.258
    950480     87.6671
    950490     87.8537
    950500     87.9719
    950510     87.1376
    950520     87.7657
    950530     87.6452
    950540     88.3513
    950550     87.4584
    950560     87.4749
    950570     87.4574
    950580     87.4709
    950590     87.3604
    950600     87.1888
    950610     86.8026
    950620     87.3016
    950630     87.1033
    950640     87.2253
    950650     87.6194
    950660     87.6556
    950670     87.2542
    950680     87.6997
    950690     87.0628
    950700     86.7879
    950710     87.0471
    950720     87.9684
    950730     87.1339
    950740     87.4514
    950750     87.6719
    950760      87.465
    950770     87.2471
    950780     87.3942
    950790     87.4771
    950800     86.7367
    950810     86.9626
    950820     86.7535
    950830     86.4673
    950840       87.67
    950850     86.7007
    950860     87.4341
    950870     87.0941
    950880     87.0113
    950890     87.1915
    950900     87.3004
    950910     87.3485
    950920     87.4729
    950930     87.4584
    950940     87.7616
    950950     87.3622
    950960     86.7787
    950970      88.166
    950980     87.8405
    950990     88.0725
    951000     88.3064
    951010     87.4208
    951020     88.0543
    951030     87.5118
    951040     87.3485
    951050     87.0829
    951060     87.1227
    951070     87.5539
    951080     87.3885
    951090     86.4801
    951100      87.508
    951110     87.5311
    951120     87.0862
    951130     87.0966
    951140     87.0182
    951150      87.692
    951160     86.3681
    951170     87.5502
    951180      87.402
    951190     87.4821
    951200     86.7577
    951210     87.3296
    951220     87.8489
    951230     87.2421
    951240     86.9948
    951250      87.032
    951260     87.2464
    951270     87.3745
    951280     87.4454
    951290     87.3695
    951300      88.235
    951310     87.4397
    951320     87.2822
    951330     87.1181
    951340     86.8751
    951350      87.204
    951360     87.2941
    951370     87.1622
    951380     87.5727
    951390     86.8574
    951400     87.4456
    951410     86.3732
    951420     88.3422
    951430     87.7693
    951440      87.316
    951450     87.2495
    951460     87.1126
    951470     87.7762
    951480     87.1069
    951490     87.8794
    951500     87.3132
    951510     87.6744
    951520     87.2882
    951530     87.4127
    951540     87.3307
    951550      86.967
    951560     87.7696
    951570     88.1545
    951580     87.6955
    951590     88.3969
    951600      87.595
    951610      87.504
    951620     87.3374
    951630     87.1994
    951640     86.2534
    951650     86.2202
    951660     87.0009
    951670     87.5919
    951680     86.4919
    951690     86.4316
    951700     86.8912
    951710     86.4484
    951720     87.6175
    951730     87.2333
    951740     88.0097
    951750     88.7276
    951760     87.3219
    951770     87.5365
    951780     87.4642
    951790     87.8298
    951800     88.2389
    951810     87.6017
    951820     87.7834
    951830     87.7852
    951840     87.4236
    951850     88.1768
    951860     88.0191
    951870     87.6965
    951880     87.5271
    951890     87.5099
    951900     86.8464
    951910      87.553
    951920     87.7837
    951930     87.9526
    951940     88.5685
    951950      88.455
    951960     88.2695
    951970     88.1221
    951980     88.6861
    951990     88.2661
    952000     88.4314
    952010     88.9231
    952020     88.9682
    952030     88.6321
    952040     88.3035
    952050     87.9308
    952060     88.6246
    952070     88.2434
    952080      88.086
    952090     88.2194
    952100     88.1072
    952110     89.0711
    952120     87.5012
    952130     87.2418
    952140     88.4588
    952150     88.2072
    952160     88.3362
    952170     87.7349
    952180     88.7078
    952190     87.5609
    952200     88.2547
    952210     87.6432
    952220     87.9085
    952230     88.0395
    952240     87.6233
    952250     88.2245
    952260     87.9145
    952270      88.027
    952280     88.5866
    952290     87.9741
    952300     87.9126
    952310     88.5071
    952320     87.5071
    952330     88.2619
    952340      87.383
    952350     89.1783
    952360     88.2921
    952370     88.2126
    952380     88.8408
    952390     88.2704
    952400     88.6448
    952410     88.4472
    952420     88.3465
    952430     88.1296
    952440     88.7501
    952450     88.5292
    952460     88.4777
    952470     88.6868
    952480     88.6554
    952490     88.9195
    952500     88.2643
    952510     88.9495
    952520     88.3818
    952530     88.7107
    952540     87.9907
    952550     89.0923
    952560     89.2263
    952570     89.2899
    952580     87.7826
    952590     88.0271
    952600     88.0765
    952610     88.2304
    952620     88.0235
    952630     87.6138
    952640     88.4669
    952650     88.3451
    952660      88.286
    952670     88.2068
    952680     88.9447
    952690     88.9876
    952700     87.9433
    952710      89.057
    952720     89.1426
    952730     89.0783
    952740     88.7644
    952750     88.3517
    952760     88.3856
    952770     88.4151
    952780     87.8858
    952790     88.3494
    952800     87.7945
    952810     88.0035
    952820      88.419
    952830     88.0275
    952840     88.0963
    952850     89.3048
    952860     88.4255
    952870     88.9239
    952880     88.4554
    952890     88.2981
    952900     88.9551
    952910      88.289
    952920     88.6833
    952930     88.6202
    952940     88.3803
    952950     88.4888
    952960     88.2449
    952970     87.8902
    952980     87.7014
    952990     88.1321
    953000     87.9337
    953010     88.6024
    953020     88.5631
    953030     88.3603
    953040     88.9928
    953050     88.8579
    953060     89.2203
    953070     88.8756
    953080     88.2786
    953090     88.1974
    953100     88.5145
    953110       88.94
    953120     89.2942
    953130     88.6304
    953140     88.4269
    953150     88.5681
    953160     88.6185
    953170     87.9435
    953180     88.1795
    953190     89.1385
    953200     88.7147
    953210     88.2767
    953220     88.2843
    953230     88.4553
    953240     88.7357
    953250     88.5731
    953260     89.0006
    953270     89.0877
    953280     89.3229
    953290     88.9572
    953300     89.0094
    953310     88.7625
    953320      88.146
    953330     88.6609
    953340     89.4387
    953350     88.9886
    953360     88.7225
    953370     88.4977
    953380      88.287
    953390     88.5192
    953400     88.6377
    953410     89.2383
    953420     88.5163
    953430     88.5861
    953440     88.7889
    953450     88.6745
    953460     89.2057
    953470     88.4195
    953480     88.1442
    953490     88.5093
    953500      88.219
    953510     88.5339
    953520      88.496
    953530     88.7268
    953540     88.4679
    953550     88.3079
    953560     88.1437
    953570     87.8044
    953580      88.802
    953590     88.6566
    953600     88.3917
    953610     88.1203
    953620      87.947
    953630     88.0832
    953640     88.0662
    953650     88.6557
    953660     88.1484
    953670     88.1866
    953680     88.2609
    953690     87.9529
    953700     88.0686
    953710      88.061
    953720     87.6238
    953730     88.0757
    953740     88.0621
    953750     88.2379
    953760     88.4011
    953770      87.671
    953780      87.724
    953790     87.6303
    953800     87.4144
    953810     88.0167
    953820     88.5179
    953830     87.5715
    953840      88.357
    953850     87.8914
    953860       88.05
    953870     88.2917
    953880     87.5289
    953890     87.5542
    953900     88.2423
    953910     88.2994
    953920     88.0429
    953930       87.86
    953940     88.0498
    953950     88.6711
    953960     89.0965
    953970     88.3722
    953980     88.6906
    953990     88.9016
    954000     89.2234
    954010     88.9082
    954020     88.1066
    954030     88.9365
    954040     88.3928
    954050     88.2041
    954060     88.5173
    954070     88.6147
    954080     88.2804
    954090     89.2249
    954100     88.3322
    954110     88.4172
    954120     88.2608
    954130       88.74
    954140     88.4497
    954150     88.5004
    954160     88.6307
    954170     88.0976
    954180     87.8387
    954190     87.8738
    954200     88.1934
    954210     88.1949
    954220     88.2279
    954230      87.762
    954240      88.043
    954250     87.8236
    954260     88.1591
    954270     87.9797
    954280     88.5508
    954290     87.9074
    954300     87.9046
    954310     87.3841
    954320     88.0342
    954330     88.2341
    954340     88.4504
    954350     87.5501
    954360     88.2145
    954370     88.3982
    954380     88.0977
    954390     88.3731
    954400     87.7224
    954410     87.6005
    954420     88.6816
    954430     87.8039
    954440     87.8449
    954450     88.5466
    954460     87.8704
    954470     87.9786
    954480      87.533
    954490     88.4631
    954500     88.2121
    954510     88.2497
    954520     88.1758
    954530     88.5059
    954540     88.2904
    954550     89.0561
    954560     88.4969
    954570     89.2255
    954580     88.8573
    954590     88.2524
    954600     88.1461
    954610     88.6255
    954620     88.3214
    954630     89.2629
    954640     88.2484
    954650     87.7893
    954660     87.5815
    954670     88.2267
    954680     87.9051
    954690     88.2199
    954700      87.938
    954710     87.9933
    954720     88.6103
    954730      88.522
    954740     88.2283
    954750     88.7992
    954760     88.4021
    954770     88.7285
    954780     88.2336
    954790     88.0912
    954800     87.9119
    954810     87.9326
    954820     88.2684
    954830     88.5909
    954840     88.8493
    954850     89.2842
    954860     88.5005
    954870     88.8511
    954880      88.239
    954890      88.349
    954900     88.6011
    954910     88.6904
    954920     88.8839
    954930     88.7902
    954940     88.5265
    954950     89.1882
    954960     89.1558
    954970     88.3601
    954980     89.0222
    954990     88.9476
    955000     88.7525
    955010     88.4069
    955020     88.4595
    955030     88.1081
    955040     88.5025
    955050     88.4233
    955060     88.5659
    955070      88.323
    955080     88.5856
    955090     88.1489
    955100     88.6761
    955110     89.1197
    955120     89.2723
    955130     88.7651
    955140     88.9451
    955150     89.2502
    955160     89.9682
    955170      89.796
    955180     89.3355
    955190      88.335
    955200     88.4531
    955210     89.2549
    955220     88.8512
    955230     87.9328
    955240      88.216
    955250     87.9459
    955260     88.1491
    955270     88.4611
    955280     88.1239
    955290     88.9971
    955300      88.865
    955310     88.6024
    955320     88.4289
    955330     88.6567
    955340     89.2709
    955350     88.8715
    955360     88.0848
    955370     87.9712
    955380     87.9747
    955390     88.4091
    955400     87.3826
    955410     88.0792
    955420     88.0636
    955430     87.3596
    955440     87.4974
    955450     87.9917
    955460     87.4815
    955470     87.8864
    955480     87.8253
    955490     87.8186
    955500     87.9491
    955510     88.0037
    955520     88.2744
    955530     87.5313
    955540     88.1065
    955550     88.4371
    955560     87.9343
    955570     87.5434
    955580     88.4229
    955590      88.005
    955600     87.6056
    955610     87.8115
    955620     87.4898
    955630     87.4995
    955640      87.415
    955650     87.2692
    955660     87.7347
    955670     88.2963
    955680     87.8677
    955690     87.8815
    955700     87.1889
    955710     87.6718
    955720     87.8378
    955730     88.1427
    955740     88.0069
    955750     88.3984
    955760     87.6599
    955770      89.218
    955780     88.9849
    955790     89.2518
    955800     89.9983
    955810     89.1757
    955820     89.2336
    955830     89.2831
    955840     90.6251
    955850     89.0008
    955860     90.5555
    955870     89.3862
    955880     89.0597
    955890     89.0412
    955900     89.0484
    955910     89.2197
    955920     88.9083
    955930     88.4791
    955940      89.442
    955950     88.3528
    955960     88.5094
    955970     88.4634
    955980     89.1396
    955990     88.8052
    956000     87.8004
    956010     88.0765
    956020     88.6928
    956030     88.6889
    956040     87.9989
    956050     88.5848
    956060     89.2752
    956070     88.8608
    956080     89.2982
    956090     88.4672
    956100     88.6913
    956110     89.5943
    956120     89.2653
    956130     89.3741
    956140     89.1759
    956150     88.9217
    956160     89.9367
    956170     88.8615
    956180     89.1072
    956190      89.399
    956200     89.3496
    956210     89.4951
    956220     89.9393
    956230     90.0046
    956240     89.7595
    956250     89.5997
    956260     90.0117
    956270      89.786
    956280      90.768
    956290     89.7354
    956300     90.3016
    956310     90.9996
    956320     90.1512
    956330     90.5582
    956340     89.8299
    956350     90.3572
    956360     90.0519
    956370     90.8627
    956380     89.1734
    956390     89.3616
    956400     90.3895
    956410     90.6671
    956420     89.8925
    956430     90.0932
    956440     89.4696
    956450     89.5941
    956460     89.8554
    956470     90.1707
    956480     89.3807
    956490     90.3124
    956500      90.157
    956510     89.7549
    956520     90.7987
    956530     89.8189
    956540     91.4683
    956550     91.2905
    956560     90.1354
    956570     89.8005
    956580     90.1193
    956590     89.7295
    956600     89.5458
    956610     89.8055
    956620     89.4778
    956630     89.0082
    956640     88.6053
    956650     90.1677
    956660     88.5527
    956670     89.4203
    956680     90.2047
    956690     88.9245
    956700      89.803
    956710     89.7385
    956720     90.3602
    956730     89.7709
    956740     89.8399
    956750     90.7999
    956760     89.5118
    956770     90.0189
    956780     90.1693
    956790     89.9375
    956800     90.4301
    956810     90.1591
    956820     90.6263
    956830     91.7294
    956840     91.1323
    956850      90.455
    956860     89.7035
    956870     89.3369
    956880     89.5366
    956890     89.6796
    956900     89.5312
    956910     89.4644
    956920     89.7201
    956930     89.8195
    956940     89.4856
    956950      89.286
    956960     90.5021
    956970     90.4277
    956980     89.2134
    956990     91.2275
    957000     89.9399
    957010     90.5286
    957020     90.6089
    957030     90.3776
    957040      91.099
    957050     89.5516
    957060     89.3902
    957070     89.8227
    957080     89.5371
    957090     89.6878
    957100      90.511
    957110     89.7675
    957120     90.4405
    957130     89.3928
    957140     90.1033
    957150     89.3994
    957160     90.3075
    957170     89.2631
    957180     89.9747
    957190     89.6967
    957200     88.8558
    957210     89.7838
    957220     89.5898
    957230     89.2475
    957240     90.3633
    957250     89.2087
    957260     90.2159
    957270     90.6482
    957280     90.3892
    957290     90.5517
    957300     89.5718
    957310     89.5814
    957320     89.9519
    957330     90.7639
    957340     90.2897
    957350     89.8056
    957360      89.685
    957370     90.1907
    957380     89.7682
    957390     89.5929
    957400     90.0167
    957410     89.6139
    957420       90.74
    957430     90.1459
    957440     91.3136
    957450     89.4766
    957460       89.35
    957470     89.3697
    957480     90.2676
    957490     89.8084
    957500     89.1979
    957510     89.2222
    957520     89.5569
    957530      90.313
    957540      89.418
    957550     90.1332
    957560     90.2242
    957570     90.2807
    957580     90.9186
    957590     89.5705
    957600      90.222
    957610     90.2629
    957620     90.3718
    957630     90.1704
    957640     89.4252
    957650     89.6774
    957660     90.5302
    957670     90.5323
    957680     89.9577
    957690     90.8223
    957700     89.4698
    957710     90.1236
    957720     90.6475
    957730      90.696
    957740     91.1469
    957750     91.0445
    957760     90.8069
    957770     89.7154
    957780     89.9631
    957790      89.384
    957800     89.8611
    957810     89.6342
    957820     90.4671
    957830      90.263
    957840     90.6722
    957850     89.6566
    957860     90.1395
    957870     90.0976
    957880      89.822
    957890     90.3993
    957900      89.552
    957910     90.7528
    957920     91.1037
    957930     90.5023
    957940      91.785
    957950     91.6771
    957960     91.3487
    957970     90.6152
    957980     90.0923
    957990     91.0904
    958000     89.7981
    958010     91.1344
    958020     90.7763
    958030     89.8093
    958040     90.6299
    958050     90.1748
    958060     90.0643
    958070     89.9441
    958080     91.3135
    958090     90.5015
    958100     90.2163
    958110     90.2822
    958120     90.0184
    958130     89.6148
    958140     90.6292
    958150     89.3466
    958160      89.864
    958170     89.4602
    958180     90.4738
    958190     89.3423
    958200      90.118
    958210     89.9816
    958220     89.6982
    958230     89.6341
    958240     89.4421
    958250     89.3315
    958260     89.2366
    958270     89.4769
    958280     89.4865
    958290     89.7308
    958300     89.7269
    958310     89.7585
    958320     89.7135
    958330     89.1163
    958340     89.7094
    958350     89.1889
    958360     89.5082
    958370     89.1133
    958380      89.203
    958390     88.6052
    958400     89.0698
    958410     89.0829
    958420      89.094
    958430     89.1143
    958440     89.2322
    958450     89.1792
    958460     89.4549
    958470      89.318
    958480      89.084
    958490     89.7115
    958500     89.2863
    958510     89.6943
    958520     89.6682
    958530     89.1121
    958540     89.0084
    958550     89.7637
    958560     89.7163
    958570     89.2767
    958580      89.372
    958590     89.4746
    958600     89.3769
    958610     90.0565
    958620     88.7232
    958630     89.0775
    958640     89.1276
    958650     89.7455
    958660     88.7458
    958670     88.6158
    958680     88.9416
    958690     89.0687
    958700     89.7228
    958710     89.1938
    958720     89.2896
    958730     88.6937
    958740     89.4541
    958750     89.4412
    958760      88.883
    958770      89.188
    958780     89.3941
    958790     89.2301
    958800     88.9871
    958810     89.1038
    958820     89.0262
    958830     88.7537
    958840     88.9379
    958850     89.8574
    958860     89.5777
    958870     89.0474
    958880     89.2829
    958890     88.5844
    958900     89.1506
    958910     88.9339
    958920     88.7055
    958930     88.6934
    958940     88.5709
    958950     88.6659
    958960     89.1935
    958970     88.5233
    958980      89.317
    958990     88.4314
    959000     88.8506
    959010     88.9085
    959020     89.5943
    959030     89.0963
    959040     88.6151
    959050      88.801
    959060     88.6689
    959070     88.9836
    959080     88.9192
    959090     89.1557
    959100     88.6632
    959110     88.4728
    959120     88.5248
    959130     88.4504
    959140     88.7096
    959150     88.8606
    959160     89.0488
    959170     89.4027
    959180     88.9413
    959190     88.7114
    959200     88.2024
    959210     89.0095
    959220     88.5869
    959230     88.5038
    959240     88.4143
    959250     88.5253
    959260     88.6934
    959270     88.1465
    959280     87.8245
    959290     88.8865
    959300     88.8054
    959310     88.2622
    959320     88.5484
    959330     89.1422
    959340     88.9373
    959350     90.0291
    959360     88.7884
    959370     88.3813
    959380     88.6704
    959390     88.3957
    959400     89.0894
    959410     89.0607
    959420     88.4387
    959430     88.5195
    959440     88.8029
    959450     88.6957
    959460     88.4909
    959470     88.9312
    959480     88.7737
    959490     89.4868
    959500     89.1484
    959510      88.235
    959520     88.6903
    959530      88.825
    959540     89.0003
    959550     88.7558
    959560     89.4499
    959570     88.9432
    959580       88.85
    959590      88.049
    959600     89.2572
    959610     88.7094
    959620     88.4021
    959630     87.9407
    959640     88.2509
    959650     87.7455
    959660     88.4883
    959670     88.6452
    959680     87.9193
    959690     87.4336
    959700     87.3707
    959710     88.0473
    959720     87.4472
    959730     87.6983
    959740     88.4754
    959750     87.7792
    959760      87.612
    959770     87.5878
    959780     87.5362
    959790     87.9565
    959800     88.4605
    959810     87.4499
    959820     87.8349
    959830     87.6064
    959840     87.9249
    959850     87.6749
    959860     89.0711
    959870      88.243
    959880     87.9715
    959890     88.9503
    959900     88.3619
    959910     87.5463
    959920     87.9348
    959930     88.1177
    959940     87.8363
    959950     87.2954
    959960      87.879
    959970     87.8049
    959980     88.7303
    959990      87.548
    960000     88.0998
    960010     88.0304
    960020     88.5941
    960030     88.4139
    960040     88.3423
    960050     88.7999
    960060      89.119
    960070     88.4825
    960080     89.2937
    960090     88.3618
    960100      88.478
    960110     88.1826
    960120     88.7062
    960130     88.1771
    960140     87.8428
    960150     87.5691
    960160     88.8109
    960170     88.1009
    960180     88.2545
    960190     88.5532
    960200     88.6076
    960210     88.8125
    960220     88.7024
    960230     89.0546
    960240     89.9253
    960250     89.0695
    960260     88.8713
    960270     88.6831
    960280     88.7429
    960290     88.7354
    960300     89.1072
    960310      89.033
    960320     87.9738
    960330     89.1229
    960340      88.048
    960350     88.6665
    960360      88.269
    960370     88.3051
    960380     88.9505
    960390     88.7926
    960400     88.6325
    960410     88.8912
    960420     89.5624
    960430       89.46
    960440     89.4699
    960450     89.6085
    960460     88.9102
    960470      88.723
    960480     88.8646
    960490     89.6489
    960500     88.6635
    960510     88.4024
    960520     88.8243
    960530     88.9035
    960540     88.1774
    960550     88.8971
    960560     88.4456
    960570     88.6987
    960580     89.0504
    960590     89.0729
    960600     89.2247
    960610     88.9805
    960620     88.6211
    960630     88.9738
    960640     88.3435
    960650     88.6641
    960660      88.697
    960670     88.4341
    960680     89.0072
    960690     88.8912
    960700     88.9664
    960710     89.1503
    960720     88.9737
    960730     88.7688
    960740     88.7558
    960750     89.4512
    960760     89.0741
    960770     88.5036
    960780     88.7628
    960790     88.9706
    960800     88.9962
    960810       89.07
    960820     88.4719
    960830     88.7879
    960840     88.8329
    960850     89.4627
    960860     89.0577
    960870     88.4835
    960880     88.9469
    960890     88.6297
    960900     88.7533
    960910     88.7152
    960920     88.8184
    960930     88.0297
    960940     88.5984
    960950     88.1831
    960960     88.4691
    960970     88.8973
    960980     88.9757
    960990     88.4098
    961000     88.1916
    961010     88.3503
    961020     88.6985
    961030     88.8186
    961040     88.5178
    961050     88.6217
    961060     89.0578
    961070     89.0106
    961080     88.8057
    961090     88.7327
    961100     88.4933
    961110     88.9328
    961120     89.1077
    961130     88.8848
    961140     88.8808
    961150      88.821
    961160      88.504
    961170     89.0804
    961180      88.936
    961190     89.1109
    961200     88.7735
    961210     88.6856
    961220      89.196
    961230     88.4664
    961240     89.0365
    961250     88.9621
    961260     88.6771
    961270     88.5325
    961280      88.515
    961290     88.9051
    961300     88.7944
    961310     88.8208
    961320     88.9206
    961330     89.4206
    961340     89.3576
    961350     89.0914
    961360      88.726
    961370     89.2673
    961380     89.1291
    961390     89.0862
    961400     89.8651
    961410     89.4334
    961420     89.1875
    961430     89.1744
    961440     89.4017
    961450     88.9683
    961460      89.473
    961470     89.5567
    961480     88.5595
    961490     88.2086
    961500     88.1816
    961510     88.8448
    961520     89.0236
    961530     89.3316
    961540     89.2787
    961550     89.0552
    961560     89.0597
    961570     89.6507
    961580     90.2318
    961590     89.5821
    961600     89.1502
    961610     89.0073
    961620     90.0819
    961630     89.0966
    961640     89.0754
    961650     88.8409
    961660     89.1673
    961670     88.9417
    961680     89.3682
    961690     88.8573
    961700     88.9373
    961710     89.5534
    961720      88.968
    961730     88.9396
    961740     88.7542
    961750     89.6107
    961760     90.1133
    961770     89.2754
    961780     88.9798
    961790     88.8514
    961800     88.7744
    961810     89.0104
    961820     89.1739
    961830     89.0233
    961840     90.0609
    961850     89.7792
    961860     89.0641
    961870     88.6735
    961880     88.7159
    961890     88.9921
    961900     88.7456
    961910     89.2978
    961920     89.2232
    961930     88.9535
    961940     88.7902
    961950     90.2805
    961960     89.0092
    961970     90.2262
    961980     89.9727
    961990     89.7504
    962000     89.0517
    962010     89.5022
    962020     89.1727
    962030     89.4659
    962040     89.3587
    962050     89.7727
    962060     89.6458
    962070     89.8665
    962080     89.2448
    962090     89.2758
    962100      88.915
    962110     89.4447
    962120     89.6477
    962130     89.0379
    962140     89.0261
    962150     89.7406
    962160     89.1674
    962170     89.3911
    962180     89.3613
    962190     88.5871
    962200     89.1354
    962210     89.5317
    962220      89.265
    962230     89.3058
    962240     89.4452
    962250     89.7326
    962260     88.9427
    962270     89.9224
    962280      89.848
    962290     90.1101
    962300      89.643
    962310     89.4567
    962320     89.6866
    962330     89.9378
    962340     89.3986
    962350     89.0592
    962360     89.7474
    962370     89.0669
    962380      89.739
    962390     89.5844
    962400     89.5221
    962410     89.9815
    962420     89.3019
    962430     89.1245
    962440     89.7817
    962450      89.631
    962460     89.3936
    962470     89.6633
    962480     89.3817
    962490     89.6555
    962500     88.5854
    962510     89.0655
    962520     89.2229
    962530     88.9765
    962540     88.7584
    962550     88.9786
    962560     89.0278
    962570     89.1505
    962580     89.1867
    962590     88.2979
    962600     89.0095
    962610     88.5377
    962620     88.4893
    962630     88.9495
    962640     89.1688
    962650     88.5296
    962660     88.6955
    962670     89.5679
    962680     89.1816
    962690     89.9571
    962700     89.5041
    962710     89.3596
    962720     89.4095
    962730     88.9324
    962740     89.9527
    962750     89.8082
    962760     89.7723
    962770     89.5868
    962780     88.6599
    962790     88.8251
    962800     88.9802
    962810     88.8187
    962820     88.9256
    962830     88.4095
    962840     88.8843
    962850     88.3376
    962860      89.153
    962870     89.0552
    962880     88.6495
    962890     88.2449
    962900     88.7734
    962910     88.8948
    962920     88.8407
    962930     88.9945
    962940     89.2606
    962950     88.5552
    962960     88.8453
    962970     88.5634
    962980     89.0109
    962990     88.8791
    963000     89.8559
    963010     89.4611
    963020     89.0784
    963030     89.1159
    963040     89.5888
    963050     89.4382
    963060     89.3171
    963070     89.1836
    963080     89.3072
    963090     88.9846
    963100     89.2435
    963110     88.9427
    963120     88.9604
    963130     89.2561
    963140     89.1332
    963150     89.3315
    963160     89.4848
    963170     89.3708
    963180     89.2983
    963190     88.9915
    963200     89.1824
    963210     89.4099
    963220     89.1358
    963230     90.2361
    963240     89.4796
    963250     89.6915
    963260     89.3345
    963270     89.3154
    963280     89.3909
    963290     89.0191
    963300     89.3987
    963310     89.1606
    963320     89.5996
    963330     89.3713
    963340     89.1635
    963350     89.3756
    963360     89.0863
    963370       88.79
    963380     88.7938
    963390     88.5122
    963400     88.2525
    963410     88.4719
    963420     88.5869
    963430     89.5554
    963440     88.7955
    963450     88.8209
    963460     89.7096
    963470     88.8911
    963480     89.3239
    963490      89.117
    963500     89.6879
    963510     89.3294
    963520     89.5111
    963530     88.6513
    963540     89.1487
    963550     89.5793
    963560     90.2368
    963570     89.6175
    963580     89.2244
    963590     88.9486
    963600     88.7644
    963610     89.3151
    963620      89.167
    963630     88.5611
    963640     88.5962
    963650     88.3356
    963660     88.5914
    963670     88.3187
    963680      88.821
    963690     88.5858
    963700     88.4894
    963710      87.975
    963720     88.3675
    963730     88.5875
    963740     87.9246
    963750       88.38
    963760     88.5665
    963770     88.5765
    963780     88.6897
    963790      88.971
    963800     88.8162
    963810     88.7615
    963820      88.637
    963830     88.5992
    963840     89.4945
    963850     88.6753
    963860     89.1455
    963870     88.3663
    963880     88.5838
    963890     87.9372
    963900     88.8798
    963910     88.5108
    963920     88.5842
    963930     89.0719
    963940     89.6107
    963950     88.4994
    963960     89.0203
    963970     89.2379
    963980     89.1531
    963990     88.7222
    964000     88.5889
    964010     88.1531
    964020     88.7112
    964030     88.3572
    964040     89.1658
    964050     89.2253
    964060     88.9573
    964070     88.6845
    964080     89.3721
    964090     88.5108
    964100      89.051
    964110     89.2479
    964120     89.0816
    964130     89.5569
    964140     89.3592
    964150     88.9822
    964160     89.8816
    964170     89.1667
    964180     89.4047
    964190     89.9622
    964200     89.4867
    964210     89.4719
    964220     89.6498
    964230     89.5053
    964240     89.3912
    964250     89.3022
    964260     88.3403
    964270     89.1905
    964280     89.3222
    964290     89.2911
    964300     88.7143
    964310     88.7315
    964320      88.757
    964330     88.7415
    964340     89.3948
    964350     89.1652
    964360     89.1654
    964370     89.4456
    964380     89.1649
    964390     88.8158
    964400     89.0259
    964410     89.2669
    964420     89.9836
    964430     89.8321
    964440     89.1694
    964450     89.4392
    964460     89.2542
    964470     89.4107
    964480     89.9012
    964490     88.9092
    964500     88.7412
    964510     88.5097
    964520     88.4296
    964530     88.4253
    964540      88.066
    964550     88.2846
    964560     88.8924
    964570     88.0545
    964580     88.3116
    964590      88.622
    964600     88.5919
    964610     88.0299
    964620     87.9718
    964630     88.8447
    964640     88.6621
    964650     88.9893
    964660     89.2203
    964670     88.9113
    964680     88.5125
    964690     88.6524
    964700     88.5504
    964710     88.0464
    964720     88.3912
    964730     88.4588
    964740     89.0243
    964750     88.7606
    964760     88.2273
    964770     89.3497
    964780     89.5465
    964790     88.6472
    964800     88.7817
    964810       87.93
    964820     87.9854
    964830     88.6685
    964840     88.3673
    964850      88.025
    964860     87.8632
    964870     88.1388
    964880     87.5366
    964890     87.5374
    964900     87.2106
    964910     88.1604
    964920     87.4501
    964930     87.1559
    964940     87.0988
    964950     87.2678
    964960      87.893
    964970     87.7902
    964980     87.7417
    964990     87.9086
    965000     87.6187
    965010     86.9109
    965020     86.9728
    965030     87.4263
    965040     87.1441
    965050     87.1086
    965060     87.1456
    965070     87.5777
    965080     87.7427
    965090     87.2768
    965100     87.2709
    965110     87.6246
    965120      87.277
    965130     87.8159
    965140     87.7713
    965150     88.1752
    965160     87.3479
    965170     87.3945
    965180     87.0052
    965190     87.0456
    965200     87.4325
    965210     86.9984
    965220     87.4988
    965230     87.5465
    965240     87.8644
    965250     87.0653
    965260     88.3288
    965270     87.3298
    965280     87.6364
    965290     87.9264
    965300     87.7509
    965310     87.4878
    965320     87.5267
    965330     87.3612
    965340     87.7927
    965350     87.5079
    965360     88.0821
    965370     87.7575
    965380     87.8348
    965390     88.1189
    965400     87.7967
    965410      88.142
    965420     88.1976
    965430     87.9217
    965440     87.1233
    965450     87.4363
    965460     87.5219
    965470     87.5348
    965480      87.001
    965490      88.013
    965500     87.3982
    965510     87.7646
    965520     87.7758
    965530     87.8693
    965540     87.4944
    965550     87.5392
    965560     87.5439
    965570     87.3352
    965580     87.3931
    965590     87.1211
    965600      87.518
    965610     87.9223
    965620     87.6502
    965630      87.546
    965640     87.2225
    965650     87.3246
    965660     87.1974
    965670      87.461
    965680     87.2722
    965690     87.5077
    965700     87.3705
    965710     87.3028
    965720       87.55
    965730      87.295
    965740     87.5022
    965750     87.9496
    965760     88.1621
    965770     87.5113
    965780     87.9011
    965790     87.3745
    965800     87.6525
    965810     87.3235
    965820     87.6097
    965830     87.7301
    965840     87.3366
    965850     87.5881
    965860     87.5754
    965870     87.2937
    965880     87.5247
    965890     88.0325
    965900     87.7538
    965910     87.6291
    965920     87.5948
    965930     87.5771
    965940     87.9935
    965950     87.4158
    965960     87.8802
    965970     87.2219
    965980     87.2156
    965990     87.5329
    966000     87.4377
    966010     87.5611
    966020     87.7908
    966030     87.2732
    966040     87.6465
    966050     88.1976
    966060     87.4253
    966070     87.5003
    966080     87.8997
    966090     87.8799
    966100     87.6141
    966110     88.1456
    966120     87.5331
    966130     87.4417
    966140     87.3961
    966150     87.8337
    966160      87.497
    966170       87.39
    966180     87.3081
    966190     87.8595
    966200     87.2022
    966210     88.0072
    966220     88.2931
    966230      87.966
    966240     87.5928
    966250     87.5366
    966260     87.8941
    966270     87.6506
    966280       87.69
    966290     87.5903
    966300     87.4847
    966310     87.3566
    966320     87.4942
    966330     87.2397
    966340     87.2623
    966350     87.2852
    966360     87.2761
    966370     87.8156
    966380     86.8183
    966390     86.9942
    966400     87.0186
    966410     87.1887
    966420     87.7465
    966430      87.142
    966440     87.0657
    966450     86.9342
    966460     87.5874
    966470     87.1217
    966480     87.5054
    966490     87.7954
    966500      87.555
    966510     87.6449
    966520     86.9269
    966530     87.5493
    966540     87.1687
    966550     87.6702
    966560     88.2109
    966570     87.4898
    966580     87.6158
    966590     88.0026
    966600     87.4424
    966610     87.4777
    966620     86.9651
    966630     87.3808
    966640     86.8354
    966650     87.1036
    966660     87.1739
    966670      87.273
    966680     87.7771
    966690     87.7589
    966700     87.8894
    966710     87.8019
    966720     87.8417
    966730     88.0309
    966740     87.5053
    966750      87.796
    966760     87.7249
    966770     87.3517
    966780     88.0762
    966790      87.228
    966800     86.9039
    966810     87.6731
    966820     87.4679
    966830     87.6031
    966840     87.9116
    966850     88.0914
    966860     87.2517
    966870     87.5134
    966880     87.3789
    966890     87.8048
    966900     87.6894
    966910     88.0272
    966920      88.057
    966930     87.5421
    966940     87.6608
    966950     87.8126
    966960     87.6039
    966970     87.1042
    966980     87.7364
    966990     87.4841
    967000     86.7676
    967010     87.0537
    967020     87.4843
    967030     87.4722
    967040     88.3921
    967050     87.2197
    967060      87.296
    967070     87.4152
    967080     87.0107
    967090     87.2523
    967100     87.1304
    967110     87.1042
    967120      87.084
    967130     87.8081
    967140     87.8598
    967150     87.3218
    967160     86.8535
    967170     87.0828
    967180     87.3058
    967190     86.9922
    967200     87.9287
    967210     87.5388
    967220     87.5984
    967230     87.8039
    967240     87.8466
    967250     87.8429
    967260     87.6537
    967270     88.2928
    967280     87.8267
    967290     87.8536
    967300     87.9115
    967310     87.6809
    967320     87.2766
    967330     86.9717
    967340     86.7614
    967350     86.6271
    967360     87.5443
    967370     87.7653
    967380     87.3538
    967390     87.7665
    967400     87.6867
    967410     87.2691
    967420     88.0362
    967430     87.4482
    967440     87.8118
    967450      87.888
    967460     87.4884
    967470     87.7241
    967480     87.7815
    967490     87.5063
    967500      87.814
    967510     87.5253
    967520     87.1434
    967530     87.5153
    967540     87.6239
    967550     87.8568
    967560     88.2099
    967570     87.8336
    967580      87.673
    967590     87.9165
    967600     87.8446
    967610     87.7259
    967620     87.6165
    967630     88.3987
    967640      87.865
    967650     87.4968
    967660     87.4992
    967670     87.3896
    967680     87.5558
    967690     87.9094
    967700     87.8881
    967710     86.8069
    967720     87.2155
    967730      87.329
    967740     87.4407
    967750     87.0869
    967760     87.7484
    967770     87.0596
    967780      86.873
    967790      87.238
    967800     87.4964
    967810     86.9044
    967820     87.3825
    967830     87.4033
    967840     87.7921
    967850     87.6119
    967860     87.9395
    967870     87.4423
    967880      86.943
    967890     87.0321
    967900     86.8664
    967910     87.2159
    967920     87.1163
    967930      87.037
    967940     87.6656
    967950     87.4606
    967960     86.9867
    967970     86.6896
    967980     87.6132
    967990      87.413
    968000     87.2727
    968010     88.2453
    968020     87.8619
    968030     87.3386
    968040     87.4154
    968050      87.838
    968060     87.6742
    968070     87.5824
    968080     87.8899
    968090     87.4752
    968100     87.6594
    968110     87.7498
    968120     87.1955
    968130     87.2978
    968140     88.0452
    968150     87.4191
    968160     88.9136
    968170     88.0436
    968180     88.0596
    968190     87.9201
    968200     87.7886
    968210     88.2084
    968220     87.8722
    968230     87.6486
    968240     87.1391
    968250     87.6662
    968260     87.7117
    968270     87.3389
    968280     87.8165
    968290     87.6102
    968300     87.6965
    968310     87.5511
    968320     87.2655
    968330     87.9669
    968340     88.0534
    968350     88.1489
    968360     87.6625
    968370     87.6834
    968380      88.006
    968390     87.7882
    968400     87.8372
    968410     87.0966
    968420     87.6255
    968430     87.8327
    968440     87.2975
    968450     87.2525
    968460     88.0914
    968470     87.5158
    968480     88.1451
    968490     87.4949
    968500     87.4022
    968510     87.6003
    968520     88.0723
    968530     88.4602
    968540      87.539
    968550      87.969
    968560     88.2174
    968570     87.8026
    968580     88.1243
    968590     87.5834
    968600      88.225
    968610     88.5539
    968620     87.6586
    968630     87.3051
    968640     87.9817
    968650     87.7353
    968660     87.9541
    968670     87.0433
    968680     87.4773
    968690     87.9642
    968700     88.1928
    968710     88.1308
    968720     88.3173
    968730     87.5515
    968740     87.6433
    968750      87.256
    968760     87.4323
    968770     88.4676
    968780      87.833
    968790      88.028
    968800     87.8775
    968810     87.9202
    968820     87.5286
    968830     87.9627
    968840      87.134
    968850     87.9842
    968860     87.8695
    968870     88.1249
    968880      87.752
    968890      87.955
    968900     87.3344
    968910      87.272
    968920     87.9814
    968930     87.5308
    968940     87.0273
    968950     87.5429
    968960     87.7797
    968970     87.5678
    968980     87.9082
    968990     87.0365
    969000     87.2055
    969010     87.8382
    969020       88.02
    969030     87.9254
    969040     88.0106
    969050     87.1151
    969060     87.1715
    969070     87.6121
    969080     87.1977
    969090     87.3272
    969100      88.068
    969110     87.5031
    969120     87.8395
    969130     87.9888
    969140     87.7927
    969150     87.8966
    969160     87.6475
    969170     88.0157
    969180     87.9734
    969190     88.2944
    969200     88.7009
    969210     88.6644
    969220     88.5919
    969230     87.8532
    969240     88.6497
    969250     88.0505
    969260     88.4846
    969270     88.4934
    969280     88.4068
    969290     88.3088
    969300     88.3159
    969310     88.7853
    969320     88.8491
    969330     88.5098
    969340     88.1006
    969350     88.1849
    969360     88.9268
    969370     88.2104
    969380     88.7237
    969390     87.8714
    969400     87.8423
    969410     87.4497
    969420     87.5221
    969430     87.4884
    969440      87.839
    969450     87.7321
    969460     87.4985
    969470      88.415
    969480     88.3892
    969490     88.4351
    969500     87.6761
    969510     87.5704
    969520     87.1585
    969530     87.8333
    969540     87.8188
    969550     87.5044
    969560     87.9979
    969570     88.0241
    969580     87.6098
    969590     87.5559
    969600     87.6982
    969610     87.5649
    969620     88.5842
    969630     87.9552
    969640     88.5431
    969650     87.7404
    969660     88.0225
    969670     88.1666
    969680     88.6801
    969690     87.7419
    969700     88.2743
    969710     87.5743
    969720     88.0133
    969730     87.4496
    969740     87.7282
    969750     87.2261
    969760     86.5581
    969770     87.7572
    969780     87.6656
    969790     87.3106
    969800     87.8484
    969810     87.8079
    969820     87.6913
    969830     87.2296
    969840      87.067
    969850     87.2445
    969860     86.9779
    969870     87.9099
    969880     87.8071
    969890     87.4978
    969900     87.6333
    969910     87.7644
    969920     87.3948
    969930     86.9462
    969940     87.4555
    969950     87.2801
    969960     87.6318
    969970     87.2083
    969980     87.1356
    969990      87.406
    970000     88.1854
    970010      87.385
    970020     87.9833
    970030     87.5563
    970040     87.9537
    970050     88.0552
    970060     88.0706
    970070      87.828
    970080      88.088
    970090     88.2325
    970100     87.5082
    970110     88.2013
    970120     87.6103
    970130     87.9123
    970140     88.0339
    970150     87.9071
    970160     88.1127
    970170     88.4703
    970180     88.1073
    970190     87.7979
    970200     87.6982
    970210     87.8493
    970220     87.4871
    970230     88.2729
    970240     88.1149
    970250       88.28
    970260     87.7616
    970270     88.6793
    970280     87.8391
    970290     88.4524
    970300     88.3957
    970310      87.626
    970320     87.9594
    970330     87.7043
    970340     88.3404
    970350     88.2968
    970360     88.2918
    970370      88.728
    970380     88.4043
    970390     88.0059
    970400     88.1475
    970410     88.2469
    970420      88.287
    970430      88.783
    970440     88.0703
    970450     88.3388
    970460     87.8226
    970470      88.424
    970480     87.9451
    970490     88.0025
    970500     88.5754
    970510     87.7744
    970520      87.475
    970530     87.5342
    970540     88.1465
    970550     87.6414
    970560     87.3653
    970570     87.3021
    970580     87.6455
    970590     87.4813
    970600     88.0247
    970610     87.5607
    970620     88.1541
    970630     87.8234
    970640     88.1338
    970650     87.9969
    970660     87.2671
    970670     87.7324
    970680     87.4538
    970690      87.514
    970700     87.3105
    970710     87.6085
    970720     87.5087
    970730     87.7076
    970740     87.6509
    970750     87.8476
    970760     88.0312
    970770      87.697
    970780      88.226
    970790     87.6286
    970800     88.1387
    970810     87.3769
    970820     87.3603
    970830     87.7418
    970840     88.3289
    970850     87.8763
    970860     87.9144
    970870     87.8378
    970880     87.7995
    970890     87.5267
    970900      87.927
    970910     88.0248
    970920     87.7526
    970930     88.2934
    970940     88.4146
    970950     87.7986
    970960     87.9973
    970970     88.4395
    970980      88.146
    970990     87.8076
    971000     87.5771
    971010      87.755
    971020     88.0501
    971030     87.4497
    971040     88.0298
    971050     87.7567
    971060     87.7802
    971070     88.6751
    971080     88.1974
    971090     87.5921
    971100     87.6174
    971110     87.6164
    971120     88.5237
    971130     87.6366
    971140     87.8554
    971150      87.789
    971160     87.5303
    971170     88.0193
    971180     87.9835
    971190     88.3736
    971200     87.9806
    971210     87.9157
    971220     88.4114
    971230     87.5116
    971240     87.6637
    971250     88.1224
    971260     88.1104
    971270      88.187
    971280     87.7277
    971290     88.4086
    971300     88.1871
    971310     88.3554
    971320     88.1512
    971330     88.1777
    971340     88.0071
    971350      88.478
    971360     88.0159
    971370     88.4883
    971380     87.6887
    971390      87.662
    971400     87.9078
    971410     87.3809
    971420     88.2202
    971430      87.694
    971440     87.0827
    971450     87.7697
    971460     87.9737
    971470      87.325
    971480     86.9763
    971490     87.4222
    971500     87.5403
    971510     88.2202
    971520     88.1261
    971530     87.3669
    971540     87.1018
    971550     87.5393
    971560     88.2865
    971570     88.1259
    971580      87.663
    971590     88.2513
    971600     88.4975
    971610     88.1925
    971620     87.8418
    971630     88.0241
    971640     88.1518
    971650     88.0654
    971660     87.9723
    971670     87.6724
    971680     88.1449
    971690     88.0237
    971700      87.813
    971710      87.712
    971720     88.0128
    971730     87.6606
    971740     88.2151
    971750     87.5772
    971760     86.9718
    971770     87.4415
    971780     87.3717
    971790      87.593
    971800     87.5758
    971810     87.8843
    971820     87.0204
    971830     87.3228
    971840     87.7975
    971850     86.7414
    971860     87.2911
    971870     87.6086
    971880     87.2022
    971890     87.2776
    971900      86.734
    971910     87.2524
    971920     87.0758
    971930     86.6979
    971940     87.1934
    971950     87.3149
    971960     86.7982
    971970     87.2351
    971980     87.2051
    971990     86.9534
    972000     87.6348
    972010     87.3941
    972020     87.9118
    972030     87.6574
    972040     87.5812
    972050     87.9575
    972060     87.7506
    972070     87.4323
    972080     87.8497
    972090     87.1809
    972100     87.4321
    972110     88.4007
    972120     87.6177
    972130     87.7193
    972140     87.6663
    972150     87.5884
    972160     87.2288
    972170     87.4863
    972180     87.7763
    972190     87.8055
    972200     87.6942
    972210     87.6152
    972220     87.2912
    972230     87.9201
    972240     88.4221
    972250     88.1367
    972260      87.404
    972270     87.2751
    972280     88.1383
    972290     88.4745
    972300     88.2142
    972310     88.5681
    972320      88.283
    972330     87.6214
    972340     87.7029
    972350     88.2751
    972360     87.8747
    972370      87.876
    972380     87.7621
    972390     87.9662
    972400     88.0297
    972410     88.0074
    972420     88.5094
    972430     87.9839
    972440     88.3191
    972450     88.3638
    972460     88.3088
    972470     88.6616
    972480     88.3004
    972490     88.4452
    972500     89.4281
    972510     88.4354
    972520     88.4328
    972530     88.7819
    972540     88.2225
    972550     88.3651
    972560     88.1253
    972570      87.826
    972580     88.1615
    972590     88.0891
    972600     88.2902
    972610     88.3712
    972620     88.3967
    972630     88.1028
    972640     87.0904
    972650     87.9674
    972660     88.3118
    972670     87.6933
    972680     87.7407
    972690     87.7528
    972700     87.5526
    972710     88.5719
    972720     88.0827
    972730     87.6947
    972740     87.8937
    972750     87.6138
    972760       87.48
    972770     87.3661
    972780     88.0544
    972790     87.3724
    972800     87.4237
    972810     87.9385
    972820     88.4092
    972830     87.8251
    972840       87.79
    972850     87.7088
    972860     88.3999
    972870     88.3192
    972880     88.1312
    972890     88.4109
    972900     87.8406
    972910      87.381
    972920     87.8746
    972930     88.3236
    972940     88.3455
    972950     88.0135
    972960     88.7579
    972970     87.9987
    972980      87.364
    972990     87.5653
    973000     87.7136
    973010     88.7624
    973020     87.4248
    973030      87.023
    973040     86.7209
    973050     87.3037
    973060     87.0789
    973070     86.5612
    973080     87.3828
    973090     86.8864
    973100     87.0207
    973110      87.922
    973120     87.3255
    973130     87.5652
    973140     87.9706
    973150     87.2188
    973160     86.8965
    973170     87.4022
    973180     87.5754
    973190     86.7216
    973200     86.8631
    973210     87.4536
    973220     87.3158
    973230     87.5638
    973240     87.8524
    973250     87.5943
    973260     86.9977
    973270     86.5578
    973280     87.4002
    973290     87.3975
    973300      87.156
    973310     87.4939
    973320      86.769
    973330     87.0913
    973340     86.9902
    973350     87.4645
    973360     87.2316
    973370     87.8512
    973380     87.5271
    973390      87.764
    973400     87.4011
    973410     87.2058
    973420     87.3674
    973430     87.0237
    973440     87.0596
    973450     88.1707
    973460     87.6498
    973470     87.7001
    973480     87.4852
    973490     86.7771
    973500     87.0365
    973510     87.3293
    973520     87.4173
    973530     87.5972
    973540       87.02
    973550     87.3743
    973560     87.6307
    973570     87.0562
    973580     87.1122
    973590     87.3533
    973600     87.2224
    973610     87.6516
    973620     87.3793
    973630     87.4129
    973640     87.4951
    973650     87.4706
    973660     88.4396
    973670      87.578
    973680     87.7968
    973690     87.6093
    973700     87.0332
    973710     87.5663
    973720     87.2449
    973730     87.0764
    973740     87.9422
    973750     87.9902
    973760     87.1927
    973770      87.701
    973780      87.182
    973790     88.0299
    973800     87.9816
    973810     87.6676
    973820       87.79
    973830     87.5479
    973840     88.1895
    973850     87.6522
    973860     88.1584
    973870     87.6372
    973880     87.1727
    973890     87.3891
    973900     87.7915
    973910     87.8071
    973920     87.8907
    973930     87.8434
    973940     88.1556
    973950     87.7739
    973960     87.8066
    973970     87.4619
    973980     87.9923
    973990     87.8266
    974000     87.9496
    974010     87.6692
    974020     87.3914
    974030     87.0247
    974040     87.9784
    974050     88.4764
    974060     87.5763
    974070     87.7925
    974080     87.6545
    974090     87.8801
    974100     88.1555
    974110      86.401
    974120     86.8955
    974130     87.9312
    974140     87.0945
    974150     87.8118
    974160     86.4269
    974170     87.2687
    974180     87.6856
    974190     87.2863
    974200     87.6127
    974210     88.0103
    974220     87.2695
    974230      87.644
    974240     87.3586
    974250     87.4643
    974260     87.0818
    974270     87.5761
    974280     87.5606
    974290     87.4187
    974300     88.1029
    974310     87.6175
    974320     88.1165
    974330     88.3176
    974340     87.5186
    974350       87.58
    974360     87.5601
    974370     87.4639
    974380     88.2781
    974390     87.7407
    974400        87.7
    974410     87.7407
    974420     87.7093
    974430      87.648
    974440     87.9023
    974450     88.2296
    974460     87.7702
    974470     87.4973
    974480     87.3342
    974490     87.1799
    974500     87.9334
    974510     87.8405
    974520     88.2496
    974530     87.9823
    974540     87.8001
    974550     88.5251
    974560     87.6655
    974570     87.4766
    974580     87.4988
    974590     87.7842
    974600     88.0206
    974610     87.9306
    974620     87.7908
    974630     87.3841
    974640     87.5533
    974650     88.0307
    974660     87.9551
    974670     88.2908
    974680     87.9321
    974690     88.3311
    974700      88.485
    974710     88.0701
    974720     88.8764
    974730     88.4757
    974740     88.2513
    974750     88.3758
    974760     88.6063
    974770     88.5627
    974780     88.1822
    974790     88.1245
    974800     88.1534
    974810     88.2524
    974820     88.5508
    974830     88.0272
    974840     88.6351
    974850     87.7957
    974860     88.3073
    974870     89.4387
    974880       88.03
    974890      88.837
    974900     88.6462
    974910     88.8584
    974920     88.3444
    974930     89.4171
    974940     88.3508
    974950     88.7961
    974960     88.1466
    974970     88.7258
    974980     87.5318
    974990      87.662
    975000     87.8423
    975010     87.6798
    975020     88.1344
    975030     88.1131
    975040     88.1355
    975050     88.7473
    975060      88.145
    975070     87.9126
    975080     87.8229
    975090      88.003
    975100     88.1816
    975110     87.9999
    975120     88.8354
    975130     87.8202
    975140     87.3548
    975150     87.5555
    975160     87.1117
    975170     88.2829
    975180     87.1582
    975190     87.8327
    975200     87.6716
    975210     87.5297
    975220     87.7848
    975230     87.9165
    975240     87.7788
    975250     88.2759
    975260     87.7076
    975270     88.4284
    975280     88.4065
    975290     88.3886
    975300     87.7429
    975310     87.7339
    975320      88.319
    975330      88.337
    975340     88.0428
    975350     88.5708
    975360     88.1034
    975370     87.7471
    975380     88.1222
    975390     88.3482
    975400     87.8949
    975410     87.7794
    975420     88.0472
    975430     88.4787
    975440      88.582
    975450     88.0694
    975460     88.0053
    975470     87.7574
    975480     87.7307
    975490     87.9447
    975500     87.8437
    975510     88.2024
    975520     88.4694
    975530     88.0169
    975540     88.2144
    975550      87.828
    975560     88.1755
    975570     87.8296
    975580     88.3595
    975590      89.038
    975600     89.3352
    975610     89.0145
    975620     88.5805
    975630     88.2537
    975640     88.0987
    975650     88.5485
    975660     88.5828
    975670     89.4899
    975680     88.6915
    975690     88.4556
    975700     88.3298
    975710     88.4525
    975720     88.7689
    975730     88.9595
    975740     88.6796
    975750     88.6316
    975760     88.6558
    975770     88.5624
    975780     88.9066
    975790     88.5689
    975800     88.3452
    975810     88.6696
    975820     88.1677
    975830     88.3801
    975840     88.3477
    975850     88.3752
    975860      88.365
    975870     87.8528
    975880     88.8832
    975890     88.8475
    975900     88.8676
    975910     88.8129
    975920     88.6518
    975930     89.0242
    975940     89.3596
    975950     88.8565
    975960     89.1287
    975970     89.8631
    975980     89.2727
    975990     89.8172
    976000     89.4271
    976010     89.1391
    976020     88.3565
    976030     88.8082
    976040      89.239
    976050     89.0249
    976060     89.1101
    976070     88.2853
    976080     88.4995
    976090     89.0763
    976100     89.3378
    976110     89.3265
    976120     89.3112
    976130     89.3502
    976140      88.705
    976150       89.04
    976160     89.4224
    976170      88.889
    976180     89.9577
    976190     89.4272
    976200     89.7333
    976210     89.2781
    976220     89.1094
    976230     89.5485
    976240      88.445
    976250     88.8075
    976260     88.9049
    976270     88.3439
    976280       89.15
    976290     88.5414
    976300     88.6254
    976310     89.0524
    976320     88.9944
    976330     88.2783
    976340     88.8069
    976350     88.7005
    976360     88.4671
    976370     89.2102
    976380     89.2459
    976390     88.9834
    976400     88.6391
    976410     89.0656
    976420     88.0086
    976430     88.4736
    976440     88.3694
    976450     88.2155
    976460     88.2431
    976470     89.0485
    976480     88.7259
    976490     88.6076
    976500     89.3283
    976510     88.1138
    976520      88.033
    976530     88.9596
    976540     88.6413
    976550     88.0914
    976560     88.2754
    976570     88.0314
    976580     88.4709
    976590     88.1833
    976600     88.0674
    976610     87.8625
    976620       87.75
    976630     88.3556
    976640     88.5562
    976650     87.6918
    976660     88.0325
    976670     89.4094
    976680     88.2527
    976690     87.9703
    976700     88.0574
    976710     87.9943
    976720     88.2771
    976730     88.5054
    976740      88.479
    976750     87.9959
    976760     87.4788
    976770     87.7692
    976780     88.1525
    976790      88.248
    976800     88.2922
    976810     88.1902
    976820     88.3064
    976830     89.0338
    976840      89.518
    976850      88.312
    976860     88.7954
    976870     89.0848
    976880     88.8998
    976890     88.3527
    976900     88.5631
    976910     88.8366
    976920     88.6732
    976930     89.1246
    976940     88.9532
    976950     89.1615
    976960     88.3819
    976970     88.6638
    976980     88.4531
    976990     89.1833
    977000     88.9585
    977010     89.1269
    977020     88.8126
    977030      88.198
    977040     88.6968
    977050     89.1897
    977060     89.3081
    977070     89.3121
    977080     89.0112
    977090     89.1478
    977100     88.2863
    977110      88.822
    977120     88.5718
    977130     88.5471
    977140     88.9525
    977150      89.123
    977160     88.5644
    977170     89.6063
    977180     88.7231
    977190     88.6388
    977200     88.3134
    977210      87.863
    977220     87.8892
    977230     87.7555
    977240     88.6107
    977250     88.6034
    977260     87.8638
    977270     87.6079
    977280     88.2283
    977290     88.2508
    977300     88.2525
    977310     88.4901
    977320     88.0509
    977330     88.9096
    977340     88.6455
    977350     88.7301
    977360     88.0227
    977370     88.5677
    977380     88.3479
    977390     87.9397
    977400     88.9591
    977410     88.8784
    977420     88.4748
    977430      88.411
    977440      87.958
    977450      88.633
    977460     88.9435
    977470     89.7959
    977480     88.3486
    977490     88.4013
    977500     88.8354
    977510     89.0105
    977520     88.4717
    977530     88.7203
    977540     88.8309
    977550     88.9473
    977560     88.7948
    977570     88.6341
    977580     89.1619
    977590     89.3337
    977600     89.6248
    977610     88.9256
    977620     88.8731
    977630     89.4096
    977640     89.2111
    977650     88.6028
    977660     89.7976
    977670     88.8258
    977680     88.6757
    977690     87.8057
    977700     88.5623
    977710     88.4651
    977720     87.8264
    977730     88.3386
    977740     88.3946
    977750     88.4041
    977760     88.2675
    977770     87.9908
    977780     88.0751
    977790     88.7694
    977800     88.3059
    977810     88.9779
    977820     88.7603
    977830     88.0398
    977840     88.1345
    977850     87.9861
    977860      88.227
    977870     88.3716
    977880     88.0732
    977890     87.7885
    977900     88.1653
    977910     88.5434
    977920     88.1426
    977930     88.6297
    977940     88.7018
    977950     88.4515
    977960     89.3318
    977970     89.0949
    977980     87.8986
    977990     88.6706
    978000       88.59
    978010     88.6338
    978020     88.2237
    978030     87.8556
    978040     88.5715
    978050     88.5543
    978060     88.6683
    978070     88.6471
    978080     88.3597
    978090     89.1364
    978100     89.3074
    978110     88.4003
    978120     88.5401
    978130     88.7104
    978140     88.4067
    978150     88.6778
    978160     89.3792
    978170     88.9086
    978180     87.8539
    978190     87.9227
    978200       87.84
    978210     87.5019
    978220     87.6451
    978230     87.7403
    978240     87.6249
    978250     87.7299
    978260     87.9819
    978270     87.8346
    978280     87.7656
    978290     86.8917
    978300     87.9587
    978310     87.9463
    978320     87.5835
    978330     88.1172
    978340     87.6734
    978350     88.0308
    978360     87.6771
    978370     87.3097
    978380     87.4964
    978390     87.6112
    978400     87.6294
    978410     87.1458
    978420     87.5438
    978430     87.3731
    978440     87.4658
    978450     87.6718
    978460     87.7409
    978470      87.184
    978480     87.8176
    978490     87.5369
    978500     87.4186
    978510     87.5962
    978520     87.9975
    978530     87.2472
    978540     87.0974
    978550     87.1637
    978560     87.8485
    978570     86.9054
    978580     87.4464
    978590     87.3303
    978600     87.0438
    978610     87.0337
    978620      87.634
    978630     87.4188
    978640     87.1372
    978650      87.516
    978660      87.959
    978670     87.5611
    978680     87.5403
    978690     87.7362
    978700     87.5017
    978710     87.9348
    978720      87.836
    978730     87.7395
    978740     87.7388
    978750     87.4434
    978760     87.6506
    978770     87.3315
    978780     87.6716
    978790     87.1424
    978800     86.7815
    978810     87.7578
    978820        87.5
    978830     87.0936
    978840       87.87
    978850     87.7513
    978860     87.2783
    978870     87.2821
    978880     87.6653
    978890     87.6551
    978900     87.2577
    978910     87.3529
    978920     87.2949
    978930     87.3966
    978940     87.5792
    978950     87.7064
    978960     87.2969
    978970      86.832
    978980     87.4502
    978990     87.0871
    979000     87.8748
    979010     87.4119
    979020     88.1631
    979030     87.9018
    979040     87.7583
    979050     87.7602
    979060     87.4003
    979070     87.3363
    979080     87.2758
    979090     86.8149
    979100     87.1056
    979110     87.6153
    979120     87.2508
    979130     87.3163
    979140     87.2032
    979150     87.9548
    979160      87.657
    979170     87.5041
    979180     87.3583
    979190     87.4914
    979200     87.1631
    979210     87.5349
    979220     87.3923
    979230     87.5499
    979240     87.5684
    979250        87.1
    979260     87.2282
    979270     87.0145
    979280     87.1874
    979290     87.3221
    979300     87.5632
    979310     87.3806
    979320     87.3844
    979330     87.2494
    979340     87.1524
    979350     87.0531
    979360     87.1019
    979370     87.4509
    979380     87.5532
    979390     87.3908
    979400     87.2114
    979410     87.0163
    979420     87.1489
    979430     86.8055
    979440     87.1861
    979450     87.0509
    979460     87.1391
    979470     87.3953
    979480     87.7177
    979490     87.2924
    979500     87.6892
    979510     86.8631
    979520     87.1119
    979530       86.87
    979540     87.4117
    979550     87.0673
    979560     86.8437
    979570     87.0381
    979580     87.4101
    979590     86.9269
    979600     86.9189
    979610     86.8347
    979620     87.1678
    979630     86.8963
    979640     86.9435
    979650     87.2399
    979660     87.1043
    979670     86.8115
    979680     86.6383
    979690     86.8965
    979700     87.2818
    979710     87.5969
    979720     88.1179
    979730     87.0999
    979740      87.623
    979750     87.4038
    979760     86.9019
    979770     86.9282
    979780     86.7107
    979790     86.5135
    979800     86.9439
    979810     86.6052
    979820     86.6204
    979830     86.4635
    979840     86.9484
    979850     87.4475
    979860     87.2771
    979870     86.7107
    979880      87.131
    979890     86.9863
    979900     86.8846
    979910     86.9507
    979920     86.6122
    979930     87.0631
    979940     86.8745
    979950     87.1164
    979960     87.4549
    979970       87.47
    979980     87.0045
    979990     86.5831
    980000     86.8293
    980010     86.9192
    980020      87.037
    980030     87.2272
    980040     87.4167
    980050     87.3269
    980060     87.8458
    980070     87.5052
    980080     87.3195
    980090     87.1992
    980100     87.0805
    980110     87.0616
    980120     86.9205
    980130     87.4958
    980140     86.9992
    980150     87.5067
    980160     86.9298
    980170     86.8173
    980180     86.9246
    980190      86.627
    980200     86.8516
    980210     87.1768
    980220     87.3293
    980230     87.3777
    980240       87.51
    980250     87.2092
    980260     87.2634
    980270     86.9252
    980280     87.4515
    980290     87.2492
    980300     87.1857
    980310      87.006
    980320     86.9915
    980330      86.578
    980340     87.2289
    980350     87.1582
    980360     86.7028
    980370     86.8198
    980380     87.1726
    980390     86.9326
    980400     86.9434
    980410     86.9286
    980420      87.206
    980430     87.4261
    980440     87.2455
    980450     87.5266
    980460     87.2254
    980470     87.2674
    980480     87.4932
    980490     86.9622
    980500     87.2868
    980510     87.1443
    980520     87.2621
    980530     87.5087
    980540     87.4338
    980550     87.1895
    980560     87.1718
    980570     87.3967
    980580     87.5675
    980590     87.4024
    980600     87.0318
    980610      87.178
    980620     87.1588
    980630     87.3062
    980640     87.5019
    980650     87.0893
    980660      87.035
    980670      86.702
    980680     86.7558
    980690     86.7127
    980700     86.8284
    980710     86.5688
    980720     87.3737
    980730     87.2139
    980740     87.2474
    980750     86.9062
    980760     86.9917
    980770     86.9547
    980780     86.8287
    980790     87.1836
    980800     86.6227
    980810     86.9117
    980820     86.9682
    980830     86.9977
    980840     87.0494
    980850     86.8887
    980860     86.7558
    980870      86.816
    980880     86.6835
    980890     87.0677
    980900     87.2345
    980910     86.6579
    980920     86.9051
    980930     86.8018
    980940     87.1902
    980950     86.6821
    980960     87.3214
    980970      86.801
    980980     86.8537
    980990     87.1962
    981000     86.9867
    981010     87.3214
    981020     86.8498
    981030     86.9985
    981040     87.5061
    981050     87.6965
    981060     87.3822
    981070     87.4992
    981080      87.555
    981090       87.16
    981100     87.5249
    981110     87.3087
    981120     87.3252
    981130     87.2988
    981140      87.399
    981150     87.2438
    981160     87.2049
    981170      87.287
    981180     86.8802
    981190     86.8393
    981200     86.8917
    981210     87.2018
    981220     86.8661
    981230     86.9842
    981240     86.7557
    981250     86.8921
    981260     87.0799
    981270     87.1211
    981280     86.7848
    981290     87.6038
    981300      86.704
    981310     86.5845
    981320     86.8756
    981330     87.5218
    981340     87.3777
    981350     87.4143
    981360     87.5734
    981370     87.3757
    981380     87.2523
    981390     87.5656
    981400      87.276
    981410     87.5999
    981420     87.2651
    981430     87.6238
    981440     87.2411
    981450     87.0711
    981460     87.0944
    981470     87.2196
    981480     86.8606
    981490     87.5626
    981500     86.9353
    981510     87.3429
    981520     87.1658
    981530     87.2523
    981540     87.1236
    981550     87.1964
    981560       87.31
    981570     87.0572
    981580     87.0426
    981590      87.484
    981600     87.4576
    981610     87.1608
    981620     87.0202
    981630     87.3964
    981640     87.3848
    981650     87.1058
    981660     87.0552
    981670     86.9777
    981680     87.1533
    981690     86.9151
    981700     87.2959
    981710     86.7264
    981720      86.934
    981730     87.4447
    981740     87.9117
    981750     87.0333
    981760     87.2404
    981770     87.3765
    981780     86.8302
    981790     87.2608
    981800     87.2659
    981810     87.7825
    981820     87.4073
    981830     87.8203
    981840      87.421
    981850     86.6777
    981860     87.1542
    981870     86.6157
    981880     86.9582
    981890     86.9688
    981900     87.1004
    981910     86.9609
    981920     87.2875
    981930       87.03
    981940     86.7607
    981950     87.0528
    981960     87.5804
    981970     87.3901
    981980     87.3772
    981990     87.5558
    982000     87.1032
    982010     87.4914
    982020     87.0918
    982030     87.1424
    982040     87.1396
    982050     86.9843
    982060     87.4872
    982070     87.1677
    982080     87.1273
    982090     86.9496
    982100     87.7015
    982110     87.5662
    982120     87.1367
    982130     86.9401
    982140     87.3398
    982150     87.0294
    982160     87.3042
    982170     87.1806
    982180     86.8567
    982190     87.4556
    982200     87.2431
    982210     86.5307
    982220     87.1809
    982230     86.7585
    982240      86.929
    982250     86.0037
    982260     86.9713
    982270     87.3666
    982280     86.9202
    982290     87.2504
    982300     87.2468
    982310      87.444
    982320     87.4857
    982330     86.8905
    982340     86.9056
    982350     87.2656
    982360     87.0889
    982370     86.9144
    982380     87.3279
    982390     86.8906
    982400      86.648
    982410     87.1507
    982420     86.9886
    982430     87.1339
    982440     86.8691
    982450     87.3801
    982460     87.1318
    982470     86.8883
    982480     87.2877
    982490     87.5749
    982500     87.3319
    982510     86.9827
    982520     87.1151
    982530     87.3416
    982540     87.3185
    982550     87.4296
    982560     87.0521
    982570     86.8685
    982580     87.2304
    982590      87.035
    982600     87.1878
    982610     87.4283
    982620     86.9883
    982630     87.4332
    982640     87.4931
    982650     88.1669
    982660     87.3915
    982670     87.3305
    982680     87.9114
    982690      87.174
    982700     87.5793
    982710     87.6729
    982720     87.5055
    982730     87.3477
    982740     87.9254
    982750     87.7075
    982760     87.7583
    982770     86.7842
    982780     87.3903
    982790     87.3129
    982800     86.9877
    982810     87.1296
    982820     87.6499
    982830     87.2081
    982840     87.6336
    982850     87.4782
    982860     87.8529
    982870     87.8125
    982880     88.0039
    982890     87.8064
    982900     87.4946
    982910     87.3297
    982920     87.4302
    982930      87.216
    982940     87.3796
    982950     87.0985
    982960     87.4928
    982970     87.0184
    982980     87.4493
    982990     87.1769
    983000     87.3129
    983010     86.8865
    983020     87.1976
    983030     87.6903
    983040     87.5262
    983050     87.5871
    983060     87.9201
    983070     87.1489
    983080     86.8673
    983090     87.2685
    983100     86.9757
    983110     87.0542
    983120     87.4149
    983130     87.3756
    983140     87.0907
    983150     87.4329
    983160     87.6081
    983170     87.5695
    983180     87.3037
    983190     87.5926
    983200     87.8621
    983210     87.8088
    983220      88.468
    983230      87.822
    983240     88.2887
    983250     87.5004
    983260     87.6951
    983270     87.3838
    983280       87.18
    983290     87.1316
    983300     87.6109
    983310     87.7211
    983320     87.7286
    983330     87.4368
    983340     87.8572
    983350     87.3477
    983360      86.938
    983370     87.5461
    983380     87.5399
    983390     87.5181
    983400     87.5323
    983410     87.8449
    983420     87.1272
    983430     86.9937
    983440        86.7
    983450     86.7213
    983460     87.4144
    983470     87.3687
    983480     86.7727
    983490     86.5429
    983500     86.7229
    983510      86.604
    983520     86.5929
    983530     86.7577
    983540     86.9218
    983550     86.7833
    983560     86.2371
    983570     86.3755
    983580     86.4498
    983590     86.3596
    983600     86.8222
    983610     87.0185
    983620      86.684
    983630     86.7588
    983640     87.2721
    983650     86.9642
    983660     86.4685
    983670     86.4503
    983680     87.0521
    983690     87.2782
    983700      86.963
    983710     86.9589
    983720     87.0759
    983730     87.1616
    983740     87.5843
    983750     87.6658
    983760     88.1609
    983770     87.8471
    983780     87.7269
    983790      87.452
    983800     87.4726
    983810     87.9544
    983820     87.7853
    983830     88.0985
    983840     87.7137
    983850     87.7237
    983860     88.0354
    983870      87.409
    983880     87.8987
    983890     87.5215
    983900      87.439
    983910      87.744
    983920     87.1747
    983930     87.1476
    983940     87.2194
    983950     86.9281
    983960     87.3269
    983970     87.2431
    983980     87.6152
    983990     87.7546
    984000     87.5532
    984010     87.7639
    984020     87.5028
    984030     87.8458
    984040     87.3579
    984050     87.4268
    984060     87.2522
    984070       87.39
    984080     87.3999
    984090     87.2225
    984100     87.1795
    984110     87.1414
    984120     87.1524
    984130     86.8041
    984140     87.1249
    984150     87.7582
    984160     87.4005
    984170     87.4314
    984180     87.2482
    984190     87.1648
    984200     87.3974
    984210     87.3148
    984220     87.4543
    984230     87.3346
    984240     87.0338
    984250      87.131
    984260     87.1679
    984270     86.6968
    984280     86.7777
    984290     87.2784
    984300     87.5796
    984310     87.2703
    984320     87.2647
    984330     87.4528
    984340     87.3458
    984350     87.0485
    984360     87.2419
    984370     87.0361
    984380     87.8788
    984390     87.1232
    984400     87.4096
    984410     87.4553
    984420     87.0268
    984430     87.4116
    984440     87.4863
    984450      87.095
    984460     87.7679
    984470     87.7652
    984480     86.9518
    984490     87.2285
    984500     87.1826
    984510     87.6947
    984520     87.3392
    984530     86.7692
    984540     87.2851
    984550     86.9014
    984560     87.0878
    984570      87.053
    984580     87.0121
    984590      87.098
    984600     87.4109
    984610     87.1959
    984620      87.398
    984630     87.2729
    984640     87.0412
    984650       86.83
    984660     86.7803
    984670     86.8762
    984680     87.2227
    984690     86.9053
    984700     86.8688
    984710     86.7304
    984720     86.8357
    984730      87.149
    984740     86.9084
    984750     87.0302
    984760      86.575
    984770     87.0537
    984780     86.8117
    984790     86.3838
    984800     86.7621
    984810     87.0346
    984820     86.7838
    984830     86.6505
    984840     87.4853
    984850     86.8676
    984860     87.0875
    984870      86.983
    984880     86.7153
    984890     86.4158
    984900     86.7303
    984910     86.8298
    984920     86.8779
    984930     86.5671
    984940     86.7689
    984950     87.1192
    984960     86.8843
    984970     86.9999
    984980      86.973
    984990     86.3492
    985000     86.7879
    985010     86.4495
    985020     86.4607
    985030     87.2028
    985040     87.0698
    985050     87.0277
    985060      86.774
    985070     86.5501
    985080      86.975
    985090     87.0001
    985100     87.4545
    985110     87.0917
    985120     86.6766
    985130      87.135
    985140     87.5758
    985150     87.2575
    985160     87.5998
    985170     87.6617
    985180     87.8809
    985190     87.4991
    985200     87.3207
    985210      87.198
    985220     87.5813
    985230     87.5137
    985240     87.2443
    985250      87.459
    985260      87.502
    985270     87.7612
    985280      87.601
    985290     87.5911
    985300     87.4456
    985310     87.5288
    985320     87.2653
    985330     87.4043
    985340     87.3275
    985350     87.5844
    985360     87.6622
    985370     87.7545
    985380     87.2575
    985390     87.4214
    985400     86.9359
    985410     87.1077
    985420     87.3027
    985430      87.183
    985440     86.8378
    985450     86.7419
    985460     86.9712
    985470     87.1538
    985480     87.3408
    985490     87.0641
    985500     87.3849
    985510      87.066
    985520      87.108
    985530     86.9918
    985540      87.415
    985550     87.1492
    985560     86.9064
    985570     87.0759
    985580     87.0181
    985590     87.5126
    985600     86.8928
    985610     87.0427
    985620     87.0522
    985630     87.0925
    985640     87.2503
    985650     87.2263
    985660     86.8666
    985670     87.2915
    985680      87.198
    985690     87.0469
    985700     86.7726
    985710     87.0123
    985720     86.3985
    985730     87.1249
    985740     86.9972
    985750     87.1265
    985760     86.6869
    985770     86.3934
    985780     86.9621
    985790     86.1867
    985800     86.1441
    985810     86.3766
    985820     86.3839
    985830     86.3912
    985840     86.6667
    985850     86.5173
    985860     86.9062
    985870     86.9427
    985880     86.3957
    985890     86.8038
    985900     86.3607
    985910     86.4551
    985920     86.4784
    985930      86.442
    985940     86.8624
    985950      86.815
    985960     86.7919
    985970     86.4647
    985980     86.7221
    985990     86.5507
    986000     86.3427
    986010     86.7696
    986020     86.7072
    986030     86.6381
    986040     86.5651
    986050      86.506
    986060     86.7628
    986070     86.3204
    986080     86.4902
    986090     86.8338
    986100     86.5247
    986110     87.2567
    986120     86.5391
    986130     86.7587
    986140     86.9362
    986150     87.1665
    986160     86.7782
    986170     86.7237
    986180     86.4713
    986190     86.4304
    986200     86.7511
    986210      86.401
    986220     86.4209
    986230     86.8306
    986240     86.7108
    986250     86.7723
    986260     86.4638
    986270      86.259
    986280     86.1863
    986290     86.4511
    986300     86.0468
    986310     86.5514
    986320     86.7164
    986330     86.5924
    986340      86.662
    986350     86.5293
    986360     86.7543
    986370     86.7571
    986380     86.3561
    986390     86.5452
    986400     86.1824
    986410     86.7103
    986420     86.7114
    986430     86.5454
    986440     86.3517
    986450     87.0319
    986460     86.4346
    986470     87.0192
    986480     87.1107
    986490     86.6614
    986500     86.2988
    986510     86.5658
    986520     86.6826
    986530     86.4886
    986540      86.612
    986550     86.2253
    986560     86.3742
    986570     86.1468
    986580     86.7326
    986590     86.4686
    986600     86.6745
    986610      86.485
    986620     86.7752
    986630     86.7452
    986640     86.1757
    986650     86.7772
    986660     86.7041
    986670     86.5844
    986680     86.6559
    986690     86.3223
    986700     86.8161
    986710     86.7641
    986720     86.3797
    986730     86.5848
    986740     86.4388
    986750     86.6301
    986760     86.3042
    986770     86.1515
    986780     87.0384
    986790     86.8271
    986800     86.8769
    986810     86.6049
    986820       87.49
    986830     86.7577
    986840     86.5594
    986850     86.6353
    986860     86.7047
    986870     86.7633
    986880     86.0854
    986890      86.792
    986900     86.5646
    986910     86.6572
    986920     86.2007
    986930     86.5596
    986940     86.4535
    986950      86.415
    986960     86.0553
    986970     86.1114
    986980     86.3449
    986990     86.6889
    987000     86.4114
    987010     86.7591
    987020     86.7185
    987030     86.8451
    987040     86.7531
    987050     86.3667
    987060     86.1321
    987070     86.1693
    987080     86.0649
    987090     86.0313
    987100     86.3788
    987110     86.5466
    987120     86.4524
    987130     86.2121
    987140     86.9268
    987150     86.2422
    987160     86.7952
    987170     86.6385
    987180     86.3869
    987190     86.4292
    987200     86.6587
    987210     86.2518
    987220     86.5248
    987230     86.3714
    987240      86.921
    987250     86.5046
    987260      86.202
    987270      86.307
    987280     86.5701
    987290     86.7713
    987300     86.8949
    987310     87.1542
    987320     86.6978
    987330     86.3445
    987340     86.4964
    987350     86.5475
    987360     86.4024
    987370      86.956
    987380     86.9763
    987390     86.9755
    987400     86.5299
    987410     87.3624
    987420      87.165
    987430     86.8155
    987440     86.8914
    987450     87.5599
    987460     87.0978
    987470     86.9638
    987480     87.7565
    987490     87.8924
    987500     87.5383
    987510     87.6707
    987520      87.448
    987530      87.615
    987540     88.4852
    987550     87.5035
    987560     87.9465
    987570     87.1098
    987580      87.188
    987590      87.073
    987600     87.9017
    987610     87.4941
    987620      87.529
    987630     87.6665
    987640     87.4324
    987650     86.8908
    987660     87.4067
    987670        87.6
    987680     87.1633
    987690     87.4972
    987700     87.6092
    987710     87.4132
    987720     87.5014
    987730     87.9382
    987740     87.3563
    987750     87.5773
    987760      86.811
    987770      87.522
    987780     86.8668
    987790     87.1857
    987800     87.4414
    987810     87.1701
    987820     87.5251
    987830      87.973
    987840     87.8169
    987850     87.9172
    987860     87.5307
    987870     87.8271
    987880     87.3927
    987890     87.6635
    987900     87.3574
    987910     88.2399
    987920     87.3336
    987930     86.8366
    987940     87.0247
    987950      87.411
    987960     87.7073
    987970     87.4375
    987980     87.5835
    987990     87.6229
    988000      87.758
    988010     87.3832
    988020     87.3215
    988030      87.056
    988040     86.9469
    988050     87.4322
    988060     87.3877
    988070     87.3729
    988080     86.9376
    988090      87.339
    988100     87.1911
    988110     87.5519
    988120     86.6783
    988130     86.7798
    988140     87.1786
    988150     87.1443
    988160     86.8175
    988170     87.3477
    988180     87.1971
    988190     86.6626
    988200      86.608
    988210     87.6312
    988220     87.0249
    988230     86.7746
    988240     87.2159
    988250     87.1374
    988260     87.2526
    988270     86.7808
    988280     86.4519
    988290     86.6928
    988300     87.0558
    988310     86.7705
    988320     86.8864
    988330     87.1274
    988340     87.1706
    988350     87.1525
    988360     87.2724
    988370     87.4908
    988380     87.5664
    988390     66.5588
    988400     87.5377
    988410     87.4711
    988420     87.8433
    988430     87.2897
    988440     86.8967
    988450     87.7705
    988460     88.2827
    988470     87.6237
    988480     87.9646
    988490     87.4101
    988500     87.7515
    988510     87.3673
    988520     86.6498
    988530     87.5025
    988540     87.7368
    988550     87.1988
    988560     88.6245
    988570     87.6334
    988580     86.7478
    988590     87.6015
    988600     87.6335
    988610     87.5326
    988620      87.553
    988630     87.0861
    988640      87.466
    988650     87.3106
    988660     87.1405
    988670     87.0196
    988680     86.8371
    988690     87.4398
    988700      88.074
    988710     87.7844
    988720     88.0874
    988730     87.5951
    988740     87.4373
    988750     88.2667
    988760     87.6755
    988770     87.7307
    988780     87.7414
    988790     87.9092
    988800     88.0456
    988810     87.6366
    988820     87.3631
    988830     87.4636
    988840       87.54
    988850     87.6955
    988860     87.4072
    988870     87.5042
    988880     87.8457
    988890     86.9709
    988900      87.573
    988910     87.1762
    988920     87.3815
    988930      87.736
    988940     87.9157
    988950     87.6884
    988960     88.1981
    988970     87.9554
    988980     87.8566
    988990     87.6931
    989000     88.2935
    989010     87.6983
    989020     87.7088
    989030     87.5747
    989040     88.6195
    989050     87.9043
    989060     87.9308
    989070     87.8415
    989080     88.0391
    989090     88.4958
    989100     88.4064
    989110     88.1502
    989120     87.6726
    989130     87.7198
    989140     87.8915
    989150     87.9395
    989160     87.8723
    989170     87.6013
    989180        87.8
    989190     87.4996
    989200     87.7861
    989210     87.6524
    989220     88.6112
    989230     88.4238
    989240     88.6593
    989250     88.3363
    989260     87.9263
    989270     87.5584
    989280     87.9678
    989290     87.5814
    989300     87.7076
    989310     87.5254
    989320     87.8434
    989330     88.3417
    989340     87.8022
    989350     88.1203
    989360     88.1414
    989370     87.9069
    989380     87.9298
    989390     88.0861
    989400      88.333
    989410     87.1577
    989420     88.4094
    989430     88.5053
    989440     88.4012
    989450     88.4716
    989460     88.1905
    989470     87.4253
    989480     87.4438
    989490     87.5347
    989500      88.124
    989510      87.806
    989520     87.6397
    989530     88.3317
    989540     87.8385
    989550      87.416
    989560     87.6832
    989570     88.0688
    989580     87.7125
    989590     87.5054
    989600     87.8214
    989610     87.9636
    989620     87.8525
    989630     87.3802
    989640     87.3762
    989650     87.7136
    989660      87.821
    989670     87.3792
    989680     88.0393
    989690     87.6779
    989700     87.4194
    989710     87.6229
    989720     87.8013
    989730     88.0465
    989740     87.3871
    989750     87.0088
    989760     87.5048
    989770     87.4063
    989780      88.043
    989790     87.9814
    989800     88.2758
    989810      87.677
    989820     87.5375
    989830      87.507
    989840     87.5038
    989850     87.8898
    989860     88.2014
    989870     87.3884
    989880      87.869
    989890     88.1384
    989900     87.9197
    989910     87.7941
    989920     87.7764
    989930     87.1344
    989940      87.332
    989950      87.665
    989960     87.7339
    989970     87.7489
    989980     87.6385
    989990     87.8742
    990000     88.4441
    990010     87.9922
    990020     87.2377
    990030     87.3242
    990040     87.9496
    990050     87.3841
    990060     87.6481
    990070     88.3085
    990080     87.4274
    990090     87.6294
    990100     87.4514
    990110     88.1528
    990120     87.6646
    990130     87.6844
    990140     87.6667
    990150     87.7468
    990160     88.3037
    990170      87.557
    990180     88.2438
    990190      87.793
    990200     87.4073
    990210     86.8809
    990220     87.0782
    990230     86.3243
    990240     86.4223
    990250     86.1764
    990260     86.8624
    990270      86.351
    990280     86.4042
    990290     86.6706
    990300     86.7065
    990310     86.5278
    990320     86.5455
    990330     87.1882
    990340     86.6041
    990350     86.5774
    990360       86.33
    990370     86.2154
    990380      85.932
    990390     86.9853
    990400     86.9805
    990410     86.5533
    990420     86.4084
    990430     86.4589
    990440     86.9526
    990450     87.3416
    990460     86.7659
    990470      87.128
    990480     87.0046
    990490     87.2491
    990500     87.6849
    990510     87.1187
    990520     86.9319
    990530     87.4327
    990540     86.7634
    990550     86.8938
    990560      87.152
    990570     87.3491
    990580     86.7964
    990590     86.7235
    990600     87.4061
    990610     87.5622
    990620     87.1623
    990630     87.3673
    990640      86.825
    990650     86.7715
    990660     87.2335
    990670     87.5335
    990680     88.3909
    990690     87.2744
    990700     87.5927
    990710     87.4795
    990720     88.0738
    990730      87.229
    990740     87.9908
    990750     87.6534
    990760      87.235
    990770     87.3781
    990780     88.0872
    990790     87.8573
    990800     87.3697
    990810     87.3442
    990820     87.5161
    990830     87.3248
    990840     88.3461
    990850     88.4438
    990860     87.9604
    990870     88.4328
    990880     88.4568
    990890     88.4089
    990900      88.146
    990910      86.943
    990920     87.8465
    990930      87.851
    990940     87.5242
    990950     87.4458
    990960      87.927
    990970     87.4922
    990980     88.0054
    990990     88.2952
    991000     88.6512
    991010     88.2982
    991020      87.766
    991030      87.771
    991040     87.4684
    991050     87.3128
    991060     87.8411
    991070     88.1301
    991080     88.0019
    991090     89.1987
    991100     88.1829
    991110      88.857
    991120     88.2185
    991130     88.2519
    991140     88.7409
    991150     88.4664
    991160     88.8048
    991170     87.9295
    991180     87.9344
    991190     87.8605
    991200     87.8147
    991210     87.8325
    991220     87.1227
    991230     87.5949
    991240     87.6696
    991250     87.3137
    991260     88.0173
    991270     87.1832
    991280     87.3248
    991290     87.3815
    991300     87.4286
    991310     87.0569
    991320     86.7539
    991330     87.0745
    991340     87.3749
    991350     88.0871
    991360     88.3306
    991370     87.8905
    991380     87.0889
    991390     87.7284
    991400     87.5064
    991410     87.4456
    991420     87.8555
    991430     87.4849
    991440     86.9551
    991450     87.2318
    991460     87.6827
    991470     88.2005
    991480     87.9951
    991490     88.3008
    991500     88.3676
    991510     87.9262
    991520     88.1459
    991530     88.5044
    991540      87.852
    991550     88.0965
    991560     87.7004
    991570     87.7228
    991580     88.1073
    991590     87.3913
    991600     87.5165
    991610     86.7109
    991620     87.6118
    991630     87.4028
    991640     88.1379
    991650     88.3735
    991660     87.7894
    991670     87.0368
    991680     88.3077
    991690     87.7676
    991700     87.7369
    991710     87.8585
    991720      87.519
    991730     87.5405
    991740     87.3411
    991750     87.6931
    991760     87.7211
    991770      88.593
    991780       87.59
    991790     87.4961
    991800     87.3024
    991810     87.7982
    991820     87.6681
    991830     88.0837
    991840     87.1386
    991850     87.8371
    991860     86.7823
    991870     86.9707
    991880     87.2193
    991890     86.7559
    991900      87.473
    991910      86.982
    991920     87.1505
    991930     86.6429
    991940     86.4332
    991950     87.2348
    991960     87.0826
    991970     87.4947
    991980     87.1646
    991990      87.292
    992000     87.1669
    992010     86.5093
    992020     87.3195
    992030      87.404
    992040     87.2482
    992050      87.261
    992060      86.853
    992070     86.7893
    992080     87.5197
    992090     86.9662
    992100     88.1066
    992110     87.6203
    992120     87.5676
    992130     87.5556
    992140     88.1233
    992150     87.6628
    992160     87.6585
    992170     87.2994
    992180     87.2493
    992190     88.0812
    992200     88.1278
    992210     87.7222
    992220     88.0221
    992230     87.9964
    992240     87.2946
    992250     87.5794
    992260     87.6712
    992270      87.902
    992280     87.7788
    992290     87.8587
    992300     87.7867
    992310     87.6723
    992320      88.399
    992330     87.9586
    992340     87.2168
    992350     88.3054
    992360     87.5151
    992370     87.4985
    992380     87.7369
    992390     87.5276
    992400     87.3519
    992410     87.2171
    992420     87.6261
    992430     87.3604
    992440     86.8862
    992450     87.5188
    992460     87.6035
    992470     87.8564
    992480     88.1094
    992490     87.3996
    992500     87.4752
    992510     87.8418
    992520     87.5767
    992530     87.2513
    992540     87.4195
    992550     87.5315
    992560     88.1867
    992570     87.0379
    992580     86.9689
    992590     87.0575
    992600     86.8752
    992610     86.9106
    992620     87.6437
    992630     87.2731
    992640     87.7183
    992650     87.3001
    992660     87.9935
    992670      87.553
    992680     87.3322
    992690     87.8293
    992700     87.7228
    992710     87.4027
    992720      86.797
    992730     87.2806
    992740     87.1776
    992750     86.5153
    992760     87.0412
    992770     86.4433
    992780     86.6934
    992790     86.7458
    992800     86.8748
    992810     86.2342
    992820     86.8468
    992830      86.836
    992840     86.6003
    992850     86.9185
    992860     86.2646
    992870     86.6166
    992880      86.736
    992890     86.7108
    992900     86.1763
    992910     86.6641
    992920     86.3684
    992930     86.7136
    992940     86.1989
    992950     86.3549
    992960      86.046
    992970     86.6192
    992980     86.8482
    992990     86.7173
    993000     87.0154
    993010     87.3792
    993020      86.737
    993030     86.4611
    993040     86.6309
    993050     86.4759
    993060     86.6658
    993070     86.9146
    993080     87.2462
    993090     87.4977
    993100     86.7772
    993110     86.2781
    993120     86.5278
    993130     86.8234
    993140     86.6884
    993150     86.2446
    993160     86.5557
    993170     86.1812
    993180     86.5435
    993190     86.5803
    993200     86.3276
    993210     86.0853
    993220     86.3771
    993230     86.1258
    993240     86.5038
    993250     86.3806
    993260     86.1079
    993270     86.6175
    993280     86.2706
    993290     85.9429
    993300     86.1519
    993310     86.0695
    993320      86.286
    993330     86.7706
    993340     86.4846
    993350     86.6168
    993360      86.466
    993370     86.3695
    993380     86.8493
    993390     86.0075
    993400     86.6963
    993410     86.8334
    993420     86.6901
    993430     86.8214
    993440     86.1579
    993450     86.6361
    993460     86.3477
    993470     86.7376
    993480     86.6628
    993490     86.7873
    993500     86.6343
    993510     86.4685
    993520     86.2295
    993530     86.3282
    993540     86.3106
    993550     86.3474
    993560     86.4135
    993570     86.6696
    993580     85.9105
    993590     86.5942
    993600     86.2393
    993610     86.0337
    993620     86.3781
    993630     86.6891
    993640      86.941
    993650     86.5257
    993660     86.7061
    993670     86.2592
    993680     86.5649
    993690      86.249
    993700     86.4147
    993710     86.1425
    993720     86.8198
    993730     86.6888
    993740     86.1694
    993750     85.8771
    993760     86.2401
    993770     85.9892
    993780      86.114
    993790     86.3356
    993800     86.6298
    993810     86.3197
    993820      86.252
    993830     86.4212
    993840     86.3979
    993850     85.8067
    993860      85.871
    993870     86.2167
    993880     86.4768
    993890     86.3141
    993900     86.2063
    993910     86.0398
    993920     86.5002
    993930     86.9051
    993940     86.4919
    993950     86.3612
    993960     86.5816
    993970     86.5829
    993980     85.8968
    993990     86.8403
    994000     86.7921
    994010     87.0374
    994020      86.754
    994030     86.5331
    994040     86.5495
    994050      87.277
    994060     87.4286
    994070     87.0445
    994080     87.2799
    994090     86.9794
    994100     86.7824
    994110      87.389
    994120     87.1132
    994130     87.1633
    994140     86.6944
    994150      85.975
    994160     86.7795
    994170     86.3383
    994180     87.0059
    994190     87.0981
    994200      86.852
    994210     87.0799
    994220     87.3484
    994230     86.8673
    994240     87.0916
    994250     86.0656
    994260      86.744
    994270     86.4979
    994280     86.8836
    994290     86.9408
    994300     86.7785
    994310     86.4406
    994320     86.1937
    994330     86.5774
    994340     86.5271
    994350     86.5208
    994360     86.6497
    994370      86.264
    994380     86.2965
    994390     86.6407
    994400     86.5794
    994410      86.521
    994420     86.6803
    994430     86.1146
    994440     86.4435
    994450     86.5599
    994460     86.2167
    994470     86.5085
    994480     86.8534
    994490     87.0174
    994500     86.9016
    994510     86.3551
    994520      86.522
    994530     86.6701
    994540     86.3546
    994550     86.0342
    994560      86.825
    994570     86.1836
    994580     86.2045
    994590     86.5749
    994600     86.3017
    994610     86.2165
    994620     87.0365
    994630     86.9976
    994640     86.9672
    994650      86.277
    994660     86.7684
    994670     87.1381
    994680     86.7374
    994690     86.7159
    994700      86.559
    994710     86.5103
    994720     86.4254
    994730     86.9016
    994740     86.8749
    994750     86.3303
    994760     86.3212
    994770     86.3826
    994780     86.1631
    994790     86.5659
    994800     87.0622
    994810     86.4454
    994820     86.6106
    994830     87.1492
    994840     86.3864
    994850     86.7684
    994860     86.7022
    994870     86.6607
    994880     86.7781
    994890     86.1844
    994900     86.6562
    994910     86.6315
    994920     86.7094
    994930     86.6457
    994940     86.9873
    994950     87.1185
    994960     86.8187
    994970     86.6304
    994980     86.5295
    994990     87.2407
    995000     87.0174
    995010     87.1701
    995020     86.8013
    995030     86.7163
    995040      87.046
    995050     87.1424
    995060      86.958
    995070     87.3056
    995080     87.4508
    995090     86.8682
    995100     86.8337
    995110     87.2364
    995120     86.9891
    995130     87.0018
    995140     86.6153
    995150     87.0107
    995160      87.133
    995170     86.8692
    995180     87.0748
    995190     86.5334
    995200     87.1149
    995210     87.0374
    995220     86.6617
    995230     86.9978
    995240     86.4215
    995250     87.4817
    995260     86.9634
    995270     87.0557
    995280     87.0901
    995290     86.8157
    995300     86.4976
    995310     86.5803
    995320     87.4054
    995330     87.3423
    995340     87.5628
    995350     87.1443
    995360     65.9364
    995370     87.4915
    995380     87.4102
    995390     87.4397
    995400     87.5064
    995410     87.4715
    995420     87.9565
    995430     88.0764
    995440     65.8002
    995450     87.0898
    995460     88.0368
    995470      88.068
    995480     87.6163
    995490     87.7278
    995500     87.8036
    995510     87.1228
    995520     87.4152
    995530     88.1431
    995540     87.2492
    995550     87.0803
    995560     87.8893
    995570     87.6496
    995580     87.5866
    995590     87.4803
    995600     87.8975
    995610      87.874
    995620     87.4569
    995630     87.6847
    995640      87.101
    995650      87.075
    995660     87.5023
    995670     87.2211
    995680     87.2009
    995690     87.0873
    995700     87.5405
    995710     87.2941
    995720     87.5266
    995730     87.3153
    995740     87.4601
    995750     87.6518
    995760     87.1295
    995770     87.5984
    995780     87.1539
    995790     87.3964
    995800     86.9589
    995810     87.0999
    995820     87.4001
    995830     87.8073
    995840     87.4919
    995850     87.5892
    995860     87.5099
    995870     87.2327
    995880     87.3023
    995890     87.0281
    995900     87.6664
    995910      87.144
    995920       86.92
    995930     87.1654
    995940     87.0005
    995950     86.9172
    995960     87.2869
    995970     87.3445
    995980     87.2677
    995990     87.3083
    996000     86.9323
    996010     87.1852
    996020     87.5598
    996030     86.7622
    996040     87.1114
    996050     86.8888
    996060     86.7461
    996070     86.9769
    996080     86.8814
    996090     86.7156
    996100     87.5463
    996110     86.7309
    996120     87.2613
    996130     86.8457
    996140     87.5996
    996150     87.0316
    996160     87.3541
    996170     87.1193
    996180     87.5942
    996190     87.0902
    996200     87.1084
    996210     86.9807
    996220     86.8369
    996230     86.8015
    996240     87.3289
    996250     87.1388
    996260     86.8068
    996270     87.1835
    996280     86.5953
    996290     87.0592
    996300      86.791
    996310     86.9428
    996320     86.6275
    996330     86.6791
    996340     86.8437
    996350     86.8515
    996360     86.7773
    996370     86.6365
    996380     86.8627
    996390     86.6165
    996400     86.9501
    996410     86.9229
    996420     86.3825
    996430     87.0837
    996440     86.2599
    996450     86.6905
    996460     86.5068
    996470     86.8048
    996480     86.2871
    996490     86.6162
    996500      86.511
    996510     65.3953
    996520     86.7118
    996530     86.8795
    996540     86.8002
    996550     87.2427
    996560     86.4257
    996570     86.1925
    996580     86.5829
    996590     86.8481
    996600      87.173
    996610     86.8313
    996620     86.7769
    996630     86.8995
    996640      65.954
    996650     87.4754
    996660     87.2488
    996670     87.1426
    996680     87.1428
    996690     87.1141
    996700     87.4283
    996710     86.8857
    996720     87.0742
    996730     87.3184
    996740     87.2894
    996750     87.3121
    996760     87.4189
    996770     87.4865
    996780     87.7955
    996790     87.1036
    996800     87.5399
    996810     87.4617
    996820     65.9457
    996830     86.9779
    996840     87.5221
    996850     87.3408
    996860     87.7212
    996870     87.1904
    996880     87.4688
    996890     86.8442
    996900     87.5866
    996910     87.5028
    996920     87.5061
    996930     87.3072
    996940     87.5859
    996950     87.0422
    996960     86.9463
    996970     87.3418
    996980     65.7147
    996990      87.218
    997000     86.7764
    997010     86.5607
    997020     87.1937
    997030     86.6907
    997040     87.3243
    997050     86.8045
    997060      87.125
    997070      87.508
    997080     87.2734
    997090      87.069
    997100     87.1609
    997110     87.1525
    997120     86.8581
    997130     86.7729
    997140     86.7755
    997150     86.6827
    997160     86.7711
    997170     86.9632
    997180     86.2324
    997190     86.5886
    997200     86.9136
    997210     86.4895
    997220     86.5546
    997230      86.927
    997240     87.1951
    997250     86.8055
    997260     86.7252
    997270     87.1643
    997280      86.811
    997290     86.7729
    997300     86.6107
    997310     86.4635
    997320     86.3585
    997330     86.4473
    997340     86.6776
    997350     86.4701
    997360     85.7823
    997370      86.611
    997380     86.3894
    997390     86.4989
    997400     86.4749
    997410     86.0799
    997420     86.4237
    997430     86.3251
    997440     86.1978
    997450     86.0214
    997460     86.3835
    997470     86.2947
    997480     87.0198
    997490     86.2303
    997500     86.5417
    997510     86.1191
    997520      86.847
    997530     86.7892
    997540     86.4412
    997550     87.1797
    997560     86.8143
    997570     87.0419
    997580      86.809
    997590     88.0041
    997600     86.7035
    997610     87.1211
    997620     87.2196
    997630     86.9463
    997640     87.0911
    997650     86.5236
    997660     86.8149
    997670     86.9956
    997680     86.2205
    997690     86.7779
    997700     87.0078
    997710     86.7543
    997720     87.1351
    997730      87.157
    997740     87.1927
    997750     87.0622
    997760     86.4415
    997770     86.0602
    997780     86.3342
    997790     86.9373
    997800      86.421
    997810     86.5492
    997820     87.2471
    997830     86.9372
    997840     87.2896
    997850     87.3466
    997860     87.0152
    997870     86.6906
    997880     87.0763
    997890     86.9755
    997900     86.8311
    997910     87.0226
    997920     86.6593
    997930     86.8769
    997940     87.3237
    997950     87.2309
    997960     86.7976
    997970     86.9786
    997980     86.9899
    997990     87.0193
    998000     86.8188
    998010      87.229
    998020     86.8866
    998030     86.6502
    998040     86.8739
    998050     86.8622
    998060     87.0046
    998070     86.3351
    998080     86.3959
    998090     86.7817
    998100     86.7951
    998110     87.0704
    998120     87.0042
    998130     86.7742
    998140     86.6383
    998150     86.8407
    998160     86.7201
    998170     87.0562
    998180     86.7765
    998190     86.6578
    998200     86.7907
    998210      87.074
    998220     86.5921
    998230     86.5378
    998240     86.5118
    998250     86.4656
    998260     86.6885
    998270       87.02
    998280     87.0429
    998290     86.7564
    998300     86.6318
    998310     86.6048
    998320     86.4681
    998330     86.7222
    998340     86.6987
    998350     86.6513
    998360     86.5783
    998370     86.4887
    998380     86.5424
    998390     86.7137
    998400     86.6657
    998410     86.4875
    998420     86.7298
    998430     86.8136
    998440     86.9674
    998450     87.4895
    998460     87.2986
    998470     86.7029
    998480     86.4859
    998490     86.7023
    998500     86.7777
    998510     86.6718
    998520     86.7309
    998530     86.7122
    998540     86.7379
    998550      86.476
    998560     86.6042
    998570     85.7232
    998580     86.4257
    998590     86.6344
    998600     86.5029
    998610     86.6771
    998620     86.2971
    998630     86.5572
    998640     87.0401
    998650     86.2439
    998660     86.3475
    998670     86.2521
    998680     86.3118
    998690     86.7086
    998700      86.279
    998710     86.6037
    998720     86.4751
    998730     86.4834
    998740     86.3563
    998750       87.09
    998760     87.3363
    998770     86.7133
    998780     86.4523
    998790     86.4213
    998800     86.3928
    998810     86.7987
    998820      87.132
    998830     86.7562
    998840     86.8948
    998850     86.6585
    998860     86.9248
    998870     86.7562
    998880     87.1639
    998890     86.7772
    998900     87.1198
    998910     86.8312
    998920     87.2848
    998930     86.6679
    998940     86.7755
    998950     86.3523
    998960     86.7829
    998970     86.9975
    998980     86.8826
    998990     86.2763
    999000     86.7214
    999010     86.9967
    999020     86.3319
    999030     86.7941
    999040     86.8808
    999050     87.0217
    999060     86.7677
    999070     86.9704
    999080     86.8775
    999090     86.7557
    999100     86.9924
    999110     86.7939
    999120     86.5136
    999130     86.1543
    999140     86.7767
    999150      86.739
    999160     86.5234
    999170     86.8016
    999180     86.4143
    999190       86.65
    999200     86.5717
    999210     86.7332
    999220     86.5162
    999230     86.4733
    999240     86.0963
    999250     86.7062
    999260     86.1574
    999270     86.8245
    999280     86.9754
    999290     86.8487
    999300     86.5742
    999310     86.9487
    999320     86.7965
    999330     86.9933
    999340     86.7602
    999350     86.9168
    999360      87.095
    999370     87.1765
    999380     86.7659
    999390     87.2354
    999400     86.8471
    999410     86.4805
    999420     86.6982
    999430     86.6869
    999440     86.1594
    999450     86.7399
    999460       86.79
    999470      86.813
    999480     86.7182
    999490     86.9658
    999500     86.8809
    999510     86.7011
    999520     86.9966
    999530      86.796
    999540     86.6531
    999550     86.6731
    999560     86.3881
    999570     86.6122
    999580     86.3137
    999590     86.4511
    999600     86.2606
    999610     86.1741
    999620     86.8669
    999630     85.8034
    999640     86.6879
    999650     86.6038
    999660     86.6994
    999670     86.3466
    999680     86.7028
    999690     86.6312
    999700     86.7369
    999710     86.8524
    999720     87.2746
    999730     87.1423
    999740      87.086
    999750      87.374
    999760     87.8105
    999770     87.7996
    999780     87.5266
    999790      87.805
    999800     87.8417
    999810     87.9469
    999820      87.663
    999830     87.4262
    999840     87.8912
    999850       87.55
    999860     87.4725
    999870     87.3019
    999880     87.5487
    999890     87.0744
    999900     87.4511
    999910     87.3209
    999920     86.7066
    999930     86.7566
    999940     86.9672
    999950      86.916
    999960      87.018
    999970     87.1994
    999980     87.0581
    999990     86.7587
     1e+06     86.8314
