    750000    0.992433
    750010    0.971844
    750020     0.96533
    750030    0.972117
    750040    0.970659
    750050    0.963685
    750060    0.981312
    750070    0.923406
    750080     0.92935
    750090    0.938506
    750100    0.926181
    750110    0.965861
    750120    0.947701
    750130    0.910911
    750140    0.957146
    750150    0.943564
    750160    0.988729
    750170    0.943307
    750180    0.929071
    750190    0.948718
    750200    0.949832
    750210    0.974457
    750220    0.956265
    750230    0.943743
    750240    0.950989
    750250    0.962888
    750260    0.936704
    750270    0.960713
    750280    0.950581
    750290     0.98207
    750300    0.970076
    750310    0.943889
    750320    0.970937
    750330    0.947595
    750340    0.940928
    750350    0.951543
    750360    0.968448
    750370    0.916116
    750380    0.966774
    750390      0.9564
    750400    0.943294
    750410    0.958175
    750420    0.945795
    750430    0.965115
    750440    0.952475
    750450    0.942489
    750460    0.947834
    750470     0.94428
    750480    0.932201
    750490    0.963526
    750500    0.941501
    750510    0.935836
    750520    0.923718
    750530    0.944076
    750540    0.972356
    750550    0.963925
    750560    0.945187
    750570    0.970483
    750580     0.98589
    750590    0.934857
    750600    0.958087
    750610    0.980245
    750620    0.956168
    750630    0.952065
    750640     0.95073
    750650    0.939643
    750660    0.964213
    750670    0.961238
    750680    0.949071
    750690    0.949678
    750700     0.97038
    750710    0.972303
    750720    0.955833
    750730    0.981666
    750740    0.938579
    750750    0.935463
    750760    0.951324
    750770    0.949402
    750780    0.934798
    750790    0.927723
    750800    0.927562
    750810    0.949945
    750820    0.928357
    750830     0.93515
    750840    0.917221
    750850      0.9734
    750860    0.967936
    750870    0.969182
    750880    0.951709
    750890    0.937666
    750900     0.95879
    750910    0.931371
    750920    0.913835
    750930    0.942994
    750940     0.93114
    750950    0.963249
    750960    0.924841
    750970    0.929827
    750980    0.948513
    750990    0.931861
    751000    0.919203
    751010     0.92639
    751020    0.953456
    751030    0.916682
    751040    0.912909
    751050    0.933881
    751060    0.927758
    751070    0.957276
    751080    0.939301
    751090    0.933925
    751100    0.952539
    751110    0.960484
    751120    0.968544
    751130    0.931311
    751140    0.954208
    751150    0.915525
    751160    0.955439
    751170    0.928472
    751180    0.926799
    751190    0.953953
    751200    0.932518
    751210    0.942758
    751220    0.951261
    751230     0.94825
    751240    0.957073
    751250    0.935295
    751260    0.942383
    751270    0.985681
    751280     0.93623
    751290     0.94692
    751300    0.937477
    751310    0.940094
    751320    0.970772
    751330    0.959654
    751340    0.957242
    751350    0.988966
    751360    0.959017
    751370    0.955557
    751380    0.959058
    751390    0.965409
    751400    0.948444
    751410    0.989339
    751420    0.966244
    751430    0.924308
    751440    0.946751
    751450    0.985373
    751460    0.928481
    751470    0.934522
    751480    0.945317
    751490    0.971953
    751500    0.953363
    751510    0.958551
    751520    0.958694
    751530    0.997972
    751540     1.01533
    751550    0.936881
    751560    0.964051
    751570    0.942873
    751580    0.987096
    751590    0.977216
    751600    0.957573
    751610    0.938177
    751620    0.963301
    751630    0.928254
    751640    0.917692
    751650    0.980575
    751660    0.976518
    751670    0.997826
    751680    0.995162
    751690     0.99662
    751700    0.962194
    751710    0.975693
    751720    0.967117
    751730    0.960416
    751740    0.960901
    751750    0.964163
    751760    0.971464
    751770    0.960038
    751780     0.98141
    751790    0.924502
    751800    0.992944
    751810    0.954902
    751820    0.955407
    751830    0.928474
    751840    0.967774
    751850    0.936457
    751860    0.937257
    751870    0.953666
    751880    0.980137
    751890    0.967724
    751900    0.943861
    751910    0.968593
    751920    0.960579
    751930    0.935564
    751940    0.936172
    751950    0.944349
    751960    0.944576
    751970    0.944674
    751980    0.979366
    751990    0.953713
    752000    0.954981
    752010     0.96195
    752020    0.972292
    752030     0.99472
    752040    0.972869
    752050    0.978525
    752060    0.964539
    752070     1.00064
    752080    0.985336
    752090     1.01565
    752100    0.974588
    752110    0.964511
    752120    0.921828
    752130     0.96126
    752140    0.996699
    752150    0.994648
    752160    0.964451
    752170     1.00797
    752180     1.00177
    752190    0.934474
    752200    0.954144
    752210    0.954365
    752220    0.956779
    752230    0.940232
    752240    0.927929
    752250    0.931657
    752260    0.949279
    752270    0.985465
    752280    0.951158
    752290    0.935831
    752300     0.97998
    752310    0.973094
    752320    0.968195
    752330    0.995994
    752340    0.966112
    752350    0.993438
    752360     0.98761
    752370    0.945476
    752380    0.976852
    752390    0.980053
    752400    0.969858
    752410     1.02897
    752420    0.970635
    752430     1.02285
    752440    0.972398
    752450    0.992408
    752460    0.977606
    752470    0.956252
    752480    0.974757
    752490     0.97164
    752500    0.921264
    752510    0.989616
    752520    0.939012
    752530    0.950563
    752540     0.95183
    752550    0.957294
    752560    0.942775
    752570    0.945158
    752580    0.979652
    752590    0.963699
    752600    0.945474
    752610    0.943189
    752620    0.949083
    752630    0.970876
    752640    0.978208
    752650    0.954238
    752660    0.961722
    752670     0.95661
    752680     0.92219
    752690    0.932804
    752700    0.963129
    752710    0.950254
    752720    0.939564
    752730    0.955867
    752740    0.947202
    752750    0.946032
    752760    0.939949
    752770    0.970161
    752780    0.987912
    752790    0.954661
    752800    0.999794
    752810    0.961263
    752820    0.978345
    752830    0.987094
    752840     1.00178
    752850    0.972298
    752860    0.970905
    752870    0.951257
    752880    0.981311
    752890    0.928573
    752900    0.938708
    752910    0.955452
    752920    0.990077
    752930    0.963811
    752940    0.919596
    752950    0.919091
    752960    0.926006
    752970    0.995457
    752980    0.955372
    752990    0.981603
    753000    0.958997
    753010    0.927724
    753020    0.941049
    753030    0.952163
    753040    0.943745
    753050    0.934696
    753060    0.931785
    753070    0.935612
    753080    0.878814
    753090    0.909253
    753100    0.914317
    753110    0.963504
    753120    0.954495
    753130    0.943105
    753140    0.949457
    753150    0.949841
    753160      0.9269
    753170    0.934205
    753180    0.964184
    753190    0.944169
    753200    0.956338
    753210    0.942407
    753220    0.975331
    753230    0.987752
    753240    0.973094
    753250     0.96182
    753260    0.971164
    753270     0.94883
    753280    0.948195
    753290    0.969719
    753300    0.924928
    753310    0.980239
    753320    0.968036
    753330    0.955653
    753340    0.944257
    753350    0.952987
    753360    0.954747
    753370    0.962624
    753380    0.941063
    753390    0.968714
    753400    0.996433
    753410    0.953019
    753420    0.936933
    753430    0.955732
    753440    0.916727
    753450    0.937615
    753460    0.959085
    753470    0.933759
    753480    0.969982
    753490    0.951321
    753500    0.989981
    753510    0.981163
    753520    0.963244
    753530    0.956289
    753540    0.936369
    753550    0.992893
    753560    0.962551
    753570    0.955532
    753580    0.934193
    753590    0.964316
    753600    0.930265
    753610    0.947019
    753620    0.909004
    753630    0.937451
    753640    0.936677
    753650    0.951179
    753660     1.01244
    753670    0.942939
    753680    0.965083
    753690    0.979205
    753700    0.974993
    753710    0.965738
    753720    0.960217
    753730     0.94332
    753740    0.967254
    753750     1.02922
    753760     1.00825
    753770     1.00016
    753780    0.994069
    753790    0.994795
    753800     1.00805
    753810    0.970371
    753820    0.952302
    753830    0.952854
    753840    0.971301
    753850    0.972507
    753860     0.94065
    753870    0.964681
    753880    0.974792
    753890    0.955013
    753900    0.957578
    753910    0.954396
    753920    0.971983
    753930    0.950227
    753940    0.955214
    753950    0.959244
    753960    0.965476
    753970    0.945027
    753980    0.947425
    753990    0.971641
    754000    0.957357
    754010    0.971846
    754020    0.950109
    754030     1.00833
    754040    0.969901
    754050     0.95187
    754060    0.989957
    754070    0.966977
    754080    0.969314
    754090    0.987663
    754100    0.952622
    754110    0.944258
    754120    0.914921
    754130    0.936201
    754140    0.941025
    754150    0.930336
    754160    0.940612
    754170    0.946538
    754180    0.936031
    754190     0.92439
    754200    0.921361
    754210    0.962469
    754220    0.940661
    754230    0.942812
    754240    0.941424
    754250    0.908882
    754260    0.910672
    754270    0.946515
    754280    0.943223
    754290    0.925371
    754300    0.943635
    754310    0.910837
    754320    0.914282
    754330    0.924108
    754340    0.966945
    754350    0.943389
    754360    0.946683
    754370    0.945981
    754380    0.944896
    754390    0.932197
    754400    0.957987
    754410    0.942841
    754420    0.962023
    754430     1.01065
    754440    0.978808
    754450    0.971171
    754460    0.956391
    754470    0.981395
    754480    0.982981
    754490     0.93366
    754500    0.943347
    754510    0.936512
    754520    0.931392
    754530     0.92891
    754540    0.946105
    754550    0.934458
    754560    0.968089
    754570     0.96033
    754580    0.999185
    754590    0.981558
    754600    0.984595
    754610    0.990766
    754620     0.97143
    754630    0.945019
    754640    0.992696
    754650    0.950414
    754660    0.955935
    754670     1.00361
    754680    0.983854
    754690     1.01147
    754700    0.982309
    754710    0.966803
    754720    0.982256
    754730    0.975994
    754740    0.980796
    754750    0.972942
    754760      1.0044
    754770    0.974996
    754780    0.984939
    754790    0.990431
    754800    0.992334
    754810    0.995003
    754820     1.00181
    754830    0.995225
    754840      0.9915
    754850    0.982295
    754860    0.991217
    754870    0.974654
    754880    0.978363
    754890    0.988214
    754900     1.01048
    754910    0.993476
    754920    0.995956
    754930    0.951243
    754940    0.961424
    754950     1.00004
    754960     0.99303
    754970    0.985632
    754980    0.977457
    754990    0.982999
    755000     1.00434
    755010    0.975187
    755020    0.971948
    755030    0.950463
    755040     0.97565
    755050    0.957242
    755060    0.957408
    755070    0.971935
    755080    0.945622
    755090    0.969125
    755100     0.98488
    755110    0.970803
    755120    0.983936
    755130     0.96778
    755140    0.968533
    755150    0.967571
    755160    0.979455
    755170    0.963173
    755180    0.952652
    755190    0.977217
    755200    0.913958
    755210    0.942049
    755220    0.949259
    755230    0.941425
    755240    0.981008
    755250    0.949317
    755260    0.956955
    755270    0.945073
    755280    0.930322
    755290    0.942982
    755300    0.942118
    755310    0.914398
    755320    0.915631
    755330    0.943361
    755340    0.919877
    755350    0.914451
    755360    0.933304
    755370    0.914576
    755380    0.900127
    755390    0.927616
    755400    0.918457
    755410     0.94086
    755420    0.934699
    755430    0.937606
    755440    0.938676
    755450    0.963711
    755460    0.957066
    755470    0.920355
    755480    0.966102
    755490    0.953562
    755500    0.979545
    755510    0.958925
    755520    0.961841
    755530    0.970419
    755540    0.917743
    755550    0.955473
    755560     0.95179
    755570    0.957837
    755580    0.958942
    755590    0.931465
    755600     0.96155
    755610    0.969759
    755620    0.941306
    755630    0.959704
    755640    0.966443
    755650    0.926044
    755660    0.971545
    755670    0.949789
    755680    0.953589
    755690     0.95114
    755700    0.949202
    755710    0.920984
    755720    0.927437
    755730    0.914763
    755740    0.924474
    755750    0.936181
    755760    0.924344
    755770    0.938484
    755780    0.914147
    755790    0.889329
    755800    0.921244
    755810    0.932407
    755820    0.920512
    755830    0.912588
    755840    0.939204
    755850     0.93859
    755860    0.928332
    755870    0.959362
    755880    0.914469
    755890    0.930986
    755900    0.926595
    755910    0.967544
    755920     0.93895
    755930    0.938482
    755940    0.930756
    755950    0.944897
    755960     0.93658
    755970    0.967635
    755980    0.949282
    755990     0.92683
    756000    0.925229
    756010    0.902211
    756020    0.910825
    756030    0.916639
    756040     0.96088
    756050    0.933789
    756060    0.970751
    756070    0.931898
    756080    0.901078
    756090    0.915035
    756100    0.880617
    756110    0.886511
    756120    0.921889
    756130    0.917751
    756140    0.893497
    756150    0.887282
    756160     0.87816
    756170    0.887306
    756180    0.887811
    756190    0.885164
    756200    0.887313
    756210    0.903606
    756220    0.884592
    756230    0.922529
    756240    0.924742
    756250    0.893921
    756260    0.946219
    756270    0.938396
    756280     0.91843
    756290    0.919033
    756300    0.925087
    756310    0.904835
    756320    0.905089
    756330    0.903813
    756340    0.910312
    756350    0.906108
    756360    0.895429
    756370    0.911188
    756380    0.926501
    756390    0.924864
    756400    0.931896
    756410    0.936829
    756420    0.915761
    756430    0.935077
    756440    0.908749
    756450     0.93617
    756460    0.940229
    756470    0.921892
    756480    0.913729
    756490    0.949671
    756500    0.907937
    756510    0.935438
    756520    0.928436
    756530    0.925567
    756540      0.9235
    756550    0.962269
    756560    0.924644
    756570    0.948934
    756580    0.941859
    756590     0.92042
    756600    0.926044
    756610    0.909571
    756620    0.902957
    756630    0.937354
    756640    0.942456
    756650     0.93971
    756660    0.926298
    756670    0.951178
    756680    0.952879
    756690    0.925022
    756700    0.938893
    756710    0.963646
    756720    0.939902
    756730    0.956713
    756740    0.935444
    756750    0.937014
    756760     0.94324
    756770    0.949402
    756780    0.918331
    756790    0.941994
    756800    0.959019
    756810    0.940915
    756820      0.9574
    756830    0.937111
    756840    0.924816
    756850    0.922414
    756860    0.921569
    756870    0.930276
    756880    0.920335
    756890    0.918461
    756900    0.899372
    756910    0.920458
    756920    0.945828
    756930     0.94769
    756940    0.923355
    756950    0.935263
    756960    0.935779
    756970    0.961976
    756980    0.943198
    756990    0.924127
    757000    0.931425
    757010    0.918743
    757020    0.908169
    757030    0.918369
    757040    0.920318
    757050    0.933409
    757060    0.918793
    757070    0.943548
    757080    0.912562
    757090    0.921573
    757100    0.908723
    757110    0.880924
    757120    0.893591
    757130    0.895061
    757140    0.897349
    757150    0.944554
    757160    0.948689
    757170    0.964782
    757180    0.960119
    757190    0.950459
    757200    0.915247
    757210    0.923869
    757220    0.960571
    757230    0.916967
    757240    0.910031
    757250    0.936841
    757260    0.948311
    757270    0.894015
    757280    0.938136
    757290    0.952098
    757300    0.925884
    757310    0.918729
    757320    0.897094
    757330    0.922305
    757340      0.9306
    757350    0.903682
    757360    0.947704
    757370      0.9145
    757380    0.944067
    757390    0.958372
    757400    0.933217
    757410    0.911898
    757420    0.944834
    757430    0.937996
    757440    0.903678
    757450    0.920531
    757460    0.915655
    757470    0.932101
    757480     0.94805
    757490     0.92118
    757500    0.928687
    757510    0.931429
    757520     0.92192
    757530    0.941498
    757540    0.941767
    757550    0.920503
    757560    0.926599
    757570    0.947416
    757580    0.939907
    757590    0.949103
    757600    0.932487
    757610    0.929201
    757620    0.941262
    757630    0.919766
    757640    0.928238
    757650    0.922351
    757660    0.934986
    757670    0.950497
    757680    0.940484
    757690    0.917007
    757700    0.908612
    757710    0.930776
    757720    0.929114
    757730    0.932907
    757740     0.93468
    757750    0.934001
    757760    0.924092
    757770    0.941184
    757780    0.918376
    757790    0.922547
    757800     0.91781
    757810    0.912761
    757820    0.924744
    757830    0.924247
    757840    0.941569
    757850    0.909381
    757860    0.920679
    757870    0.924227
    757880    0.918841
    757890    0.919628
    757900    0.912316
    757910    0.910899
    757920    0.903928
    757930    0.928254
    757940    0.939371
    757950    0.925188
    757960    0.943321
    757970    0.918413
    757980    0.926076
    757990    0.973855
    758000    0.966833
    758010    0.944928
    758020    0.962478
    758030    0.950267
    758040    0.965566
    758050    0.939414
    758060    0.939713
    758070    0.976671
    758080    0.967514
    758090    0.953884
    758100     0.95113
    758110    0.949443
    758120    0.944051
    758130    0.943688
    758140    0.958158
    758150    0.903118
    758160    0.937427
    758170    0.948234
    758180    0.963584
    758190     0.95784
    758200    0.962984
    758210    0.963641
    758220    0.942177
    758230    0.969112
    758240    0.985199
    758250    0.946532
    758260    0.935211
    758270    0.957459
    758280    0.945382
    758290    0.950005
    758300    0.932782
    758310    0.958612
    758320     0.97379
    758330    0.937824
    758340    0.962299
    758350    0.977938
    758360    0.957003
    758370    0.967284
    758380    0.955313
    758390    0.944269
    758400    0.959839
    758410     1.00033
    758420    0.923462
    758430    0.910308
    758440    0.937177
    758450    0.949622
    758460    0.939979
    758470     0.98481
    758480    0.935944
    758490    0.964335
    758500    0.956787
    758510     0.98022
    758520    0.958952
    758530    0.957748
    758540    0.938984
    758550    0.946904
    758560    0.957712
    758570     0.97425
    758580    0.961882
    758590     0.92211
    758600    0.912972
    758610    0.896024
    758620    0.930223
    758630    0.923461
    758640    0.952444
    758650    0.954544
    758660    0.927754
    758670    0.919203
    758680    0.903138
    758690    0.913649
    758700    0.955855
    758710    0.923272
    758720    0.942078
    758730    0.917063
    758740    0.933411
    758750    0.935414
    758760     0.94229
    758770    0.937618
    758780    0.966102
    758790     0.95614
    758800    0.958424
    758810    0.914936
    758820     0.96262
    758830    0.942398
    758840    0.947584
    758850    0.919677
    758860    0.920645
    758870    0.941198
    758880    0.917903
    758890    0.938944
    758900    0.948937
    758910    0.954378
    758920    0.929297
    758930    0.952418
    758940    0.917304
    758950     0.90643
    758960    0.925996
    758970    0.888203
    758980    0.914742
    758990    0.938023
    759000    0.935684
    759010    0.931761
    759020    0.927935
    759030    0.910325
    759040    0.946317
    759050    0.927356
    759060     0.93809
    759070    0.946581
    759080    0.915087
    759090    0.931726
    759100    0.921282
    759110    0.923598
    759120    0.920512
    759130    0.939626
    759140    0.900009
    759150    0.935603
    759160    0.940772
    759170    0.925819
    759180    0.901449
    759190    0.899726
    759200    0.920632
    759210    0.889441
    759220    0.927107
    759230    0.939908
    759240    0.910049
    759250    0.909921
    759260    0.928673
    759270    0.910212
    759280    0.876931
    759290    0.910965
    759300    0.927128
    759310    0.902218
    759320    0.906615
    759330    0.870051
    759340      0.9155
    759350    0.924314
    759360    0.921132
    759370    0.913043
    759380    0.920359
    759390    0.918578
    759400    0.897774
    759410    0.931332
    759420    0.906881
    759430    0.906591
    759440    0.917352
    759450      0.9288
    759460    0.949473
    759470     0.93236
    759480    0.916921
    759490    0.894714
    759500    0.916157
    759510    0.923213
    759520    0.905164
    759530    0.898447
    759540    0.929977
    759550    0.916271
    759560    0.960045
    759570    0.953087
    759580    0.913423
    759590    0.933688
    759600    0.936205
    759610    0.926567
    759620    0.947282
    759630    0.914179
    759640    0.942891
    759650    0.945795
    759660     0.97592
    759670    0.903727
    759680    0.913366
    759690    0.911401
    759700    0.924678
    759710    0.907973
    759720    0.912255
    759730    0.911459
    759740    0.895266
    759750    0.910522
    759760    0.894583
    759770    0.943183
    759780    0.907733
    759790    0.907097
    759800    0.932359
    759810    0.908032
    759820    0.896009
    759830     0.92654
    759840    0.935946
    759850    0.938349
    759860    0.951382
    759870    0.902827
    759880     0.90757
    759890    0.914964
    759900    0.919305
    759910    0.931969
    759920    0.924942
    759930    0.926717
    759940    0.900854
    759950    0.923186
    759960    0.924337
    759970    0.934756
    759980    0.946143
    759990    0.982497
    760000    0.931003
    760010    0.929641
    760020    0.913485
    760030    0.930236
    760040    0.917755
    760050    0.902761
    760060    0.962663
    760070    0.900088
    760080    0.944264
    760090    0.962761
    760100    0.966032
    760110    0.955323
    760120    0.964703
    760130    0.939698
    760140    0.925297
    760150    0.955972
    760160    0.968704
    760170    0.939471
    760180    0.925199
    760190    0.920766
    760200    0.971197
    760210    0.943203
    760220    0.945863
    760230    0.960788
    760240    0.924258
    760250    0.965821
    760260    0.954515
    760270    0.948278
    760280    0.920337
    760290    0.930544
    760300    0.932372
    760310     0.94755
    760320    0.927386
    760330    0.929343
    760340    0.926274
    760350    0.919764
    760360     0.89035
    760370    0.894058
    760380    0.919159
    760390    0.912405
    760400    0.923374
    760410    0.930444
    760420    0.935273
    760430    0.945902
    760440    0.921557
    760450    0.913679
    760460    0.926149
    760470    0.955671
    760480    0.939592
    760490    0.935789
    760500     0.92285
    760510    0.927045
    760520     0.93148
    760530    0.940318
    760540    0.955275
    760550    0.944978
    760560    0.922246
    760570    0.957399
    760580    0.953759
    760590      0.9354
    760600    0.940852
    760610    0.931822
    760620    0.904065
    760630     0.89708
    760640    0.918144
    760650    0.891924
    760660    0.915574
    760670    0.893687
    760680    0.932487
    760690     0.95338
    760700    0.975069
    760710    0.955806
    760720    0.964313
    760730     0.94051
    760740    0.936455
    760750    0.941889
    760760     0.95786
    760770     0.96922
    760780    0.980393
    760790    0.992313
    760800     0.94123
    760810    0.968462
    760820     0.94801
    760830    0.978032
    760840    0.953349
    760850    0.974594
    760860    0.953588
    760870    0.955336
    760880    0.958775
    760890    0.953879
    760900    0.951193
    760910    0.978121
    760920     0.94003
    760930    0.937452
    760940    0.957362
    760950    0.941298
    760960    0.947149
    760970    0.953717
    760980    0.924567
    760990    0.951094
    761000    0.931265
    761010    0.950539
    761020    0.949319
    761030    0.940115
    761040    0.948504
    761050    0.944113
    761060    0.949019
    761070    0.952199
    761080    0.984946
    761090    0.946945
    761100     0.95392
    761110    0.944144
    761120    0.935722
    761130    0.951973
    761140    0.960667
    761150    0.957939
    761160    0.951976
    761170    0.931353
    761180    0.949486
    761190    0.958806
    761200     0.95961
    761210    0.951069
    761220    0.938021
    761230    0.911675
    761240    0.917927
    761250    0.920696
    761260    0.947798
    761270    0.911931
    761280    0.946406
    761290    0.912703
    761300    0.920916
    761310     0.92576
    761320    0.938301
    761330     0.92515
    761340    0.958693
    761350    0.967929
    761360    0.939969
    761370    0.928631
    761380     0.93415
    761390    0.920509
    761400    0.910379
    761410    0.933477
    761420    0.910055
    761430     0.87872
    761440    0.914936
    761450    0.894639
    761460    0.910986
    761470    0.893603
    761480    0.907192
    761490    0.888988
    761500    0.924953
    761510    0.905109
    761520    0.909118
    761530    0.895824
    761540     0.91982
    761550    0.884181
    761560    0.893536
    761570    0.897676
    761580    0.880894
    761590    0.905811
    761600    0.893702
    761610     0.88888
    761620    0.897083
    761630    0.903624
    761640    0.908849
    761650     0.93322
    761660    0.921113
    761670    0.889152
    761680    0.905923
    761690    0.902983
    761700    0.886157
    761710    0.899306
    761720    0.896759
    761730    0.898342
    761740    0.914729
    761750     0.92204
    761760    0.861289
    761770    0.851632
    761780    0.865448
    761790     0.85223
    761800    0.869411
    761810    0.881259
    761820    0.889248
    761830     0.89576
    761840    0.883233
    761850    0.882483
    761860    0.891137
    761870    0.882683
    761880    0.880529
    761890    0.863122
    761900    0.873277
    761910    0.857435
    761920    0.849992
    761930    0.873621
    761940    0.881442
    761950    0.871328
    761960    0.885185
    761970    0.857905
    761980    0.890483
    761990    0.850499
    762000      0.8595
    762010    0.893705
    762020    0.892331
    762030    0.898147
    762040    0.886337
    762050    0.906946
    762060    0.882455
    762070    0.883478
    762080    0.883749
    762090    0.912092
    762100    0.909751
    762110    0.908234
    762120    0.884441
    762130    0.891859
    762140    0.894664
    762150    0.904471
    762160    0.891488
    762170    0.892141
    762180    0.881384
    762190    0.863025
    762200    0.888927
    762210    0.860283
    762220    0.875244
    762230    0.855943
    762240    0.877663
    762250    0.885126
    762260      0.8888
    762270    0.857556
    762280    0.855723
    762290    0.866836
    762300    0.857174
    762310    0.862649
    762320    0.860134
    762330     0.87234
    762340    0.851545
    762350    0.867955
    762360    0.856803
    762370     0.84555
    762380    0.849016
    762390    0.852967
    762400    0.864899
    762410    0.855523
    762420    0.861601
    762430    0.854073
    762440    0.859882
    762450     0.85041
    762460    0.840265
    762470    0.862797
    762480    0.865837
    762490    0.877701
    762500    0.880627
    762510    0.881792
    762520    0.871967
    762530    0.899956
    762540    0.906998
    762550    0.894859
    762560    0.918209
    762570    0.889076
    762580    0.894565
    762590    0.924958
    762600    0.892342
    762610    0.911369
    762620    0.896411
    762630    0.889401
    762640    0.900544
    762650    0.879037
    762660    0.906946
    762670    0.879785
    762680    0.914882
    762690     0.92508
    762700    0.917161
    762710    0.908094
    762720    0.910254
    762730    0.908249
    762740    0.921511
    762750    0.899766
    762760    0.929782
    762770      0.8906
    762780    0.893119
    762790    0.899098
    762800    0.874767
    762810     0.87641
    762820     0.87486
    762830    0.859939
    762840    0.882164
    762850     0.85478
    762860    0.874995
    762870    0.886011
    762880    0.865106
    762890    0.917209
    762900    0.902551
    762910    0.880118
    762920    0.896961
    762930    0.886278
    762940    0.891299
    762950    0.889506
    762960    0.896781
    762970    0.888295
    762980    0.881571
    762990    0.903909
    763000    0.857216
    763010    0.889598
    763020    0.911581
    763030    0.897213
    763040    0.892879
    763050    0.879917
    763060    0.901208
    763070    0.892526
    763080    0.896785
    763090    0.882626
    763100    0.906513
    763110    0.909902
    763120     0.86911
    763130    0.905182
    763140    0.903423
    763150    0.896356
    763160    0.897188
    763170    0.891999
    763180    0.891477
    763190    0.886178
    763200     0.90127
    763210    0.896175
    763220    0.886637
    763230    0.894315
    763240    0.892514
    763250    0.891096
    763260    0.886044
    763270    0.875954
    763280    0.887118
    763290    0.887518
    763300    0.879794
    763310    0.902432
    763320    0.893692
    763330    0.860764
    763340    0.882167
    763350    0.926623
    763360    0.880827
    763370    0.916656
    763380    0.893413
    763390    0.885995
    763400    0.921006
    763410    0.914667
    763420    0.940149
    763430    0.891356
    763440    0.913338
    763450    0.918783
    763460    0.904611
    763470    0.900938
    763480    0.954268
    763490    0.927646
    763500    0.907368
    763510    0.919895
    763520    0.877107
    763530    0.889349
    763540      0.9129
    763550    0.895778
    763560    0.914756
    763570    0.906475
    763580    0.883554
    763590    0.870199
    763600    0.890164
    763610    0.876556
    763620    0.910342
    763630    0.902788
    763640    0.906573
    763650    0.895572
    763660    0.891085
    763670    0.916981
    763680    0.877564
    763690    0.937598
    763700     0.91596
    763710    0.907068
    763720    0.897584
    763730    0.918488
    763740     0.94001
    763750    0.905464
    763760    0.921623
    763770    0.918469
    763780    0.925832
    763790    0.880933
    763800    0.937304
    763810    0.923066
    763820    0.907289
    763830    0.921054
    763840    0.940903
    763850    0.955761
    763860    0.935134
    763870     0.92098
    763880    0.908379
    763890    0.903086
    763900     0.89402
    763910    0.904871
    763920    0.888239
    763930     0.90706
    763940    0.890308
    763950    0.919217
    763960    0.955371
    763970    0.922834
    763980    0.927287
    763990    0.910323
    764000    0.928683
    764010    0.878989
    764020    0.914509
    764030    0.916596
    764040    0.900365
    764050    0.913115
    764060    0.933867
    764070    0.926515
    764080    0.962967
    764090    0.903551
    764100    0.903762
    764110     0.92072
    764120    0.931007
    764130    0.928905
    764140    0.928113
    764150    0.929631
    764160    0.927526
    764170    0.911465
    764180    0.907405
    764190    0.866193
    764200    0.903778
    764210    0.899963
    764220    0.894269
    764230    0.881022
    764240    0.901341
    764250    0.883275
    764260    0.908808
    764270    0.890819
    764280    0.924997
    764290    0.873139
    764300    0.891839
    764310    0.904112
    764320    0.903085
    764330    0.925527
    764340    0.890367
    764350    0.897961
    764360    0.920996
    764370    0.900802
    764380    0.966886
    764390    0.906673
    764400    0.929404
    764410    0.893285
    764420    0.886656
    764430    0.882568
    764440    0.870407
    764450     0.91253
    764460    0.892002
    764470    0.884048
    764480    0.920933
    764490    0.901476
    764500    0.933905
    764510    0.923101
    764520    0.907804
    764530     0.92031
    764540    0.958869
    764550    0.933072
    764560    0.901219
    764570    0.902636
    764580    0.906381
    764590    0.928429
    764600    0.893161
    764610    0.923783
    764620    0.917341
    764630      0.8762
    764640    0.921452
    764650    0.926898
    764660    0.923572
    764670    0.937446
    764680     0.87916
    764690    0.919647
    764700     0.87478
    764710    0.912414
    764720     0.90133
    764730    0.897371
    764740    0.948039
    764750    0.911521
    764760    0.919932
    764770    0.900319
    764780    0.902907
    764790     0.90088
    764800    0.875907
    764810    0.889652
    764820    0.883611
    764830    0.883181
    764840    0.887723
    764850     0.92539
    764860    0.937824
    764870    0.920374
    764880    0.894578
    764890    0.889532
    764900    0.917905
    764910     0.89501
    764920    0.901318
    764930    0.880117
    764940    0.908797
    764950    0.887159
    764960    0.904467
    764970    0.931894
    764980    0.890356
    764990    0.913686
    765000    0.931584
    765010    0.910244
    765020    0.906725
    765030    0.923348
    765040    0.911009
    765050    0.927304
    765060    0.906702
    765070    0.912904
    765080    0.915498
    765090    0.941176
    765100    0.917401
    765110    0.934617
    765120    0.949085
    765130    0.923854
    765140    0.954008
    765150    0.911064
    765160    0.929223
    765170    0.899493
    765180    0.913006
    765190     0.92142
    765200    0.900396
    765210    0.882489
    765220    0.908106
    765230    0.914153
    765240    0.921677
    765250    0.944112
    765260    0.930459
    765270    0.933489
    765280    0.939703
    765290     0.93851
    765300    0.946332
    765310    0.918928
    765320    0.954113
    765330    0.884462
    765340    0.900009
    765350    0.928067
    765360    0.908403
    765370    0.916216
    765380    0.922344
    765390     0.89712
    765400    0.898092
    765410     0.92404
    765420    0.939646
    765430    0.941598
    765440    0.934912
    765450    0.928636
    765460    0.927994
    765470    0.920047
    765480    0.895931
    765490    0.888312
    765500    0.912568
    765510    0.899434
    765520     0.90869
    765530    0.907787
    765540     0.91126
    765550    0.938947
    765560    0.942123
    765570    0.922905
    765580    0.925999
    765590    0.923584
    765600    0.923871
    765610    0.918991
    765620    0.911876
    765630    0.909267
    765640    0.906523
    765650    0.900097
    765660    0.907592
    765670    0.900142
    765680    0.897578
    765690    0.942958
    765700     0.89991
    765710    0.917024
    765720    0.890717
    765730    0.909459
    765740    0.918361
    765750    0.923334
    765760    0.897653
    765770    0.899418
    765780    0.913419
    765790     0.87279
    765800    0.900387
    765810    0.876374
    765820    0.914972
    765830    0.901997
    765840    0.904704
    765850    0.892959
    765860     0.89879
    765870     0.88783
    765880    0.907706
    765890    0.885247
    765900    0.947515
    765910    0.947657
    765920    0.926011
    765930    0.967839
    765940    0.926689
    765950    0.947698
    765960    0.923852
    765970    0.933679
    765980    0.944276
    765990    0.917362
    766000    0.909018
    766010     0.93004
    766020    0.938433
    766030    0.892244
    766040     0.90504
    766050    0.876716
    766060    0.896628
    766070    0.910064
    766080    0.935476
    766090    0.929564
    766100    0.926338
    766110     0.87481
    766120    0.881955
    766130    0.898048
    766140       0.903
    766150     0.92715
    766160    0.883651
    766170    0.861576
    766180      0.8749
    766190    0.867864
    766200    0.880334
    766210    0.890189
    766220    0.901028
    766230    0.912085
    766240    0.934338
    766250     0.92851
    766260    0.917328
    766270    0.914417
    766280    0.890426
    766290    0.886216
    766300    0.910369
    766310     0.89698
    766320    0.919198
    766330    0.907454
    766340    0.956373
    766350    0.914255
    766360     0.90033
    766370    0.919621
    766380    0.891633
    766390    0.912627
    766400    0.929124
    766410    0.898947
    766420    0.911323
    766430    0.919583
    766440    0.938365
    766450    0.906789
    766460    0.914097
    766470    0.922754
    766480    0.907374
    766490    0.900154
    766500    0.887046
    766510    0.878454
    766520    0.916619
    766530    0.896038
    766540    0.901168
    766550    0.903663
    766560    0.912271
    766570    0.909516
    766580    0.919798
    766590    0.910458
    766600    0.895202
    766610    0.913728
    766620    0.925398
    766630    0.922987
    766640    0.884174
    766650    0.910861
    766660     0.89281
    766670    0.937918
    766680    0.920708
    766690    0.922749
    766700    0.915126
    766710    0.902317
    766720    0.926734
    766730    0.912664
    766740    0.919477
    766750    0.901506
    766760    0.891747
    766770    0.929395
    766780     0.93877
    766790    0.919001
    766800    0.932462
    766810    0.922061
    766820     0.92618
    766830    0.904125
    766840    0.900947
    766850    0.879352
    766860    0.900752
    766870    0.931771
    766880    0.917563
    766890    0.912122
    766900     0.91727
    766910    0.901253
    766920    0.907563
    766930     0.91835
    766940    0.907676
    766950     0.91182
    766960    0.925679
    766970    0.925538
    766980    0.900499
    766990    0.902786
    767000    0.912557
    767010    0.920325
    767020    0.938244
    767030    0.947618
    767040    0.919268
    767050    0.946753
    767060    0.915863
    767070     0.90422
    767080    0.925274
    767090    0.919174
    767100    0.935383
    767110    0.937184
    767120     0.95291
    767130    0.891939
    767140    0.921034
    767150    0.911035
    767160    0.938747
    767170    0.935716
    767180    0.909917
    767190    0.915965
    767200    0.916816
    767210    0.926025
    767220    0.914712
    767230    0.887945
    767240    0.932296
    767250     0.91032
    767260    0.915674
    767270    0.865945
    767280    0.882792
    767290    0.890491
    767300    0.892615
    767310    0.906864
    767320    0.905335
    767330    0.896709
    767340    0.925393
    767350    0.916816
    767360    0.914472
    767370    0.893633
    767380     0.89833
    767390    0.898277
    767400    0.918854
    767410    0.886558
    767420    0.900829
    767430    0.894285
    767440    0.888452
    767450    0.913667
    767460    0.893528
    767470    0.872177
    767480    0.891809
    767490    0.888332
    767500    0.919517
    767510    0.932528
    767520    0.901882
    767530    0.934228
    767540    0.921157
    767550    0.940617
    767560    0.875909
    767570    0.892929
    767580    0.900672
    767590    0.894155
    767600    0.896205
    767610    0.895402
    767620    0.912915
    767630    0.882427
    767640    0.913395
    767650    0.897082
    767660    0.911574
    767670    0.900005
    767680    0.888177
    767690    0.901724
    767700    0.917643
    767710    0.896844
    767720    0.913366
    767730    0.895829
    767740    0.913095
    767750    0.890757
    767760      0.9245
    767770    0.931089
    767780    0.913019
    767790    0.915689
    767800    0.922306
    767810    0.903027
    767820    0.933707
    767830    0.911838
    767840    0.911671
    767850    0.904953
    767860    0.902678
    767870    0.901907
    767880    0.892888
    767890     0.89404
    767900    0.884988
    767910    0.916077
    767920    0.919764
    767930    0.898529
    767940    0.887311
    767950    0.892219
    767960    0.913478
    767970     0.91643
    767980    0.903748
    767990    0.910958
    768000    0.928032
    768010     0.88667
    768020    0.926028
    768030    0.886628
    768040    0.916602
    768050     0.91971
    768060    0.892868
    768070    0.914173
    768080    0.908562
    768090    0.901444
    768100    0.904147
    768110    0.915079
    768120    0.912295
    768130    0.941041
    768140    0.897409
    768150    0.904782
    768160    0.907114
    768170    0.909463
    768180    0.896829
    768190    0.878708
    768200    0.872279
    768210    0.899992
    768220    0.905404
    768230    0.917335
    768240     0.91889
    768250    0.913462
    768260    0.923175
    768270    0.940968
    768280    0.917384
    768290    0.921276
    768300     0.93914
    768310    0.940654
    768320    0.919379
    768330     0.93926
    768340    0.931378
    768350     0.91298
    768360    0.915714
    768370    0.898813
    768380    0.892734
    768390    0.929678
    768400    0.936795
    768410     0.94091
    768420    0.926246
    768430    0.946602
    768440    0.931717
    768450    0.937749
    768460    0.930431
    768470    0.942628
    768480    0.925505
    768490    0.940859
    768500    0.919814
    768510    0.934536
    768520    0.937542
    768530     0.87456
    768540     0.94363
    768550    0.890183
    768560    0.908471
    768570    0.917581
    768580     0.90492
    768590    0.905821
    768600     0.91006
    768610    0.933053
    768620     0.89036
    768630    0.875225
    768640    0.925208
    768650    0.907507
    768660    0.905331
    768670    0.919231
    768680      0.9109
    768690    0.929309
    768700    0.920783
    768710    0.906412
    768720    0.921185
    768730     0.92434
    768740    0.909682
    768750    0.896234
    768760    0.917404
    768770    0.909439
    768780    0.918893
    768790    0.911235
    768800    0.921699
    768810    0.911247
    768820    0.935017
    768830     0.94824
    768840    0.885977
    768850    0.921045
    768860    0.886818
    768870    0.889791
    768880    0.891099
    768890    0.921979
    768900    0.923232
    768910    0.922134
    768920    0.911358
    768930    0.903526
    768940    0.897298
    768950    0.897803
    768960    0.864787
    768970    0.893477
    768980    0.866943
    768990    0.896105
    769000    0.889872
    769010    0.885777
    769020    0.887414
    769030     0.91325
    769040    0.907258
    769050    0.888845
    769060    0.908019
    769070    0.897632
    769080    0.881477
    769090    0.901689
    769100    0.892955
    769110    0.921947
    769120    0.881912
    769130    0.905677
    769140    0.946325
    769150    0.913264
    769160    0.884139
    769170    0.877789
    769180    0.881977
    769190    0.879252
    769200    0.883526
    769210    0.885814
    769220    0.897442
    769230    0.873654
    769240    0.932186
    769250    0.930617
    769260    0.897969
    769270    0.887434
    769280    0.903857
    769290    0.921128
    769300     0.92704
    769310    0.899804
    769320    0.906431
    769330    0.874065
    769340    0.902647
    769350    0.906664
    769360    0.892948
    769370    0.907329
    769380    0.911144
    769390    0.920311
    769400    0.922621
    769410    0.932214
    769420    0.917085
    769430    0.956734
    769440    0.938138
    769450    0.910213
    769460    0.938244
    769470    0.930636
    769480    0.899886
    769490    0.931318
    769500    0.918156
    769510    0.903243
    769520    0.939827
    769530    0.930101
    769540    0.909231
    769550    0.925184
    769560    0.901982
    769570    0.923084
    769580     0.90898
    769590    0.949032
    769600    0.932998
    769610    0.921824
    769620     0.93968
    769630    0.919136
    769640    0.907527
    769650    0.927813
    769660    0.964433
    769670    0.918862
    769680    0.914826
    769690    0.923108
    769700    0.907299
    769710    0.905813
    769720    0.925015
    769730    0.917406
    769740    0.910182
    769750    0.914655
    769760    0.919043
    769770    0.914982
    769780    0.897375
    769790    0.887579
    769800    0.880391
    769810     0.88352
    769820    0.891942
    769830    0.884153
    769840    0.908747
    769850    0.906773
    769860    0.936156
    769870    0.908456
    769880     0.89045
    769890    0.913396
    769900    0.929858
    769910    0.898334
    769920    0.888489
    769930    0.922572
    769940    0.869915
    769950    0.935036
    769960    0.920458
    769970    0.904106
    769980    0.886319
    769990    0.879566
    770000     0.90797
    770010    0.898957
    770020    0.920297
    770030    0.901539
    770040    0.891943
    770050    0.905391
    770060    0.931863
    770070    0.925633
    770080    0.920382
    770090    0.910756
    770100    0.893893
    770110    0.939604
    770120     0.90647
    770130     0.91714
    770140    0.916953
    770150    0.903641
    770160    0.900579
    770170     0.93371
    770180     0.92669
    770190    0.943848
    770200    0.904585
    770210    0.948774
    770220    0.946961
    770230    0.935899
    770240     0.95118
    770250    0.937428
    770260    0.942165
    770270      0.9203
    770280    0.959694
    770290    0.978665
    770300     0.93942
    770310    0.940785
    770320     0.91749
    770330    0.916709
    770340    0.911039
    770350    0.888465
    770360    0.921286
    770370    0.902821
    770380    0.901291
    770390    0.906935
    770400    0.869973
    770410    0.950057
    770420    0.949646
    770430    0.937656
    770440    0.965146
    770450    0.945877
    770460    0.935601
    770470    0.945809
    770480    0.991023
    770490    0.950694
    770500    0.954624
    770510      0.9613
    770520    0.926433
    770530    0.943043
    770540      0.9382
    770550    0.955763
    770560    0.916647
    770570    0.963908
    770580    0.921012
    770590    0.944324
    770600     0.94116
    770610    0.953606
    770620     0.94903
    770630    0.955331
    770640    0.975846
    770650    0.961401
    770660    0.999117
    770670    0.966379
    770680    0.936214
    770690    0.905483
    770700    0.896966
    770710    0.870521
    770720    0.851417
    770730    0.878458
    770740     0.88453
    770750     0.87301
    770760    0.866556
    770770    0.860132
    770780    0.870266
    770790    0.868852
    770800    0.848268
    770810    0.883014
    770820    0.890531
    770830    0.875003
    770840    0.898723
    770850    0.858154
    770860    0.847234
    770870    0.847677
    770880    0.840911
    770890     0.87151
    770900     0.88151
    770910    0.887401
    770920    0.904075
    770930    0.888701
    770940    0.871303
    770950    0.890339
    770960    0.903186
    770970     0.88758
    770980    0.913767
    770990    0.894443
    771000    0.886419
    771010    0.875101
    771020    0.887315
    771030     0.89876
    771040    0.912711
    771050    0.899574
    771060    0.896766
    771070    0.904216
    771080    0.908831
    771090    0.882336
    771100    0.892438
    771110    0.900314
    771120    0.900258
    771130    0.874618
    771140    0.877185
    771150     0.87368
    771160    0.909545
    771170    0.895516
    771180    0.897508
    771190    0.882643
    771200    0.910862
    771210    0.911789
    771220    0.877081
    771230    0.915665
    771240    0.943501
    771250    0.964759
    771260    0.956618
    771270    0.957261
    771280    0.949283
    771290    0.952365
    771300    0.949251
    771310    0.925228
    771320     0.93546
    771330    0.966174
    771340     0.94217
    771350    0.936235
    771360    0.928577
    771370    0.942018
    771380    0.951554
    771390    0.926143
    771400    0.916729
    771410    0.941324
    771420    0.962751
    771430    0.949772
    771440    0.953898
    771450    0.930692
    771460    0.913864
    771470    0.916204
    771480    0.937904
    771490    0.915621
    771500     0.92057
    771510    0.916599
    771520    0.921519
    771530    0.939582
    771540    0.925609
    771550    0.939164
    771560    0.944644
    771570     0.93269
    771580    0.946538
    771590    0.956976
    771600    0.966779
    771610    0.950065
    771620    0.945479
    771630    0.912274
    771640    0.959045
    771650    0.956683
    771660    0.916616
    771670     0.92882
    771680    0.925038
    771690    0.936703
    771700     0.93204
    771710    0.953114
    771720    0.950851
    771730    0.938343
    771740    0.966817
    771750    0.940097
    771760    0.971727
    771770    0.930415
    771780    0.934338
    771790    0.954976
    771800    0.956079
    771810    0.955466
    771820    0.939632
    771830    0.956039
    771840    0.948264
    771850    0.915384
    771860     0.91708
    771870    0.914517
    771880    0.912452
    771890      0.9287
    771900    0.949045
    771910     0.92151
    771920    0.949556
    771930    0.927944
    771940    0.964382
    771950    0.933237
    771960     0.94839
    771970    0.935326
    771980    0.951889
    771990    0.930159
    772000    0.929618
    772010    0.935787
    772020    0.934566
    772030    0.942392
    772040    0.922544
    772050    0.954968
    772060    0.940937
    772070    0.922371
    772080    0.960487
    772090    0.966039
    772100    0.968824
    772110    0.949708
    772120    0.932858
    772130    0.929627
    772140    0.950044
    772150     0.95326
    772160    0.939731
    772170    0.943793
    772180    0.979939
    772190    0.986197
    772200    0.960714
    772210    0.958257
    772220    0.967545
    772230    0.948135
    772240    0.994015
    772250    0.987196
    772260     0.95987
    772270    0.977313
    772280    0.968388
    772290    0.984195
    772300    0.937182
    772310    0.954085
    772320    0.964649
    772330    0.953017
    772340    0.971142
    772350    0.965632
    772360     0.95694
    772370    0.930389
    772380    0.946623
    772390    0.923173
    772400    0.938605
    772410    0.926971
    772420    0.942908
    772430    0.905587
    772440    0.935088
    772450    0.936182
    772460     0.89122
    772470    0.928374
    772480    0.914102
    772490    0.926041
    772500    0.911062
    772510    0.893108
    772520    0.864747
    772530    0.901157
    772540    0.928186
    772550    0.918374
    772560    0.919164
    772570    0.944177
    772580    0.913877
    772590     0.93409
    772600     0.91787
    772610    0.924657
    772620    0.933876
    772630    0.956383
    772640      0.9309
    772650     0.89198
    772660    0.900143
    772670     0.88753
    772680     0.86599
    772690    0.888528
    772700    0.898519
    772710    0.907931
    772720    0.917206
    772730    0.927305
    772740     0.92063
    772750    0.928606
    772760    0.925688
    772770    0.927553
    772780    0.919485
    772790    0.900746
    772800    0.909734
    772810    0.889607
    772820    0.921963
    772830    0.924143
    772840    0.927945
    772850      0.9181
    772860    0.911736
    772870    0.910899
    772880    0.925151
    772890    0.879786
    772900    0.946127
    772910    0.918468
    772920    0.928861
    772930    0.918962
    772940    0.922287
    772950    0.921276
    772960    0.919818
    772970    0.917037
    772980    0.924966
    772990    0.923155
    773000    0.918384
    773010     0.88665
    773020    0.929382
    773030     0.90537
    773040    0.929087
    773050    0.875753
    773060     0.89207
    773070    0.922691
    773080    0.912611
    773090    0.914388
    773100    0.901099
    773110    0.909695
    773120    0.922301
    773130    0.916232
    773140    0.933679
    773150     0.93066
    773160    0.888352
    773170    0.895563
    773180    0.892733
    773190    0.879291
    773200    0.866974
    773210    0.867167
    773220    0.847354
    773230     0.84733
    773240    0.831429
    773250    0.829489
    773260    0.847374
    773270    0.895135
    773280     0.92542
    773290    0.865156
    773300     0.87615
    773310    0.907016
    773320    0.917791
    773330    0.909409
    773340    0.890264
    773350    0.884551
    773360    0.886632
    773370    0.917295
    773380    0.907967
    773390    0.913689
    773400    0.891714
    773410    0.923191
    773420    0.936037
    773430    0.891606
    773440    0.905809
    773450    0.931562
    773460    0.911645
    773470    0.901145
    773480    0.929679
    773490    0.929468
    773500    0.940028
    773510    0.903658
    773520     0.91264
    773530    0.869954
    773540    0.900536
    773550     0.91124
    773560    0.904698
    773570    0.890484
    773580    0.899038
    773590    0.909835
    773600    0.881956
    773610    0.898103
    773620    0.894554
    773630    0.929141
    773640    0.935654
    773650    0.947576
    773660    0.897298
    773670    0.905832
    773680     0.89712
    773690    0.885509
    773700    0.916496
    773710    0.928433
    773720    0.939305
    773730    0.928521
    773740    0.906658
    773750    0.893656
    773760    0.911065
    773770    0.905162
    773780     0.94399
    773790    0.919629
    773800    0.922206
    773810    0.921919
    773820     0.93026
    773830    0.950629
    773840    0.913754
    773850    0.916236
    773860    0.938903
    773870    0.920065
    773880    0.904932
    773890    0.935584
    773900    0.928897
    773910    0.920035
    773920    0.908022
    773930     0.91025
    773940    0.897837
    773950    0.902027
    773960    0.909895
    773970     0.93998
    773980    0.898798
    773990    0.917014
    774000    0.908993
    774010    0.907018
    774020    0.897637
    774030    0.895836
    774040    0.903045
    774050    0.927331
    774060    0.864991
    774070    0.911688
    774080    0.892214
    774090    0.915707
    774100    0.889137
    774110    0.886852
    774120    0.908143
    774130    0.905345
    774140    0.955843
    774150    0.929094
    774160    0.947905
    774170    0.950026
    774180    0.938999
    774190    0.970063
    774200    0.910389
    774210    0.943158
    774220    0.932165
    774230     0.95087
    774240    0.940276
    774250    0.910756
    774260    0.952151
    774270    0.886032
    774280    0.932911
    774290    0.903624
    774300    0.901347
    774310    0.881464
    774320    0.901206
    774330    0.872521
    774340    0.896079
    774350     0.85834
    774360    0.854816
    774370    0.853153
    774380    0.864647
    774390    0.883924
    774400    0.896441
    774410     0.87802
    774420     0.88199
    774430    0.866085
    774440    0.844849
    774450    0.860114
    774460    0.834134
    774470     0.86302
    774480    0.883338
    774490    0.897209
    774500     0.89242
    774510     0.85861
    774520    0.869237
    774530    0.863998
    774540    0.881861
    774550    0.885816
    774560    0.878763
    774570    0.914003
    774580    0.896242
    774590    0.890249
    774600    0.887826
    774610    0.889644
    774620    0.927074
    774630    0.931664
    774640    0.927228
    774650    0.895954
    774660    0.916552
    774670    0.928162
    774680    0.933487
    774690    0.923153
    774700    0.937748
    774710     0.95466
    774720    0.933158
    774730    0.914094
    774740    0.895816
    774750    0.927224
    774760    0.902014
    774770    0.919324
    774780    0.899022
    774790    0.897191
    774800    0.904621
    774810    0.905203
    774820    0.912695
    774830    0.898861
    774840     0.89368
    774850    0.896617
    774860     0.89674
    774870    0.909573
    774880    0.904295
    774890    0.889521
    774900    0.909754
    774910    0.906733
    774920    0.881291
    774930    0.906415
    774940    0.917288
    774950    0.884021
    774960    0.882098
    774970    0.915652
    774980    0.924554
    774990    0.902053
    775000    0.905852
    775010    0.895054
    775020    0.892175
    775030    0.889548
    775040    0.892742
    775050    0.894894
    775060    0.902277
    775070    0.898299
    775080    0.907428
    775090    0.886603
    775100    0.893577
    775110     0.91718
    775120    0.889822
    775130    0.901163
    775140    0.893454
    775150    0.896918
    775160    0.904804
    775170    0.881174
    775180    0.899072
    775190    0.883434
    775200    0.906582
    775210    0.897843
    775220    0.917548
    775230    0.892449
    775240    0.873927
    775250    0.908979
    775260    0.920887
    775270    0.909633
    775280    0.912383
    775290    0.911204
    775300    0.921585
    775310    0.898506
    775320    0.893365
    775330    0.898345
    775340    0.905358
    775350    0.927527
    775360    0.904294
    775370    0.909393
    775380    0.908589
    775390     0.90449
    775400    0.908678
    775410    0.904561
    775420    0.920814
    775430    0.915695
    775440    0.909832
    775450    0.899191
    775460    0.904821
    775470    0.907055
    775480    0.904968
    775490    0.916474
    775500    0.898445
    775510    0.899019
    775520    0.897912
    775530    0.884171
    775540    0.921447
    775550      0.8823
    775560    0.918397
    775570    0.905303
    775580    0.893561
    775590    0.888102
    775600    0.883658
    775610    0.901401
    775620    0.910248
    775630    0.909777
    775640    0.916722
    775650    0.904973
    775660    0.890051
    775670    0.925026
    775680    0.911257
    775690    0.925292
    775700    0.932404
    775710    0.934083
    775720    0.914047
    775730    0.928052
    775740     0.90937
    775750    0.908428
    775760    0.921039
    775770    0.905842
    775780    0.917197
    775790    0.900065
    775800    0.922908
    775810    0.928054
    775820    0.914157
    775830    0.918936
    775840    0.916909
    775850    0.917489
    775860    0.903796
    775870    0.936614
    775880    0.939463
    775890     0.91717
    775900     0.89811
    775910    0.879273
    775920    0.900366
    775930    0.895996
    775940    0.892707
    775950    0.878749
    775960    0.911811
    775970    0.916319
    775980    0.884552
    775990    0.900943
    776000    0.902302
    776010    0.903143
    776020    0.920165
    776030    0.907277
    776040    0.923141
    776050    0.931965
    776060     0.91827
    776070    0.908312
    776080    0.906273
    776090    0.904224
    776100     0.91261
    776110    0.938921
    776120    0.904726
    776130    0.923143
    776140    0.901146
    776150    0.907167
    776160    0.921135
    776170    0.903452
    776180    0.902758
    776190    0.899285
    776200    0.904383
    776210    0.908378
    776220    0.909632
    776230    0.904145
    776240    0.903748
    776250    0.907539
    776260    0.909389
    776270    0.902626
    776280    0.927224
    776290    0.916197
    776300    0.912729
    776310    0.905956
    776320    0.894241
    776330     0.87611
    776340    0.893329
    776350    0.921356
    776360    0.900958
    776370    0.903159
    776380    0.899859
    776390    0.918666
    776400    0.926836
    776410    0.918057
    776420    0.902683
    776430    0.893343
    776440    0.939212
    776450    0.920682
    776460    0.953761
    776470    0.927101
    776480    0.909158
    776490    0.924656
    776500    0.924417
    776510    0.934125
    776520    0.931121
    776530    0.942066
    776540    0.943237
    776550    0.941556
    776560    0.908235
    776570     0.93665
    776580    0.919965
    776590    0.905434
    776600    0.921751
    776610    0.915616
    776620    0.914665
    776630    0.898361
    776640    0.890306
    776650    0.915777
    776660    0.937133
    776670    0.917082
    776680    0.923712
    776690    0.925253
    776700    0.914255
    776710    0.911905
    776720    0.923466
    776730    0.949858
    776740    0.947704
    776750    0.930065
    776760    0.927052
    776770    0.923457
    776780    0.899219
    776790    0.947168
    776800    0.913007
    776810    0.928426
    776820    0.933511
    776830    0.930463
    776840    0.930189
    776850    0.935175
    776860    0.928166
    776870    0.933766
    776880    0.948858
    776890    0.941388
    776900     0.94047
    776910    0.913551
    776920    0.933226
    776930    0.958254
    776940    0.929087
    776950    0.936536
    776960    0.928729
    776970    0.939954
    776980    0.925677
    776990    0.927769
    777000    0.923162
    777010     0.90934
    777020     0.92902
    777030    0.933084
    777040    0.939628
    777050    0.966149
    777060    0.937143
    777070    0.950193
    777080    0.923145
    777090    0.896794
    777100    0.938963
    777110      0.9318
    777120    0.945981
    777130    0.954959
    777140    0.943253
    777150    0.912132
    777160    0.910796
    777170    0.909226
    777180    0.906696
    777190    0.940721
    777200    0.946198
    777210     0.93973
    777220    0.921076
    777230    0.930103
    777240    0.917273
    777250    0.921846
    777260    0.919021
    777270    0.962097
    777280    0.947976
    777290    0.935125
    777300    0.905475
    777310    0.896983
    777320    0.891798
    777330    0.898632
    777340    0.908009
    777350    0.939883
    777360     0.91532
    777370    0.918669
    777380    0.943434
    777390    0.916735
    777400    0.892837
    777410    0.929885
    777420    0.921606
    777430     0.92854
    777440      0.9253
    777450    0.934734
    777460    0.913229
    777470    0.931385
    777480    0.909381
    777490    0.921919
    777500    0.897828
    777510    0.901673
    777520     0.93256
    777530     0.91158
    777540    0.915794
    777550    0.924479
    777560    0.902454
    777570    0.891719
    777580    0.935132
    777590    0.896523
    777600     0.93599
    777610    0.927514
    777620    0.941875
    777630    0.898703
    777640     0.94894
    777650    0.942649
    777660    0.932926
    777670    0.901487
    777680    0.930135
    777690    0.922889
    777700     0.90838
    777710    0.892984
    777720     0.91388
    777730    0.902375
    777740    0.925824
    777750    0.926305
    777760    0.912634
    777770    0.908394
    777780    0.899856
    777790    0.912987
    777800    0.888658
    777810     0.91716
    777820     0.90954
    777830    0.931048
    777840    0.906252
    777850    0.907309
    777860    0.901558
    777870    0.911856
    777880    0.920923
    777890    0.923295
    777900    0.924882
    777910     0.91149
    777920    0.921483
    777930    0.900202
    777940    0.921998
    777950    0.905354
    777960    0.920381
    777970    0.925456
    777980    0.926481
    777990    0.914286
    778000    0.924467
    778010    0.920787
    778020     0.93415
    778030    0.910262
    778040    0.919231
    778050    0.917072
    778060    0.888045
    778070    0.875927
    778080    0.869105
    778090    0.867881
    778100    0.881288
    778110    0.873932
    778120    0.864168
    778130    0.863856
    778140    0.877689
    778150    0.867435
    778160    0.889066
    778170    0.893043
    778180    0.907657
    778190    0.883933
    778200    0.907316
    778210    0.902455
    778220    0.912135
    778230    0.891848
    778240    0.917757
    778250    0.932387
    778260    0.906856
    778270    0.881435
    778280    0.905869
    778290    0.922693
    778300     0.88912
    778310    0.908175
    778320    0.883806
    778330    0.885842
    778340    0.889507
    778350    0.867769
    778360    0.890038
    778370    0.902053
    778380    0.885986
    778390     0.90341
    778400    0.870132
    778410    0.872819
    778420    0.883415
    778430    0.870628
    778440    0.881495
    778450     0.88421
    778460    0.881353
    778470    0.863462
    778480    0.884845
    778490    0.891076
    778500    0.900735
    778510    0.884511
    778520    0.893273
    778530    0.877985
    778540     0.89545
    778550     0.90167
    778560    0.884135
    778570    0.916928
    778580    0.898306
    778590    0.899457
    778600    0.889325
    778610    0.893597
    778620    0.897228
    778630    0.894315
    778640    0.894094
    778650    0.887739
    778660    0.910489
    778670    0.895141
    778680    0.882124
    778690    0.904148
    778700    0.915608
    778710    0.902901
    778720    0.917742
    778730    0.890479
    778740    0.888496
    778750    0.917327
    778760    0.897303
    778770    0.915042
    778780    0.890562
    778790    0.893977
    778800    0.909562
    778810    0.887369
    778820    0.907894
    778830    0.874468
    778840    0.904205
    778850    0.901979
    778860      0.8908
    778870    0.898537
    778880    0.892914
    778890    0.904295
    778900    0.891378
    778910    0.913678
    778920    0.916587
    778930    0.901861
    778940    0.876448
    778950     0.89241
    778960    0.890545
    778970    0.904559
    778980    0.916222
    778990    0.884606
    779000    0.916667
    779010    0.918098
    779020     0.89812
    779030    0.890361
    779040    0.909727
    779050    0.899069
    779060    0.903248
    779070    0.908494
    779080    0.885538
    779090    0.900264
    779100    0.912099
    779110    0.904996
    779120    0.904501
    779130       0.883
    779140    0.921324
    779150     0.90484
    779160    0.911652
    779170    0.910257
    779180    0.894785
    779190    0.900507
    779200    0.893903
    779210    0.890797
    779220    0.896898
    779230    0.918814
    779240    0.903071
    779250    0.901717
    779260    0.917102
    779270    0.902111
    779280    0.885844
    779290    0.897208
    779300    0.885876
    779310    0.924529
    779320    0.922833
    779330     0.93124
    779340    0.943326
    779350    0.915427
    779360    0.908241
    779370    0.939852
    779380    0.915948
    779390    0.881887
    779400    0.895309
    779410    0.913632
    779420    0.899643
    779430    0.903782
    779440    0.900255
    779450    0.901524
    779460    0.897103
    779470    0.905151
    779480    0.904656
    779490    0.901269
    779500    0.907428
    779510    0.877461
    779520    0.912744
    779530    0.908469
    779540    0.891275
    779550    0.903662
    779560    0.897394
    779570    0.892429
    779580    0.890022
    779590    0.891255
    779600    0.895126
    779610    0.918745
    779620    0.910122
    779630    0.900547
    779640     0.89146
    779650    0.895857
    779660     0.91651
    779670    0.896738
    779680     0.88874
    779690    0.887382
    779700    0.878726
    779710    0.896719
    779720    0.892362
    779730    0.913777
    779740    0.892888
    779750    0.891142
    779760    0.873626
    779770    0.875438
    779780    0.890481
    779790    0.900099
    779800    0.904419
    779810    0.881291
    779820    0.899376
    779830    0.879557
    779840    0.886633
    779850    0.904482
    779860    0.909308
    779870    0.915228
    779880    0.881113
    779890    0.890231
    779900    0.888421
    779910    0.904891
    779920     0.89122
    779930    0.895674
    779940    0.874607
    779950    0.930015
    779960    0.910809
    779970    0.922599
    779980    0.912011
    779990     0.88981
    780000    0.907245
    780010    0.909453
    780020    0.904245
    780030    0.904066
    780040    0.904732
    780050    0.903744
    780060    0.895261
    780070    0.912197
    780080    0.895922
    780090    0.897458
    780100    0.920647
    780110    0.915852
    780120    0.907918
    780130    0.906157
    780140    0.883123
    780150     0.90059
    780160    0.911283
    780170    0.901147
    780180    0.923937
    780190    0.908293
    780200    0.906919
    780210    0.912528
    780220    0.892486
    780230    0.882692
    780240    0.892749
    780250    0.902431
    780260    0.903506
    780270    0.893555
    780280    0.898034
    780290    0.907803
    780300     0.88386
    780310    0.893364
    780320    0.907207
    780330    0.881858
    780340    0.906635
    780350    0.897964
    780360    0.897754
    780370    0.900286
    780380    0.878834
    780390     0.88866
    780400    0.898851
    780410    0.873089
    780420    0.891265
    780430    0.902609
    780440    0.905746
    780450    0.881843
    780460    0.882215
    780470    0.876079
    780480    0.885434
    780490     0.89696
    780500    0.912547
    780510    0.926102
    780520      0.9165
    780530    0.895558
    780540    0.899784
    780550    0.917064
    780560    0.917742
    780570    0.905178
    780580    0.925371
    780590    0.933566
    780600    0.894064
    780610     0.90314
    780620    0.888848
    780630    0.907336
    780640    0.920387
    780650     0.89173
    780660    0.887507
    780670    0.895268
    780680    0.889275
    780690     0.87959
    780700    0.900202
    780710    0.881318
    780720    0.899447
    780730    0.899285
    780740    0.884212
    780750    0.909479
    780760    0.908909
    780770    0.884841
    780780    0.885733
    780790    0.886344
    780800    0.923066
    780810    0.899133
    780820    0.896041
    780830    0.897117
    780840    0.884133
    780850    0.901071
    780860    0.899279
    780870    0.890709
    780880    0.896354
    780890    0.905673
    780900     0.89228
    780910     0.90874
    780920    0.884999
    780930    0.900047
    780940    0.901423
    780950    0.904426
    780960    0.901004
    780970    0.888706
    780980    0.901854
    780990    0.882185
    781000     0.89123
    781010    0.891091
    781020    0.907395
    781030    0.880373
    781040    0.899876
    781050    0.890075
    781060    0.888435
    781070    0.888155
    781080    0.888364
    781090     0.88021
    781100    0.892127
    781110    0.890263
    781120    0.894252
    781130    0.902457
    781140    0.900087
    781150    0.897608
    781160    0.897436
    781170    0.891023
    781180    0.891664
    781190    0.911235
    781200    0.904803
    781210    0.929998
    781220    0.913401
    781230    0.875639
    781240    0.892168
    781250    0.899236
    781260    0.899298
    781270    0.868164
    781280    0.883684
    781290    0.901307
    781300    0.899078
    781310    0.884874
    781320    0.920134
    781330    0.900645
    781340    0.891673
    781350    0.893779
    781360    0.862734
    781370    0.896688
    781380    0.908483
    781390    0.902829
    781400    0.913076
    781410    0.894214
    781420    0.919071
    781430    0.913551
    781440    0.910893
    781450    0.902225
    781460    0.897045
    781470     0.91521
    781480    0.903274
    781490    0.901225
    781500    0.882328
    781510    0.887472
    781520    0.888203
    781530    0.896305
    781540    0.908974
    781550    0.894761
    781560    0.902569
    781570     0.89797
    781580    0.899232
    781590    0.899495
    781600    0.894325
    781610    0.914754
    781620    0.900779
    781630    0.902973
    781640    0.919898
    781650    0.913978
    781660    0.893449
    781670    0.923082
    781680    0.899936
    781690    0.899431
    781700     0.91324
    781710    0.928068
    781720    0.899532
    781730     0.89287
    781740    0.909605
    781750    0.892387
    781760    0.908521
    781770    0.910095
    781780    0.930817
    781790    0.914772
    781800    0.945896
    781810    0.924328
    781820    0.919045
    781830    0.895646
    781840    0.908696
    781850    0.907822
    781860     0.89699
    781870    0.916543
    781880    0.911156
    781890    0.910083
    781900    0.919172
    781910    0.895861
    781920    0.920982
    781930    0.912756
    781940    0.896411
    781950    0.921006
    781960    0.892644
    781970    0.926661
    781980    0.905868
    781990    0.912601
    782000    0.903134
    782010    0.923057
    782020    0.906635
    782030    0.918234
    782040    0.894286
    782050    0.882508
    782060    0.912631
    782070    0.899355
    782080    0.908527
    782090    0.919267
    782100    0.904821
    782110    0.906841
    782120     0.91989
    782130    0.908525
    782140    0.881356
    782150     0.91964
    782160    0.908481
    782170    0.913557
    782180    0.899479
    782190    0.900405
    782200    0.923323
    782210    0.906087
    782220     0.90707
    782230    0.911302
    782240    0.885643
    782250    0.878934
    782260    0.884285
    782270    0.897369
    782280    0.893289
    782290    0.883125
    782300    0.909719
    782310    0.926916
    782320    0.917385
    782330     0.92165
    782340    0.888695
    782350    0.907502
    782360    0.910809
    782370    0.909724
    782380    0.916187
    782390    0.914711
    782400    0.906092
    782410    0.918372
    782420    0.905074
    782430    0.894636
    782440    0.905908
    782450    0.873767
    782460    0.901245
    782470    0.888818
    782480    0.886928
    782490    0.918204
    782500    0.919077
    782510    0.880867
    782520    0.887742
    782530    0.917191
    782540    0.894215
    782550    0.886932
    782560    0.904997
    782570    0.888447
    782580     0.88245
    782590     0.91463
    782600     0.89199
    782610    0.877355
    782620    0.907603
    782630    0.878369
    782640    0.884253
    782650    0.893883
    782660    0.887921
    782670    0.908086
    782680    0.903128
    782690    0.885102
    782700    0.901856
    782710    0.896815
    782720     0.89686
    782730    0.894117
    782740    0.893442
    782750     0.89234
    782760    0.905365
    782770    0.909874
    782780    0.900953
    782790    0.880159
    782800    0.866235
    782810    0.900055
    782820    0.883058
    782830    0.895172
    782840    0.898867
    782850    0.895403
    782860     0.90506
    782870    0.900143
    782880    0.874683
    782890    0.883238
    782900    0.909933
    782910    0.894413
    782920    0.883479
    782930     0.92457
    782940    0.890435
    782950    0.898047
    782960    0.872137
    782970    0.887263
    782980    0.895817
    782990     0.89864
    783000    0.875721
    783010    0.875025
    783020    0.914515
    783030    0.882195
    783040    0.894398
    783050    0.896691
    783060    0.879558
    783070    0.887658
    783080    0.879796
    783090     0.87184
    783100    0.877366
    783110    0.893899
    783120    0.876405
    783130    0.884156
    783140    0.868766
    783150    0.903594
    783160    0.892648
    783170    0.896271
    783180      0.8795
    783190    0.904255
    783200    0.899565
    783210     0.88955
    783220    0.885234
    783230    0.883112
    783240    0.898358
    783250    0.870658
    783260    0.905131
    783270    0.888649
    783280    0.884903
    783290    0.887818
    783300    0.899298
    783310    0.872457
    783320    0.902039
    783330    0.913139
    783340    0.875434
    783350    0.908227
    783360    0.875739
    783370     0.87581
    783380    0.886766
    783390    0.872618
    783400    0.880156
    783410    0.905439
    783420    0.887231
    783430    0.880299
    783440    0.885241
    783450    0.901216
    783460    0.902305
    783470    0.867594
    783480    0.888725
    783490     0.88017
    783500     0.89863
    783510    0.876935
    783520    0.875368
    783530    0.877369
    783540    0.876459
    783550    0.887057
    783560    0.888176
    783570    0.896559
    783580    0.875088
    783590    0.896184
    783600    0.898531
    783610    0.889322
    783620    0.903027
    783630    0.879058
    783640    0.888726
    783650    0.892702
    783660    0.890354
    783670    0.885485
    783680      0.8872
    783690    0.869787
    783700    0.881125
    783710    0.880502
    783720    0.890367
    783730    0.899005
    783740    0.896635
    783750    0.902683
    783760    0.881603
    783770    0.896412
    783780    0.891663
    783790    0.891766
    783800    0.885752
    783810    0.885003
    783820    0.892754
    783830    0.900153
    783840    0.902742
    783850    0.882524
    783860    0.887027
    783870    0.885084
    783880    0.896015
    783890    0.907258
    783900    0.885867
    783910    0.880634
    783920    0.899563
    783930    0.882404
    783940    0.867658
    783950    0.878722
    783960    0.889044
    783970    0.874288
    783980     0.87779
    783990     0.87042
    784000    0.885856
    784010    0.886902
    784020    0.876443
    784030    0.898406
    784040    0.889472
    784050    0.892943
    784060    0.906471
    784070     0.89235
    784080     0.91063
    784090    0.894447
    784100    0.886538
    784110    0.876505
    784120    0.888712
    784130    0.869843
    784140    0.869049
    784150     0.88254
    784160    0.879298
    784170    0.878942
    784180    0.899225
    784190    0.895246
    784200    0.887042
    784210    0.893624
    784220    0.879729
    784230    0.885018
    784240    0.888988
    784250    0.900342
    784260    0.896795
    784270    0.889943
    784280    0.888944
    784290    0.892383
    784300     0.89427
    784310    0.898057
    784320    0.888267
    784330    0.891957
    784340    0.878253
    784350    0.910706
    784360    0.894015
    784370    0.894972
    784380    0.890728
    784390    0.905974
    784400    0.882735
    784410    0.891244
    784420    0.897478
    784430    0.902944
    784440    0.887605
    784450    0.899299
    784460    0.888758
    784470    0.878929
    784480    0.876943
    784490    0.891086
    784500    0.891978
    784510    0.890652
    784520    0.867084
    784530    0.889466
    784540    0.888099
    784550    0.899834
    784560    0.877104
    784570    0.864605
    784580    0.896799
    784590    0.883234
    784600    0.895792
    784610     0.89096
    784620    0.878911
    784630    0.875562
    784640    0.896073
    784650    0.874925
    784660    0.891339
    784670    0.886474
    784680    0.886976
    784690    0.904587
    784700    0.905001
    784710    0.887216
    784720    0.885253
    784730    0.905632
    784740    0.881662
    784750    0.874313
    784760    0.892676
    784770    0.883094
    784780     0.90381
    784790     0.90526
    784800    0.899048
    784810    0.909311
    784820    0.895657
    784830    0.897603
    784840     0.87272
    784850    0.900602
    784860    0.894887
    784870    0.890125
    784880     0.89147
    784890    0.890131
    784900    0.893165
    784910    0.870642
    784920    0.887761
    784930    0.878672
    784940    0.883673
    784950     0.88175
    784960    0.896348
    784970    0.891203
    784980    0.895784
    784990    0.912858
    785000     0.90044
    785010    0.920968
    785020     0.90172
    785030    0.896905
    785040    0.893039
    785050    0.900476
    785060    0.886231
    785070    0.905396
    785080    0.901108
    785090    0.886132
    785100    0.887774
    785110    0.901121
    785120    0.906368
    785130     0.90553
    785140      0.9131
    785150    0.907936
    785160    0.892026
    785170    0.898887
    785180    0.882421
    785190    0.896628
    785200    0.924015
    785210    0.902002
    785220    0.898426
    785230    0.890735
    785240    0.887187
    785250    0.899496
    785260    0.893833
    785270    0.891558
    785280     0.88953
    785290    0.899801
    785300    0.889783
    785310      0.8984
    785320    0.891873
    785330    0.883989
    785340    0.878078
    785350    0.886647
    785360    0.894131
    785370     0.88927
    785380     0.88914
    785390    0.893737
    785400    0.891352
    785410     0.89123
    785420    0.889841
    785430    0.890164
    785440    0.904499
    785450    0.884881
    785460    0.885996
    785470    0.905669
    785480    0.893189
    785490    0.898702
    785500    0.924424
    785510    0.906658
    785520    0.910319
    785530    0.920065
    785540    0.900108
    785550    0.889844
    785560    0.893604
    785570    0.897269
    785580    0.880252
    785590    0.883975
    785600     0.89682
    785610     0.89904
    785620    0.892605
    785630    0.903297
    785640     0.90635
    785650    0.888935
    785660    0.897816
    785670    0.922711
    785680    0.885283
    785690    0.911692
    785700      0.9018
    785710    0.886595
    785720    0.880428
    785730    0.909963
    785740    0.911836
    785750     0.89831
    785760    0.896727
    785770    0.896699
    785780    0.913261
    785790     0.89255
    785800    0.904011
    785810      0.9031
    785820    0.914194
    785830    0.887347
    785840    0.918501
    785850      0.9021
    785860    0.903765
    785870    0.894404
    785880    0.915992
    785890    0.887333
    785900     0.89846
    785910    0.904837
    785920    0.883195
    785930    0.883914
    785940    0.887388
    785950    0.884847
    785960     0.87386
    785970    0.892626
    785980    0.902004
    785990    0.895448
    786000    0.901578
    786010    0.907536
    786020    0.899582
    786030     0.89385
    786040    0.894126
    786050    0.893874
    786060    0.892022
    786070    0.888239
    786080    0.904575
    786090    0.879718
    786100      0.8848
    786110     0.91033
    786120    0.916287
    786130    0.892208
    786140    0.905713
    786150    0.899722
    786160    0.901996
    786170     0.88364
    786180    0.895129
    786190    0.877383
    786200    0.896903
    786210    0.887855
    786220    0.894541
    786230    0.874278
    786240    0.898762
    786250    0.886883
    786260    0.931604
    786270    0.896019
    786280    0.895686
    786290    0.890817
    786300    0.875506
    786310    0.905443
    786320    0.893366
    786330    0.886675
    786340    0.900116
    786350    0.891735
    786360    0.891877
    786370    0.907447
    786380    0.887419
    786390    0.891264
    786400    0.887896
    786410    0.918619
    786420    0.892744
    786430    0.888632
    786440    0.911593
    786450     0.87758
    786460    0.892106
    786470    0.886918
    786480    0.900417
    786490    0.885167
    786500    0.894895
    786510    0.877644
    786520    0.900562
    786530    0.922526
    786540    0.896526
    786550    0.908719
    786560    0.889601
    786570     0.89952
    786580    0.901455
    786590    0.904379
    786600    0.893542
    786610    0.888495
    786620    0.908349
    786630    0.907076
    786640    0.901031
    786650    0.891384
    786660     0.88922
    786670    0.918404
    786680    0.912037
    786690    0.890685
    786700    0.895793
    786710    0.910439
    786720    0.920636
    786730    0.896096
    786740    0.898305
    786750    0.892216
    786760    0.888108
    786770    0.913019
    786780    0.898214
    786790    0.877116
    786800    0.877997
    786810    0.890435
    786820     0.88365
    786830    0.900107
    786840    0.910914
    786850    0.893169
    786860    0.895256
    786870    0.895238
    786880    0.884468
    786890    0.903035
    786900     0.91662
    786910    0.895361
    786920    0.889099
    786930    0.912856
    786940    0.909716
    786950    0.912623
    786960    0.888178
    786970    0.900306
    786980    0.897108
    786990    0.906145
    787000    0.897829
    787010    0.903943
    787020    0.876367
    787030    0.898595
    787040    0.895896
    787050    0.897769
    787060    0.893641
    787070    0.905883
    787080    0.908196
    787090    0.887073
    787100    0.896592
    787110    0.879649
    787120    0.929846
    787130    0.905488
    787140    0.903959
    787150    0.899635
    787160    0.886162
    787170    0.892792
    787180    0.903105
    787190    0.888414
    787200    0.887005
    787210    0.887211
    787220    0.879861
    787230    0.882676
    787240    0.888249
    787250    0.871011
    787260    0.891861
    787270    0.886298
    787280    0.889405
    787290    0.882898
    787300    0.904775
    787310    0.861038
    787320    0.894549
    787330    0.894904
    787340    0.904045
    787350    0.878551
    787360    0.912639
    787370    0.914713
    787380    0.913194
    787390    0.898409
    787400    0.894357
    787410    0.887906
    787420    0.902429
    787430    0.894024
    787440    0.917774
    787450    0.911223
    787460    0.898622
    787470    0.884249
    787480    0.900352
    787490    0.883244
    787500    0.884454
    787510     0.88969
    787520    0.881893
    787530    0.886537
    787540    0.908684
    787550    0.892476
    787560    0.873274
    787570    0.868227
    787580    0.867186
    787590    0.887134
    787600    0.885631
    787610    0.899923
    787620    0.899372
    787630     0.88357
    787640    0.894877
    787650    0.883359
    787660    0.888295
    787670     0.89391
    787680    0.890442
    787690    0.882118
    787700    0.883332
    787710    0.886413
    787720    0.880323
    787730    0.892027
    787740    0.882147
    787750    0.871794
    787760    0.905232
    787770     0.87832
    787780    0.892464
    787790    0.867706
    787800    0.869296
    787810    0.886992
    787820    0.890162
    787830    0.891383
    787840    0.871281
    787850    0.894176
    787860    0.882273
    787870    0.905614
    787880    0.891387
    787890    0.898879
    787900    0.887551
    787910    0.890702
    787920    0.877703
    787930    0.890493
    787940    0.887694
    787950    0.875258
    787960    0.901761
    787970    0.893098
    787980    0.877965
    787990    0.900044
    788000    0.883521
    788010    0.908817
    788020    0.886797
    788030    0.887747
    788040    0.897503
    788050     0.90276
    788060    0.890994
    788070    0.889075
    788080    0.900399
    788090    0.901724
    788100    0.885919
    788110    0.896593
    788120    0.893493
    788130    0.885712
    788140    0.877341
    788150    0.893498
    788160    0.878982
    788170    0.886642
    788180     0.89343
    788190    0.896789
    788200    0.887562
    788210    0.891777
    788220    0.900391
    788230    0.891889
    788240    0.872259
    788250    0.878157
    788260    0.877056
    788270     0.88733
    788280    0.907042
    788290    0.909319
    788300    0.896107
    788310    0.924919
    788320    0.917686
    788330    0.902441
    788340    0.913265
    788350    0.878736
    788360    0.902452
    788370    0.886721
    788380    0.889995
    788390    0.911896
    788400    0.878288
    788410    0.887004
    788420    0.876603
    788430     0.90717
    788440     0.88923
    788450    0.883391
    788460    0.908615
    788470    0.891396
    788480    0.904837
    788490    0.885106
    788500     0.89065
    788510    0.886436
    788520    0.908313
    788530    0.882825
    788540    0.895937
    788550    0.882355
    788560    0.878672
    788570    0.893458
    788580    0.897897
    788590    0.905316
    788600     0.89241
    788610    0.890622
    788620    0.901718
    788630     0.89345
    788640    0.911342
    788650    0.866777
    788660    0.909227
    788670    0.895288
    788680    0.907759
    788690    0.885669
    788700    0.889552
    788710    0.872471
    788720    0.899298
    788730    0.897502
    788740    0.892849
    788750    0.889182
    788760    0.911809
    788770    0.907329
    788780    0.910638
    788790    0.887845
    788800    0.893711
    788810    0.887719
    788820    0.879818
    788830    0.892822
    788840    0.908389
    788850     0.89295
    788860    0.873735
    788870    0.907484
    788880    0.900476
    788890    0.887472
    788900    0.899303
    788910    0.892525
    788920    0.880668
    788930    0.908946
    788940    0.880118
    788950    0.890594
    788960    0.909981
    788970    0.896145
    788980    0.877374
    788990    0.883218
    789000    0.893548
    789010    0.907677
    789020    0.903827
    789030    0.891791
    789040    0.886918
    789050    0.912507
    789060     0.87048
    789070    0.913466
    789080    0.893037
    789090    0.898706
    789100    0.905398
    789110    0.904607
    789120    0.910409
    789130    0.890932
    789140    0.898118
    789150    0.895011
    789160    0.894924
    789170    0.910199
    789180    0.902309
    789190    0.891751
    789200    0.904806
    789210    0.882397
    789220     0.90354
    789230    0.880691
    789240    0.897413
    789250     0.90586
    789260    0.905897
    789270    0.876004
    789280    0.895631
    789290    0.900684
    789300    0.879352
    789310    0.900677
    789320    0.893777
    789330    0.903999
    789340    0.897604
    789350    0.909648
    789360    0.901384
    789370     0.89214
    789380    0.886662
    789390    0.902811
    789400     0.88853
    789410    0.906536
    789420    0.887889
    789430    0.901066
    789440    0.897237
    789450    0.907479
    789460    0.904229
    789470    0.878903
    789480    0.875064
    789490    0.908652
    789500    0.884321
    789510    0.881648
    789520    0.889262
    789530    0.896932
    789540    0.867751
    789550    0.914778
    789560    0.888398
    789570    0.899245
    789580    0.883931
    789590    0.895858
    789600    0.896652
    789610    0.889118
    789620    0.893522
    789630    0.896748
    789640    0.887027
    789650    0.876418
    789660    0.892821
    789670    0.894628
    789680    0.896942
    789690    0.898714
    789700    0.888804
    789710    0.869196
    789720     0.86808
    789730     0.89393
    789740    0.896945
    789750     0.88681
    789760    0.902542
    789770    0.886379
    789780    0.879549
    789790    0.896602
    789800    0.904266
    789810     0.89712
    789820    0.876359
    789830    0.876487
    789840    0.898443
    789850    0.898771
    789860    0.909282
    789870    0.895074
    789880     0.89437
    789890     0.90057
    789900    0.900467
    789910    0.864566
    789920    0.899554
    789930    0.897371
    789940     0.88865
    789950    0.884197
    789960    0.875864
    789970    0.900245
    789980    0.903214
    789990     0.90368
    790000    0.897155
    790010    0.897757
    790020    0.904593
    790030     0.90228
    790040    0.899017
    790050    0.878412
    790060    0.881607
    790070    0.902646
    790080     0.88077
    790090    0.875972
    790100    0.894681
    790110    0.874443
    790120    0.889278
    790130    0.899059
    790140    0.887768
    790150    0.910685
    790160    0.911338
    790170    0.916241
    790180    0.889798
    790190    0.871967
    790200    0.880782
    790210    0.883566
    790220    0.884443
    790230    0.871295
    790240    0.908808
    790250    0.906506
    790260    0.880037
    790270    0.885514
    790280    0.892709
    790290    0.885408
    790300    0.893561
    790310    0.888653
    790320    0.882167
    790330    0.893474
    790340    0.903033
    790350    0.890584
    790360    0.900879
    790370    0.897651
    790380    0.890801
    790390     0.88391
    790400    0.887343
    790410    0.883463
    790420    0.892151
    790430    0.892708
    790440    0.880614
    790450    0.882214
    790460    0.870281
    790470    0.893457
    790480    0.882438
    790490    0.894595
    790500    0.913616
    790510    0.896307
    790520    0.901837
    790530    0.878909
    790540    0.881597
    790550    0.898377
    790560    0.884218
    790570    0.882604
    790580    0.909001
    790590    0.891643
    790600    0.870938
    790610     0.88937
    790620    0.889956
    790630    0.883742
    790640    0.904884
    790650     0.88833
    790660    0.893424
    790670    0.899117
    790680    0.900842
    790690    0.881459
    790700    0.901225
    790710    0.892152
    790720    0.879714
    790730    0.891246
    790740    0.898594
    790750     0.90439
    790760    0.887509
    790770    0.899705
    790780     0.89563
    790790    0.882413
    790800    0.902883
    790810    0.906934
    790820    0.888353
    790830    0.899107
    790840    0.881192
    790850    0.892922
    790860     0.88215
    790870    0.910213
    790880    0.881744
    790890    0.884468
    790900    0.887922
    790910    0.886646
    790920    0.897441
    790930    0.892738
    790940    0.901756
    790950    0.891906
    790960    0.877866
    790970    0.892738
    790980    0.896614
    790990    0.887794
    791000    0.882809
    791010    0.892437
    791020    0.873662
    791030    0.890503
    791040    0.886418
    791050    0.899133
    791060    0.874503
    791070     0.88799
    791080    0.904316
    791090    0.884778
    791100    0.894947
    791110    0.876283
    791120    0.887028
    791130    0.894633
    791140    0.900603
    791150    0.893131
    791160    0.898548
    791170    0.892674
    791180    0.893654
    791190    0.890825
    791200     0.90143
    791210    0.908018
    791220    0.897786
    791230    0.881242
    791240    0.901974
    791250    0.887474
    791260    0.898338
    791270    0.885608
    791280    0.890483
    791290    0.887529
    791300     0.89466
    791310    0.872672
    791320    0.907127
    791330    0.886718
    791340    0.886507
    791350    0.891242
    791360    0.873338
    791370    0.887269
    791380    0.890323
    791390      0.8733
    791400    0.889592
    791410    0.883358
    791420    0.885125
    791430     0.89012
    791440    0.892133
    791450    0.885165
    791460    0.891275
    791470     0.88522
    791480    0.886055
    791490    0.891854
    791500    0.873831
    791510    0.896772
    791520    0.898778
    791530    0.898157
    791540    0.879822
    791550     0.87644
    791560    0.888817
    791570    0.882324
    791580    0.884537
    791590    0.878246
    791600     0.87784
    791610    0.889831
    791620    0.880312
    791630    0.884359
    791640    0.871157
    791650     0.89361
    791660    0.913078
    791670    0.910859
    791680    0.903219
    791690    0.901441
    791700    0.892748
    791710    0.885877
    791720    0.892516
    791730    0.885846
    791740    0.912607
    791750    0.895418
    791760    0.877795
    791770     0.87891
    791780    0.897415
    791790    0.893848
    791800    0.882794
    791810    0.891542
    791820    0.892728
    791830    0.898598
    791840     0.91909
    791850    0.878878
    791860    0.889647
    791870    0.889652
    791880    0.902462
    791890     0.89808
    791900    0.906161
    791910    0.886626
    791920    0.914152
    791930    0.895613
    791940    0.897239
    791950    0.880778
    791960    0.896792
    791970    0.894437
    791980    0.900984
    791990    0.894582
    792000     0.90706
    792010    0.885763
    792020    0.901306
    792030    0.902966
    792040    0.896646
    792050    0.890311
    792060    0.900425
    792070    0.886967
    792080    0.893385
    792090     0.90133
    792100    0.870568
    792110    0.894586
    792120     0.87511
    792130    0.889824
    792140    0.882323
    792150    0.893769
    792160    0.900465
    792170    0.889836
    792180     0.88338
    792190    0.881178
    792200    0.885194
    792210     0.88775
    792220    0.891577
    792230    0.888307
    792240    0.892999
    792250    0.888926
    792260     0.90141
    792270    0.890195
    792280    0.870971
    792290     0.87912
    792300    0.879201
    792310    0.891889
    792320    0.881372
    792330    0.886973
    792340    0.903774
    792350    0.888373
    792360    0.896544
    792370    0.894884
    792380    0.904685
    792390    0.887818
    792400    0.890111
    792410    0.885875
    792420    0.903346
    792430     0.88628
    792440    0.892163
    792450    0.893189
    792460    0.891702
    792470     0.90509
    792480    0.906348
    792490    0.884887
    792500    0.863313
    792510    0.877241
    792520    0.903468
    792530    0.890439
    792540    0.905173
    792550    0.895286
    792560    0.906789
    792570    0.889541
    792580     0.87452
    792590    0.902165
    792600    0.880776
    792610    0.875876
    792620    0.891714
    792630    0.897615
    792640    0.899498
    792650    0.902024
    792660    0.876405
    792670    0.898986
    792680     0.89974
    792690    0.906132
    792700    0.886272
    792710    0.875784
    792720     0.87778
    792730    0.879692
    792740    0.901464
    792750    0.894275
    792760    0.895039
    792770    0.892515
    792780    0.889866
    792790    0.867327
    792800    0.927232
    792810    0.889732
    792820    0.893916
    792830    0.892271
    792840    0.915005
    792850     0.87751
    792860    0.878782
    792870    0.926573
    792880    0.909749
    792890    0.889968
    792900    0.886573
    792910    0.900385
    792920    0.889579
    792930    0.891333
    792940    0.902305
    792950    0.896113
    792960    0.877864
    792970    0.896976
    792980    0.910755
    792990    0.906823
    793000    0.913172
    793010    0.893358
    793020    0.898964
    793030    0.904066
    793040    0.907135
    793050    0.882986
    793060     0.90659
    793070    0.907275
    793080    0.901095
    793090    0.888386
    793100    0.891549
    793110    0.897072
    793120    0.890942
    793130    0.888043
    793140    0.895415
    793150    0.913606
    793160    0.910064
    793170    0.894078
    793180    0.890251
    793190    0.894816
    793200    0.901542
    793210    0.894455
    793220    0.914535
    793230    0.900506
    793240    0.917508
    793250    0.881538
    793260    0.917755
    793270    0.906148
    793280     0.92411
    793290    0.900554
    793300    0.894686
    793310    0.892182
    793320      0.9049
    793330    0.922376
    793340    0.891191
    793350    0.913548
    793360    0.900151
    793370    0.899596
    793380    0.899305
    793390    0.905385
    793400    0.936021
    793410     0.91721
    793420    0.915295
    793430    0.913084
    793440    0.909891
    793450    0.904379
    793460    0.903592
    793470    0.892532
    793480    0.905656
    793490    0.904999
    793500    0.922442
    793510    0.900118
    793520    0.910734
    793530    0.889608
    793540    0.912932
    793550    0.890375
    793560    0.900868
    793570    0.897636
    793580    0.884634
    793590    0.882466
    793600    0.918687
    793610    0.896219
    793620    0.887992
    793630    0.883688
    793640    0.888347
    793650    0.907662
    793660    0.890646
    793670    0.905612
    793680    0.883035
    793690    0.897559
    793700    0.914964
    793710    0.896344
    793720    0.909794
    793730    0.899356
    793740    0.905096
    793750    0.901776
    793760    0.908031
    793770    0.884933
    793780    0.901666
    793790    0.916439
    793800    0.903453
    793810    0.901493
    793820    0.916877
    793830    0.884902
    793840     0.90083
    793850    0.891176
    793860    0.903368
    793870    0.888003
    793880    0.894907
    793890    0.891965
    793900    0.895179
    793910    0.893282
    793920    0.883915
    793930    0.907306
    793940    0.890501
    793950    0.901302
    793960    0.895351
    793970    0.890308
    793980     0.89685
    793990    0.896329
    794000    0.896117
    794010    0.911048
    794020    0.910185
    794030    0.902847
    794040    0.890075
    794050     0.89134
    794060    0.899416
    794070    0.890545
    794080    0.887859
    794090    0.886876
    794100    0.878719
    794110    0.890266
    794120    0.904052
    794130     0.91053
    794140    0.921185
    794150    0.901175
    794160    0.897413
    794170    0.901933
    794180    0.889043
    794190    0.907421
    794200    0.909719
    794210    0.898425
    794220    0.878663
    794230    0.900363
    794240    0.881181
    794250    0.899456
    794260    0.901923
    794270    0.895683
    794280    0.900489
    794290    0.886785
    794300    0.889762
    794310    0.891889
    794320    0.904065
    794330    0.911481
    794340    0.892881
    794350    0.906723
    794360    0.896429
    794370    0.881984
    794380    0.906665
    794390    0.888522
    794400    0.891424
    794410    0.889898
    794420    0.894688
    794430    0.887729
    794440    0.886184
    794450    0.903242
    794460    0.898136
    794470    0.897666
    794480    0.908927
    794490    0.895502
    794500    0.909434
    794510    0.892862
    794520    0.889202
    794530    0.898752
    794540    0.894734
    794550    0.883415
    794560    0.881325
    794570    0.893783
    794580    0.888527
    794590    0.903299
    794600    0.910883
    794610    0.895525
    794620    0.904911
    794630    0.915633
    794640    0.894852
    794650    0.890301
    794660    0.895038
    794670    0.881372
    794680    0.881569
    794690    0.903729
    794700    0.912689
    794710    0.895797
    794720    0.883286
    794730    0.903503
    794740    0.891013
    794750    0.905024
    794760    0.886828
    794770    0.882426
    794780    0.880266
    794790    0.901279
    794800    0.900154
    794810    0.891817
    794820    0.898411
    794830    0.906395
    794840    0.897686
    794850    0.889329
    794860    0.890637
    794870    0.907074
    794880     0.90041
    794890    0.897469
    794900    0.907748
    794910    0.909554
    794920    0.892717
    794930    0.907558
    794940    0.887516
    794950    0.880764
    794960    0.893568
    794970    0.889301
    794980    0.891529
    794990    0.887571
    795000       0.887
    795010    0.876047
    795020    0.897221
    795030    0.885012
    795040    0.889207
    795050    0.890514
    795060    0.882411
    795070    0.887885
    795080    0.888463
    795090    0.890011
    795100      0.8916
    795110    0.901401
    795120    0.892777
    795130    0.909917
    795140    0.877776
    795150    0.891373
    795160     0.91458
    795170    0.896595
    795180     0.92304
    795190    0.876583
    795200    0.904793
    795210    0.884103
    795220    0.908748
    795230    0.899348
    795240    0.905609
    795250    0.906786
    795260    0.920567
    795270    0.893249
    795280    0.871622
    795290    0.901883
    795300      0.9042
    795310    0.892848
    795320    0.920741
    795330    0.882851
    795340    0.897277
    795350    0.893785
    795360    0.919811
    795370    0.895342
    795380    0.893851
    795390     0.89026
    795400    0.904614
    795410    0.909246
    795420    0.900057
    795430    0.888578
    795440    0.900527
    795450    0.907425
    795460    0.905485
    795470    0.889891
    795480    0.909681
    795490    0.896089
    795500    0.903932
    795510    0.904839
    795520    0.899065
    795530    0.882609
    795540    0.898892
    795550    0.898335
    795560    0.890209
    795570    0.906471
    795580    0.887939
    795590    0.894876
    795600     0.87952
    795610    0.902226
    795620    0.887005
    795630    0.891946
    795640    0.886401
    795650     0.90031
    795660    0.919537
    795670    0.896002
    795680    0.890504
    795690    0.906827
    795700    0.912417
    795710     0.90664
    795720    0.898735
    795730    0.909802
    795740    0.898779
    795750     0.89352
    795760    0.885731
    795770    0.889189
    795780    0.897267
    795790    0.898134
    795800    0.890215
    795810    0.899324
    795820    0.908845
    795830    0.889593
    795840    0.893672
    795850    0.897753
    795860    0.904734
    795870     0.88646
    795880    0.896044
    795890    0.902224
    795900    0.882455
    795910    0.912604
    795920    0.901511
    795930     0.90327
    795940    0.878485
    795950    0.913658
    795960     0.91215
    795970    0.922013
    795980    0.896604
    795990    0.898223
    796000    0.893603
    796010    0.885893
    796020    0.896713
    796030    0.873206
    796040     0.88312
    796050    0.887939
    796060    0.895456
    796070    0.900782
    796080    0.909079
    796090    0.884658
    796100     0.89408
    796110     0.89168
    796120    0.889487
    796130    0.879588
    796140    0.886358
    796150    0.897771
    796160    0.900892
    796170    0.888032
    796180    0.897051
    796190    0.898207
    796200    0.884585
    796210    0.904132
    796220    0.884306
    796230    0.889702
    796240     0.89493
    796250    0.907911
    796260     0.90507
    796270    0.876743
    796280    0.894611
    796290    0.899407
    796300     0.91029
    796310    0.889586
    796320      0.9024
    796330    0.908464
    796340    0.890119
    796350    0.903017
    796360    0.901107
    796370    0.907744
    796380    0.895504
    796390    0.882923
    796400     0.89383
    796410    0.906708
    796420    0.878979
    796430    0.882094
    796440    0.908187
    796450    0.897288
    796460    0.913296
    796470    0.902434
    796480    0.882472
    796490    0.884312
    796500    0.878523
    796510    0.893354
    796520    0.882303
    796530     0.90924
    796540    0.899349
    796550    0.895691
    796560    0.891149
    796570    0.866119
    796580    0.925133
    796590    0.878372
    796600    0.893071
    796610    0.889801
    796620    0.874901
    796630     0.88359
    796640    0.884175
    796650     0.90646
    796660    0.890328
    796670    0.874835
    796680    0.892161
    796690    0.904125
    796700    0.890302
    796710     0.89963
    796720    0.904975
    796730    0.898945
    796740    0.903918
    796750    0.889768
    796760    0.896989
    796770    0.886015
    796780    0.896959
    796790    0.899136
    796800    0.898044
    796810    0.893521
    796820    0.883962
    796830    0.885923
    796840    0.885765
    796850    0.887684
    796860    0.898741
    796870    0.891402
    796880    0.910207
    796890    0.897564
    796900     0.91518
    796910    0.912099
    796920    0.889503
    796930    0.888622
    796940    0.887238
    796950    0.909315
    796960    0.892307
    796970    0.900483
    796980    0.900145
    796990    0.890758
    797000    0.912524
    797010    0.904073
    797020    0.897948
    797030    0.901542
    797040    0.891386
    797050    0.892894
    797060    0.895887
    797070    0.902202
    797080    0.885212
    797090     0.90607
    797100    0.890692
    797110     0.89357
    797120    0.884644
    797130    0.899984
    797140    0.902136
    797150    0.892343
    797160    0.896045
    797170    0.889069
    797180    0.892608
    797190    0.897858
    797200    0.901059
    797210    0.896153
    797220    0.916651
    797230     0.88126
    797240    0.897465
    797250    0.882967
    797260    0.905502
    797270    0.898585
    797280    0.891215
    797290    0.908147
    797300    0.895442
    797310    0.906821
    797320    0.904492
    797330    0.902466
    797340    0.895141
    797350    0.903702
    797360    0.907061
    797370    0.919853
    797380    0.893347
    797390    0.898769
    797400    0.901561
    797410    0.893001
    797420    0.901809
    797430    0.869082
    797440     0.91231
    797450    0.903518
    797460    0.908328
    797470    0.892819
    797480    0.899471
    797490     0.89433
    797500      0.9189
    797510     0.90619
    797520    0.907404
    797530    0.937788
    797540    0.909822
    797550    0.907077
    797560    0.896692
    797570    0.897813
    797580    0.908158
    797590    0.913068
    797600    0.895321
    797610    0.903382
    797620    0.892805
    797630    0.894929
    797640    0.904959
    797650    0.874845
    797660    0.893693
    797670    0.907111
    797680    0.903761
    797690    0.916622
    797700    0.915074
    797710    0.912736
    797720    0.902556
    797730    0.906046
    797740    0.893327
    797750     0.91016
    797760    0.899659
    797770    0.902287
    797780    0.900047
    797790    0.891773
    797800    0.913487
    797810    0.902495
    797820    0.895219
    797830    0.902217
    797840    0.911904
    797850    0.910634
    797860    0.895581
    797870    0.896875
    797880    0.904803
    797890    0.878718
    797900    0.898167
    797910    0.892844
    797920      0.8929
    797930    0.896311
    797940    0.913014
    797950    0.885663
    797960    0.892934
    797970    0.908831
    797980     0.90539
    797990    0.894048
    798000     0.91161
    798010    0.897013
    798020    0.893553
    798030    0.908643
    798040     0.88823
    798050    0.906018
    798060    0.885941
    798070    0.906344
    798080    0.888672
    798090    0.895046
    798100    0.909647
    798110    0.877665
    798120    0.893341
    798130     0.90197
    798140    0.894751
    798150    0.902804
    798160    0.890591
    798170    0.906747
    798180    0.909824
    798190    0.897446
    798200    0.877674
    798210    0.890275
    798220    0.902447
    798230    0.893424
    798240    0.879026
    798250    0.905444
    798260    0.902847
    798270    0.901952
    798280     0.89727
    798290    0.896674
    798300    0.887212
    798310    0.890447
    798320     0.91069
    798330    0.909923
    798340    0.919051
    798350    0.905101
    798360    0.911276
    798370    0.902515
    798380    0.893253
    798390    0.920241
    798400     0.92644
    798410    0.911038
    798420    0.917559
    798430    0.915816
    798440    0.879221
    798450    0.896087
    798460    0.899144
    798470    0.921637
    798480    0.903531
    798490     0.89069
    798500    0.901594
    798510    0.907486
    798520    0.902811
    798530    0.887308
    798540    0.907705
    798550    0.890186
    798560    0.903537
    798570    0.914884
    798580    0.885299
    798590    0.875216
    798600    0.905932
    798610      0.9164
    798620    0.897734
    798630    0.882824
    798640    0.890352
    798650    0.895467
    798660    0.925119
    798670    0.911973
    798680    0.897939
    798690    0.895235
    798700    0.898355
    798710    0.899009
    798720    0.883437
    798730    0.895823
    798740    0.907089
    798750    0.901314
    798760    0.895692
    798770    0.920843
    798780    0.903232
    798790    0.893987
    798800     0.92166
    798810    0.898634
    798820     0.91802
    798830    0.893736
    798840    0.906425
    798850    0.897866
    798860     0.88507
    798870    0.885925
    798880    0.897811
    798890    0.904589
    798900    0.895947
    798910     0.90765
    798920     0.90094
    798930    0.890557
    798940    0.896948
    798950    0.887197
    798960    0.875781
    798970    0.890147
    798980    0.897668
    798990     0.89434
    799000    0.879125
    799010    0.870994
    799020     0.88355
    799030    0.890504
    799040    0.909543
    799050    0.897772
    799060    0.899874
    799070    0.887808
    799080    0.899093
    799090    0.892923
    799100    0.899663
    799110    0.900678
    799120    0.890419
    799130    0.906761
    799140    0.905737
    799150    0.898168
    799160    0.907955
    799170    0.904152
    799180    0.882234
    799190    0.917216
    799200    0.900712
    799210    0.895618
    799220     0.90415
    799230    0.896294
    799240     0.89154
    799250    0.906981
    799260    0.909405
    799270    0.900384
    799280    0.908303
    799290    0.902583
    799300    0.908283
    799310    0.901905
    799320    0.894714
    799330    0.904205
    799340    0.894637
    799350    0.908409
    799360    0.917142
    799370    0.878953
    799380    0.880949
    799390    0.887885
    799400    0.864057
    799410    0.905648
    799420    0.902496
    799430    0.911741
    799440    0.892493
    799450    0.877033
    799460    0.884941
    799470    0.906403
    799480    0.888968
    799490     0.90876
    799500     0.90277
    799510    0.893703
    799520    0.902209
    799530    0.912865
    799540    0.912776
    799550    0.919999
    799560    0.883976
    799570    0.931518
    799580    0.905944
    799590    0.893913
    799600    0.890702
    799610    0.896187
    799620     0.90459
    799630    0.911605
    799640    0.905152
    799650    0.905914
    799660    0.874932
    799670    0.900277
    799680    0.891392
    799690    0.899437
    799700    0.902155
    799710    0.887179
    799720    0.905685
    799730    0.919712
    799740    0.914056
    799750    0.907396
    799760    0.919588
    799770    0.893645
    799780    0.922228
    799790    0.905364
    799800    0.886687
    799810    0.923587
    799820    0.894177
    799830    0.903442
    799840    0.894888
    799850    0.904418
    799860    0.909077
    799870     0.90636
    799880    0.874975
    799890    0.890068
    799900    0.896896
    799910    0.881918
    799920    0.898453
    799930    0.870932
    799940    0.893154
    799950    0.890144
    799960    0.886155
    799970    0.915087
    799980    0.910568
    799990    0.901244
    800000    0.900078
    800010    0.894974
    800020    0.911223
    800030    0.924935
    800040    0.899048
    800050    0.909914
    800060    0.897212
    800070    0.927392
    800080    0.904345
    800090    0.897063
    800100    0.909541
    800110    0.909341
    800120     0.91689
    800130    0.914585
    800140    0.941358
    800150    0.924149
    800160    0.937039
    800170    0.930921
    800180    0.910737
    800190    0.910801
    800200     0.91535
    800210    0.919333
    800220    0.902286
    800230    0.918191
    800240    0.921571
    800250    0.915489
    800260    0.938861
    800270    0.936117
    800280    0.900991
    800290    0.918821
    800300    0.927771
    800310    0.930226
    800320    0.956163
    800330    0.952272
    800340     0.95273
    800350     0.93582
    800360    0.957042
    800370    0.952963
    800380    0.950118
    800390    0.948148
    800400    0.937643
    800410    0.951386
    800420    0.922002
    800430    0.939514
    800440    0.964323
    800450    0.955122
    800460    0.926964
    800470    0.928779
    800480    0.952111
    800490    0.941523
    800500    0.940254
    800510     0.93754
    800520    0.945722
    800530    0.953752
    800540    0.934421
    800550    0.915707
    800560    0.907297
    800570    0.919931
    800580    0.902528
    800590    0.913779
    800600    0.927204
    800610    0.923103
    800620    0.896658
    800630    0.932503
    800640    0.917617
    800650    0.916081
    800660    0.887612
    800670    0.890366
    800680    0.894548
    800690    0.893436
    800700    0.891956
    800710    0.885162
    800720    0.898646
    800730    0.899145
    800740    0.916615
    800750    0.890095
    800760    0.872848
    800770    0.874372
    800780    0.886655
    800790    0.926835
    800800    0.912166
    800810    0.881082
    800820    0.910987
    800830    0.908504
    800840    0.920144
    800850     0.91714
    800860     0.91935
    800870    0.917545
    800880    0.911453
    800890    0.902684
    800900    0.898973
    800910    0.874517
    800920     0.92134
    800930       0.897
    800940    0.905787
    800950    0.893594
    800960      0.9501
    800970    0.927471
    800980    0.896993
    800990    0.924379
    801000    0.931214
    801010    0.935311
    801020    0.929361
    801030    0.922169
    801040    0.914128
    801050    0.924393
    801060     0.91972
    801070    0.895544
    801080    0.881911
    801090    0.933431
    801100    0.901485
    801110    0.911474
    801120    0.917834
    801130    0.903281
    801140     0.94497
    801150    0.919173
    801160    0.943464
    801170    0.894585
    801180    0.871686
    801190    0.879858
    801200    0.915255
    801210    0.877453
    801220    0.909088
    801230      0.9242
    801240    0.922788
    801250    0.913909
    801260    0.921868
    801270    0.943875
    801280    0.924459
    801290    0.897994
    801300    0.877515
    801310    0.865649
    801320    0.860953
    801330    0.864178
    801340    0.882084
    801350    0.889844
    801360    0.886324
    801370    0.875668
    801380     0.86044
    801390    0.886746
    801400    0.869673
    801410    0.889149
    801420    0.897476
    801430    0.875584
    801440    0.862254
    801450    0.847743
    801460    0.875552
    801470    0.865576
    801480    0.879202
    801490    0.869256
    801500     0.87373
    801510    0.856525
    801520    0.873065
    801530    0.871103
    801540    0.877749
    801550     0.87218
    801560    0.898638
    801570    0.902018
    801580    0.909417
    801590    0.890716
    801600    0.905487
    801610     0.88328
    801620    0.895417
    801630    0.876275
    801640    0.883545
    801650    0.899484
    801660    0.900564
    801670    0.895805
    801680    0.878991
    801690     0.86692
    801700    0.895331
    801710    0.897822
    801720    0.879098
    801730    0.904782
    801740    0.906665
    801750    0.900486
    801760    0.900522
    801770     0.89418
    801780    0.884073
    801790    0.904771
    801800    0.913228
    801810    0.929528
    801820    0.885348
    801830    0.899138
    801840    0.884941
    801850    0.879518
    801860    0.869617
    801870    0.879186
    801880    0.881761
    801890    0.883415
    801900     0.87161
    801910    0.877237
    801920    0.889312
    801930    0.877126
    801940    0.877731
    801950    0.873445
    801960     0.89009
    801970    0.897111
    801980    0.898579
    801990    0.910356
    802000    0.899113
    802010    0.901878
    802020    0.917228
    802030    0.886746
    802040    0.893043
    802050    0.874585
    802060    0.900662
    802070    0.919262
    802080    0.887919
    802090    0.877553
    802100    0.863248
    802110    0.883544
    802120    0.888998
    802130    0.897315
    802140    0.917448
    802150    0.893088
    802160    0.867714
    802170    0.899226
    802180    0.885424
    802190    0.920165
    802200    0.924372
    802210    0.912195
    802220    0.879017
    802230    0.903079
    802240    0.878904
    802250     0.90423
    802260    0.898131
    802270     0.91581
    802280    0.929464
    802290    0.925223
    802300    0.909573
    802310    0.881918
    802320    0.888057
    802330    0.873483
    802340    0.913466
    802350    0.865924
    802360    0.868635
    802370    0.880912
    802380    0.880363
    802390    0.889297
    802400    0.885063
    802410    0.896512
    802420     0.87495
    802430    0.889939
    802440    0.907599
    802450     0.89647
    802460    0.914342
    802470    0.914307
    802480    0.878382
    802490    0.893017
    802500    0.888338
    802510    0.896178
    802520     0.90561
    802530     0.88346
    802540    0.920024
    802550    0.899699
    802560    0.893152
    802570    0.907681
    802580    0.907593
    802590    0.909016
    802600    0.898672
    802610    0.903554
    802620    0.876109
    802630    0.883907
    802640    0.886815
    802650    0.905403
    802660    0.887263
    802670    0.899546
    802680    0.913927
    802690    0.914107
    802700    0.932829
    802710    0.903267
    802720    0.887727
    802730    0.895992
    802740    0.905503
    802750    0.907295
    802760    0.900483
    802770    0.924738
    802780    0.904244
    802790    0.921523
    802800    0.943144
    802810    0.904409
    802820     0.88875
    802830    0.916271
    802840    0.907913
    802850    0.896407
    802860     0.88027
    802870    0.915742
    802880    0.911252
    802890    0.941267
    802900    0.910832
    802910    0.916554
    802920     0.91245
    802930    0.929293
    802940    0.903862
    802950    0.883329
    802960    0.891788
    802970    0.914166
    802980    0.912451
    802990    0.909636
    803000    0.894837
    803010    0.887939
    803020    0.921494
    803030    0.887852
    803040    0.911277
    803050    0.874234
    803060    0.883523
    803070     0.88209
    803080    0.868331
    803090    0.883085
    803100    0.878307
    803110    0.857115
    803120    0.883772
    803130    0.900379
    803140    0.880018
    803150    0.878492
    803160    0.893037
    803170    0.887893
    803180    0.883268
    803190    0.880793
    803200    0.877949
    803210    0.881009
    803220    0.878928
    803230    0.855489
    803240    0.874788
    803250    0.853552
    803260    0.863722
    803270    0.858974
    803280    0.861322
    803290    0.876374
    803300    0.844073
    803310    0.855598
    803320    0.857957
    803330    0.868118
    803340    0.876969
    803350    0.871498
    803360    0.871834
    803370    0.892288
    803380    0.913956
    803390     0.87826
    803400     0.87827
    803410    0.871977
    803420    0.864972
    803430    0.894722
    803440    0.867107
    803450    0.870539
    803460    0.879652
    803470    0.880132
    803480    0.858099
    803490    0.873742
    803500    0.870537
    803510    0.866996
    803520    0.861495
    803530    0.857428
    803540    0.872026
    803550    0.876761
    803560    0.886452
    803570    0.890358
    803580     0.87998
    803590    0.883573
    803600    0.865496
    803610    0.856189
    803620    0.865706
    803630    0.869526
    803640    0.887941
    803650    0.868128
    803660    0.870921
    803670    0.894971
    803680    0.889665
    803690    0.893121
    803700      0.8857
    803710    0.883794
    803720    0.881173
    803730    0.875338
    803740    0.870388
    803750    0.870957
    803760    0.874758
    803770    0.867098
    803780    0.864107
    803790    0.868723
    803800    0.862488
    803810     0.87501
    803820    0.889421
    803830    0.869657
    803840    0.856684
    803850    0.855259
    803860    0.872199
    803870    0.870757
    803880    0.874691
    803890    0.876631
    803900    0.866316
    803910     0.86389
    803920    0.856167
    803930    0.864441
    803940     0.87749
    803950       0.863
    803960    0.866185
    803970    0.878656
    803980    0.881857
    803990    0.874644
    804000    0.865826
    804010    0.859546
    804020      0.8655
    804030    0.890323
    804040    0.872146
    804050    0.875173
    804060     0.87171
    804070    0.870972
    804080    0.883687
    804090    0.889014
    804100    0.877235
    804110    0.873938
    804120    0.887723
    804130     0.88056
    804140    0.889401
    804150      0.8751
    804160    0.863998
    804170     0.86759
    804180    0.851568
    804190    0.860231
    804200    0.880586
    804210    0.837403
    804220    0.892771
    804230    0.855398
    804240     0.84914
    804250    0.873512
    804260    0.884413
    804270     0.87769
    804280    0.862952
    804290     0.86482
    804300    0.853888
    804310    0.879617
    804320    0.871822
    804330    0.861914
    804340    0.878088
    804350    0.885383
    804360    0.886009
    804370    0.859353
    804380    0.869231
    804390    0.863785
    804400    0.888292
    804410    0.893246
    804420    0.870711
    804430     0.85089
    804440    0.862304
    804450    0.849593
    804460    0.866683
    804470    0.873902
    804480     0.87172
    804490     0.88489
    804500    0.851784
    804510    0.867394
    804520    0.875713
    804530    0.886046
    804540    0.868918
    804550    0.903813
    804560    0.873882
    804570    0.879994
    804580     0.87257
    804590    0.885774
    804600    0.876152
    804610    0.903581
    804620    0.879156
    804630    0.917267
    804640    0.896209
    804650    0.898191
    804660    0.918354
    804670    0.872241
    804680    0.873288
    804690    0.891035
    804700     0.90375
    804710    0.885829
    804720     0.88668
    804730    0.889304
    804740    0.872894
    804750    0.891612
    804760    0.913341
    804770    0.879392
    804780    0.876262
    804790      0.8754
    804800    0.873034
    804810    0.886345
    804820    0.888258
    804830    0.901855
    804840    0.879937
    804850    0.869637
    804860    0.877719
    804870    0.910202
    804880    0.902334
    804890    0.906527
    804900    0.898134
    804910    0.895234
    804920    0.917786
    804930    0.900263
    804940    0.895961
    804950    0.915941
    804960    0.875119
    804970    0.894166
    804980    0.912285
    804990    0.900078
    805000    0.904131
    805010    0.889786
    805020    0.887877
    805030    0.906601
    805040    0.878081
    805050    0.880359
    805060    0.915531
    805070    0.906336
    805080    0.880479
    805090    0.881779
    805100     0.89754
    805110    0.901858
    805120    0.922999
    805130    0.883571
    805140    0.892862
    805150    0.913493
    805160    0.910079
    805170    0.875001
    805180    0.888224
    805190    0.897323
    805200    0.898805
    805210    0.878198
    805220    0.912166
    805230     0.91207
    805240    0.884927
    805250    0.904139
    805260    0.879667
    805270    0.883475
    805280    0.874595
    805290    0.883143
    805300    0.888478
    805310    0.882144
    805320    0.866677
    805330    0.858777
    805340    0.875686
    805350    0.874066
    805360    0.866686
    805370    0.881248
    805380    0.856546
    805390    0.850951
    805400    0.874036
    805410    0.882346
    805420    0.884243
    805430    0.894587
    805440    0.899292
    805450    0.882241
    805460     0.87887
    805470    0.856789
    805480    0.881392
    805490    0.871408
    805500    0.862453
    805510    0.864947
    805520    0.859815
    805530    0.878221
    805540    0.883215
    805550    0.869952
    805560    0.873209
    805570    0.877326
    805580    0.882269
    805590    0.862905
    805600    0.887917
    805610     0.85609
    805620    0.850676
    805630    0.843381
    805640    0.844647
    805650     0.84656
    805660    0.864876
    805670    0.849769
    805680    0.867893
    805690    0.866755
    805700    0.870509
    805710    0.851634
    805720    0.860344
    805730    0.856226
    805740    0.865327
    805750    0.883371
    805760    0.877031
    805770    0.904017
    805780    0.858132
    805790    0.887632
    805800    0.873384
    805810    0.882901
    805820    0.881399
    805830     0.85649
    805840    0.871687
    805850     0.88265
    805860    0.862464
    805870    0.872118
    805880     0.85748
    805890    0.869985
    805900    0.896798
    805910    0.896594
    805920    0.887052
    805930    0.885237
    805940    0.868157
    805950    0.869025
    805960    0.883361
    805970    0.860284
    805980    0.833672
    805990    0.827915
    806000    0.854619
    806010    0.873143
    806020    0.860654
    806030    0.858754
    806040    0.867915
    806050    0.854721
    806060    0.871311
    806070     0.87844
    806080    0.873695
    806090    0.859622
    806100    0.867994
    806110    0.858893
    806120    0.878192
    806130    0.845148
    806140    0.872193
    806150      0.8612
    806160    0.852978
    806170    0.859385
    806180    0.885899
    806190    0.869847
    806200    0.878763
    806210    0.851319
    806220    0.886838
    806230    0.879706
    806240    0.874124
    806250     0.87483
    806260    0.862773
    806270    0.868729
    806280    0.873864
    806290    0.855221
    806300    0.854345
    806310    0.876807
    806320    0.853603
    806330    0.863187
    806340    0.886744
    806350    0.874204
    806360    0.871717
    806370    0.869557
    806380     0.85281
    806390    0.875113
    806400    0.861571
    806410    0.848475
    806420    0.862653
    806430    0.829496
    806440    0.876359
    806450    0.857372
    806460    0.862316
    806470    0.865943
    806480    0.850891
    806490    0.857024
    806500    0.868594
    806510    0.872365
    806520    0.870716
    806530    0.883932
    806540    0.868367
    806550    0.855881
    806560    0.866979
    806570    0.866993
    806580    0.848351
    806590    0.866225
    806600    0.871339
    806610    0.852957
    806620    0.873699
    806630    0.878374
    806640    0.886473
    806650    0.880859
    806660    0.872295
    806670    0.871603
    806680    0.877585
    806690    0.896199
    806700    0.879184
    806710    0.901137
    806720    0.876906
    806730    0.880962
    806740    0.882258
    806750    0.863069
    806760    0.902582
    806770    0.877101
    806780    0.873104
    806790    0.871553
    806800    0.859279
    806810    0.858495
    806820    0.869307
    806830     0.85321
    806840    0.856529
    806850    0.849041
    806860    0.871859
    806870     0.86968
    806880      0.8812
    806890    0.868712
    806900    0.887921
    806910    0.884275
    806920     0.86657
    806930    0.867077
    806940    0.865689
    806950    0.855419
    806960    0.858125
    806970    0.861062
    806980    0.880349
    806990    0.870859
    807000    0.881223
    807010    0.874149
    807020    0.868452
    807030    0.873777
    807040    0.896546
    807050    0.882703
    807060    0.876846
    807070    0.882804
    807080    0.896061
    807090    0.862703
    807100    0.852958
    807110    0.842108
    807120    0.881322
    807130    0.894636
    807140    0.874343
    807150    0.884807
    807160     0.89391
    807170    0.877578
    807180    0.872195
    807190    0.880082
    807200    0.868155
    807210    0.879274
    807220    0.874923
    807230    0.876931
    807240    0.873582
    807250    0.875106
    807260    0.878186
    807270     0.85902
    807280    0.857734
    807290    0.882099
    807300    0.853622
    807310    0.876512
    807320    0.875112
    807330    0.883813
    807340    0.885738
    807350    0.894147
    807360    0.890829
    807370    0.880358
    807380    0.882229
    807390    0.900964
    807400    0.867483
    807410    0.874521
    807420     0.88277
    807430    0.870927
    807440    0.902279
    807450    0.880169
    807460    0.905946
    807470    0.897231
    807480    0.878802
    807490     0.87131
    807500    0.898081
    807510    0.909475
    807520    0.917214
    807530    0.899588
    807540    0.872744
    807550    0.882179
    807560    0.901642
    807570    0.895608
    807580    0.895175
    807590    0.892693
    807600    0.901734
    807610     0.89653
    807620    0.877971
    807630     0.90855
    807640    0.915971
    807650    0.909546
    807660     0.90754
    807670    0.910313
    807680      0.9024
    807690    0.919903
    807700    0.921486
    807710    0.925893
    807720    0.916751
    807730    0.885501
    807740    0.910683
    807750    0.894034
    807760    0.902172
    807770    0.888028
    807780      0.9021
    807790    0.906446
    807800    0.880247
    807810    0.920085
    807820    0.906686
    807830    0.883564
    807840    0.878137
    807850    0.876963
    807860    0.898607
    807870    0.880886
    807880    0.896771
    807890    0.916994
    807900    0.892368
    807910    0.921275
    807920    0.893894
    807930    0.880332
    807940    0.907429
    807950    0.888406
    807960    0.910248
    807970    0.894424
    807980    0.882195
    807990    0.880795
    808000    0.887814
    808010    0.881611
    808020    0.897292
    808030    0.902539
    808040    0.876133
    808050    0.905464
    808060    0.893565
    808070    0.903178
    808080    0.872106
    808090    0.884269
    808100    0.894222
    808110     0.89929
    808120    0.893976
    808130    0.907352
    808140    0.901863
    808150    0.903686
    808160    0.897111
    808170    0.886103
    808180    0.883677
    808190    0.877708
    808200    0.913108
    808210    0.888041
    808220    0.873671
    808230    0.889801
    808240    0.904577
    808250    0.889202
    808260    0.896806
    808270    0.892957
    808280    0.874038
    808290    0.883374
    808300     0.89941
    808310    0.882556
    808320     0.88083
    808330    0.871099
    808340    0.879567
    808350    0.884468
    808360    0.866429
    808370      0.8598
    808380    0.842678
    808390    0.864728
    808400    0.869953
    808410    0.849706
    808420    0.842766
    808430    0.860346
    808440    0.849529
    808450    0.868015
    808460    0.870296
    808470    0.867147
    808480    0.863693
    808490    0.875012
    808500    0.890355
    808510    0.866996
    808520     0.87802
    808530    0.905144
    808540    0.865685
    808550     0.88097
    808560    0.871997
    808570    0.878807
    808580    0.853126
    808590    0.891191
    808600    0.860917
    808610      0.8752
    808620    0.884731
    808630    0.893879
    808640    0.890153
    808650    0.913999
    808660    0.923365
    808670    0.884552
    808680    0.904779
    808690    0.855117
    808700    0.883067
    808710    0.877445
    808720    0.888055
    808730    0.877494
    808740     0.85068
    808750    0.888214
    808760    0.873397
    808770    0.874621
    808780    0.859024
    808790    0.878481
    808800    0.854406
    808810    0.859467
    808820    0.869649
    808830    0.847305
    808840    0.881612
    808850    0.875281
    808860    0.868189
    808870    0.881013
    808880    0.913431
    808890    0.893682
    808900    0.902227
    808910     0.87266
    808920    0.880899
    808930    0.853273
    808940    0.854711
    808950    0.882631
    808960    0.880266
    808970    0.900688
    808980    0.886481
    808990     0.87411
    809000    0.845499
    809010     0.85377
    809020     0.84419
    809030    0.835242
    809040    0.840159
    809050     0.83965
    809060    0.850554
    809070    0.833199
    809080    0.901726
    809090    0.891952
    809100    0.883025
    809110     0.88689
    809120    0.887494
    809130    0.898489
    809140    0.933306
    809150    0.905354
    809160    0.900805
    809170     0.88919
    809180    0.888379
    809190    0.897331
    809200    0.888964
    809210    0.904648
    809220    0.909156
    809230    0.897507
    809240    0.891377
    809250    0.900029
    809260    0.868837
    809270    0.872748
    809280    0.903402
    809290    0.875333
    809300    0.864405
    809310    0.859722
    809320    0.880955
    809330    0.865869
    809340    0.859628
    809350    0.877281
    809360    0.871225
    809370     0.87347
    809380     0.84638
    809390    0.855314
    809400    0.842881
    809410    0.867694
    809420     0.86627
    809430    0.870505
    809440    0.872968
    809450    0.884104
    809460    0.851124
    809470    0.857429
    809480    0.863175
    809490    0.873991
    809500    0.854119
    809510    0.845554
    809520    0.824369
    809530     0.82911
    809540    0.831369
    809550    0.843139
    809560    0.832991
    809570    0.860411
    809580    0.847233
    809590    0.843596
    809600    0.832523
    809610    0.852295
    809620    0.835251
    809630    0.842688
    809640    0.827017
    809650    0.840905
    809660    0.834862
    809670     0.84037
    809680    0.841923
    809690    0.826209
    809700    0.850428
    809710    0.850575
    809720    0.855822
    809730    0.853604
    809740    0.860096
    809750    0.871888
    809760      0.8512
    809770    0.839274
    809780    0.848073
    809790    0.862844
    809800    0.837095
    809810    0.867599
    809820    0.882233
    809830    0.867346
    809840    0.869669
    809850     0.87145
    809860    0.883796
    809870    0.853592
    809880    0.867343
    809890    0.867888
    809900    0.863246
    809910     0.84153
    809920    0.878132
    809930    0.848346
    809940    0.877385
    809950    0.867138
    809960    0.851407
    809970    0.858776
    809980    0.852927
    809990    0.852646
    810000    0.845979
    810010    0.844792
    810020    0.850297
    810030    0.830133
    810040    0.841177
    810050    0.826537
    810060    0.842771
    810070    0.847543
    810080    0.848584
    810090    0.861574
    810100    0.861774
    810110    0.860996
    810120    0.850568
    810130    0.848638
    810140    0.863593
    810150    0.860431
    810160    0.851011
    810170    0.868418
    810180    0.850852
    810190    0.849044
    810200    0.864048
    810210    0.886395
    810220    0.887891
    810230    0.902034
    810240    0.883976
    810250     0.89441
    810260    0.881651
    810270    0.896623
    810280    0.860163
    810290    0.875313
    810300    0.873407
    810310    0.882197
    810320    0.889053
    810330    0.888584
    810340    0.873241
    810350    0.888365
    810360    0.892747
    810370    0.885432
    810380    0.883072
    810390    0.871706
    810400    0.885896
    810410    0.881615
    810420    0.897676
    810430    0.878563
    810440    0.908869
    810450    0.877325
    810460     0.88844
    810470    0.882929
    810480    0.903901
    810490    0.870655
    810500    0.893287
    810510    0.878712
    810520    0.892284
    810530    0.895771
    810540    0.874645
    810550    0.874512
    810560    0.869372
    810570    0.877788
    810580    0.902123
    810590    0.894094
    810600    0.896011
    810610    0.895094
    810620    0.870673
    810630    0.874752
    810640    0.867253
    810650    0.885069
    810660    0.888333
    810670    0.888454
    810680    0.890251
    810690    0.910182
    810700    0.909443
    810710     0.89831
    810720    0.898629
    810730    0.893927
    810740    0.902263
    810750    0.900492
    810760    0.889855
    810770    0.886904
    810780    0.905657
    810790    0.900947
    810800    0.897762
    810810    0.882006
    810820    0.895673
    810830    0.878443
    810840    0.883721
    810850    0.864463
    810860    0.895487
    810870    0.888372
    810880    0.896061
    810890    0.900143
    810900    0.869594
    810910    0.882939
    810920    0.898358
    810930    0.890094
    810940    0.872627
    810950    0.872416
    810960    0.857053
    810970    0.897177
    810980    0.872547
    810990     0.87045
    811000    0.900145
    811010    0.877746
    811020    0.873723
    811030    0.855938
    811040    0.853744
    811050    0.876094
    811060    0.885611
    811070    0.854976
    811080    0.884686
    811090    0.874069
    811100    0.868854
    811110    0.878215
    811120    0.870924
    811130     0.86452
    811140     0.87635
    811150    0.883534
    811160    0.888631
    811170    0.889497
    811180    0.875473
    811190    0.891273
    811200    0.871159
    811210    0.869052
    811220    0.877881
    811230    0.884832
    811240     0.86717
    811250    0.875588
    811260    0.864813
    811270    0.875865
    811280    0.892694
    811290     0.85398
    811300    0.850152
    811310    0.885875
    811320    0.871743
    811330    0.877542
    811340    0.872238
    811350    0.868179
    811360    0.856264
    811370    0.850963
    811380    0.855484
    811390    0.874712
    811400    0.869759
    811410    0.876735
    811420    0.829909
    811430    0.826652
    811440    0.846967
    811450    0.871026
    811460    0.867196
    811470     0.86911
    811480     0.89295
    811490    0.848493
    811500    0.899464
    811510    0.867692
    811520     0.86427
    811530    0.884086
    811540    0.862015
    811550    0.879991
    811560    0.874437
    811570    0.889968
    811580    0.888648
    811590    0.889631
    811600    0.888809
    811610     0.89129
    811620    0.916081
    811630     0.90828
    811640    0.877016
    811650    0.864162
    811660    0.856669
    811670    0.873835
    811680    0.877953
    811690    0.854927
    811700    0.851211
    811710    0.868017
    811720    0.858646
    811730    0.869741
    811740    0.848341
    811750    0.865488
    811760    0.863315
    811770    0.859565
    811780    0.872472
    811790    0.864597
    811800     0.86671
    811810    0.868253
    811820    0.902391
    811830    0.872869
    811840    0.861875
    811850    0.858456
    811860     0.85739
    811870     0.88087
    811880    0.875584
    811890    0.877712
    811900    0.876801
    811910     0.86356
    811920    0.861239
    811930    0.862231
    811940    0.840598
    811950    0.858429
    811960    0.857902
    811970    0.875646
    811980    0.837318
    811990    0.880865
    812000    0.862601
    812010    0.864899
    812020    0.886617
    812030    0.868698
    812040    0.860506
    812050      0.8702
    812060    0.870671
    812070    0.862703
    812080    0.863616
    812090    0.868921
    812100    0.869915
    812110    0.850007
    812120    0.855573
    812130    0.867331
    812140    0.849645
    812150    0.849504
    812160    0.852124
    812170    0.843993
    812180    0.854179
    812190    0.839861
    812200    0.849528
    812210    0.846092
    812220    0.844288
    812230    0.870791
    812240     0.85535
    812250    0.856923
    812260    0.866497
    812270    0.854657
    812280    0.854705
    812290    0.852893
    812300    0.865759
    812310     0.84293
    812320    0.858306
    812330    0.861346
    812340    0.869103
    812350     0.87789
    812360    0.859402
    812370    0.860725
    812380    0.861506
    812390    0.884604
    812400    0.862106
    812410    0.868182
    812420    0.868753
    812430    0.867639
    812440    0.878995
    812450    0.873297
    812460    0.857655
    812470    0.881285
    812480    0.850391
    812490    0.867721
    812500    0.877319
    812510    0.850707
    812520    0.861199
    812530    0.844403
    812540     0.84581
    812550    0.866013
    812560    0.858266
    812570    0.865175
    812580      0.8596
    812590    0.868242
    812600    0.853167
    812610    0.857339
    812620     0.87004
    812630    0.870802
    812640    0.865069
    812650    0.864175
    812660     0.87261
    812670    0.872001
    812680    0.853967
    812690    0.854296
    812700    0.853344
    812710     0.85006
    812720    0.866362
    812730    0.870833
    812740    0.864224
    812750    0.857464
    812760    0.867934
    812770    0.869637
    812780    0.853773
    812790    0.861268
    812800     0.85107
    812810    0.868514
    812820    0.893798
    812830    0.869963
    812840    0.853613
    812850    0.851231
    812860    0.876101
    812870    0.868141
    812880    0.870694
    812890    0.869216
    812900    0.877936
    812910    0.869148
    812920    0.868112
    812930      0.8829
    812940    0.876746
    812950    0.854471
    812960    0.870595
    812970    0.860683
    812980    0.866859
    812990    0.866877
    813000    0.868547
    813010    0.865526
    813020    0.859833
    813030    0.859121
    813040    0.877106
    813050    0.848571
    813060    0.866184
    813070    0.849575
    813080    0.869248
    813090    0.877969
    813100    0.852262
    813110    0.871164
    813120    0.856028
    813130    0.868735
    813140    0.868094
    813150     0.86682
    813160    0.882507
    813170    0.867009
    813180    0.880256
    813190    0.862333
    813200    0.882543
    813210    0.885852
    813220     0.86979
    813230     0.87191
    813240    0.882635
    813250    0.875652
    813260    0.875223
    813270    0.882873
    813280    0.882956
    813290    0.880727
    813300    0.889322
    813310    0.891715
    813320    0.862365
    813330    0.894267
    813340    0.880853
    813350    0.876406
    813360    0.891562
    813370    0.870094
    813380    0.874787
    813390    0.885191
    813400    0.872312
    813410    0.870849
    813420    0.865549
    813430    0.887559
    813440    0.888246
    813450    0.869552
    813460    0.882841
    813470    0.882879
    813480    0.856449
    813490    0.874993
    813500     0.85061
    813510    0.858697
    813520    0.855655
    813530    0.864394
    813540    0.860715
    813550     0.87703
    813560    0.898051
    813570    0.886831
    813580     0.87947
    813590    0.892804
    813600    0.886122
    813610    0.888137
    813620    0.876551
    813630    0.856209
    813640    0.887251
    813650     0.85268
    813660    0.863035
    813670    0.867843
    813680    0.880141
    813690    0.852778
    813700    0.868432
    813710    0.861881
    813720    0.857638
    813730     0.88082
    813740    0.872419
    813750    0.893682
    813760    0.901993
    813770    0.888309
    813780    0.874864
    813790    0.875246
    813800    0.867832
    813810    0.858326
    813820    0.877752
    813830    0.890513
    813840    0.878139
    813850    0.897758
    813860    0.850228
    813870      0.8565
    813880    0.861764
    813890    0.865723
    813900    0.861748
    813910    0.891223
    813920     0.85628
    813930    0.887556
    813940     0.87113
    813950    0.852917
    813960    0.876067
    813970    0.874618
    813980    0.855344
    813990    0.869369
    814000    0.870452
    814010    0.860736
    814020    0.862665
    814030    0.864308
    814040    0.878845
    814050    0.874773
    814060    0.869871
    814070    0.868127
    814080    0.871412
    814090     0.86408
    814100    0.875477
    814110    0.885927
    814120    0.874901
    814130    0.860346
    814140    0.864742
    814150    0.886522
    814160    0.846141
    814170    0.870953
    814180    0.882542
    814190    0.882485
    814200    0.884495
    814210    0.882592
    814220    0.869327
    814230    0.876592
    814240    0.858118
    814250    0.848891
    814260    0.860942
    814270    0.839016
    814280     0.83898
    814290    0.871938
    814300    0.870654
    814310    0.878271
    814320    0.868226
    814330    0.870854
    814340    0.874828
    814350    0.885792
    814360    0.835501
    814370     0.86516
    814380    0.859923
    814390    0.844875
    814400    0.853398
    814410    0.865614
    814420    0.856998
    814430    0.868386
    814440    0.876161
    814450    0.893796
    814460    0.891289
    814470    0.887908
    814480    0.866168
    814490    0.859484
    814500    0.884524
    814510    0.883342
    814520    0.879871
    814530    0.873982
    814540    0.890751
    814550    0.882576
    814560    0.863339
    814570    0.858654
    814580    0.866274
    814590     0.86678
    814600    0.874218
    814610    0.868734
    814620    0.881881
    814630    0.883622
    814640    0.887151
    814650    0.865885
    814660    0.853506
    814670    0.867887
    814680    0.858469
    814690    0.887996
    814700    0.892067
    814710    0.869644
    814720    0.870785
    814730    0.868076
    814740     0.89559
    814750    0.881716
    814760    0.874403
    814770    0.875216
    814780    0.908782
    814790    0.865702
    814800    0.890476
    814810     0.87838
    814820    0.861479
    814830    0.849131
    814840    0.837032
    814850    0.850555
    814860     0.85085
    814870    0.858937
    814880    0.839583
    814890    0.861284
    814900    0.856393
    814910    0.849026
    814920    0.850421
    814930    0.847452
    814940     0.85319
    814950     0.86806
    814960    0.861976
    814970    0.854956
    814980    0.864014
    814990    0.856593
    815000    0.848093
    815010    0.861916
    815020    0.840014
    815030    0.848951
    815040    0.850059
    815050    0.864202
    815060    0.854035
    815070    0.850091
    815080     0.85255
    815090    0.855336
    815100    0.857387
    815110    0.847887
    815120    0.847907
    815130    0.856748
    815140    0.861314
    815150    0.840579
    815160    0.849612
    815170    0.843065
    815180    0.843616
    815190     0.85283
    815200    0.831807
    815210    0.853912
    815220    0.830154
    815230    0.842717
    815240    0.844012
    815250     0.83762
    815260    0.845091
    815270    0.824183
    815280    0.853893
    815290    0.862814
    815300    0.870902
    815310    0.858532
    815320    0.835352
    815330    0.838029
    815340    0.844115
    815350    0.858187
    815360     0.84273
    815370    0.868411
    815380    0.840476
    815390    0.832789
    815400    0.857979
    815410    0.850211
    815420    0.863523
    815430    0.844521
    815440    0.850799
    815450     0.84464
    815460    0.838346
    815470    0.862202
    815480    0.833253
    815490    0.837236
    815500    0.853222
    815510    0.858164
    815520    0.854754
    815530     0.82803
    815540    0.831465
    815550    0.836949
    815560    0.835247
    815570    0.843421
    815580    0.839292
    815590    0.852625
    815600    0.836261
    815610      0.8345
    815620    0.841206
    815630      0.8306
    815640    0.818781
    815650    0.827763
    815660    0.840958
    815670    0.878162
    815680    0.833427
    815690    0.848807
    815700     0.84351
    815710    0.847917
    815720    0.841015
    815730    0.848251
    815740    0.851855
    815750     0.82724
    815760    0.836509
    815770    0.865261
    815780    0.858935
    815790    0.844674
    815800    0.836064
    815810    0.847381
    815820    0.827765
    815830    0.869238
    815840    0.858457
    815850    0.840921
    815860    0.848919
    815870     0.84693
    815880    0.854493
    815890    0.864167
    815900     0.83357
    815910     0.82716
    815920    0.848294
    815930     0.85157
    815940    0.855404
    815950    0.859347
    815960    0.834644
    815970    0.850776
    815980    0.853646
    815990    0.858171
    816000    0.861357
    816010    0.832468
    816020    0.844755
    816030    0.840111
    816040    0.855963
    816050    0.850014
    816060    0.851133
    816070    0.853778
    816080    0.854771
    816090    0.848936
    816100    0.846308
    816110    0.856458
    816120      0.8487
    816130    0.851688
    816140    0.853594
    816150    0.857481
    816160    0.854242
    816170    0.850985
    816180    0.847363
    816190    0.837093
    816200    0.864796
    816210    0.855858
    816220    0.863168
    816230    0.867424
    816240    0.862937
    816250    0.863482
    816260    0.848525
    816270    0.859707
    816280    0.865969
    816290    0.851457
    816300     0.82017
    816310    0.833002
    816320    0.874281
    816330    0.852227
    816340    0.865192
    816350    0.873206
    816360     0.86902
    816370    0.843963
    816380    0.860414
    816390    0.859738
    816400    0.865727
    816410     0.85176
    816420    0.863461
    816430    0.847527
    816440    0.864289
    816450    0.852118
    816460    0.852556
    816470    0.864044
    816480    0.850743
    816490    0.868989
    816500    0.852958
    816510    0.852327
    816520    0.871758
    816530     0.85542
    816540    0.855178
    816550    0.870626
    816560    0.868469
    816570    0.839788
    816580    0.866401
    816590    0.860767
    816600    0.867816
    816610    0.859487
    816620    0.867175
    816630    0.860166
    816640    0.863018
    816650    0.877542
    816660    0.855134
    816670     0.85859
    816680    0.867729
    816690    0.869286
    816700    0.851692
    816710    0.839728
    816720    0.847148
    816730    0.853976
    816740      0.8496
    816750    0.857693
    816760     0.85123
    816770    0.838043
    816780     0.85849
    816790      0.8549
    816800    0.853179
    816810    0.861157
    816820    0.841137
    816830    0.842855
    816840     0.84168
    816850    0.825368
    816860    0.839672
    816870    0.843434
    816880    0.852018
    816890    0.854723
    816900    0.843408
    816910     0.85905
    816920    0.844174
    816930    0.855445
    816940    0.822903
    816950    0.841772
    816960    0.849234
    816970    0.851279
    816980    0.853854
    816990    0.841902
    817000    0.857946
    817010    0.863484
    817020    0.850724
    817030    0.844446
    817040    0.846383
    817050    0.850671
    817060    0.853152
    817070    0.855837
    817080    0.846151
    817090    0.841495
    817100    0.845636
    817110    0.846204
    817120    0.850203
    817130     0.82545
    817140    0.840312
    817150     0.85889
    817160     0.83474
    817170    0.844462
    817180    0.853612
    817190    0.845217
    817200    0.856057
    817210    0.860383
    817220    0.876443
    817230      0.8783
    817240    0.861919
    817250    0.888266
    817260    0.883806
    817270    0.878238
    817280    0.882696
    817290    0.898367
    817300     0.88939
    817310    0.891875
    817320    0.863926
    817330    0.889388
    817340    0.883428
    817350    0.880341
    817360    0.866164
    817370     0.88405
    817380    0.877332
    817390    0.874846
    817400    0.875243
    817410    0.893053
    817420    0.879389
    817430    0.867908
    817440    0.892186
    817450    0.889791
    817460    0.867251
    817470    0.890648
    817480    0.887783
    817490    0.898509
    817500     0.90515
    817510    0.895346
    817520    0.863105
    817530    0.880936
    817540    0.870682
    817550    0.894889
    817560    0.895668
    817570    0.873825
    817580    0.902597
    817590      0.9049
    817600     0.88319
    817610    0.888249
    817620    0.882747
    817630    0.869845
    817640     0.89957
    817650    0.879108
    817660    0.890361
    817670    0.887313
    817680    0.900995
    817690    0.895433
    817700    0.877584
    817710    0.893494
    817720    0.875256
    817730     0.89525
    817740    0.875436
    817750    0.899941
    817760    0.901092
    817770    0.881626
    817780    0.880602
    817790    0.884293
    817800    0.887839
    817810    0.895155
    817820     0.90591
    817830    0.907725
    817840    0.896088
    817850    0.892329
    817860    0.890008
    817870    0.925777
    817880    0.890292
    817890    0.862311
    817900     0.87394
    817910    0.893981
    817920    0.903912
    817930    0.890857
    817940      0.8786
    817950    0.875562
    817960    0.903497
    817970    0.907625
    817980    0.881473
    817990    0.894917
    818000    0.890825
    818010    0.886866
    818020    0.898986
    818030    0.875396
    818040    0.885946
    818050    0.879922
    818060    0.887855
    818070    0.891343
    818080    0.879871
    818090    0.882065
    818100    0.877261
    818110    0.860421
    818120    0.873454
    818130     0.89391
    818140    0.904827
    818150    0.892205
    818160     0.88883
    818170    0.878929
    818180    0.887126
    818190    0.883188
    818200    0.892108
    818210    0.890379
    818220    0.900673
    818230    0.876226
    818240    0.878041
    818250    0.872457
    818260    0.889897
    818270    0.865706
    818280      0.8773
    818290     0.88887
    818300    0.889297
    818310    0.906463
    818320    0.895454
    818330    0.892991
    818340    0.876776
    818350    0.907407
    818360    0.889457
    818370    0.891561
    818380    0.904173
    818390    0.892553
    818400    0.913828
    818410    0.890432
    818420    0.903337
    818430     0.89829
    818440    0.888162
    818450    0.916246
    818460     0.88049
    818470    0.893274
    818480    0.887332
    818490    0.901038
    818500    0.874798
    818510    0.893137
    818520    0.904799
    818530    0.879057
    818540    0.923167
    818550    0.878886
    818560    0.881312
    818570    0.893577
    818580     0.90002
    818590    0.902453
    818600    0.901202
    818610    0.898576
    818620    0.899139
    818630    0.900762
    818640     0.89024
    818650    0.896092
    818660    0.879889
    818670    0.874357
    818680    0.880492
    818690    0.893465
    818700    0.914753
    818710     0.87928
    818720    0.882989
    818730    0.881328
    818740    0.881923
    818750     0.91025
    818760    0.903625
    818770    0.891318
    818780    0.900971
    818790    0.913691
    818800    0.889029
    818810    0.894495
    818820    0.898878
    818830     0.92188
    818840    0.913554
    818850     0.88815
    818860    0.898944
    818870    0.894804
    818880    0.888962
    818890    0.905581
    818900    0.904786
    818910    0.882969
    818920    0.891854
    818930    0.902551
    818940    0.902737
    818950     0.89834
    818960    0.897933
    818970     0.90293
    818980    0.882432
    818990    0.916133
    819000    0.907455
    819010    0.922502
    819020    0.898989
    819030    0.896327
    819040    0.901203
    819050    0.907713
    819060     0.90982
    819070    0.904361
    819080     0.91114
    819090    0.906921
    819100    0.902651
    819110    0.913489
    819120    0.906327
    819130     0.90616
    819140    0.916457
    819150    0.912506
    819160    0.923906
    819170    0.926384
    819180    0.901367
    819190    0.906418
    819200    0.918175
    819210    0.904421
    819220    0.909174
    819230    0.917432
    819240    0.897368
    819250     0.91197
    819260    0.900764
    819270    0.884515
    819280     0.91434
    819290     0.88365
    819300    0.908568
    819310    0.903724
    819320     0.89074
    819330    0.906542
    819340    0.911334
    819350     0.90133
    819360    0.913351
    819370    0.899175
    819380    0.918783
    819390     0.88961
    819400    0.902486
    819410    0.917882
    819420    0.926385
    819430    0.938519
    819440    0.910836
    819450    0.909442
    819460    0.909829
    819470    0.890626
    819480    0.903458
    819490    0.927462
    819500    0.924996
    819510     0.91736
    819520    0.920899
    819530    0.925733
    819540    0.910605
    819550    0.892409
    819560    0.910189
    819570    0.917585
    819580    0.928242
    819590    0.927259
    819600    0.919792
    819610    0.938016
    819620    0.931775
    819630    0.926192
    819640    0.952125
    819650    0.933502
    819660    0.925377
    819670    0.935152
    819680    0.947767
    819690    0.915858
    819700    0.937169
    819710    0.936627
    819720    0.940762
    819730    0.940564
    819740    0.960149
    819750     0.93624
    819760    0.945321
    819770    0.917402
    819780    0.918577
    819790     0.90617
    819800    0.904313
    819810    0.922593
    819820    0.907583
    819830    0.925867
    819840    0.921416
    819850    0.922768
    819860    0.926431
    819870     0.93414
    819880    0.915588
    819890    0.926864
    819900     0.94441
    819910     0.93009
    819920    0.914108
    819930    0.919898
    819940    0.940378
    819950    0.909915
    819960    0.927984
    819970    0.923639
    819980    0.923141
    819990    0.911394
    820000    0.919483
    820010     0.90563
    820020    0.927769
    820030    0.904468
    820040    0.917091
    820050    0.939817
    820060    0.921226
    820070    0.923158
    820080    0.931738
    820090    0.932952
    820100      0.8962
    820110    0.914091
    820120    0.930962
    820130    0.925035
    820140     0.92595
    820150    0.908158
    820160    0.913282
    820170    0.932076
    820180    0.919433
    820190    0.899363
    820200    0.910792
    820210    0.943495
    820220     0.92231
    820230    0.896987
    820240     0.91747
    820250    0.920432
    820260    0.912732
    820270    0.921017
    820280    0.918622
    820290    0.908871
    820300    0.911668
    820310    0.927688
    820320    0.951979
    820330    0.939268
    820340    0.927889
    820350    0.928359
    820360    0.919089
    820370    0.897688
    820380     0.92314
    820390    0.922606
    820400     0.94327
    820410    0.931145
    820420    0.925094
    820430    0.916237
    820440    0.910601
    820450    0.922595
    820460     0.90921
    820470    0.906598
    820480     0.92148
    820490    0.932547
    820500     0.91276
    820510    0.906243
    820520    0.906337
    820530    0.933317
    820540    0.911767
    820550    0.890863
    820560    0.914717
    820570    0.894627
    820580    0.919438
    820590    0.919706
    820600    0.916792
    820610    0.888335
    820620    0.909698
    820630     0.90877
    820640    0.919737
    820650    0.927367
    820660     0.90286
    820670    0.907181
    820680     0.91096
    820690    0.933074
    820700    0.911629
    820710    0.902007
    820720    0.934865
    820730    0.935746
    820740    0.925449
    820750    0.935649
    820760    0.926781
    820770     0.93598
    820780    0.939912
    820790    0.952766
    820800    0.923421
    820810    0.917208
    820820    0.926285
    820830    0.917015
    820840    0.919408
    820850     0.91781
    820860    0.915083
    820870    0.930439
    820880    0.924469
    820890    0.912162
    820900    0.923837
    820910    0.930979
    820920    0.929387
    820930    0.938793
    820940    0.913437
    820950    0.922845
    820960    0.915247
    820970    0.912533
    820980    0.906555
    820990     0.90411
    821000    0.918782
    821010     0.92426
    821020    0.929658
    821030    0.913539
    821040    0.897672
    821050    0.917791
    821060    0.920935
    821070    0.922381
    821080    0.916661
    821090    0.915056
    821100    0.918131
    821110     0.93528
    821120    0.936709
    821130     0.90007
    821140    0.911831
    821150    0.917475
    821160    0.941197
    821170    0.910503
    821180    0.951619
    821190    0.925578
    821200    0.919289
    821210    0.931424
    821220    0.934755
    821230      0.9529
    821240    0.949686
    821250    0.940058
    821260    0.931071
    821270    0.924484
    821280    0.911943
    821290    0.914024
    821300    0.925616
    821310    0.923441
    821320    0.953332
    821330    0.940857
    821340     0.93786
    821350    0.924308
    821360    0.946062
    821370    0.940454
    821380    0.943496
    821390    0.938658
    821400    0.926219
    821410      0.9246
    821420    0.921513
    821430    0.939713
    821440    0.914047
    821450    0.946159
    821460    0.947004
    821470    0.925057
    821480    0.917307
    821490    0.945477
    821500    0.935675
    821510    0.946164
    821520    0.933743
    821530    0.943765
    821540     0.92216
    821550    0.928885
    821560    0.920758
    821570    0.905603
    821580    0.930358
    821590    0.928367
    821600    0.921827
    821610     0.96823
    821620    0.924859
    821630    0.918151
    821640    0.902987
    821650    0.934749
    821660    0.934808
    821670     0.92738
    821680    0.907983
    821690    0.931003
    821700    0.943195
    821710    0.916052
    821720    0.923465
    821730      0.9497
    821740    0.925988
    821750    0.943946
    821760    0.934131
    821770    0.942207
    821780    0.928258
    821790    0.938812
    821800    0.932466
    821810    0.950374
    821820     0.94907
    821830    0.916971
    821840    0.933989
    821850     0.90932
    821860      0.9484
    821870    0.933593
    821880    0.920555
    821890    0.931882
    821900     0.95374
    821910    0.937896
    821920     0.94166
    821930     0.93945
    821940    0.933389
    821950    0.944712
    821960    0.941673
    821970    0.960939
    821980    0.935107
    821990    0.921367
    822000    0.914004
    822010      0.9259
    822020    0.944256
    822030    0.920579
    822040    0.911398
    822050    0.908088
    822060    0.903886
    822070    0.944394
    822080    0.917369
    822090    0.935682
    822100    0.922533
    822110    0.918637
    822120    0.917036
    822130    0.947223
    822140    0.928447
    822150     0.92072
    822160     0.92904
    822170    0.936972
    822180    0.931637
    822190    0.936424
    822200     0.93018
    822210    0.931719
    822220    0.965316
    822230    0.931165
    822240    0.941803
    822250    0.938435
    822260    0.946831
    822270    0.920819
    822280    0.962528
    822290    0.943831
    822300    0.948672
    822310    0.946585
    822320    0.935905
    822330    0.924052
    822340    0.922973
    822350     0.94454
    822360    0.911246
    822370    0.932327
    822380    0.936867
    822390    0.941303
    822400    0.934001
    822410    0.925325
    822420    0.937533
    822430    0.920465
    822440    0.931828
    822450    0.941064
    822460    0.925696
    822470    0.923245
    822480    0.931603
    822490     0.92381
    822500    0.924498
    822510    0.930595
    822520    0.947631
    822530    0.918639
    822540    0.936224
    822550    0.938783
    822560    0.921773
    822570    0.927397
    822580    0.913761
    822590    0.950101
    822600    0.923925
    822610     0.93235
    822620    0.909943
    822630    0.931662
    822640    0.906943
    822650    0.935859
    822660    0.942463
    822670    0.937851
    822680    0.935882
    822690    0.916478
    822700    0.940659
    822710    0.958758
    822720    0.940193
    822730    0.950691
    822740    0.943864
    822750    0.939432
    822760    0.932385
    822770    0.955779
    822780    0.966825
    822790    0.961697
    822800     0.93797
    822810    0.932325
    822820    0.929387
    822830    0.923748
    822840    0.917954
    822850     0.93278
    822860    0.919699
    822870     0.96513
    822880    0.961434
    822890    0.955352
    822900     0.93869
    822910    0.950183
    822920    0.968513
    822930    0.912656
    822940    0.971082
    822950     0.93631
    822960    0.911766
    822970    0.941533
    822980    0.933176
    822990    0.946058
    823000    0.935758
    823010    0.932291
    823020    0.931037
    823030    0.921125
    823040    0.941624
    823050    0.932755
    823060    0.929911
    823070    0.926496
    823080    0.925731
    823090    0.917917
    823100    0.946334
    823110    0.947955
    823120    0.927202
    823130    0.926747
    823140     0.95147
    823150    0.946345
    823160    0.963337
    823170    0.951607
    823180    0.919067
    823190    0.965708
    823200    0.932218
    823210    0.928828
    823220    0.935897
    823230    0.927891
    823240    0.916445
    823250    0.926549
    823260    0.936462
    823270    0.941071
    823280    0.923825
    823290    0.910698
    823300    0.924689
    823310    0.923451
    823320    0.929117
    823330    0.930739
    823340    0.944049
    823350    0.955495
    823360    0.928324
    823370    0.953176
    823380    0.934944
    823390    0.938073
    823400    0.940976
    823410    0.940579
    823420    0.927254
    823430    0.926652
    823440    0.934077
    823450    0.919724
    823460    0.902737
    823470    0.927363
    823480     0.92909
    823490    0.915246
    823500    0.927953
    823510     0.91877
    823520    0.928869
    823530    0.944104
    823540    0.933698
    823550    0.907739
    823560    0.928092
    823570    0.920316
    823580    0.932514
    823590    0.921817
    823600    0.934649
    823610    0.913184
    823620     0.92925
    823630    0.905475
    823640    0.911172
    823650    0.909825
    823660    0.904948
    823670    0.896629
    823680    0.899647
    823690    0.889507
    823700    0.897711
    823710    0.907411
    823720      0.8776
    823730      0.8947
    823740    0.890352
    823750    0.902684
    823760     0.90253
    823770    0.898878
    823780    0.906022
    823790    0.890246
    823800    0.908451
    823810    0.881755
    823820    0.894471
    823830    0.898478
    823840    0.891943
    823850    0.918472
    823860    0.888722
    823870    0.893404
    823880    0.908799
    823890    0.889977
    823900    0.912449
    823910    0.900796
    823920    0.900921
    823930    0.894951
    823940     0.88601
    823950    0.901686
    823960    0.892831
    823970    0.904677
    823980     0.88556
    823990    0.902395
    824000    0.902189
    824010    0.906519
    824020    0.899512
    824030    0.897492
    824040    0.903326
    824050    0.893569
    824060    0.888969
    824070    0.905469
    824080    0.901578
    824090    0.885046
    824100    0.874562
    824110    0.888375
    824120    0.892491
    824130    0.900659
    824140    0.903375
    824150    0.904619
    824160    0.916086
    824170    0.928414
    824180    0.912631
    824190    0.901277
    824200    0.889907
    824210    0.896796
    824220    0.912098
    824230    0.929162
    824240     0.92033
    824250    0.911071
    824260    0.918364
    824270    0.920327
    824280    0.924097
    824290    0.927878
    824300    0.921449
    824310    0.905209
    824320    0.925153
    824330     0.94386
    824340    0.915034
    824350    0.919315
    824360    0.915448
    824370    0.913439
    824380    0.895084
    824390    0.906584
    824400    0.920245
    824410    0.931995
    824420    0.926462
    824430    0.925078
    824440    0.919541
    824450    0.888199
    824460    0.917755
    824470    0.934413
    824480    0.925358
    824490    0.909975
    824500    0.918601
    824510    0.919756
    824520    0.909318
    824530    0.917151
    824540    0.910854
    824550    0.911844
    824560    0.906994
    824570    0.917633
    824580    0.930577
    824590    0.917093
    824600    0.902584
    824610    0.924835
    824620    0.922656
    824630    0.902723
    824640    0.875925
    824650    0.868939
    824660    0.896207
    824670    0.886208
    824680    0.900876
    824690    0.879189
    824700    0.885545
    824710    0.884309
    824720    0.878641
    824730    0.868073
    824740    0.903111
    824750    0.888354
    824760    0.885768
    824770      0.9035
    824780    0.898116
    824790    0.891985
    824800    0.909389
    824810    0.911258
    824820    0.901554
    824830    0.884711
    824840    0.896692
    824850    0.907824
    824860    0.886253
    824870    0.874962
    824880    0.882307
    824890    0.908517
    824900    0.904857
    824910    0.893567
    824920    0.874286
    824930    0.884056
    824940    0.876497
    824950    0.904215
    824960    0.903643
    824970    0.921316
    824980    0.905227
    824990    0.908205
    825000    0.898331
    825010    0.897057
    825020    0.904359
    825030    0.926064
    825040    0.906827
    825050    0.894802
    825060    0.912972
    825070    0.918066
    825080     0.90112
    825090    0.892226
    825100    0.876952
    825110    0.893526
    825120    0.879717
    825130    0.880958
    825140    0.906117
    825150    0.892855
    825160     0.92595
    825170      0.9176
    825180    0.913565
    825190    0.890232
    825200    0.903719
    825210    0.872684
    825220    0.911041
    825230    0.905386
    825240    0.881374
    825250    0.885039
    825260    0.917732
    825270     0.88899
    825280    0.898559
    825290    0.901749
    825300    0.893737
    825310    0.884579
    825320    0.897585
    825330    0.906021
    825340    0.889156
    825350    0.898865
    825360     0.89223
    825370    0.884441
    825380    0.901461
    825390    0.889703
    825400    0.872475
    825410    0.882921
    825420    0.902351
    825430    0.910788
    825440    0.886583
    825450    0.909438
    825460    0.890007
    825470    0.898417
    825480    0.902166
    825490    0.905456
    825500      0.9055
    825510    0.915349
    825520    0.888063
    825530    0.912771
    825540    0.884659
    825550    0.898318
    825560    0.892681
    825570    0.894043
    825580    0.896608
    825590    0.872055
    825600    0.886139
    825610    0.887102
    825620    0.880517
    825630    0.898491
    825640     0.90051
    825650    0.892913
    825660    0.891954
    825670    0.901066
    825680    0.898086
    825690    0.874952
    825700    0.909883
    825710    0.886908
    825720    0.898925
    825730    0.881259
    825740    0.884642
    825750    0.901589
    825760    0.895159
    825770    0.896241
    825780    0.911861
    825790    0.905367
    825800    0.902879
    825810    0.894069
    825820    0.914717
    825830    0.922289
    825840    0.910523
    825850    0.927198
    825860    0.911133
    825870     0.91636
    825880    0.912897
    825890    0.924764
    825900    0.931095
    825910    0.944682
    825920    0.911671
    825930     0.90934
    825940    0.905616
    825950    0.902218
    825960    0.895733
    825970    0.914616
    825980    0.886258
    825990    0.894717
    826000    0.896815
    826010     0.89271
    826020    0.907363
    826030    0.894988
    826040     0.91512
    826050    0.926963
    826060    0.877775
    826070    0.915919
    826080    0.921696
    826090    0.892491
    826100    0.898187
    826110    0.900939
    826120    0.898778
    826130    0.891212
    826140    0.875619
    826150    0.881037
    826160    0.898976
    826170    0.895831
    826180    0.912535
    826190    0.890295
    826200    0.906493
    826210    0.900627
    826220    0.933322
    826230    0.891582
    826240    0.915455
    826250    0.911507
    826260    0.898358
    826270    0.924188
    826280    0.914852
    826290    0.909037
    826300    0.921178
    826310    0.904778
    826320    0.924542
    826330    0.912219
    826340    0.922103
    826350    0.903065
    826360      0.9068
    826370    0.916686
    826380    0.909612
    826390    0.906857
    826400    0.873175
    826410    0.907214
    826420    0.901323
    826430    0.900941
    826440    0.929541
    826450    0.908617
    826460    0.910231
    826470    0.915964
    826480     0.91223
    826490    0.905976
    826500    0.930874
    826510    0.929262
    826520     0.91752
    826530     0.92031
    826540    0.893681
    826550    0.881956
    826560    0.911659
    826570     0.90116
    826580    0.918058
    826590    0.899777
    826600    0.920504
    826610    0.924833
    826620    0.907468
    826630    0.887095
    826640    0.905714
    826650    0.918319
    826660    0.905643
    826670    0.896752
    826680    0.907777
    826690    0.909776
    826700    0.925327
    826710    0.906024
    826720    0.913717
    826730      0.9116
    826740    0.912348
    826750    0.893684
    826760    0.900115
    826770     0.90227
    826780    0.932051
    826790    0.900666
    826800    0.901322
    826810    0.892674
    826820    0.892058
    826830    0.888916
    826840    0.907693
    826850    0.905899
    826860    0.912423
    826870    0.905168
    826880    0.907618
    826890    0.908998
    826900    0.898095
    826910     0.91485
    826920     0.89417
    826930    0.913652
    826940    0.913911
    826950    0.882245
    826960    0.903965
    826970    0.915049
    826980    0.903511
    826990    0.907094
    827000    0.906354
    827010    0.901958
    827020    0.902461
    827030    0.890363
    827040    0.894194
    827050    0.906469
    827060    0.896593
    827070    0.893141
    827080    0.888706
    827090    0.912425
    827100     0.90375
    827110    0.905648
    827120    0.903625
    827130    0.901875
    827140    0.898469
    827150    0.904885
    827160     0.90684
    827170    0.907781
    827180    0.919564
    827190     0.91939
    827200    0.898361
    827210     0.91681
    827220    0.900941
    827230     0.90634
    827240    0.916648
    827250    0.904887
    827260    0.882877
    827270    0.904821
    827280     0.91133
    827290    0.892109
    827300    0.922376
    827310    0.910393
    827320    0.908153
    827330    0.909409
    827340    0.897888
    827350    0.910458
    827360     0.90813
    827370    0.907822
    827380    0.915628
    827390    0.922917
    827400    0.918928
    827410    0.933842
    827420    0.926493
    827430    0.897616
    827440    0.899109
    827450     0.90644
    827460    0.922783
    827470    0.912034
    827480     0.91526
    827490    0.922399
    827500    0.919635
    827510    0.915813
    827520    0.907749
    827530     0.89883
    827540     0.91034
    827550    0.924553
    827560     0.91978
    827570      0.9159
    827580    0.929551
    827590    0.925977
    827600    0.924274
    827610    0.885742
    827620    0.901841
    827630    0.905107
    827640    0.912035
    827650    0.899169
    827660    0.896416
    827670    0.896125
    827680    0.897008
    827690    0.901364
    827700    0.903763
    827710     0.91121
    827720    0.942551
    827730    0.902245
    827740    0.907091
    827750    0.880133
    827760    0.911562
    827770    0.911017
    827780    0.923637
    827790    0.914144
    827800    0.935462
    827810    0.892854
    827820    0.909543
    827830    0.919786
    827840    0.918401
    827850    0.925605
    827860    0.903458
    827870    0.898031
    827880    0.906956
    827890    0.907162
    827900    0.900278
    827910    0.900993
    827920    0.888895
    827930    0.882644
    827940    0.895017
    827950    0.911313
    827960    0.917183
    827970    0.909177
    827980    0.884158
    827990    0.923281
    828000    0.932364
    828010    0.922057
    828020     0.92383
    828030     0.89807
    828040    0.899903
    828050    0.895728
    828060    0.926736
    828070    0.909118
    828080    0.921599
    828090    0.905093
    828100    0.884341
    828110     0.92544
    828120    0.897453
    828130    0.903876
    828140    0.885443
    828150    0.876171
    828160    0.894587
    828170    0.886025
    828180    0.880631
    828190    0.889789
    828200    0.885559
    828210    0.869045
    828220     0.87164
    828230    0.886171
    828240    0.889745
    828250    0.904477
    828260    0.872114
    828270    0.874004
    828280    0.882892
    828290    0.876807
    828300     0.86736
    828310    0.874776
    828320    0.875809
    828330     0.88812
    828340    0.874266
    828350    0.901745
    828360    0.894515
    828370    0.894928
    828380    0.918658
    828390    0.910291
    828400    0.908843
    828410    0.910825
    828420    0.889661
    828430     0.88881
    828440     0.89668
    828450    0.892674
    828460    0.906783
    828470    0.885284
    828480    0.871786
    828490    0.887575
    828500    0.888978
    828510    0.882332
    828520    0.915895
    828530    0.890711
    828540    0.891615
    828550    0.896984
    828560    0.863005
    828570    0.882676
    828580    0.901058
    828590    0.888852
    828600    0.885877
    828610    0.885911
    828620    0.882781
    828630    0.870488
    828640    0.896598
    828650    0.884322
    828660    0.885096
    828670    0.894918
    828680    0.885588
    828690    0.872477
    828700    0.891608
    828710    0.879406
    828720    0.886977
    828730    0.898364
    828740    0.892465
    828750    0.906609
    828760    0.887442
    828770    0.920662
    828780     0.90022
    828790    0.912406
    828800    0.900565
    828810    0.890934
    828820    0.883682
    828830    0.903676
    828840    0.889555
    828850      0.8982
    828860    0.901351
    828870     0.89868
    828880    0.905894
    828890    0.913242
    828900    0.904063
    828910    0.894484
    828920    0.877136
    828930    0.903148
    828940     0.90194
    828950    0.889295
    828960    0.881769
    828970    0.909014
    828980    0.892466
    828990    0.897537
    829000    0.891372
    829010    0.881004
    829020    0.908466
    829030    0.914098
    829040     0.91132
    829050    0.898017
    829060    0.902965
    829070    0.896918
    829080    0.905628
    829090    0.908929
    829100    0.903027
    829110    0.907035
    829120    0.925492
    829130    0.893229
    829140    0.883813
    829150    0.912998
    829160    0.915857
    829170    0.903512
    829180    0.904548
    829190    0.906665
    829200     0.90925
    829210    0.915819
    829220     0.91271
    829230    0.907993
    829240    0.925922
    829250    0.906192
    829260    0.885872
    829270    0.913046
    829280    0.902912
    829290    0.898491
    829300    0.902117
    829310    0.898769
    829320    0.894686
    829330    0.883845
    829340    0.887842
    829350    0.883693
    829360    0.901177
    829370     0.90749
    829380    0.889032
    829390    0.909303
    829400     0.89972
    829410    0.896245
    829420     0.90114
    829430    0.879742
    829440    0.908473
    829450    0.891619
    829460    0.887271
    829470    0.895784
    829480    0.910842
    829490     0.89277
    829500      0.8936
    829510    0.907088
    829520    0.885367
    829530    0.892494
    829540    0.901507
    829550    0.914683
    829560    0.890918
    829570    0.918512
    829580    0.886054
    829590    0.898359
    829600     0.90808
    829610     0.90489
    829620    0.900279
    829630     0.88425
    829640    0.905777
    829650     0.90033
    829660    0.887579
    829670    0.887917
    829680    0.883169
    829690    0.888766
    829700    0.895258
    829710    0.891462
    829720    0.879196
    829730    0.888558
    829740    0.888897
    829750    0.896966
    829760    0.888419
    829770    0.894831
    829780    0.916259
    829790    0.893695
    829800    0.913267
    829810    0.892696
    829820    0.898658
    829830    0.907612
    829840    0.912917
    829850    0.912153
    829860    0.891914
    829870    0.911527
    829880    0.913742
    829890    0.919139
    829900    0.912199
    829910    0.886875
    829920     0.89736
    829930    0.902277
    829940    0.904645
    829950    0.917533
    829960    0.891737
    829970    0.916678
    829980    0.909042
    829990    0.895397
    830000    0.899586
    830010    0.921048
    830020    0.913008
    830030    0.922072
    830040    0.896346
    830050    0.904814
    830060     0.91402
    830070    0.904904
    830080    0.895809
    830090    0.912974
    830100    0.920348
    830110    0.896872
    830120    0.897041
    830130    0.894817
    830140    0.910036
    830150    0.868553
    830160    0.897316
    830170    0.899493
    830180    0.902131
    830190    0.885493
    830200    0.896064
    830210      0.8995
    830220    0.893818
    830230    0.896299
    830240    0.927342
    830250    0.925107
    830260     0.88617
    830270    0.904033
    830280    0.913592
    830290    0.894751
    830300    0.904141
    830310    0.900842
    830320    0.910997
    830330    0.886813
    830340    0.913811
    830350    0.907559
    830360    0.907588
    830370    0.910771
    830380    0.914155
    830390    0.904408
    830400    0.919569
    830410    0.901583
    830420    0.909108
    830430    0.909896
    830440    0.919632
    830450    0.904073
    830460    0.888411
    830470    0.925079
    830480    0.917221
    830490    0.910964
    830500    0.918334
    830510    0.941002
    830520    0.902523
    830530    0.920021
    830540    0.927277
    830550    0.911772
    830560    0.898254
    830570    0.903722
    830580    0.910766
    830590    0.912128
    830600    0.932857
    830610    0.909172
    830620    0.911938
    830630    0.904613
    830640    0.904601
    830650    0.929177
    830660    0.937159
    830670    0.918523
    830680     0.92228
    830690    0.898586
    830700    0.935012
    830710    0.919558
    830720    0.913804
    830730    0.894719
    830740    0.901838
    830750    0.901381
    830760    0.905337
    830770    0.884901
    830780    0.930561
    830790    0.918087
    830800    0.909228
    830810    0.926287
    830820    0.941648
    830830    0.885544
    830840    0.911172
    830850    0.905964
    830860    0.902348
    830870    0.927056
    830880    0.919069
    830890    0.916464
    830900    0.912385
    830910     0.90806
    830920     0.91087
    830930    0.920053
    830940    0.913492
    830950    0.917085
    830960    0.904132
    830970     0.90952
    830980     0.90971
    830990    0.912905
    831000    0.916793
    831010    0.930967
    831020    0.909383
    831030     0.92919
    831040    0.914699
    831050    0.902998
    831060    0.920335
    831070    0.898797
    831080    0.910685
    831090    0.911744
    831100    0.889058
    831110    0.918329
    831120    0.900099
    831130    0.890528
    831140    0.892225
    831150    0.883148
    831160    0.912033
    831170    0.883327
    831180    0.901472
    831190    0.900286
    831200    0.942789
    831210    0.896523
    831220    0.890398
    831230    0.928675
    831240    0.907811
    831250    0.917688
    831260     0.89268
    831270    0.919895
    831280    0.932944
    831290    0.910159
    831300    0.925338
    831310    0.954012
    831320    0.919791
    831330    0.917818
    831340    0.938342
    831350    0.921728
    831360    0.917099
    831370    0.911115
    831380     0.92307
    831390    0.918139
    831400    0.910225
    831410     0.91016
    831420    0.914465
    831430    0.898079
    831440    0.912006
    831450    0.914691
    831460     0.91166
    831470    0.901365
    831480    0.900381
    831490    0.911383
    831500    0.911151
    831510    0.909093
    831520    0.911024
    831530    0.923379
    831540    0.914679
    831550    0.902716
    831560    0.923254
    831570    0.913368
    831580    0.910179
    831590     0.93729
    831600    0.911646
    831610    0.921683
    831620     0.91936
    831630    0.917512
    831640    0.898486
    831650    0.917011
    831660     0.91699
    831670    0.919941
    831680    0.935093
    831690    0.929215
    831700    0.934104
    831710     0.90012
    831720    0.923211
    831730    0.896558
    831740    0.913313
    831750    0.917078
    831760    0.922579
    831770    0.915148
    831780    0.914543
    831790    0.903321
    831800    0.916551
    831810    0.901142
    831820     0.89103
    831830    0.891955
    831840    0.891766
    831850    0.920846
    831860    0.904839
    831870    0.920802
    831880    0.924093
    831890    0.884925
    831900    0.907807
    831910    0.912367
    831920    0.908672
    831930    0.898378
    831940    0.892627
    831950    0.911001
    831960    0.912172
    831970    0.920084
    831980    0.881516
    831990    0.885809
    832000    0.893792
    832010    0.893275
    832020    0.883105
    832030    0.904728
    832040    0.906332
    832050     0.90244
    832060    0.921101
    832070    0.907262
    832080    0.902024
    832090    0.907654
    832100     0.89301
    832110    0.922979
    832120    0.888941
    832130    0.904652
    832140    0.895837
    832150    0.901698
    832160    0.890114
    832170    0.894563
    832180    0.896938
    832190    0.889372
    832200    0.886628
    832210    0.899421
    832220    0.903625
    832230    0.905803
    832240    0.926211
    832250    0.911257
    832260    0.918488
    832270    0.897876
    832280    0.903208
    832290    0.920164
    832300    0.905618
    832310    0.926488
    832320    0.925983
    832330    0.916634
    832340    0.924657
    832350    0.908643
    832360    0.900358
    832370    0.894289
    832380     0.89563
    832390    0.898661
    832400    0.887814
    832410    0.901476
    832420     0.90409
    832430    0.882439
    832440    0.892945
    832450    0.904654
    832460    0.901911
    832470    0.902423
    832480    0.908914
    832490    0.913328
    832500    0.918636
    832510    0.921887
    832520    0.939488
    832530    0.917468
    832540    0.906651
    832550    0.900138
    832560    0.905062
    832570    0.901854
    832580    0.905744
    832590    0.908941
    832600    0.915278
    832610    0.891354
    832620    0.905543
    832630    0.913643
    832640    0.902114
    832650    0.892615
    832660    0.890776
    832670     0.90465
    832680    0.889632
    832690    0.912393
    832700    0.886295
    832710    0.913951
    832720     0.90066
    832730    0.898568
    832740    0.894304
    832750     0.90107
    832760     0.90829
    832770    0.891179
    832780    0.905128
    832790    0.899189
    832800    0.912925
    832810    0.893847
    832820    0.913175
    832830    0.887555
    832840    0.918068
    832850    0.912207
    832860    0.908028
    832870    0.899754
    832880    0.898912
    832890    0.893562
    832900    0.907634
    832910    0.891931
    832920    0.907798
    832930    0.892813
    832940    0.887579
    832950    0.901065
    832960    0.883837
    832970    0.890063
    832980     0.89704
    832990    0.890771
    833000    0.913624
    833010    0.900331
    833020    0.880244
    833030    0.911148
    833040     0.90998
    833050    0.909167
    833060    0.899766
    833070     0.89355
    833080    0.906407
    833090    0.906631
    833100    0.907897
    833110     0.89211
    833120    0.904277
    833130    0.903463
    833140    0.909032
    833150    0.904282
    833160    0.902018
    833170    0.910723
    833180    0.923113
    833190    0.903334
    833200    0.886921
    833210    0.897952
    833220    0.896568
    833230    0.898806
    833240     0.88904
    833250    0.898773
    833260    0.905143
    833270    0.902524
    833280     0.92023
    833290    0.919501
    833300    0.910192
    833310    0.907221
    833320    0.923407
    833330    0.938431
    833340    0.912215
    833350     0.90563
    833360    0.914185
    833370    0.896826
    833380    0.908526
    833390    0.897317
    833400    0.910427
    833410    0.914658
    833420    0.899195
    833430     0.89189
    833440    0.931319
    833450    0.916456
    833460    0.920193
    833470    0.913774
    833480    0.922739
    833490    0.911353
    833500    0.924753
    833510    0.910442
    833520    0.913832
    833530    0.909712
    833540    0.892441
    833550    0.907585
    833560    0.923067
    833570    0.925711
    833580    0.929748
    833590    0.909883
    833600    0.903213
    833610    0.906221
    833620      0.9092
    833630    0.916807
    833640    0.900498
    833650    0.906227
    833660    0.903271
    833670    0.904309
    833680     0.89988
    833690    0.905844
    833700    0.901116
    833710    0.909311
    833720    0.935203
    833730    0.892087
    833740    0.927397
    833750    0.911892
    833760    0.907517
    833770    0.923326
    833780    0.919097
    833790    0.908185
    833800    0.898094
    833810    0.911239
    833820     0.88789
    833830    0.891511
    833840    0.928003
    833850    0.890631
    833860    0.868643
    833870    0.906554
    833880    0.887968
    833890    0.881337
    833900    0.888131
    833910    0.883379
    833920     0.88439
    833930    0.896873
    833940    0.930701
    833950    0.903875
    833960    0.924718
    833970    0.909983
    833980    0.903257
    833990     0.90215
    834000    0.907713
    834010    0.877796
    834020    0.916094
    834030    0.885473
    834040    0.899524
    834050    0.893428
    834060    0.888298
    834070    0.927895
    834080    0.882251
    834090    0.898641
    834100     0.89766
    834110    0.880035
    834120    0.911432
    834130    0.882286
    834140    0.900985
    834150    0.878088
    834160    0.891992
    834170    0.903815
    834180    0.873056
    834190    0.882691
    834200    0.901508
    834210    0.916182
    834220    0.878404
    834230    0.875759
    834240    0.882341
    834250    0.883249
    834260    0.884708
    834270    0.898405
    834280    0.903093
    834290    0.878165
    834300    0.880903
    834310    0.891513
    834320    0.900582
    834330    0.895641
    834340    0.888789
    834350    0.894724
    834360    0.893428
    834370    0.897158
    834380    0.871463
    834390    0.905596
    834400    0.888827
    834410    0.898897
    834420    0.904475
    834430    0.889078
    834440     0.89162
    834450    0.887335
    834460    0.888351
    834470    0.904017
    834480    0.890701
    834490    0.887969
    834500    0.896517
    834510    0.886823
    834520    0.903213
    834530     0.91184
    834540     0.90015
    834550    0.889577
    834560    0.908264
    834570    0.891944
    834580    0.903363
    834590    0.912559
    834600    0.919588
    834610    0.889829
    834620    0.898669
    834630    0.891684
    834640    0.929541
    834650    0.913164
    834660    0.904077
    834670    0.900983
    834680    0.897685
    834690    0.887698
    834700    0.891603
    834710    0.894034
    834720    0.900714
    834730    0.907463
    834740    0.888808
    834750    0.892925
    834760     0.92776
    834770    0.912756
    834780     0.90894
    834790    0.888347
    834800    0.897725
    834810    0.873998
    834820    0.913432
    834830    0.879956
    834840    0.911853
    834850    0.900031
    834860    0.895765
    834870     0.88259
    834880    0.883438
    834890    0.885648
    834900    0.903124
    834910    0.895338
    834920    0.898514
    834930    0.878376
    834940    0.876818
    834950     0.89561
    834960    0.867537
    834970    0.866288
    834980     0.88245
    834990    0.876797
    835000    0.875168
    835010    0.881228
    835020    0.883211
    835030    0.903662
    835040    0.890985
    835050     0.88568
    835060    0.888794
    835070     0.88462
    835080    0.875869
    835090     0.87923
    835100    0.877012
    835110    0.864573
    835120    0.877281
    835130    0.887556
    835140    0.886178
    835150    0.881991
    835160    0.891458
    835170    0.881267
    835180     0.90167
    835190    0.876815
    835200     0.89036
    835210    0.886807
    835220    0.885116
    835230    0.884571
    835240    0.879954
    835250    0.874122
    835260    0.881936
    835270    0.873545
    835280    0.887837
    835290    0.874832
    835300    0.880297
    835310    0.892703
    835320    0.893572
    835330    0.883286
    835340    0.892378
    835350    0.889249
    835360    0.882686
    835370    0.888842
    835380    0.893396
    835390    0.878795
    835400    0.903577
    835410     0.88256
    835420    0.877746
    835430    0.893719
    835440    0.882858
    835450    0.887331
    835460    0.875601
    835470    0.891688
    835480    0.902072
    835490    0.901027
    835500     0.88219
    835510    0.898418
    835520    0.900153
    835530    0.870944
    835540    0.887809
    835550    0.903266
    835560    0.911138
    835570    0.873256
    835580    0.893365
    835590    0.894367
    835600    0.891379
    835610    0.886903
    835620    0.898962
    835630    0.874772
    835640    0.887972
    835650    0.894479
    835660    0.879954
    835670    0.888913
    835680    0.890111
    835690    0.875987
    835700    0.885217
    835710    0.878152
    835720    0.881688
    835730    0.861133
    835740    0.881415
    835750    0.900751
    835760    0.902173
    835770    0.887378
    835780    0.869569
    835790    0.896318
    835800    0.890186
    835810    0.893337
    835820    0.883396
    835830    0.906449
    835840    0.868493
    835850     0.88694
    835860    0.890258
    835870    0.876233
    835880    0.898366
    835890    0.911431
    835900    0.892727
    835910    0.886444
    835920    0.895367
    835930    0.894779
    835940    0.886468
    835950     0.87805
    835960    0.879668
    835970    0.884405
    835980    0.882542
    835990    0.887955
    836000     0.87155
    836010    0.876133
    836020    0.887502
    836030    0.890082
    836040    0.897311
    836050    0.889054
    836060     0.87759
    836070    0.880973
    836080    0.884355
    836090    0.903095
    836100    0.882174
    836110    0.894427
    836120    0.889633
    836130    0.875956
    836140    0.886015
    836150    0.894542
    836160    0.889692
    836170    0.883951
    836180    0.902097
    836190    0.894168
    836200    0.884367
    836210    0.897192
    836220    0.901387
    836230    0.893481
    836240    0.886898
    836250    0.887546
    836260    0.866345
    836270    0.898038
    836280    0.893897
    836290    0.892364
    836300    0.894116
    836310    0.913581
    836320    0.871963
    836330    0.881468
    836340    0.894299
    836350    0.873005
    836360    0.891589
    836370    0.885989
    836380    0.919783
    836390    0.904198
    836400    0.881234
    836410    0.889035
    836420    0.892402
    836430    0.891522
    836440    0.890499
    836450    0.890608
    836460    0.884615
    836470    0.891384
    836480    0.898943
    836490    0.876927
    836500    0.885748
    836510    0.891093
    836520    0.905476
    836530    0.905404
    836540    0.892141
    836550     0.89558
    836560    0.914392
    836570    0.894393
    836580    0.893119
    836590    0.916478
    836600    0.904653
    836610     0.90015
    836620    0.906509
    836630     0.89338
    836640    0.883311
    836650    0.888137
    836660    0.893559
    836670    0.895442
    836680     0.89529
    836690    0.889972
    836700    0.880295
    836710    0.906819
    836720    0.894718
    836730    0.883504
    836740    0.883949
    836750    0.895328
    836760    0.889013
    836770    0.876817
    836780    0.881863
    836790    0.903376
    836800    0.890663
    836810    0.900151
    836820    0.874759
    836830      0.8828
    836840    0.908615
    836850    0.890306
    836860    0.911325
    836870    0.881713
    836880     0.90289
    836890    0.899854
    836900    0.879549
    836910     0.90686
    836920    0.886481
    836930    0.896513
    836940    0.897401
    836950    0.898214
    836960    0.919746
    836970    0.888352
    836980    0.892879
    836990    0.903026
    837000    0.878888
    837010    0.917066
    837020     0.89059
    837030    0.896397
    837040    0.905745
    837050    0.866722
    837060    0.892871
    837070    0.888317
    837080    0.885683
    837090    0.875009
    837100    0.885507
    837110    0.894773
    837120    0.905376
    837130    0.882213
    837140    0.894011
    837150    0.893052
    837160    0.902412
    837170    0.898953
    837180    0.909155
    837190    0.867063
    837200    0.896885
    837210    0.894133
    837220     0.87651
    837230    0.885818
    837240    0.897399
    837250    0.895137
    837260    0.886056
    837270    0.884886
    837280    0.894267
    837290    0.892549
    837300     0.88114
    837310    0.907121
    837320    0.877815
    837330    0.870068
    837340    0.890042
    837350    0.906022
    837360    0.896188
    837370    0.877113
    837380    0.889098
    837390    0.900285
    837400    0.896005
    837410    0.908373
    837420    0.909995
    837430    0.909639
    837440    0.894103
    837450    0.898977
    837460    0.895306
    837470    0.895657
    837480    0.896949
    837490    0.906367
    837500    0.900849
    837510     0.88811
    837520    0.882554
    837530    0.910191
    837540    0.898064
    837550    0.881904
    837560    0.885829
    837570    0.881942
    837580    0.892497
    837590    0.914617
    837600    0.904222
    837610    0.920842
    837620     0.88864
    837630    0.889541
    837640    0.904045
    837650    0.892026
    837660    0.901006
    837670    0.880806
    837680    0.908595
    837690     0.90849
    837700    0.888457
    837710    0.905898
    837720    0.911385
    837730    0.903407
    837740    0.915389
    837750    0.889108
    837760    0.885041
    837770    0.884202
    837780    0.888972
    837790    0.872186
    837800    0.898902
    837810    0.886576
    837820    0.919353
    837830    0.894609
    837840    0.898628
    837850    0.885135
    837860    0.875895
    837870    0.923101
    837880    0.892153
    837890    0.903202
    837900     0.90872
    837910    0.900278
    837920    0.895107
    837930    0.934225
    837940    0.925474
    837950    0.923063
    837960    0.904079
    837970     0.89625
    837980    0.894646
    837990    0.896969
    838000    0.908836
    838010    0.867259
    838020    0.886629
    838030    0.894893
    838040     0.87569
    838050    0.910977
    838060     0.90157
    838070    0.901228
    838080    0.887796
    838090    0.902977
    838100    0.881761
    838110    0.894336
    838120     0.89727
    838130    0.890221
    838140    0.920438
    838150    0.908885
    838160    0.878993
    838170    0.907063
    838180    0.895812
    838190    0.890612
    838200    0.890791
    838210    0.906022
    838220    0.888022
    838230    0.894495
    838240    0.908568
    838250    0.913396
    838260    0.899873
    838270    0.898292
    838280    0.933423
    838290    0.913417
    838300    0.927411
    838310     0.91546
    838320     0.90065
    838330    0.891833
    838340    0.882041
    838350    0.895012
    838360    0.883007
    838370    0.896896
    838380    0.896415
    838390    0.908123
    838400    0.901959
    838410    0.895978
    838420    0.900458
    838430    0.891116
    838440    0.887098
    838450    0.880841
    838460    0.891742
    838470    0.886575
    838480    0.885162
    838490    0.896546
    838500    0.911523
    838510    0.890508
    838520    0.907426
    838530    0.918506
    838540    0.891948
    838550     0.88722
    838560    0.901185
    838570    0.926216
    838580     0.91215
    838590    0.927373
    838600    0.901848
    838610    0.882121
    838620    0.901024
    838630     0.90453
    838640    0.937586
    838650    0.892527
    838660    0.897369
    838670    0.897618
    838680    0.904987
    838690    0.898779
    838700    0.904026
    838710     0.90053
    838720    0.908127
    838730    0.910666
    838740    0.914126
    838750    0.892485
    838760    0.922069
    838770    0.901985
    838780    0.877698
    838790    0.888425
    838800    0.907249
    838810    0.914163
    838820    0.905029
    838830    0.909396
    838840    0.888215
    838850    0.914891
    838860    0.910295
    838870    0.887704
    838880    0.898039
    838890    0.914403
    838900    0.904432
    838910    0.903414
    838920    0.881791
    838930    0.873135
    838940    0.876892
    838950    0.900483
    838960    0.910278
    838970    0.886733
    838980    0.883885
    838990    0.879099
    839000    0.920447
    839010    0.908337
    839020     0.88041
    839030    0.904316
    839040    0.876257
    839050    0.911305
    839060    0.920067
    839070    0.894044
    839080    0.894918
    839090    0.907646
    839100    0.897007
    839110    0.892325
    839120    0.901134
    839130    0.901198
    839140    0.883625
    839150    0.880505
    839160    0.883067
    839170    0.889245
    839180    0.892484
    839190    0.902253
    839200    0.895697
    839210       0.885
    839220    0.890032
    839230    0.886251
    839240    0.887703
    839250    0.884168
    839260    0.896938
    839270    0.885772
    839280    0.887307
    839290    0.899271
    839300    0.882296
    839310    0.886276
    839320    0.891292
    839330    0.883966
    839340    0.884436
    839350    0.890294
    839360    0.887525
    839370    0.912603
    839380    0.872992
    839390    0.908429
    839400    0.888673
    839410    0.896205
    839420    0.886894
    839430    0.889331
    839440    0.861079
    839450    0.866932
    839460    0.902226
    839470    0.917704
    839480    0.889093
    839490     0.90307
    839500    0.877426
    839510      0.8949
    839520    0.886381
    839530    0.866168
    839540    0.874543
    839550    0.869996
    839560    0.877026
    839570    0.876876
    839580    0.867665
    839590    0.865518
    839600    0.854699
    839610     0.88035
    839620    0.869633
    839630    0.911948
    839640    0.884318
    839650     0.89159
    839660    0.893699
    839670     0.87869
    839680    0.894738
    839690    0.892346
    839700    0.886986
    839710    0.890105
    839720    0.904045
    839730    0.887607
    839740    0.889029
    839750    0.878708
    839760     0.89677
    839770    0.901425
    839780    0.887954
    839790    0.870335
    839800    0.897676
    839810    0.888131
    839820    0.895204
    839830    0.883134
    839840    0.872846
    839850    0.891873
    839860    0.883768
    839870    0.885843
    839880     0.88617
    839890    0.904949
    839900    0.879535
    839910    0.886301
    839920    0.871491
    839930    0.873819
    839940    0.890589
    839950    0.879991
    839960    0.879238
    839970    0.887619
    839980    0.899316
    839990     0.90525
    840000    0.870251
    840010    0.887203
    840020    0.872315
    840030    0.891212
    840040    0.889597
    840050    0.882265
    840060    0.882513
    840070    0.874409
    840080    0.890164
    840090    0.891811
    840100    0.893584
    840110    0.880473
    840120    0.889515
    840130    0.898008
    840140    0.879273
    840150    0.909775
    840160    0.927808
    840170    0.906382
    840180    0.904437
    840190     0.88713
    840200    0.889965
    840210    0.905568
    840220    0.888784
    840230    0.889786
    840240     0.88129
    840250    0.882536
    840260    0.890437
    840270    0.890701
    840280    0.897934
    840290    0.881148
    840300    0.885473
    840310     0.86035
    840320    0.887388
    840330    0.874384
    840340     0.88416
    840350    0.871983
    840360    0.893742
    840370    0.881375
    840380    0.890866
    840390     0.87485
    840400     0.89769
    840410    0.878714
    840420    0.868612
    840430    0.884146
    840440    0.856795
    840450     0.87514
    840460    0.877917
    840470      0.8785
    840480    0.898199
    840490    0.898525
    840500    0.885786
    840510    0.896947
    840520    0.878933
    840530    0.892263
    840540     0.90171
    840550    0.894193
    840560     0.87936
    840570    0.891373
    840580     0.88637
    840590    0.897595
    840600    0.894016
    840610    0.902216
    840620    0.886786
    840630     0.85849
    840640    0.902498
    840650    0.876535
    840660    0.872102
    840670    0.879077
    840680    0.882407
    840690    0.877962
    840700    0.876759
    840710     0.86814
    840720    0.865716
    840730    0.858992
    840740    0.882257
    840750    0.907381
    840760     0.89247
    840770    0.862125
    840780    0.863214
    840790    0.887559
    840800    0.904675
    840810    0.862594
    840820    0.883117
    840830    0.922797
    840840     0.91976
    840850    0.911687
    840860    0.924002
    840870    0.905314
    840880    0.933074
    840890     0.90694
    840900    0.951099
    840910    0.929701
    840920    0.974784
    840930    0.947718
    840940    0.922804
    840950    0.944273
    840960    0.948676
    840970    0.946443
    840980    0.956317
    840990    0.941772
    841000    0.957577
    841010    0.952588
    841020    0.949602
    841030     0.95414
    841040    0.954379
    841050    0.948448
    841060    0.960801
    841070    0.958829
    841080    0.950454
    841090    0.954123
    841100    0.953888
    841110    0.947867
    841120    0.959016
    841130     1.00074
    841140    0.978804
    841150    0.972277
    841160    0.958995
    841170    0.948592
    841180    0.960041
    841190    0.956046
    841200    0.954305
    841210    0.960653
    841220    0.956583
    841230     0.92027
    841240    0.953865
    841250     0.95741
    841260    0.956413
    841270    0.951938
    841280    0.966775
    841290    0.958115
    841300    0.940269
    841310    0.937904
    841320    0.938311
    841330     0.92488
    841340    0.951609
    841350    0.954701
    841360    0.911684
    841370    0.938733
    841380    0.945444
    841390     0.94931
    841400    0.947078
    841410    0.947848
    841420    0.909124
    841430    0.965061
    841440     0.94022
    841450    0.959203
    841460    0.940147
    841470    0.939889
    841480     0.93921
    841490    0.945558
    841500    0.927978
    841510    0.932317
    841520    0.924624
    841530    0.944688
    841540    0.948121
    841550    0.919592
    841560    0.937875
    841570    0.912414
    841580    0.932031
    841590    0.935191
    841600    0.935746
    841610    0.930984
    841620    0.937447
    841630    0.921347
    841640    0.935464
    841650    0.946119
    841660     0.93718
    841670    0.913919
    841680    0.917465
    841690    0.935223
    841700    0.919171
    841710    0.907289
    841720    0.915896
    841730    0.913227
    841740    0.904414
    841750    0.926265
    841760    0.908184
    841770    0.905451
    841780    0.900341
    841790    0.936146
    841800    0.926966
    841810    0.933816
    841820    0.916316
    841830    0.919047
    841840    0.913275
    841850    0.918592
    841860    0.898063
    841870    0.929746
    841880    0.921614
    841890    0.933283
    841900    0.916918
    841910    0.922272
    841920    0.906606
    841930    0.922191
    841940    0.906764
    841950    0.918162
    841960    0.924677
    841970    0.912725
    841980    0.912237
    841990    0.888798
    842000    0.918601
    842010    0.912482
    842020    0.911239
    842030        0.89
    842040    0.910821
    842050    0.934254
    842060    0.931956
    842070    0.928325
    842080    0.932434
    842090    0.924397
    842100     0.93388
    842110    0.930303
    842120    0.909768
    842130     0.90312
    842140    0.923583
    842150    0.921966
    842160    0.919368
    842170    0.928389
    842180    0.925044
    842190    0.915561
    842200     0.90587
    842210    0.923941
    842220    0.935945
    842230    0.900008
    842240    0.914368
    842250    0.922547
    842260    0.913794
    842270    0.908105
    842280    0.912264
    842290    0.925575
    842300    0.925701
    842310    0.932257
    842320    0.918815
    842330     0.91463
    842340    0.907912
    842350    0.919681
    842360    0.919175
    842370    0.930445
    842380    0.903744
    842390    0.933047
    842400    0.931124
    842410    0.928933
    842420    0.910272
    842430    0.923202
    842440    0.897924
    842450    0.930033
    842460    0.899358
    842470    0.917936
    842480     0.93156
    842490    0.925903
    842500    0.934493
    842510     0.94422
    842520    0.928901
    842530    0.923629
    842540    0.939871
    842550    0.941657
    842560    0.927361
    842570    0.946772
    842580    0.950863
    842590    0.935274
    842600    0.948316
    842610    0.930867
    842620    0.969653
    842630    0.937244
    842640    0.951161
    842650    0.942129
    842660    0.918312
    842670    0.923461
    842680    0.897992
    842690    0.917182
    842700    0.922189
    842710     0.89283
    842720    0.933698
    842730    0.915523
    842740    0.922228
    842750    0.917463
    842760    0.912681
    842770    0.918555
    842780    0.909145
    842790    0.920153
    842800    0.924333
    842810     0.92559
    842820    0.947905
    842830    0.926727
    842840     0.92328
    842850     0.92197
    842860    0.897389
    842870    0.915653
    842880    0.921573
    842890    0.917638
    842900    0.914629
    842910    0.925722
    842920    0.915288
    842930     0.94816
    842940    0.961951
    842950    0.939091
    842960     0.96098
    842970    0.948806
    842980    0.947209
    842990    0.954989
    843000    0.932592
    843010    0.944272
    843020    0.973926
    843030    0.973064
    843040    0.965311
    843050    0.946541
    843060    0.921194
    843070    0.946354
    843080    0.923558
    843090    0.929662
    843100    0.931311
    843110    0.945173
    843120    0.945051
    843130    0.936017
    843140    0.947108
    843150    0.937023
    843160    0.931933
    843170    0.921301
    843180     0.93803
    843190     0.95469
    843200    0.938394
    843210    0.920471
    843220    0.927199
    843230    0.938822
    843240       0.932
    843250    0.936844
    843260    0.951572
    843270    0.952552
    843280    0.954392
    843290    0.929761
    843300    0.919578
    843310    0.915838
    843320    0.935636
    843330    0.911523
    843340    0.891238
    843350    0.892182
    843360    0.878213
    843370    0.856696
    843380    0.885985
    843390    0.907922
    843400    0.915585
    843410    0.895069
    843420    0.898193
    843430     0.89314
    843440    0.909983
    843450    0.899079
    843460    0.888609
    843470    0.876635
    843480    0.895645
    843490    0.900218
    843500    0.890452
    843510    0.919188
    843520     0.89807
    843530    0.898554
    843540    0.888347
    843550    0.915771
    843560    0.893047
    843570    0.913683
    843580    0.904855
    843590    0.883882
    843600    0.884146
    843610    0.902958
    843620    0.904204
    843630    0.895509
    843640    0.908996
    843650    0.925164
    843660    0.895993
    843670      0.9059
    843680    0.877843
    843690    0.886774
    843700    0.891419
    843710    0.890632
    843720    0.894655
    843730      0.8877
    843740    0.892718
    843750    0.893857
    843760    0.900081
    843770    0.899254
    843780     0.88043
    843790    0.870775
    843800    0.874234
    843810    0.868552
    843820    0.871808
    843830    0.884244
    843840    0.884531
    843850    0.858375
    843860    0.871996
    843870    0.866249
    843880     0.86238
    843890    0.858131
    843900    0.868986
    843910    0.867192
    843920    0.855861
    843930    0.888363
    843940    0.895956
    843950    0.893014
    843960    0.886418
    843970    0.883757
    843980    0.897037
    843990    0.898452
    844000    0.896725
    844010     0.88382
    844020    0.896685
    844030    0.903069
    844040    0.888363
    844050    0.874226
    844060    0.901318
    844070    0.910844
    844080    0.899079
    844090    0.897287
    844100    0.890474
    844110    0.896115
    844120    0.890299
    844130    0.893155
    844140    0.902398
    844150    0.892496
    844160    0.895544
    844170    0.884427
    844180    0.891372
    844190    0.907776
    844200     0.89074
    844210    0.910233
    844220    0.901763
    844230    0.914366
    844240    0.902396
    844250     0.89366
    844260    0.891999
    844270    0.894691
    844280    0.897203
    844290    0.895186
    844300    0.895766
    844310    0.900489
    844320    0.911496
    844330    0.904375
    844340    0.889283
    844350    0.918693
    844360    0.893779
    844370    0.927373
    844380    0.915008
    844390    0.906215
    844400    0.907937
    844410    0.926924
    844420    0.902736
    844430    0.891965
    844440    0.898121
    844450    0.907316
    844460    0.905152
    844470    0.919799
    844480    0.906505
    844490    0.882487
    844500    0.901722
    844510    0.911748
    844520    0.884867
    844530    0.909595
    844540    0.899238
    844550    0.932081
    844560    0.921825
    844570    0.901468
    844580    0.904652
    844590    0.898898
    844600    0.918229
    844610    0.938946
    844620    0.929297
    844630    0.938063
    844640    0.945761
    844650    0.918587
    844660    0.908333
    844670    0.910007
    844680     0.90974
    844690    0.929057
    844700     0.92626
    844710    0.940496
    844720     0.92645
    844730    0.926589
    844740    0.928249
    844750     0.90374
    844760    0.891151
    844770    0.898667
    844780    0.916841
    844790    0.907945
    844800    0.923887
    844810    0.932173
    844820    0.902642
    844830    0.887122
    844840    0.909793
    844850    0.879491
    844860    0.882366
    844870    0.892308
    844880    0.885488
    844890    0.915524
    844900    0.910092
    844910    0.916293
    844920    0.914808
    844930    0.902477
    844940    0.888088
    844950     0.91252
    844960    0.893835
    844970    0.901095
    844980    0.892508
    844990    0.918574
    845000    0.894697
    845010    0.923542
    845020     0.90963
    845030    0.899022
    845040    0.905662
    845050    0.906882
    845060    0.897686
    845070    0.898787
    845080    0.893064
    845090    0.900049
    845100     0.91168
    845110    0.914877
    845120    0.923315
    845130    0.895112
    845140     0.92679
    845150    0.888446
    845160    0.894411
    845170    0.909768
    845180    0.904215
    845190     0.88927
    845200    0.918051
    845210    0.894871
    845220    0.909024
    845230    0.897367
    845240    0.899315
    845250    0.905892
    845260    0.898068
    845270    0.896873
    845280    0.896697
    845290    0.890591
    845300    0.905384
    845310     0.90648
    845320    0.918817
    845330    0.904634
    845340    0.914778
    845350    0.895309
    845360    0.910626
    845370     0.91498
    845380     0.90531
    845390    0.917826
    845400    0.908364
    845410    0.909458
    845420    0.905767
    845430    0.916165
    845440    0.903202
    845450    0.912129
    845460    0.908695
    845470    0.896843
    845480    0.923369
    845490    0.912777
    845500    0.930903
    845510    0.915001
    845520    0.903192
    845530    0.907509
    845540    0.916198
    845550    0.929195
    845560    0.943212
    845570    0.940505
    845580    0.982349
    845590    0.936535
    845600    0.919916
    845610    0.963533
    845620     0.94695
    845630    0.954033
    845640    0.934897
    845650    0.942411
    845660    0.932712
    845670    0.954826
    845680    0.941274
    845690    0.921699
    845700    0.956359
    845710    0.945381
    845720    0.941029
    845730    0.936305
    845740    0.956413
    845750    0.956708
    845760     0.95498
    845770    0.939293
    845780     0.95726
    845790    0.969268
    845800    0.940236
    845810    0.937729
    845820    0.933045
    845830    0.960261
    845840    0.942814
    845850    0.925443
    845860    0.929383
    845870    0.936927
    845880    0.954719
    845890    0.916208
    845900    0.941567
    845910     0.93179
    845920    0.933209
    845930    0.930406
    845940    0.935789
    845950    0.914985
    845960    0.942049
    845970    0.964024
    845980    0.933728
    845990    0.946832
    846000    0.930329
    846010    0.932974
    846020    0.938256
    846030    0.915951
    846040     0.92112
    846050    0.916485
    846060     0.93113
    846070    0.926432
    846080    0.906713
    846090    0.944839
    846100    0.929807
    846110    0.914458
    846120    0.929064
    846130    0.930553
    846140    0.933491
    846150    0.907335
    846160    0.908134
    846170    0.909534
    846180    0.910326
    846190    0.920434
    846200    0.903078
    846210    0.909064
    846220    0.913461
    846230    0.923257
    846240    0.926236
    846250    0.920891
    846260    0.921365
    846270    0.916356
    846280    0.914728
    846290    0.916183
    846300    0.916806
    846310    0.919006
    846320     0.91796
    846330    0.877704
    846340    0.919483
    846350    0.907183
    846360    0.895891
    846370    0.911537
    846380    0.908015
    846390    0.896639
    846400    0.910426
    846410    0.915994
    846420    0.898615
    846430    0.912627
    846440    0.918036
    846450    0.905169
    846460    0.916125
    846470    0.892232
    846480    0.891477
    846490    0.897688
    846500    0.909919
    846510    0.927599
    846520    0.903986
    846530    0.933074
    846540    0.922272
    846550    0.918127
    846560    0.902516
    846570     0.90478
    846580    0.896683
    846590    0.904712
    846600    0.895053
    846610    0.915639
    846620    0.915119
    846630    0.923421
    846640    0.897336
    846650    0.908703
    846660    0.904688
    846670    0.903147
    846680     0.91904
    846690    0.885764
    846700    0.908939
    846710    0.913309
    846720    0.913451
    846730    0.910587
    846740    0.903014
    846750    0.905992
    846760    0.912032
    846770    0.926375
    846780     0.90238
    846790    0.899152
    846800    0.898247
    846810    0.934401
    846820    0.958665
    846830    0.959548
    846840    0.948064
    846850    0.906278
    846860    0.894113
    846870    0.925871
    846880    0.930495
    846890    0.934484
    846900    0.924613
    846910    0.944148
    846920     0.92688
    846930    0.936181
    846940    0.916246
    846950    0.922829
    846960    0.927753
    846970    0.917119
    846980    0.953308
    846990    0.922876
    847000    0.899779
    847010    0.900335
    847020    0.898902
    847030    0.912776
    847040    0.922137
    847050    0.906618
    847060    0.913172
    847070    0.935947
    847080    0.921183
    847090    0.901249
    847100    0.907441
    847110    0.924704
    847120    0.918955
    847130    0.931196
    847140    0.913024
    847150    0.904568
    847160    0.932552
    847170    0.920576
    847180    0.911972
    847190    0.904599
    847200    0.911498
    847210    0.906746
    847220    0.888536
    847230    0.933685
    847240    0.902049
    847250    0.905261
    847260    0.888195
    847270    0.898684
    847280    0.913244
    847290    0.897442
    847300    0.906797
    847310    0.911293
    847320    0.910323
    847330    0.874507
    847340    0.896272
    847350    0.891805
    847360    0.890858
    847370      0.8927
    847380    0.909899
    847390    0.908209
    847400    0.904707
    847410    0.910557
    847420    0.892251
    847430    0.887866
    847440    0.897191
    847450    0.882173
    847460    0.902194
    847470    0.884477
    847480    0.916771
    847490    0.905463
    847500    0.895401
    847510    0.889391
    847520    0.879711
    847530    0.888439
    847540     0.88715
    847550    0.917126
    847560    0.895513
    847570    0.908922
    847580    0.924004
    847590    0.900938
    847600    0.919804
    847610     0.91456
    847620    0.914434
    847630     0.92066
    847640    0.908504
    847650    0.922376
    847660    0.914107
    847670    0.894316
    847680    0.940944
    847690    0.936826
    847700     0.90536
    847710    0.941736
    847720    0.916296
    847730     0.92432
    847740    0.924561
    847750    0.927675
    847760    0.930455
    847770     0.91541
    847780    0.903266
    847790    0.925184
    847800    0.931072
    847810    0.922735
    847820    0.912753
    847830    0.899268
    847840    0.896001
    847850    0.925711
    847860    0.916634
    847870    0.923989
    847880    0.939658
    847890    0.907213
    847900    0.919244
    847910    0.922655
    847920    0.920773
    847930    0.918513
    847940    0.914661
    847950    0.927068
    847960    0.938468
    847970    0.892741
    847980    0.906249
    847990    0.894829
    848000    0.918256
    848010    0.937488
    848020    0.916788
    848030    0.915504
    848040    0.914716
    848050    0.946707
    848060    0.916503
    848070     0.95302
    848080    0.932604
    848090    0.897204
    848100    0.938003
    848110    0.931914
    848120    0.925401
    848130     0.91241
    848140    0.931187
    848150    0.929854
    848160    0.947055
    848170    0.924881
    848180    0.925408
    848190    0.939802
    848200    0.951167
    848210    0.954789
    848220    0.923831
    848230    0.914883
    848240     0.92397
    848250    0.938044
    848260    0.906508
    848270    0.906996
    848280    0.921953
    848290    0.926698
    848300    0.919531
    848310    0.905389
    848320    0.910641
    848330    0.920956
    848340     0.92511
    848350    0.928556
    848360    0.890368
    848370    0.899464
    848380    0.896653
    848390    0.894465
    848400    0.925446
    848410    0.933966
    848420    0.912393
    848430    0.912957
    848440    0.880814
    848450    0.887325
    848460    0.905509
    848470    0.908063
    848480    0.925746
    848490    0.908081
    848500       0.884
    848510    0.885694
    848520    0.887874
    848530    0.863621
    848540    0.878491
    848550    0.880488
    848560    0.898405
    848570    0.891033
    848580    0.901164
    848590    0.927805
    848600    0.891886
    848610    0.925292
    848620    0.926998
    848630    0.915731
    848640    0.918444
    848650    0.911342
    848660    0.914742
    848670    0.907234
    848680    0.911488
    848690     0.88887
    848700    0.887338
    848710     0.90909
    848720    0.899576
    848730    0.905699
    848740    0.873252
    848750    0.897185
    848760    0.897685
    848770    0.898925
    848780    0.907592
    848790    0.909194
    848800    0.893171
    848810    0.887452
    848820    0.904239
    848830    0.898363
    848840    0.893374
    848850    0.895167
    848860    0.883181
    848870    0.893973
    848880    0.907834
    848890    0.899381
    848900    0.902744
    848910     0.89847
    848920    0.909481
    848930    0.902164
    848940    0.902849
    848950    0.892051
    848960    0.876244
    848970    0.914682
    848980    0.897725
    848990    0.903749
    849000    0.881947
    849010    0.883952
    849020     0.88738
    849030    0.884721
    849040    0.905274
    849050    0.898853
    849060    0.890828
    849070    0.878294
    849080    0.917907
    849090    0.891296
    849100    0.900949
    849110    0.931299
    849120    0.897646
    849130    0.913061
    849140    0.893902
    849150    0.893806
    849160    0.899792
    849170    0.922386
    849180     0.95888
    849190    0.923835
    849200    0.909474
    849210    0.898629
    849220    0.904365
    849230    0.882816
    849240    0.919896
    849250     0.89091
    849260    0.908792
    849270    0.902239
    849280    0.893837
    849290    0.895275
    849300    0.899631
    849310    0.891118
    849320    0.901728
    849330     0.91664
    849340    0.902421
    849350     0.92381
    849360    0.895418
    849370    0.916909
    849380    0.911027
    849390    0.912962
    849400    0.903535
    849410    0.905901
    849420    0.943096
    849430    0.921868
    849440    0.910841
    849450    0.918527
    849460    0.909085
    849470    0.933646
    849480    0.869269
    849490    0.894614
    849500    0.888689
    849510    0.900033
    849520     0.89873
    849530    0.884569
    849540    0.920052
    849550    0.919493
    849560    0.920745
    849570    0.913175
    849580    0.902178
    849590     0.90644
    849600     0.92622
    849610    0.908712
    849620    0.913627
    849630    0.895687
    849640    0.898134
    849650    0.926536
    849660    0.915067
    849670    0.935498
    849680    0.920091
    849690    0.917369
    849700    0.930703
    849710    0.916017
    849720    0.922831
    849730     0.94845
    849740    0.944147
    849750    0.907579
    849760    0.927764
    849770    0.972664
    849780    0.943222
    849790    0.930026
    849800    0.910155
    849810    0.919136
    849820    0.922547
    849830    0.928723
    849840    0.893655
    849850    0.902379
    849860    0.895384
    849870    0.913362
    849880    0.933168
    849890    0.894777
    849900    0.899084
    849910    0.896883
    849920    0.900426
    849930    0.912491
    849940    0.909447
    849950    0.890503
    849960    0.883439
    849970    0.910519
    849980     0.89333
    849990    0.902063
    850000    0.934669
    850010    0.883437
    850020    0.876287
    850030    0.864067
    850040    0.888118
    850050    0.869088
    850060    0.847953
    850070    0.818146
    850080    0.828256
    850090    0.843129
    850100    0.834449
    850110    0.825558
    850120    0.828766
    850130    0.845221
    850140    0.813257
    850150    0.814806
    850160    0.819807
    850170    0.810454
    850180    0.807057
    850190    0.838704
    850200    0.823802
    850210    0.826777
    850220    0.830198
    850230    0.842514
    850240    0.852248
    850250    0.820554
    850260    0.829092
    850270    0.823508
    850280     0.84157
    850290    0.858129
    850300    0.812798
    850310    0.838937
    850320    0.850953
    850330    0.813143
    850340     0.85286
    850350     0.82599
    850360    0.841191
    850370    0.841573
    850380    0.833421
    850390     0.82227
    850400    0.835634
    850410    0.860283
    850420    0.870088
    850430    0.875153
    850440    0.887197
    850450    0.868689
    850460     0.86089
    850470     0.87848
    850480    0.887529
    850490    0.882484
    850500    0.872016
    850510    0.867353
    850520    0.866859
    850530    0.866005
    850540    0.884737
    850550     0.85105
    850560    0.852889
    850570    0.874781
    850580    0.870304
    850590    0.879563
    850600     0.86741
    850610     0.89805
    850620    0.871089
    850630    0.875243
    850640    0.883725
    850650    0.881052
    850660    0.863334
    850670    0.867656
    850680    0.841514
    850690    0.864235
    850700    0.868693
    850710    0.874194
    850720    0.891254
    850730    0.869712
    850740    0.876604
    850750     0.89174
    850760    0.907471
    850770    0.900011
    850780    0.881231
    850790    0.883299
    850800    0.875534
    850810    0.877321
    850820    0.890678
    850830    0.909105
    850840    0.900257
    850850    0.896686
    850860    0.879316
    850870    0.885714
    850880    0.891759
    850890    0.898376
    850900    0.869655
    850910     0.88886
    850920    0.894273
    850930    0.893342
    850940    0.863668
    850950     0.89625
    850960    0.910232
    850970    0.888986
    850980    0.888201
    850990    0.863484
    851000    0.862586
    851010    0.902715
    851020    0.882043
    851030    0.894731
    851040    0.904365
    851050    0.888666
    851060     0.88693
    851070     0.89914
    851080    0.907383
    851090     0.87957
    851100    0.883866
    851110    0.866776
    851120    0.898504
    851130    0.889026
    851140    0.891654
    851150    0.912275
    851160    0.884972
    851170    0.898032
    851180    0.889255
    851190    0.903913
    851200    0.915927
    851210    0.891157
    851220    0.893076
    851230    0.889851
    851240     0.89707
    851250    0.906248
    851260    0.895337
    851270    0.915541
    851280    0.910648
    851290    0.898262
    851300    0.891982
    851310    0.897539
    851320    0.898327
    851330    0.880156
    851340    0.894669
    851350    0.891069
    851360     0.92242
    851370    0.929017
    851380    0.897698
    851390    0.919497
    851400    0.921343
    851410    0.931887
    851420    0.927246
    851430    0.909303
    851440    0.911969
    851450    0.904466
    851460    0.913681
    851470    0.907741
    851480    0.906021
    851490    0.909359
    851500    0.907576
    851510    0.916828
    851520    0.914843
    851530    0.928404
    851540     0.90695
    851550     0.88737
    851560     0.90459
    851570    0.908245
    851580    0.929181
    851590    0.893866
    851600    0.918598
    851610    0.914553
    851620    0.884744
    851630    0.922278
    851640    0.885921
    851650    0.908767
    851660    0.893037
    851670    0.903087
    851680    0.920257
    851690    0.884582
    851700    0.892295
    851710    0.886745
    851720    0.904582
    851730    0.913785
    851740    0.909416
    851750    0.910469
    851760    0.909369
    851770    0.902983
    851780    0.920026
    851790    0.899739
    851800    0.894547
    851810    0.924052
    851820    0.919175
    851830    0.898247
    851840     0.91515
    851850    0.925045
    851860     0.90854
    851870    0.922325
    851880    0.914815
    851890    0.909552
    851900    0.919535
    851910    0.901799
    851920    0.912443
    851930    0.922587
    851940    0.919843
    851950    0.909571
    851960    0.903178
    851970    0.904527
    851980    0.899083
    851990    0.901492
    852000    0.908971
    852010      0.9103
    852020    0.900609
    852030    0.918167
    852040    0.910997
    852050    0.926287
    852060    0.918274
    852070    0.922352
    852080    0.927826
    852090    0.903691
    852100    0.922222
    852110    0.896095
    852120    0.927004
    852130     0.90687
    852140     0.90219
    852150    0.926933
    852160    0.913671
    852170    0.933047
    852180     0.92508
    852190    0.926894
    852200     0.93141
    852210    0.929936
    852220    0.917323
    852230    0.920452
    852240    0.921217
    852250    0.915038
    852260    0.921364
    852270    0.908256
    852280    0.920435
    852290    0.916225
    852300    0.894108
    852310    0.900988
    852320    0.916178
    852330    0.887141
    852340    0.897427
    852350     0.88785
    852360    0.896868
    852370    0.888105
    852380    0.899901
    852390    0.911993
    852400    0.922762
    852410    0.894975
    852420    0.914185
    852430    0.920808
    852440    0.911286
    852450    0.907516
    852460    0.918595
    852470    0.896624
    852480    0.930234
    852490    0.881529
    852500    0.896626
    852510    0.901901
    852520    0.920532
    852530    0.906009
    852540    0.904513
    852550    0.903395
    852560     0.89073
    852570    0.897772
    852580    0.904359
    852590    0.901492
    852600    0.930395
    852610    0.879377
    852620    0.890085
    852630    0.885247
    852640    0.914337
    852650    0.896814
    852660    0.899129
    852670    0.888327
    852680    0.923477
    852690    0.916445
    852700    0.919101
    852710    0.909538
    852720    0.899761
    852730    0.914955
    852740    0.910339
    852750    0.905353
    852760    0.906556
    852770     0.89286
    852780     0.91553
    852790     0.88794
    852800     0.89582
    852810    0.915891
    852820    0.904354
    852830    0.903469
    852840    0.891245
    852850    0.924673
    852860    0.893652
    852870    0.903306
    852880    0.911826
    852890    0.915297
    852900    0.911828
    852910    0.894562
    852920     0.89822
    852930    0.898744
    852940    0.900295
    852950    0.897773
    852960    0.935228
    852970    0.901386
    852980    0.897388
    852990    0.898138
    853000     0.90958
    853010    0.888843
    853020    0.894597
    853030    0.895112
    853040    0.888687
    853050     0.89733
    853060    0.924408
    853070    0.889063
    853080    0.910502
    853090    0.913523
    853100      0.9139
    853110    0.904869
    853120    0.905804
    853130     0.89574
    853140    0.913063
    853150     0.89864
    853160    0.894176
    853170    0.898324
    853180    0.912865
    853190    0.903789
    853200    0.896954
    853210    0.907641
    853220     0.89882
    853230    0.888874
    853240    0.891485
    853250    0.894954
    853260    0.896968
    853270    0.922197
    853280    0.903241
    853290    0.918001
    853300    0.889482
    853310    0.901619
    853320     0.91091
    853330     0.90003
    853340    0.920834
    853350    0.918697
    853360    0.902569
    853370    0.894959
    853380    0.893034
    853390    0.916017
    853400    0.905131
    853410    0.901812
    853420    0.909724
    853430    0.910573
    853440    0.903166
    853450    0.875287
    853460    0.899675
    853470    0.894019
    853480    0.917472
    853490    0.892286
    853500    0.893116
    853510    0.904633
    853520    0.905379
    853530    0.915887
    853540    0.913032
    853550    0.907015
    853560    0.920772
    853570    0.917289
    853580    0.892616
    853590     0.89817
    853600    0.898328
    853610    0.909629
    853620    0.908947
    853630    0.899276
    853640    0.922877
    853650    0.916006
    853660     0.89647
    853670    0.920296
    853680     0.90638
    853690    0.899234
    853700    0.913309
    853710    0.907451
    853720    0.899207
    853730    0.901804
    853740    0.922361
    853750    0.924873
    853760    0.902103
    853770    0.896746
    853780     0.91381
    853790    0.917556
    853800    0.883401
    853810    0.905165
    853820    0.903761
    853830    0.898002
    853840    0.894713
    853850    0.916246
    853860    0.899548
    853870    0.907404
    853880    0.889055
    853890    0.876812
    853900    0.868546
    853910    0.898721
    853920    0.866885
    853930    0.856202
    853940    0.872423
    853950    0.880551
    853960    0.904729
    853970    0.907403
    853980    0.914875
    853990    0.914974
    854000    0.922027
    854010    0.897374
    854020    0.903109
    854030    0.902755
    854040      0.8952
    854050    0.900563
    854060    0.906433
    854070    0.889754
    854080    0.898296
    854090    0.912046
    854100    0.906431
    854110    0.924135
    854120    0.943012
    854130    0.992998
    854140    0.927817
    854150    0.943317
    854160    0.946102
    854170    0.966317
    854180    0.961906
    854190    0.953889
    854200    0.930454
    854210    0.970706
    854220    0.951216
    854230       0.957
    854240    0.922347
    854250    0.963231
    854260    0.978894
    854270    0.945348
    854280    0.978173
    854290     1.00253
    854300      0.9649
    854310    0.955735
    854320    0.953872
    854330    0.923732
    854340    0.937656
    854350    0.924862
    854360    0.929161
    854370    0.915299
    854380    0.928665
    854390     0.95027
    854400    0.947504
    854410     0.94318
    854420    0.916939
    854430    0.952858
    854440    0.961128
    854450    0.923156
    854460    0.926734
    854470    0.981085
    854480    0.956599
    854490     0.95326
    854500    0.937312
    854510    0.969844
    854520    0.956508
    854530    0.962012
    854540    0.960959
    854550    0.924624
    854560    0.936675
    854570    0.955001
    854580    0.929012
    854590    0.942468
    854600    0.914332
    854610     0.96108
    854620    0.924592
    854630    0.940283
    854640    0.940743
    854650    0.945289
    854660     0.93988
    854670    0.941486
    854680    0.929198
    854690    0.944719
    854700    0.949607
    854710    0.948627
    854720    0.937004
    854730    0.921163
    854740    0.950625
    854750    0.942512
    854760    0.966807
    854770     0.97584
    854780    0.962305
    854790    0.963025
    854800    0.940887
    854810    0.966337
    854820    0.934117
    854830    0.960049
    854840    0.927528
    854850    0.946928
    854860    0.919095
    854870    0.957524
    854880    0.947905
    854890    0.955266
    854900     0.94752
    854910    0.955015
    854920    0.965532
    854930    0.952622
    854940    0.959424
    854950    0.957101
    854960    0.930248
    854970    0.938258
    854980    0.939942
    854990    0.945326
    855000    0.935323
    855010    0.923779
    855020    0.932477
    855030    0.919591
    855040    0.940183
    855050     0.94588
    855060    0.931574
    855070    0.921597
    855080    0.923887
    855090    0.921117
    855100    0.958897
    855110    0.926451
    855120    0.931545
    855130    0.928555
    855140    0.951572
    855150     0.91533
    855160     0.91974
    855170    0.950102
    855180    0.916805
    855190    0.905251
    855200    0.944676
    855210    0.955597
    855220    0.925104
    855230    0.925649
    855240     0.96517
    855250    0.943551
    855260    0.931027
    855270    0.920184
    855280    0.944816
    855290    0.941591
    855300    0.927806
    855310    0.931252
    855320    0.936397
    855330    0.929826
    855340    0.932745
    855350    0.972141
    855360    0.935822
    855370    0.954612
    855380    0.937014
    855390    0.939063
    855400    0.935064
    855410    0.936029
    855420    0.945736
    855430    0.948828
    855440    0.914416
    855450    0.937527
    855460    0.935501
    855470    0.940383
    855480    0.924779
    855490    0.943713
    855500    0.937957
    855510    0.949963
    855520    0.918701
    855530    0.956671
    855540    0.910154
    855550     0.91873
    855560    0.913461
    855570    0.950233
    855580    0.935912
    855590      0.9179
    855600      0.9399
    855610    0.948023
    855620      0.9203
    855630    0.919537
    855640    0.925266
    855650    0.938957
    855660    0.943501
    855670    0.921165
    855680    0.939352
    855690    0.927955
    855700    0.942013
    855710    0.911548
    855720    0.924548
    855730    0.889201
    855740    0.929778
    855750    0.949302
    855760    0.911994
    855770    0.914284
    855780    0.907935
    855790    0.958693
    855800    0.913143
    855810    0.923053
    855820    0.939999
    855830    0.916854
    855840    0.930442
    855850    0.925153
    855860     0.91756
    855870     0.91673
    855880    0.875418
    855890    0.907015
    855900    0.924355
    855910    0.903013
    855920    0.931784
    855930    0.914164
    855940    0.929707
    855950    0.923341
    855960    0.912115
    855970    0.933391
    855980    0.915518
    855990    0.924354
    856000     0.91026
    856010    0.910842
    856020    0.920137
    856030    0.939178
    856040    0.893921
    856050    0.906412
    856060    0.927665
    856070    0.905411
    856080    0.917622
    856090    0.949205
    856100    0.925324
    856110    0.956107
    856120    0.947505
    856130    0.925143
    856140    0.946374
    856150    0.971472
    856160    0.961705
    856170    0.942486
    856180    0.925764
    856190    0.933595
    856200    0.905662
    856210    0.922655
    856220    0.930913
    856230    0.898128
    856240     0.90898
    856250      0.9066
    856260    0.897417
    856270    0.913864
    856280    0.913456
    856290    0.886715
    856300      0.9432
    856310    0.914853
    856320    0.911356
    856330    0.905958
    856340    0.904021
    856350    0.915768
    856360    0.908684
    856370    0.891833
    856380    0.903439
    856390    0.906104
    856400    0.882608
    856410    0.866861
    856420    0.912956
    856430    0.903878
    856440    0.924004
    856450    0.881864
    856460    0.872788
    856470    0.876079
    856480    0.851196
    856490    0.864389
    856500    0.874342
    856510     0.87828
    856520     0.88219
    856530    0.872294
    856540    0.892332
    856550    0.884686
    856560    0.908731
    856570    0.918386
    856580    0.922988
    856590    0.935815
    856600    0.926047
    856610    0.917077
    856620    0.910329
    856630    0.896367
    856640    0.920029
    856650    0.923914
    856660    0.925432
    856670    0.917123
    856680    0.968641
    856690    0.956043
    856700    0.961995
    856710    0.949527
    856720    0.924844
    856730      0.9675
    856740    0.965629
    856750    0.946765
    856760    0.940307
    856770    0.936039
    856780    0.938766
    856790    0.934004
    856800    0.952462
    856810    0.938142
    856820    0.954107
    856830    0.944196
    856840    0.937165
    856850    0.950716
    856860    0.944051
    856870    0.942766
    856880    0.922526
    856890    0.918463
    856900    0.942367
    856910    0.938079
    856920    0.930158
    856930    0.889881
    856940    0.914703
    856950    0.938621
    856960    0.940524
    856970    0.931864
    856980     0.95544
    856990      0.9071
    857000    0.903107
    857010    0.922125
    857020    0.921362
    857030    0.923523
    857040    0.939238
    857050     0.93621
    857060    0.906587
    857070    0.905832
    857080     0.91078
    857090    0.937816
    857100    0.897811
    857110    0.902144
    857120    0.919215
    857130    0.913061
    857140    0.901028
    857150    0.937927
    857160    0.926875
    857170    0.918266
    857180    0.927836
    857190    0.904759
    857200    0.909552
    857210    0.921324
    857220    0.941253
    857230      0.9127
    857240    0.919393
    857250    0.905552
    857260    0.915619
    857270    0.891353
    857280     0.92255
    857290    0.919376
    857300    0.931307
    857310    0.949932
    857320    0.944966
    857330    0.935731
    857340    0.946399
    857350    0.914173
    857360    0.885449
    857370    0.921478
    857380     0.91321
    857390    0.907588
    857400    0.912621
    857410    0.920467
    857420    0.917113
    857430    0.910174
    857440    0.902274
    857450    0.950696
    857460    0.920427
    857470    0.946406
    857480    0.909767
    857490    0.913387
    857500    0.937639
    857510    0.909817
    857520    0.944549
    857530    0.884514
    857540    0.878494
    857550     0.89703
    857560     0.89677
    857570    0.893822
    857580    0.898877
    857590    0.892897
    857600    0.916316
    857610    0.904415
    857620    0.880068
    857630    0.878725
    857640    0.889808
    857650    0.897227
    857660     0.89248
    857670    0.885063
    857680    0.940206
    857690    0.982186
    857700    0.919069
    857710    0.917808
    857720    0.943586
    857730    0.933585
    857740     0.92086
    857750    0.920068
    857760    0.921455
    857770    0.913535
    857780    0.909934
    857790    0.905532
    857800    0.941774
    857810    0.902944
    857820    0.922489
    857830    0.923026
    857840    0.906493
    857850    0.903874
    857860    0.917341
    857870    0.927589
    857880    0.928661
    857890    0.963354
    857900    0.924906
    857910    0.927226
    857920    0.938566
    857930    0.910661
    857940     0.91414
    857950    0.922075
    857960    0.918031
    857970    0.926938
    857980    0.932249
    857990      0.8921
    858000    0.925894
    858010     0.92069
    858020    0.923295
    858030    0.914678
    858040    0.935636
    858050    0.931033
    858060    0.925045
    858070    0.926675
    858080     0.93132
    858090    0.926424
    858100     0.91391
    858110    0.922664
    858120    0.925467
    858130    0.915256
    858140    0.896145
    858150    0.914667
    858160    0.934011
    858170    0.906423
    858180    0.909867
    858190    0.896695
    858200    0.892357
    858210    0.891454
    858220    0.886713
    858230    0.901339
    858240    0.912147
    858250    0.894558
    858260    0.898535
    858270    0.905311
    858280    0.907907
    858290    0.894937
    858300    0.917492
    858310    0.937995
    858320    0.929437
    858330    0.937034
    858340    0.906492
    858350    0.921922
    858360     0.93038
    858370    0.908213
    858380    0.910897
    858390    0.917915
    858400    0.933202
    858410     0.93633
    858420    0.928506
    858430    0.954696
    858440    0.953959
    858450    0.944299
    858460      0.9485
    858470    0.928298
    858480    0.954356
    858490    0.909834
    858500    0.945933
    858510    0.921518
    858520    0.908935
    858530    0.904007
    858540    0.904193
    858550    0.887579
    858560    0.921594
    858570    0.916074
    858580     0.92851
    858590    0.884582
    858600    0.914729
    858610    0.902431
    858620    0.922431
    858630    0.929842
    858640    0.916765
    858650     0.92075
    858660    0.911003
    858670    0.909415
    858680     0.92246
    858690    0.916896
    858700    0.919694
    858710    0.919153
    858720    0.869875
    858730    0.903449
    858740    0.911088
    858750     0.89872
    858760    0.938032
    858770    0.915287
    858780    0.938173
    858790    0.926857
    858800    0.907091
    858810     0.89885
    858820    0.887314
    858830    0.916909
    858840    0.894703
    858850    0.880636
    858860    0.913681
    858870    0.919724
    858880    0.913234
    858890    0.908923
    858900    0.920274
    858910    0.938714
    858920     0.93364
    858930    0.886247
    858940    0.918159
    858950    0.908773
    858960    0.931425
    858970    0.907321
    858980    0.899233
    858990    0.898098
    859000    0.898414
    859010    0.893891
    859020    0.885036
    859030    0.880725
    859040    0.914762
    859050    0.919322
    859060    0.893042
    859070    0.890209
    859080    0.908182
    859090    0.914147
    859100    0.923959
    859110    0.896562
    859120    0.900857
    859130    0.887317
    859140    0.887039
    859150    0.894663
    859160    0.897334
    859170    0.888863
    859180    0.899115
    859190    0.906447
    859200    0.908374
    859210    0.942582
    859220     0.91932
    859230    0.882886
    859240    0.904353
    859250     0.87476
    859260    0.890675
    859270     0.89106
    859280    0.892463
    859290    0.903883
    859300    0.917782
    859310    0.894264
    859320    0.893343
    859330    0.883069
    859340    0.895026
    859350    0.897305
    859360    0.899156
    859370    0.884445
    859380     0.90997
    859390    0.887053
    859400    0.883852
    859410    0.885663
    859420     0.92865
    859430     0.87099
    859440    0.888603
    859450    0.884962
    859460    0.922551
    859470    0.900557
    859480    0.891578
    859490    0.931974
    859500    0.906524
    859510    0.904535
    859520     0.93041
    859530    0.905989
    859540    0.902087
    859550    0.918385
    859560    0.916775
    859570    0.917793
    859580    0.898974
    859590    0.900903
    859600    0.928236
    859610    0.896618
    859620    0.898248
    859630    0.888392
    859640    0.918164
    859650    0.902978
    859660    0.878007
    859670    0.916698
    859680    0.895622
    859690    0.914834
    859700    0.876051
    859710    0.918426
    859720    0.921473
    859730    0.924584
    859740    0.901881
    859750    0.903914
    859760    0.893829
    859770    0.918831
    859780    0.920053
    859790    0.915079
    859800    0.887473
    859810    0.911615
    859820    0.909925
    859830    0.888038
    859840    0.911199
    859850    0.940708
    859860    0.928411
    859870     0.91941
    859880     0.90424
    859890    0.933923
    859900    0.912977
    859910    0.933006
    859920    0.925546
    859930    0.914052
    859940      0.8868
    859950     0.94908
    859960    0.924375
    859970     0.93743
    859980    0.951555
    859990    0.919417
    860000    0.916879
    860010    0.907279
    860020    0.896512
    860030    0.904021
    860040    0.906239
    860050    0.900164
    860060    0.920092
    860070    0.927447
    860080    0.919739
    860090    0.934054
    860100     0.90845
    860110    0.898921
    860120    0.909231
    860130    0.951863
    860140    0.891695
    860150    0.938938
    860160    0.924989
    860170    0.905656
    860180    0.936013
    860190    0.933653
    860200    0.929916
    860210    0.924871
    860220     0.92129
    860230    0.910895
    860240    0.919881
    860250    0.916249
    860260    0.898721
    860270    0.913999
    860280    0.890026
    860290    0.904193
    860300    0.902186
    860310    0.925311
    860320    0.923057
    860330    0.938037
    860340    0.913151
    860350    0.904844
    860360    0.910413
    860370     0.92708
    860380    0.923299
    860390    0.913623
    860400    0.937077
    860410    0.903893
    860420    0.919582
    860430    0.919275
    860440    0.913763
    860450    0.922502
    860460    0.917806
    860470    0.912717
    860480    0.901595
    860490    0.916825
    860500    0.917841
    860510    0.923111
    860520    0.896841
    860530    0.919164
    860540    0.913747
    860550     0.88477
    860560    0.891033
    860570    0.910598
    860580    0.904907
    860590    0.893801
    860600    0.918325
    860610    0.914274
    860620    0.903944
    860630    0.919415
    860640      0.9039
    860650    0.903173
    860660    0.898077
    860670    0.891691
    860680    0.913266
    860690    0.903758
    860700     0.89292
    860710    0.888085
    860720    0.907836
    860730    0.900545
    860740    0.892909
    860750    0.895028
    860760    0.907937
    860770    0.867631
    860780    0.891293
    860790    0.894451
    860800    0.898287
    860810    0.902069
    860820    0.903784
    860830    0.908207
    860840    0.899834
    860850    0.891076
    860860    0.870241
    860870    0.919196
    860880    0.906961
    860890     0.89727
    860900     0.88968
    860910    0.878592
    860920    0.926145
    860930     0.91787
    860940    0.898209
    860950     0.91162
    860960    0.893428
    860970     0.89542
    860980      0.8991
    860990    0.880805
    861000    0.908815
    861010      0.9116
    861020    0.915187
    861030     0.91133
    861040    0.919791
    861050    0.928814
    861060     0.92729
    861070    0.910774
    861080      0.9152
    861090    0.897471
    861100    0.900343
    861110    0.899833
    861120    0.918029
    861130    0.893296
    861140    0.903275
    861150      0.9001
    861160    0.907422
    861170    0.914048
    861180    0.877978
    861190    0.895819
    861200     0.90517
    861210    0.896322
    861220      0.8843
    861230    0.885105
    861240    0.883676
    861250    0.900051
    861260    0.897261
    861270     0.88333
    861280    0.876707
    861290    0.878825
    861300    0.912896
    861310     0.91091
    861320    0.893708
    861330    0.900306
    861340    0.879054
    861350     0.89925
    861360    0.896402
    861370    0.886188
    861380    0.868331
    861390    0.874764
    861400    0.871108
    861410    0.902558
    861420    0.877037
    861430    0.883391
    861440     0.88675
    861450    0.880982
    861460    0.887807
    861470    0.894867
    861480    0.892086
    861490    0.879685
    861500    0.874694
    861510    0.880341
    861520    0.897572
    861530    0.885092
    861540    0.912422
    861550    0.890764
    861560    0.899615
    861570    0.890382
    861580     0.90158
    861590    0.889956
    861600     0.88264
    861610    0.894944
    861620    0.904037
    861630    0.895089
    861640    0.901201
    861650    0.916629
    861660    0.899292
    861670    0.907109
    861680    0.893405
    861690    0.883737
    861700    0.887895
    861710    0.895288
    861720    0.897496
    861730    0.900882
    861740    0.900288
    861750    0.887671
    861760    0.898523
    861770    0.882702
    861780    0.874308
    861790    0.897539
    861800    0.880298
    861810    0.882812
    861820    0.874515
    861830    0.885475
    861840    0.904002
    861850    0.876907
    861860    0.877053
    861870    0.897895
    861880    0.902159
    861890    0.908578
    861900    0.876144
    861910    0.894464
    861920    0.886088
    861930    0.868101
    861940    0.881425
    861950    0.907983
    861960    0.898427
    861970    0.915132
    861980    0.896601
    861990    0.857925
    862000    0.878908
    862010    0.899296
    862020    0.880282
    862030    0.887078
    862040    0.884758
    862050     0.87774
    862060     0.87764
    862070    0.887377
    862080    0.912596
    862090    0.880862
    862100    0.889889
    862110    0.903012
    862120    0.889813
    862130    0.879728
    862140    0.871941
    862150    0.870313
    862160     0.88868
    862170    0.887419
    862180    0.865397
    862190     0.88148
    862200    0.869871
    862210    0.876124
    862220    0.874254
    862230    0.897866
    862240    0.902406
    862250    0.901706
    862260    0.914582
    862270    0.904851
    862280    0.900173
    862290    0.898787
    862300    0.890138
    862310    0.896439
    862320    0.873607
    862330    0.910791
    862340    0.886314
    862350    0.876794
    862360    0.879311
    862370    0.905252
    862380    0.910491
    862390    0.880681
    862400    0.859406
    862410    0.888791
    862420    0.879286
    862430    0.881516
    862440    0.886455
    862450    0.890345
    862460    0.896599
    862470    0.898428
    862480    0.896592
    862490    0.898141
    862500    0.907867
    862510    0.920021
    862520    0.883348
    862530    0.890657
    862540    0.889567
    862550    0.853199
    862560    0.912246
    862570     0.91012
    862580    0.901096
    862590    0.905037
    862600    0.890017
    862610    0.890184
    862620    0.884196
    862630    0.880279
    862640     0.89604
    862650    0.892489
    862660    0.934793
    862670    0.890423
    862680    0.885135
    862690    0.875499
    862700    0.877512
    862710    0.901802
    862720    0.887898
    862730    0.921313
    862740    0.915114
    862750    0.918161
    862760    0.908933
    862770    0.895056
    862780    0.898418
    862790    0.903053
    862800    0.872207
    862810    0.878334
    862820    0.898636
    862830    0.908786
    862840    0.894444
    862850    0.885997
    862860    0.914321
    862870    0.915644
    862880    0.873964
    862890    0.882814
    862900    0.871519
    862910    0.891293
    862920    0.883735
    862930     0.87824
    862940    0.902101
    862950     0.87845
    862960    0.849101
    862970    0.866154
    862980     0.87039
    862990      0.8735
    863000    0.846543
    863010    0.833651
    863020    0.859094
    863030    0.867384
    863040    0.861715
    863050    0.896099
    863060    0.916105
    863070    0.862467
    863080    0.870678
    863090    0.855927
    863100    0.848394
    863110    0.885632
    863120    0.843855
    863130    0.898092
    863140    0.885834
    863150    0.895043
    863160    0.849709
    863170    0.892286
    863180     0.83401
    863190    0.878053
    863200    0.882452
    863210    0.887948
    863220    0.867031
    863230    0.904508
    863240    0.884588
    863250    0.886215
    863260    0.883998
    863270    0.880221
    863280    0.879942
    863290    0.873931
    863300    0.896033
    863310    0.875689
    863320    0.880483
    863330    0.860624
    863340    0.878359
    863350     0.87097
    863360    0.891522
    863370    0.884091
    863380    0.891019
    863390    0.871466
    863400    0.882598
    863410     0.88835
    863420    0.902887
    863430    0.906891
    863440    0.915893
    863450    0.905727
    863460    0.905314
    863470    0.901789
    863480     0.90882
    863490    0.880732
    863500    0.908244
    863510    0.907074
    863520     0.90906
    863530    0.913976
    863540    0.913798
    863550    0.889255
    863560    0.908288
    863570    0.920915
    863580    0.926381
    863590    0.902286
    863600    0.908551
    863610    0.902264
    863620    0.899053
    863630    0.920473
    863640    0.905948
    863650    0.905036
    863660    0.919682
    863670    0.910016
    863680    0.898275
    863690     0.91304
    863700     0.89787
    863710    0.923986
    863720    0.897972
    863730    0.914482
    863740    0.891872
    863750    0.881096
    863760    0.906034
    863770    0.900045
    863780    0.886335
    863790    0.904844
    863800    0.924689
    863810    0.882201
    863820    0.903678
    863830     0.91828
    863840    0.897542
    863850    0.905854
    863860     0.88095
    863870    0.904755
    863880     0.89646
    863890    0.884826
    863900    0.889246
    863910    0.909165
    863920    0.889951
    863930    0.888299
    863940    0.892541
    863950    0.893812
    863960    0.907804
    863970    0.875581
    863980    0.885911
    863990    0.877741
    864000    0.895901
    864010    0.887148
    864020    0.888745
    864030     0.89216
    864040    0.882616
    864050    0.894375
    864060    0.871622
    864070    0.898316
    864080    0.912541
    864090    0.899972
    864100    0.907687
    864110    0.909677
    864120    0.904874
    864130    0.897206
    864140    0.915292
    864150    0.928659
    864160    0.902666
    864170     0.91768
    864180    0.898786
    864190    0.909818
    864200    0.900296
    864210    0.911019
    864220    0.932874
    864230    0.901804
    864240    0.912904
    864250    0.901165
    864260    0.891455
    864270     0.90064
    864280    0.914346
    864290    0.916469
    864300    0.924227
    864310    0.925803
    864320    0.918976
    864330     0.90905
    864340    0.895097
    864350    0.916019
    864360     0.89101
    864370    0.916036
    864380    0.916239
    864390    0.863987
    864400    0.878255
    864410    0.881468
    864420    0.908915
    864430    0.896044
    864440    0.874867
    864450    0.849936
    864460    0.884131
    864470    0.897261
    864480    0.885728
    864490    0.856654
    864500     0.88691
    864510    0.887174
    864520    0.858956
    864530    0.890271
    864540    0.905716
    864550    0.867347
    864560    0.899609
    864570    0.881837
    864580    0.895008
    864590    0.857487
    864600    0.880333
    864610    0.876916
    864620    0.865268
    864630    0.898132
    864640    0.902766
    864650    0.883521
    864660    0.883159
    864670    0.888652
    864680    0.892832
    864690     0.86775
    864700    0.861027
    864710    0.879615
    864720    0.893883
    864730    0.895654
    864740    0.878889
    864750    0.902834
    864760    0.871342
    864770    0.907126
    864780    0.878511
    864790    0.845529
    864800     0.88789
    864810    0.884821
    864820    0.862393
    864830    0.873801
    864840    0.885677
    864850    0.875723
    864860    0.894878
    864870    0.852451
    864880    0.851321
    864890    0.868746
    864900    0.878064
    864910    0.892401
    864920    0.856797
    864930    0.877781
    864940    0.878061
    864950    0.851946
    864960    0.858782
    864970    0.873775
    864980    0.908354
    864990    0.895507
    865000    0.887666
    865010    0.888826
    865020    0.859137
    865030    0.880858
    865040    0.863873
    865050    0.898589
    865060    0.889046
    865070     0.91461
    865080    0.877131
    865090    0.880004
    865100    0.884116
    865110    0.883277
    865120    0.889014
    865130    0.890027
    865140    0.874783
    865150    0.895267
    865160    0.894414
    865170    0.895691
    865180    0.904552
    865190    0.905738
    865200    0.900678
    865210    0.898546
    865220    0.871441
    865230    0.896052
    865240    0.880639
    865250    0.873497
    865260    0.898438
    865270    0.861679
    865280    0.894448
    865290    0.903641
    865300    0.882889
    865310    0.888118
    865320    0.872172
    865330    0.894825
    865340    0.877745
    865350    0.873478
    865360     0.87887
    865370    0.878636
    865380    0.882915
    865390    0.863756
    865400    0.849828
    865410     0.89061
    865420    0.848069
    865430    0.897137
    865440    0.859958
    865450    0.860988
    865460     0.86598
    865470    0.869909
    865480    0.867766
    865490    0.875271
    865500     0.87073
    865510    0.885253
    865520    0.832351
    865530    0.850742
    865540    0.854398
    865550    0.865866
    865560    0.843708
    865570     0.88211
    865580    0.887207
    865590    0.911206
    865600     0.88806
    865610     0.88679
    865620    0.881525
    865630    0.872994
    865640    0.888702
    865650    0.865653
    865660    0.887883
    865670    0.888477
    865680    0.899689
    865690    0.872215
    865700    0.866955
    865710     0.88089
    865720    0.873171
    865730    0.890799
    865740    0.891617
    865750    0.893704
    865760    0.894811
    865770     0.91916
    865780    0.873695
    865790    0.880699
    865800    0.865053
    865810    0.874779
    865820    0.901591
    865830    0.891068
    865840    0.898125
    865850    0.884785
    865860    0.904857
    865870    0.898614
    865880    0.877155
    865890    0.899414
    865900    0.905655
    865910    0.898072
    865920    0.881324
    865930    0.878138
    865940    0.876041
    865950    0.898001
    865960     0.85534
    865970    0.887755
    865980    0.872198
    865990    0.885584
    866000    0.874692
    866010    0.876466
    866020    0.880999
    866030    0.880929
    866040     0.91021
    866050    0.886363
    866060    0.894906
    866070    0.887784
    866080    0.853168
    866090    0.909739
    866100    0.883911
    866110    0.900281
    866120    0.886403
    866130    0.876899
    866140    0.867946
    866150    0.871875
    866160    0.883063
    866170    0.888005
    866180    0.890759
    866190    0.891236
    866200    0.877553
    866210    0.889069
    866220    0.889141
    866230    0.879962
    866240    0.880138
    866250    0.903878
    866260    0.896498
    866270    0.886119
    866280    0.891664
    866290    0.877859
    866300    0.875859
    866310    0.877441
    866320    0.900297
    866330    0.822629
    866340    0.870666
    866350    0.866303
    866360    0.903077
    866370    0.885304
    866380    0.890468
    866390    0.873321
    866400    0.876245
    866410    0.883009
    866420    0.902776
    866430     0.87213
    866440    0.889259
    866450    0.883132
    866460    0.879786
    866470    0.886771
    866480    0.864799
    866490    0.878095
    866500    0.885853
    866510    0.885824
    866520    0.884802
    866530    0.872792
    866540    0.884912
    866550    0.887835
    866560    0.876792
    866570    0.893454
    866580    0.888563
    866590    0.901616
    866600    0.904893
    866610    0.868691
    866620    0.885115
    866630    0.867203
    866640    0.909132
    866650    0.887402
    866660     0.89548
    866670    0.898066
    866680       0.904
    866690    0.900646
    866700    0.899692
    866710    0.885255
    866720    0.882925
    866730    0.888364
    866740    0.881657
    866750    0.909918
    866760    0.877846
    866770     0.88205
    866780    0.903366
    866790    0.909529
    866800    0.879929
    866810    0.899194
    866820     0.90301
    866830    0.889074
    866840    0.857807
    866850    0.859934
    866860    0.864183
    866870     0.86691
    866880    0.882498
    866890      0.8759
    866900    0.869052
    866910    0.862836
    866920     0.90428
    866930    0.899988
    866940    0.896249
    866950    0.909154
    866960    0.925499
    866970    0.886133
    866980    0.875223
    866990    0.888926
    867000     0.91266
    867010    0.893259
    867020    0.865359
    867030    0.872175
    867040    0.896812
    867050    0.874114
    867060    0.901002
    867070    0.885473
    867080    0.872057
    867090    0.888893
    867100    0.848593
    867110     0.86148
    867120    0.865759
    867130    0.872659
    867140    0.865007
    867150    0.867723
    867160    0.880142
    867170     0.89359
    867180    0.897229
    867190    0.903873
    867200    0.883186
    867210    0.878715
    867220    0.907269
    867230     0.89364
    867240    0.871277
    867250     0.86964
    867260    0.883762
    867270    0.896905
    867280    0.888294
    867290    0.872952
    867300    0.877913
    867310    0.886808
    867320    0.912315
    867330    0.883287
    867340    0.882378
    867350    0.886098
    867360     0.88848
    867370    0.873425
    867380    0.878308
    867390     0.85594
    867400    0.880084
    867410    0.896072
    867420    0.863277
    867430    0.860783
    867440    0.867398
    867450    0.857636
    867460    0.874943
    867470    0.882797
    867480    0.891098
    867490    0.886765
    867500     0.89098
    867510    0.884818
    867520    0.868666
    867530    0.866442
    867540    0.892942
    867550    0.879401
    867560    0.881586
    867570    0.865914
    867580    0.898015
    867590    0.896943
    867600    0.861828
    867610    0.871804
    867620    0.857241
    867630    0.852038
    867640    0.867302
    867650    0.852196
    867660     0.88437
    867670    0.878533
    867680    0.870098
    867690    0.850756
    867700    0.837523
    867710    0.866952
    867720    0.858982
    867730    0.871292
    867740    0.853527
    867750    0.852959
    867760    0.859097
    867770    0.830402
    867780    0.857245
    867790    0.877475
    867800    0.854229
    867810     0.87617
    867820    0.875403
    867830    0.878007
    867840    0.857088
    867850    0.870554
    867860    0.869646
    867870    0.860908
    867880    0.841805
    867890    0.861934
    867900    0.862445
    867910    0.883321
    867920    0.854845
    867930     0.86005
    867940    0.856486
    867950    0.874868
    867960    0.860443
    867970    0.857585
    867980    0.854044
    867990    0.867685
    868000    0.874596
    868010     0.86102
    868020    0.853939
    868030    0.875996
    868040    0.866814
    868050    0.874303
    868060    0.883151
    868070    0.872312
    868080    0.876085
    868090    0.860993
    868100    0.856339
    868110    0.858318
    868120    0.864535
    868130     0.86319
    868140    0.874461
    868150    0.872094
    868160    0.863906
    868170     0.88051
    868180    0.858821
    868190    0.868437
    868200    0.847396
    868210    0.848138
    868220    0.850767
    868230    0.837469
    868240    0.861865
    868250    0.858624
    868260    0.860116
    868270    0.860929
    868280    0.828441
    868290    0.839552
    868300    0.835362
    868310    0.848212
    868320    0.856668
    868330    0.859869
    868340    0.855522
    868350    0.886108
    868360    0.857128
    868370    0.862093
    868380    0.849821
    868390    0.869277
    868400    0.863185
    868410    0.853663
    868420    0.835467
    868430    0.860023
    868440    0.861106
    868450    0.842545
    868460    0.864399
    868470    0.847975
    868480     0.84701
    868490    0.840319
    868500    0.855311
    868510    0.858139
    868520    0.854497
    868530    0.851434
    868540    0.860245
    868550    0.848787
    868560    0.859639
    868570    0.846309
    868580    0.838842
    868590     0.84961
    868600    0.866329
    868610    0.835873
    868620    0.855474
    868630    0.854564
    868640    0.857969
    868650    0.852031
    868660    0.852623
    868670    0.836937
    868680    0.845092
    868690    0.867774
    868700    0.874106
    868710    0.861029
    868720    0.819321
    868730    0.853619
    868740    0.861706
    868750    0.846779
    868760    0.838625
    868770    0.865654
    868780    0.838129
    868790    0.852047
    868800    0.830725
    868810    0.826934
    868820    0.859104
    868830    0.869144
    868840    0.869172
    868850    0.864854
    868860    0.853789
    868870    0.849501
    868880    0.868296
    868890    0.850971
    868900    0.852277
    868910    0.878949
    868920    0.860675
    868930    0.861129
    868940     0.87098
    868950    0.866316
    868960    0.842729
    868970    0.874653
    868980    0.871879
    868990    0.870613
    869000    0.857449
    869010    0.863346
    869020    0.867784
    869030    0.879707
    869040    0.891808
    869050    0.877745
    869060    0.881071
    869070     0.87615
    869080    0.867627
    869090    0.879611
    869100    0.854768
    869110     0.85228
    869120    0.854164
    869130    0.870081
    869140    0.842254
    869150    0.865968
    869160     0.83963
    869170    0.868411
    869180    0.862513
    869190    0.861911
    869200    0.851069
    869210    0.858189
    869220    0.862042
    869230    0.842094
    869240    0.844007
    869250    0.861263
    869260     0.84685
    869270    0.846938
    869280    0.838616
    869290    0.847107
    869300    0.865083
    869310    0.836196
    869320    0.851437
    869330    0.851066
    869340    0.857594
    869350    0.867005
    869360    0.856335
    869370    0.865017
    869380    0.873297
    869390    0.881779
    869400     0.85723
    869410    0.881221
    869420    0.871183
    869430    0.861304
    869440    0.885172
    869450    0.866709
    869460    0.858225
    869470    0.868055
    869480     0.87633
    869490     0.86116
    869500    0.860956
    869510    0.858196
    869520    0.858158
    869530    0.858277
    869540    0.848666
    869550    0.865532
    869560    0.864146
    869570    0.846199
    869580    0.858452
    869590    0.860351
    869600    0.827447
    869610    0.850712
    869620     0.86523
    869630    0.830754
    869640    0.838366
    869650    0.847392
    869660    0.846981
    869670    0.849894
    869680    0.858508
    869690    0.866467
    869700    0.846359
    869710    0.865318
    869720    0.858333
    869730    0.858671
    869740    0.856949
    869750     0.84158
    869760    0.858253
    869770    0.853173
    869780      0.8756
    869790    0.856426
    869800    0.828159
    869810    0.865158
    869820    0.838935
    869830    0.860722
    869840    0.833822
    869850    0.835543
    869860    0.848239
    869870    0.870634
    869880    0.853493
    869890    0.856591
    869900     0.85691
    869910    0.846457
    869920    0.876504
    869930    0.851529
    869940    0.853809
    869950    0.858686
    869960    0.845551
    869970    0.845472
    869980    0.857719
    869990    0.854253
    870000    0.844173
    870010     0.84803
    870020    0.857485
    870030    0.851522
    870040     0.84782
    870050    0.849293
    870060    0.861363
    870070    0.855515
    870080    0.855201
    870090    0.841979
    870100    0.852592
    870110    0.849685
    870120    0.839221
    870130    0.862842
    870140    0.835199
    870150     0.84549
    870160    0.865874
    870170    0.884848
    870180     0.87545
    870190     0.85411
    870200    0.851426
    870210    0.864271
    870220    0.868105
    870230    0.862185
    870240    0.841981
    870250    0.856074
    870260    0.847114
    870270    0.854438
    870280    0.817769
    870290    0.865901
    870300    0.861334
    870310    0.846485
    870320     0.86895
    870330    0.857947
    870340    0.854205
    870350    0.852437
    870360    0.840524
    870370     0.85161
    870380    0.844565
    870390    0.864784
    870400    0.857249
    870410    0.848393
    870420    0.857764
    870430    0.867499
    870440    0.855196
    870450     0.86706
    870460    0.844683
    870470      0.8508
    870480    0.849132
    870490    0.859088
    870500     0.85005
    870510    0.843613
    870520    0.871422
    870530    0.839203
    870540    0.853433
    870550     0.84458
    870560    0.851392
    870570    0.845952
    870580      0.8426
    870590    0.845323
    870600    0.844022
    870610    0.860258
    870620    0.872899
    870630    0.854913
    870640    0.854333
    870650    0.835966
    870660    0.851904
    870670     0.84364
    870680    0.866548
    870690    0.838794
    870700    0.856566
    870710    0.903019
    870720     0.84524
    870730    0.859355
    870740     0.85699
    870750     0.86122
    870760    0.844947
    870770    0.846332
    870780     0.84695
    870790    0.849028
    870800    0.875522
    870810    0.859302
    870820    0.847713
    870830    0.883299
    870840    0.834954
    870850    0.866591
    870860    0.836319
    870870    0.862457
    870880    0.857942
    870890    0.849914
    870900     0.85632
    870910    0.846194
    870920    0.849343
    870930     0.86536
    870940    0.847149
    870950    0.862276
    870960    0.871687
    870970    0.867969
    870980    0.841232
    870990    0.838749
    871000    0.845453
    871010    0.859199
    871020    0.879067
    871030    0.842712
    871040     0.85241
    871050     0.82159
    871060    0.826058
    871070    0.855035
    871080    0.848565
    871090    0.814388
    871100    0.855337
    871110    0.850491
    871120    0.838014
    871130    0.842079
    871140    0.839171
    871150    0.844497
    871160    0.854736
    871170    0.848779
    871180    0.845616
    871190    0.825339
    871200    0.855067
    871210    0.854477
    871220    0.858924
    871230    0.842591
    871240    0.866888
    871250    0.829932
    871260    0.854348
    871270    0.840796
    871280    0.860361
    871290    0.846026
    871300    0.835259
    871310    0.840486
    871320    0.866533
    871330    0.847218
    871340    0.850517
    871350     0.85761
    871360    0.873793
    871370    0.844855
    871380    0.864424
    871390    0.846057
    871400    0.836335
    871410    0.848813
    871420    0.863336
    871430    0.868068
    871440    0.848205
    871450     0.85095
    871460    0.873234
    871470    0.857214
    871480      0.8646
    871490    0.865423
    871500    0.849895
    871510    0.867681
    871520    0.875563
    871530    0.850278
    871540    0.844841
    871550    0.849902
    871560    0.870713
    871570    0.860607
    871580    0.852549
    871590    0.864296
    871600     0.86181
    871610    0.869609
    871620    0.873548
    871630    0.855838
    871640    0.860041
    871650     0.86441
    871660    0.880693
    871670    0.852836
    871680    0.856185
    871690    0.852245
    871700    0.845987
    871710    0.828543
    871720    0.848218
    871730    0.831595
    871740    0.838573
    871750    0.834366
    871760    0.858329
    871770    0.828369
    871780    0.831752
    871790    0.854595
    871800    0.847077
    871810    0.833378
    871820    0.833242
    871830    0.844526
    871840    0.836977
    871850    0.872096
    871860    0.823194
    871870    0.816784
    871880    0.822778
    871890     0.82704
    871900    0.823577
    871910    0.835271
    871920    0.824465
    871930    0.859561
    871940    0.870225
    871950    0.861183
    871960    0.854021
    871970    0.852783
    871980    0.845585
    871990    0.846634
    872000    0.863138
    872010    0.868064
    872020    0.850078
    872030    0.861906
    872040     0.85333
    872050    0.857618
    872060    0.854173
    872070    0.865876
    872080    0.865923
    872090    0.860759
    872100    0.847782
    872110    0.841251
    872120    0.851933
    872130    0.847924
    872140    0.852998
    872150    0.844273
    872160    0.832006
    872170    0.849046
    872180    0.855308
    872190    0.845664
    872200    0.825358
    872210    0.843934
    872220    0.825635
    872230    0.835897
    872240    0.836025
    872250    0.841274
    872260    0.830046
    872270    0.855812
    872280    0.824712
    872290    0.830842
    872300    0.838202
    872310     0.84005
    872320    0.820692
    872330    0.841948
    872340    0.830595
    872350    0.847504
    872360    0.845754
    872370    0.827348
    872380     0.83786
    872390     0.84106
    872400     0.83713
    872410    0.863202
    872420    0.867252
    872430    0.860014
    872440     0.84758
    872450    0.863099
    872460    0.852428
    872470     0.83829
    872480    0.853507
    872490     0.84553
    872500    0.855361
    872510    0.854924
    872520    0.829315
    872530      0.8538
    872540    0.834179
    872550    0.834427
    872560    0.835892
    872570    0.857021
    872580    0.857382
    872590    0.843757
    872600    0.853378
    872610    0.837065
    872620    0.858043
    872630      0.8714
    872640    0.834712
    872650    0.849903
    872660    0.828128
    872670    0.864077
    872680    0.865573
    872690    0.844953
    872700    0.867764
    872710    0.862589
    872720    0.873727
    872730    0.858766
    872740    0.857858
    872750    0.850899
    872760    0.840596
    872770    0.864609
    872780    0.840014
    872790    0.844875
    872800    0.865051
    872810    0.847959
    872820     0.85449
    872830    0.882384
    872840    0.839992
    872850    0.851495
    872860    0.856505
    872870    0.853211
    872880    0.854229
    872890    0.847707
    872900     0.84637
    872910    0.867615
    872920    0.864863
    872930    0.841821
    872940    0.837234
    872950    0.852338
    872960    0.858166
    872970    0.845654
    872980    0.876021
    872990    0.868826
    873000    0.852815
    873010    0.833676
    873020    0.836499
    873030    0.832515
    873040    0.858548
    873050    0.838627
    873060    0.854083
    873070    0.848314
    873080    0.838473
    873090    0.843131
    873100    0.829826
    873110    0.830377
    873120    0.840317
    873130    0.866302
    873140     0.86186
    873150    0.849674
    873160    0.842157
    873170    0.872095
    873180    0.846996
    873190    0.851427
    873200    0.850758
    873210    0.861022
    873220    0.872163
    873230    0.857823
    873240    0.854539
    873250    0.848179
    873260     0.84044
    873270    0.842898
    873280     0.85151
    873290    0.838887
    873300    0.820529
    873310    0.838861
    873320    0.851963
    873330    0.868154
    873340    0.850545
    873350    0.870191
    873360    0.854937
    873370    0.855042
    873380    0.867544
    873390    0.857198
    873400    0.859998
    873410    0.850765
    873420    0.843187
    873430    0.868925
    873440    0.858238
    873450    0.855007
    873460    0.842542
    873470    0.838323
    873480    0.831547
    873490    0.843601
    873500    0.859857
    873510    0.856074
    873520    0.833415
    873530     0.83916
    873540    0.856421
    873550    0.873158
    873560    0.847045
    873570    0.838996
    873580    0.856354
    873590    0.837746
    873600    0.863311
    873610     0.83888
    873620    0.862917
    873630    0.865406
    873640    0.846893
    873650    0.864304
    873660    0.848656
    873670    0.847654
    873680    0.841991
    873690    0.850123
    873700    0.850711
    873710    0.833161
    873720     0.86289
    873730    0.841565
    873740    0.840625
    873750    0.838953
    873760    0.850646
    873770    0.829678
    873780    0.832611
    873790    0.859416
    873800    0.840241
    873810     0.85216
    873820    0.844655
    873830    0.843823
    873840    0.845732
    873850    0.847748
    873860    0.876415
    873870    0.851037
    873880    0.847167
    873890    0.837087
    873900    0.844893
    873910    0.879463
    873920    0.839668
    873930      0.8442
    873940    0.851765
    873950    0.852302
    873960    0.860701
    873970     0.84706
    873980    0.859117
    873990    0.861506
    874000    0.851214
    874010    0.866158
    874020    0.855273
    874030    0.854879
    874040    0.837542
    874050    0.837908
    874060    0.824722
    874070     0.84531
    874080    0.829023
    874090    0.852693
    874100    0.843072
    874110    0.847962
    874120    0.835162
    874130    0.833567
    874140    0.833848
    874150    0.826238
    874160     0.83725
    874170    0.843941
    874180    0.831336
    874190    0.835715
    874200    0.862815
    874210    0.862414
    874220    0.851754
    874230    0.837959
    874240    0.845669
    874250    0.867184
    874260    0.868148
    874270    0.838502
    874280    0.871258
    874290    0.874583
    874300    0.860107
    874310    0.856895
    874320    0.873817
    874330    0.867714
    874340    0.874641
    874350     0.86411
    874360    0.870301
    874370    0.857721
    874380    0.875848
    874390    0.881234
    874400    0.872696
    874410    0.866902
    874420     0.85551
    874430    0.868265
    874440      0.8787
    874450    0.891199
    874460    0.863639
    874470    0.870751
    874480      0.8469
    874490    0.862213
    874500    0.856205
    874510    0.878318
    874520    0.874851
    874530    0.865797
    874540    0.873918
    874550    0.873242
    874560    0.891412
    874570    0.866547
    874580    0.882457
    874590    0.876525
    874600    0.866645
    874610    0.867698
    874620    0.865275
    874630    0.863528
    874640    0.857798
    874650    0.893058
    874660    0.874896
    874670    0.863451
    874680     0.87935
    874690     0.87377
    874700    0.851203
    874710    0.858191
    874720    0.888562
    874730    0.856525
    874740    0.864866
    874750    0.861102
    874760    0.868498
    874770    0.860092
    874780    0.860179
    874790    0.851658
    874800    0.860833
    874810    0.828998
    874820    0.875668
    874830    0.866243
    874840    0.843384
    874850    0.860033
    874860     0.84707
    874870    0.864891
    874880    0.848054
    874890    0.869476
    874900    0.865584
    874910    0.850115
    874920    0.842169
    874930    0.878179
    874940    0.875068
    874950    0.855057
    874960     0.85527
    874970    0.834996
    874980    0.862766
    874990     0.85179
    875000    0.841664
    875010    0.825572
    875020      0.8286
    875030    0.842225
    875040    0.830507
    875050    0.842081
    875060     0.83009
    875070    0.863136
    875080    0.845786
    875090    0.825942
    875100    0.825257
    875110    0.843476
    875120    0.838416
    875130    0.856505
    875140    0.841516
    875150    0.842068
    875160    0.851249
    875170    0.864659
    875180     0.83382
    875190    0.836057
    875200    0.853945
    875210    0.835238
    875220    0.853788
    875230    0.857775
    875240    0.841045
    875250    0.847908
    875260    0.850839
    875270    0.836356
    875280    0.850052
    875290    0.858175
    875300    0.862052
    875310     0.82432
    875320    0.844689
    875330    0.851622
    875340    0.843628
    875350    0.826701
    875360     0.84233
    875370    0.839556
    875380    0.855349
    875390    0.850218
    875400    0.867693
    875410     0.86914
    875420    0.858905
    875430     0.86986
    875440    0.843508
    875450    0.835383
    875460     0.85184
    875470    0.850868
    875480    0.856489
    875490    0.845828
    875500    0.845356
    875510    0.835886
    875520    0.842824
    875530    0.864883
    875540    0.854038
    875550    0.881153
    875560    0.847544
    875570    0.844289
    875580    0.841705
    875590    0.863219
    875600    0.874177
    875610    0.855819
    875620    0.857979
    875630    0.866958
    875640    0.854211
    875650    0.892828
    875660    0.854128
    875670    0.886856
    875680    0.861037
    875690    0.871975
    875700    0.863115
    875710    0.858411
    875720    0.854414
    875730    0.857496
    875740    0.850883
    875750    0.838078
    875760    0.841205
    875770    0.847898
    875780    0.858469
    875790    0.882178
    875800    0.860131
    875810    0.855967
    875820    0.874092
    875830    0.843591
    875840    0.863722
    875850    0.852872
    875860    0.873637
    875870    0.833744
    875880    0.854656
    875890    0.837705
    875900    0.879058
    875910    0.851168
    875920    0.858062
    875930    0.864264
    875940    0.848843
    875950    0.855768
    875960    0.849562
    875970    0.855723
    875980    0.870768
    875990    0.846946
    876000    0.844962
    876010    0.855074
    876020     0.88194
    876030    0.845085
    876040    0.849766
    876050    0.844763
    876060    0.850784
    876070    0.859603
    876080    0.829015
    876090    0.841432
    876100    0.855121
    876110    0.867686
    876120    0.851377
    876130    0.842968
    876140    0.855213
    876150    0.861555
    876160     0.84862
    876170    0.860843
    876180    0.859142
    876190     0.86606
    876200     0.84852
    876210      0.8482
    876220    0.856583
    876230    0.861196
    876240    0.849367
    876250    0.860608
    876260    0.862049
    876270    0.861816
    876280    0.866447
    876290    0.860789
    876300    0.867878
    876310    0.860093
    876320    0.863094
    876330    0.862916
    876340    0.849381
    876350    0.864093
    876360    0.862325
    876370    0.866659
    876380    0.846724
    876390    0.869274
    876400    0.867095
    876410    0.866303
    876420    0.856951
    876430    0.851554
    876440    0.856405
    876450    0.856531
    876460    0.851592
    876470    0.850881
    876480    0.840674
    876490    0.839543
    876500    0.844319
    876510    0.837665
    876520    0.844811
    876530     0.85479
    876540    0.861267
    876550    0.845922
    876560    0.863096
    876570    0.847191
    876580    0.863536
    876590    0.849228
    876600    0.852435
    876610    0.871148
    876620    0.840682
    876630    0.855644
    876640    0.863044
    876650    0.852118
    876660    0.853342
    876670    0.845879
    876680    0.855938
    876690    0.851848
    876700    0.850278
    876710    0.847737
    876720    0.850785
    876730    0.853652
    876740    0.856654
    876750    0.854491
    876760     0.84626
    876770    0.853123
    876780    0.832003
    876790    0.839656
    876800    0.851415
    876810      0.8472
    876820     0.84062
    876830    0.831417
    876840    0.836934
    876850    0.823645
    876860    0.832275
    876870    0.854499
    876880    0.841175
    876890    0.837643
    876900    0.884403
    876910      0.8505
    876920    0.847226
    876930    0.861592
    876940     0.84906
    876950    0.829265
    876960    0.846336
    876970    0.841394
    876980    0.845818
    876990     0.83393
    877000    0.847744
    877010    0.840915
    877020    0.876437
    877030    0.840852
    877040    0.844158
    877050    0.855096
    877060    0.853109
    877070    0.843464
    877080    0.836061
    877090     0.86266
    877100    0.836453
    877110     0.82446
    877120    0.850656
    877130    0.839587
    877140    0.856731
    877150    0.833564
    877160    0.855515
    877170    0.863727
    877180    0.865503
    877190    0.854141
    877200    0.860942
    877210    0.849196
    877220    0.832052
    877230     0.85867
    877240    0.842278
    877250    0.838026
    877260    0.842905
    877270    0.836606
    877280    0.832565
    877290     0.84213
    877300    0.852159
    877310    0.855198
    877320    0.849574
    877330    0.855304
    877340    0.850399
    877350    0.856293
    877360    0.843793
    877370    0.865491
    877380    0.851891
    877390    0.868131
    877400    0.868519
    877410    0.859676
    877420    0.837725
    877430    0.851916
    877440    0.855306
    877450    0.852106
    877460    0.870748
    877470    0.845024
    877480    0.852736
    877490    0.878866
    877500    0.849487
    877510    0.846448
    877520    0.868366
    877530    0.863691
    877540    0.881533
    877550    0.861277
    877560    0.845732
    877570    0.824615
    877580    0.861735
    877590    0.853723
    877600    0.845933
    877610     0.83884
    877620    0.837949
    877630    0.860704
    877640    0.867967
    877650     0.87186
    877660    0.845975
    877670    0.856669
    877680    0.862567
    877690    0.848701
    877700    0.849997
    877710     0.84868
    877720    0.827421
    877730    0.829241
    877740    0.840273
    877750    0.822509
    877760    0.844379
    877770    0.852541
    877780    0.841259
    877790    0.841801
    877800    0.845531
    877810    0.818027
    877820    0.860996
    877830    0.842512
    877840     0.84789
    877850    0.846172
    877860    0.852532
    877870    0.846032
    877880    0.848245
    877890    0.843722
    877900    0.852042
    877910    0.845291
    877920    0.867016
    877930    0.864199
    877940    0.840197
    877950    0.856973
    877960    0.858121
    877970    0.847997
    877980    0.843904
    877990     0.85896
    878000    0.846766
    878010    0.824089
    878020    0.837765
    878030    0.837232
    878040     0.87053
    878050    0.853428
    878060    0.860605
    878070    0.846193
    878080    0.843627
    878090    0.824828
    878100    0.835388
    878110    0.841941
    878120    0.863399
    878130    0.859482
    878140    0.840868
    878150    0.839781
    878160    0.834911
    878170    0.846985
    878180    0.843427
    878190    0.831313
    878200    0.851552
    878210    0.860375
    878220    0.858237
    878230    0.843159
    878240     0.86158
    878250    0.864086
    878260    0.841102
    878270     0.83201
    878280    0.841437
    878290    0.843858
    878300    0.834035
    878310    0.841309
    878320    0.832497
    878330    0.842676
    878340    0.838006
    878350    0.867095
    878360    0.836034
    878370    0.847081
    878380    0.847492
    878390    0.835594
    878400    0.850817
    878410    0.844695
    878420    0.849025
    878430    0.845822
    878440    0.866915
    878450     0.83478
    878460    0.863729
    878470    0.876072
    878480    0.865264
    878490    0.849742
    878500    0.855411
    878510    0.850955
    878520     0.86266
    878530    0.856743
    878540    0.860423
    878550    0.844552
    878560    0.873271
    878570    0.865609
    878580    0.861364
    878590    0.864313
    878600    0.881592
    878610    0.870573
    878620    0.871151
    878630    0.875995
    878640    0.855958
    878650    0.884181
    878660    0.856442
    878670    0.868529
    878680      0.8505
    878690    0.865018
    878700    0.863713
    878710    0.861136
    878720    0.866464
    878730    0.856594
    878740    0.849074
    878750    0.846279
    878760    0.833351
    878770    0.852725
    878780    0.832975
    878790    0.865355
    878800    0.863316
    878810    0.857401
    878820     0.86126
    878830    0.833342
    878840    0.849218
    878850    0.838986
    878860     0.85441
    878870     0.83584
    878880     0.84643
    878890    0.855171
    878900    0.851589
    878910    0.862897
    878920    0.835424
    878930    0.845985
    878940    0.840071
    878950     0.84544
    878960    0.846006
    878970    0.870283
    878980    0.837982
    878990    0.867764
    879000    0.855156
    879010    0.850418
    879020    0.868401
    879030    0.858934
    879040    0.844102
    879050    0.840396
    879060     0.85938
    879070    0.825562
    879080    0.851654
    879090     0.84412
    879100    0.844549
    879110    0.851584
    879120    0.843213
    879130    0.838408
    879140    0.830201
    879150    0.832136
    879160    0.849195
    879170    0.833099
    879180    0.851297
    879190    0.862057
    879200    0.868365
    879210    0.834045
    879220    0.852844
    879230    0.838531
    879240    0.843725
    879250    0.865504
    879260    0.851697
    879270     0.87097
    879280    0.867078
    879290    0.848715
    879300    0.861369
    879310    0.838547
    879320    0.853081
    879330    0.875692
    879340    0.851079
    879350    0.853086
    879360    0.857383
    879370    0.846095
    879380    0.843129
    879390    0.837776
    879400    0.859675
    879410    0.848751
    879420    0.850683
    879430    0.838048
    879440    0.859814
    879450    0.858887
    879460    0.858986
    879470    0.853685
    879480    0.838043
    879490    0.863607
    879500     0.84904
    879510    0.861053
    879520    0.849656
    879530    0.847003
    879540    0.859661
    879550    0.842847
    879560    0.848088
    879570    0.845238
    879580    0.854353
    879590    0.850042
    879600    0.846955
    879610    0.850984
    879620    0.859057
    879630    0.856536
    879640    0.839642
    879650    0.839986
    879660    0.846429
    879670    0.857333
    879680     0.85541
    879690    0.864565
    879700    0.854944
    879710    0.847988
    879720    0.852584
    879730    0.853661
    879740     0.82594
    879750    0.834802
    879760    0.860183
    879770    0.843457
    879780    0.860952
    879790    0.832728
    879800    0.844227
    879810    0.852165
    879820    0.862861
    879830    0.853922
    879840    0.837024
    879850    0.832364
    879860    0.853997
    879870    0.850199
    879880    0.858789
    879890    0.865463
    879900    0.855704
    879910    0.843247
    879920    0.859095
    879930    0.858831
    879940    0.857278
    879950    0.845602
    879960    0.863675
    879970    0.845749
    879980    0.838122
    879990    0.847815
    880000     0.84947
    880010    0.862387
    880020    0.864178
    880030     0.84796
    880040    0.881024
    880050    0.847514
    880060    0.852435
    880070    0.862355
    880080    0.859237
    880090    0.862484
    880100    0.858637
    880110    0.846251
    880120    0.837431
    880130    0.856301
    880140    0.839112
    880150    0.870811
    880160    0.862238
    880170    0.858255
    880180    0.881187
    880190     0.84675
    880200    0.872272
    880210    0.868991
    880220    0.861407
    880230    0.861804
    880240    0.860578
    880250    0.850015
    880260    0.864822
    880270    0.853341
    880280    0.875735
    880290    0.859965
    880300    0.857911
    880310    0.834675
    880320    0.852586
    880330    0.848404
    880340    0.857681
    880350    0.872727
    880360    0.852003
    880370    0.848034
    880380    0.851428
    880390    0.834776
    880400    0.842392
    880410     0.85413
    880420    0.872701
    880430    0.851598
    880440    0.853178
    880450    0.862535
    880460    0.847564
    880470    0.842091
    880480    0.846194
    880490    0.836113
    880500    0.834054
    880510    0.836655
    880520    0.848965
    880530    0.850323
    880540     0.84606
    880550    0.830001
    880560    0.855644
    880570    0.853958
    880580     0.85963
    880590     0.84792
    880600    0.842691
    880610    0.859571
    880620    0.843067
    880630    0.851796
    880640    0.862135
    880650    0.850028
    880660    0.857465
    880670    0.851966
    880680    0.833251
    880690    0.857376
    880700    0.863589
    880710    0.846211
    880720    0.842157
    880730    0.836439
    880740    0.837081
    880750    0.835519
    880760    0.838638
    880770    0.833904
    880780    0.839428
    880790    0.836961
    880800    0.831412
    880810    0.860094
    880820    0.821632
    880830    0.856537
    880840    0.836705
    880850    0.853304
    880860    0.845263
    880870    0.832993
    880880     0.84251
    880890    0.860366
    880900     0.84596
    880910     0.83655
    880920    0.839889
    880930    0.831752
    880940    0.852838
    880950    0.869617
    880960     0.87579
    880970    0.841404
    880980    0.856859
    880990    0.834101
    881000    0.846804
    881010    0.857085
    881020    0.859791
    881030    0.872514
    881040    0.869437
    881050    0.867259
    881060    0.842298
    881070    0.840725
    881080    0.840647
    881090    0.857157
    881100    0.870412
    881110     0.87782
    881120    0.851264
    881130    0.849767
    881140    0.826882
    881150    0.867252
    881160     0.82787
    881170    0.837879
    881180    0.861283
    881190    0.860031
    881200     0.86213
    881210    0.861102
    881220    0.845749
    881230    0.852087
    881240    0.850831
    881250    0.847612
    881260    0.861795
    881270     0.87287
    881280    0.880244
    881290    0.872216
    881300    0.877634
    881310    0.876636
    881320    0.878131
    881330    0.854662
    881340    0.852352
    881350    0.880395
    881360    0.870061
    881370    0.861437
    881380    0.865307
    881390    0.881025
    881400    0.873595
    881410    0.869862
    881420    0.870895
    881430    0.863916
    881440    0.859319
    881450    0.860076
    881460    0.858108
    881470    0.850623
    881480    0.888379
    881490    0.868128
    881500    0.855557
    881510    0.863899
    881520    0.848708
    881530    0.857735
    881540     0.83883
    881550    0.852848
    881560    0.849503
    881570    0.866795
    881580    0.865747
    881590    0.848377
    881600    0.842096
    881610    0.867129
    881620    0.853666
    881630    0.857898
    881640    0.838731
    881650    0.849707
    881660    0.844713
    881670    0.845496
    881680    0.861687
    881690    0.841052
    881700    0.845791
    881710    0.864017
    881720    0.865398
    881730    0.877305
    881740    0.885796
    881750    0.849412
    881760    0.859462
    881770    0.867159
    881780     0.85454
    881790    0.863881
    881800    0.862971
    881810    0.845636
    881820    0.886554
    881830    0.855368
    881840    0.850204
    881850     0.86067
    881860    0.865239
    881870    0.876626
    881880    0.857239
    881890    0.857425
    881900      0.8588
    881910    0.882987
    881920    0.856519
    881930    0.854128
    881940    0.851555
    881950    0.840335
    881960    0.861173
    881970    0.849268
    881980    0.851148
    881990    0.874119
    882000    0.848289
    882010    0.857016
    882020    0.839558
    882030    0.877979
    882040    0.879634
    882050    0.869948
    882060    0.864799
    882070    0.866338
    882080    0.859437
    882090    0.840114
    882100    0.850677
    882110    0.854988
    882120    0.878228
    882130    0.864553
    882140    0.860012
    882150    0.881548
    882160    0.879434
    882170    0.866768
    882180    0.854388
    882190    0.859987
    882200    0.854774
    882210    0.852928
    882220    0.845809
    882230    0.861612
    882240     0.87445
    882250    0.842839
    882260      0.8557
    882270    0.862087
    882280    0.849325
    882290    0.877514
    882300    0.845859
    882310    0.838766
    882320    0.853951
    882330    0.842436
    882340    0.862322
    882350    0.860653
    882360    0.865225
    882370    0.870466
    882380    0.859733
    882390    0.861155
    882400     0.86611
    882410    0.867537
    882420    0.858414
    882430    0.835563
    882440    0.847696
    882450    0.855961
    882460    0.865726
    882470    0.863926
    882480     0.88079
    882490    0.860786
    882500    0.853276
    882510    0.861877
    882520     0.84906
    882530    0.845507
    882540    0.843436
    882550    0.848846
    882560    0.852433
    882570    0.853897
    882580     0.85002
    882590    0.863668
    882600    0.838414
    882610    0.854164
    882620    0.860379
    882630    0.844862
    882640    0.838971
    882650    0.851877
    882660    0.855085
    882670    0.858711
    882680    0.827811
    882690    0.865692
    882700    0.864389
    882710    0.855812
    882720    0.867976
    882730    0.833426
    882740     0.84454
    882750    0.852282
    882760    0.863729
    882770    0.864401
    882780    0.863171
    882790    0.852928
    882800    0.851931
    882810    0.856935
    882820    0.837034
    882830    0.843352
    882840    0.845897
    882850    0.856539
    882860    0.862163
    882870    0.869639
    882880    0.871818
    882890     0.84265
    882900    0.850257
    882910    0.848915
    882920     0.85867
    882930    0.858241
    882940    0.862737
    882950    0.844514
    882960    0.854677
    882970    0.847896
    882980    0.854617
    882990    0.866432
    883000    0.854668
    883010    0.847341
    883020     0.85691
    883030     0.87527
    883040    0.855723
    883050    0.858102
    883060    0.858681
    883070    0.847979
    883080    0.850941
    883090    0.859548
    883100    0.859812
    883110    0.871055
    883120     0.83769
    883130    0.840054
    883140    0.844237
    883150     0.85694
    883160    0.850515
    883170    0.852282
    883180    0.841416
    883190    0.862062
    883200    0.861438
    883210    0.844942
    883220    0.840132
    883230    0.859537
    883240    0.866482
    883250    0.875061
    883260    0.848192
    883270    0.850629
    883280     0.86317
    883290    0.876653
    883300    0.862195
    883310    0.869756
    883320    0.846006
    883330    0.862315
    883340    0.869265
    883350    0.850909
    883360    0.860096
    883370    0.875668
    883380    0.853599
    883390    0.853011
    883400    0.870876
    883410    0.871312
    883420    0.876566
    883430    0.877974
    883440    0.870565
    883450    0.855085
    883460     0.86578
    883470    0.863365
    883480    0.850582
    883490    0.867329
    883500    0.873007
    883510    0.868717
    883520    0.856462
    883530    0.845997
    883540    0.846726
    883550    0.876695
    883560     0.85866
    883570    0.872927
    883580     0.87214
    883590    0.883202
    883600    0.861435
    883610    0.841116
    883620    0.867453
    883630    0.875532
    883640    0.852898
    883650    0.854969
    883660     0.85981
    883670    0.873708
    883680     0.84514
    883690    0.878948
    883700    0.873666
    883710    0.864613
    883720    0.858957
    883730    0.862923
    883740    0.871545
    883750    0.853883
    883760     0.87145
    883770    0.863058
    883780    0.880857
    883790    0.877516
    883800    0.871882
    883810    0.863499
    883820     0.87302
    883830    0.858971
    883840    0.866998
    883850    0.848628
    883860    0.843351
    883870    0.871918
    883880    0.854864
    883890    0.848076
    883900    0.845098
    883910    0.860467
    883920    0.846752
    883930    0.858585
    883940    0.847986
    883950    0.849558
    883960    0.858701
    883970    0.848513
    883980    0.861627
    883990    0.870258
    884000    0.847214
    884010    0.854853
    884020    0.871807
    884030     0.85476
    884040    0.861414
    884050    0.869279
    884060    0.854457
    884070    0.862403
    884080    0.863725
    884090    0.863294
    884100    0.836141
    884110    0.841929
    884120    0.840637
    884130    0.845074
    884140    0.893547
    884150    0.837965
    884160    0.859262
    884170    0.879505
    884180    0.846182
    884190    0.853321
    884200    0.851397
    884210    0.837487
    884220     0.84431
    884230    0.838318
    884240    0.880067
    884250    0.854765
    884260    0.834274
    884270    0.850928
    884280    0.836042
    884290    0.829528
    884300    0.849673
    884310    0.859501
    884320    0.839879
    884330     0.85176
    884340    0.834275
    884350    0.839521
    884360    0.852266
    884370    0.868245
    884380    0.849113
    884390    0.868495
    884400    0.859946
    884410    0.860365
    884420    0.871247
    884430    0.851769
    884440    0.856691
    884450     0.85008
    884460    0.849343
    884470    0.841968
    884480    0.858131
    884490     0.83805
    884500    0.832142
    884510    0.859828
    884520    0.830027
    884530    0.849265
    884540    0.837581
    884550    0.859081
    884560    0.845716
    884570    0.856926
    884580    0.864953
    884590    0.847432
    884600    0.848478
    884610    0.864722
    884620    0.855033
    884630    0.867049
    884640    0.848339
    884650    0.857882
    884660    0.868619
    884670    0.847235
    884680    0.844717
    884690    0.847087
    884700    0.852112
    884710    0.848516
    884720     0.83592
    884730    0.858294
    884740    0.831867
    884750    0.842288
    884760    0.870432
    884770    0.848519
    884780     0.86128
    884790    0.871341
    884800    0.863735
    884810    0.850144
    884820    0.856569
    884830    0.844497
    884840    0.847612
    884850    0.827341
    884860     0.85674
    884870    0.840316
    884880    0.836551
    884890    0.844773
    884900    0.859405
    884910    0.849059
    884920    0.869204
    884930    0.841699
    884940    0.845308
    884950    0.839123
    884960    0.840744
    884970    0.856521
    884980    0.866055
    884990    0.847665
    885000     0.83396
    885010    0.850278
    885020    0.846722
    885030    0.850154
    885040    0.837539
    885050    0.859823
    885060    0.839975
    885070    0.847869
    885080    0.839002
    885090    0.829589
    885100    0.849885
    885110    0.852752
    885120    0.845587
    885130    0.842988
    885140    0.845288
    885150     0.84231
    885160    0.851666
    885170    0.844569
    885180    0.850964
    885190    0.850292
    885200    0.846738
    885210    0.838027
    885220      0.8587
    885230    0.828995
    885240    0.849056
    885250    0.845822
    885260    0.836173
    885270    0.852956
    885280    0.845952
    885290    0.861264
    885300    0.852328
    885310    0.834113
    885320     0.86255
    885330    0.855119
    885340    0.851879
    885350    0.857277
    885360    0.836885
    885370    0.859489
    885380    0.852957
    885390    0.860583
    885400    0.842488
    885410    0.856576
    885420    0.841406
    885430    0.830404
    885440    0.845409
    885450    0.827273
    885460     0.83524
    885470    0.840484
    885480    0.841797
    885490    0.833993
    885500    0.828723
    885510    0.854155
    885520    0.835551
    885530    0.852901
    885540    0.862621
    885550     0.85507
    885560    0.834786
    885570    0.853472
    885580    0.833937
    885590    0.852931
    885600    0.836104
    885610     0.85987
    885620    0.843028
    885630    0.858579
    885640    0.852329
    885650     0.85598
    885660    0.851267
    885670    0.862963
    885680    0.861838
    885690    0.835937
    885700    0.847254
    885710    0.847225
    885720    0.828196
    885730    0.861033
    885740    0.845932
    885750    0.856999
    885760    0.880091
    885770    0.841737
    885780    0.859755
    885790    0.840022
    885800    0.848969
    885810     0.86424
    885820    0.858787
    885830    0.854757
    885840    0.840924
    885850    0.860763
    885860    0.863776
    885870    0.860675
    885880    0.874602
    885890    0.857868
    885900    0.861405
    885910    0.877099
    885920    0.884807
    885930    0.859514
    885940    0.878053
    885950     0.86078
    885960    0.863822
    885970    0.893458
    885980    0.861542
    885990    0.876086
    886000    0.884807
    886010    0.870525
    886020    0.872222
    886030    0.867573
    886040    0.846713
    886050    0.870292
    886060    0.857355
    886070    0.859226
    886080    0.882653
    886090    0.876576
    886100    0.877619
    886110    0.846156
    886120    0.855332
    886130    0.855848
    886140     0.85308
    886150    0.847716
    886160    0.855725
    886170    0.860192
    886180    0.869197
    886190    0.879559
    886200    0.843909
    886210    0.855291
    886220    0.880656
    886230     0.88164
    886240    0.878122
    886250    0.878914
    886260    0.845867
    886270     0.86742
    886280    0.861006
    886290    0.850263
    886300    0.833372
    886310    0.847754
    886320     0.86867
    886330    0.866853
    886340    0.836405
    886350    0.840353
    886360     0.84864
    886370    0.848548
    886380    0.864031
    886390    0.856345
    886400    0.862451
    886410    0.845568
    886420    0.837407
    886430    0.841788
    886440    0.859569
    886450    0.827954
    886460    0.829137
    886470    0.861039
    886480    0.852413
    886490    0.835475
    886500    0.870676
    886510    0.870623
    886520    0.869342
    886530    0.860549
    886540    0.853171
    886550    0.867035
    886560     0.85754
    886570    0.864949
    886580    0.861158
    886590     0.86973
    886600    0.859691
    886610    0.850459
    886620    0.870472
    886630    0.860416
    886640    0.839452
    886650    0.863982
    886660    0.844018
    886670    0.849643
    886680    0.868526
    886690    0.848044
    886700    0.862126
    886710    0.870281
    886720    0.859419
    886730    0.877231
    886740    0.869805
    886750    0.876821
    886760    0.853187
    886770    0.855981
    886780    0.841819
    886790     0.86035
    886800    0.849968
    886810    0.865512
    886820    0.877891
    886830    0.866771
    886840    0.878937
    886850    0.840889
    886860    0.849852
    886870     0.84356
    886880    0.838309
    886890    0.843433
    886900    0.847936
    886910    0.840137
    886920    0.856072
    886930    0.838497
    886940    0.853237
    886950     0.85623
    886960    0.862262
    886970      0.8632
    886980    0.870123
    886990    0.864402
    887000    0.853496
    887010    0.861042
    887020    0.880609
    887030    0.871473
    887040     0.84687
    887050    0.855092
    887060    0.853715
    887070    0.870593
    887080    0.840249
    887090    0.872381
    887100    0.874919
    887110    0.849408
    887120    0.845084
    887130     0.85885
    887140    0.869274
    887150    0.871962
    887160    0.850045
    887170    0.860279
    887180    0.866197
    887190    0.851184
    887200    0.844271
    887210    0.853024
    887220    0.862952
    887230    0.858541
    887240    0.853144
    887250     0.85657
    887260    0.865003
    887270    0.874131
    887280    0.881652
    887290    0.869138
    887300    0.858002
    887310    0.849267
    887320    0.858413
    887330    0.867162
    887340     0.86379
    887350    0.897062
    887360    0.859057
    887370    0.887445
    887380    0.858291
    887390    0.865553
    887400    0.844063
    887410    0.864371
    887420    0.864676
    887430    0.858718
    887440    0.838086
    887450    0.858621
    887460    0.860198
    887470    0.881777
    887480    0.858472
    887490    0.846646
    887500    0.864413
    887510    0.866721
    887520     0.84521
    887530    0.850426
    887540    0.874147
    887550    0.853563
    887560    0.851203
    887570    0.867045
    887580    0.848045
    887590    0.857489
    887600    0.883599
    887610     0.82391
    887620    0.856394
    887630    0.858901
    887640    0.869449
    887650    0.849756
    887660    0.851777
    887670    0.846986
    887680     0.85988
    887690    0.869079
    887700    0.863567
    887710    0.864655
    887720    0.855431
    887730    0.875594
    887740    0.848284
    887750     0.86574
    887760    0.858606
    887770    0.856081
    887780    0.870939
    887790    0.868128
    887800    0.859957
    887810    0.856612
    887820    0.846283
    887830    0.856845
    887840    0.864322
    887850    0.867926
    887860     0.84535
    887870    0.869655
    887880    0.863531
    887890    0.855127
    887900    0.841909
    887910    0.866921
    887920    0.833153
    887930    0.862165
    887940    0.870784
    887950    0.871789
    887960    0.847446
    887970     0.87604
    887980    0.871963
    887990    0.846582
    888000    0.862758
    888010    0.875735
    888020    0.884778
    888030    0.873629
    888040    0.870967
    888050    0.856556
    888060     0.86997
    888070    0.872159
    888080    0.842033
    888090    0.845867
    888100    0.834738
    888110    0.867367
    888120    0.842748
    888130    0.834822
    888140    0.859413
    888150    0.850751
    888160    0.866515
    888170    0.851523
    888180     0.84501
    888190    0.845823
    888200    0.843554
    888210    0.872269
    888220    0.852745
    888230    0.852925
    888240    0.851248
    888250    0.880047
    888260    0.876153
    888270     0.84442
    888280    0.852527
    888290    0.843128
    888300    0.854366
    888310    0.843881
    888320    0.844124
    888330    0.831675
    888340    0.838735
    888350    0.844974
    888360    0.859604
    888370    0.837722
    888380     0.84203
    888390    0.839006
    888400    0.876455
    888410    0.846635
    888420    0.857769
    888430    0.860556
    888440    0.856934
    888450    0.860046
    888460    0.866192
    888470    0.870889
    888480    0.836674
    888490    0.873118
    888500    0.858937
    888510    0.840759
    888520    0.855099
    888530     0.85554
    888540    0.851822
    888550    0.834265
    888560    0.848934
    888570    0.849925
    888580     0.84364
    888590    0.838062
    888600    0.843359
    888610    0.857907
    888620    0.846085
    888630    0.835367
    888640     0.84745
    888650    0.864068
    888660    0.864083
    888670    0.869563
    888680    0.843974
    888690    0.840412
    888700     0.86908
    888710    0.855464
    888720    0.851846
    888730    0.860353
    888740    0.862054
    888750    0.860128
    888760    0.853309
    888770    0.861548
    888780    0.838646
    888790    0.844544
    888800     0.86738
    888810    0.866392
    888820    0.850532
    888830     0.83605
    888840     0.84731
    888850    0.865428
    888860    0.850269
    888870    0.856165
    888880    0.862432
    888890    0.842765
    888900    0.828748
    888910     0.84328
    888920    0.814777
    888930    0.836819
    888940    0.840159
    888950    0.829714
    888960    0.841817
    888970    0.847566
    888980    0.861502
    888990    0.834429
    889000    0.850346
    889010    0.868994
    889020    0.879104
    889030    0.831147
    889040    0.864654
    889050    0.872421
    889060    0.862788
    889070    0.867722
    889080    0.856556
    889090    0.849906
    889100    0.856984
    889110      0.8714
    889120     0.85699
    889130    0.864686
    889140     0.85014
    889150    0.840385
    889160    0.873773
    889170    0.870588
    889180    0.890505
    889190    0.881759
    889200    0.852731
    889210    0.870806
    889220    0.841956
    889230    0.861813
    889240    0.842531
    889250    0.848244
    889260    0.859099
    889270    0.866901
    889280    0.860545
    889290    0.869953
    889300    0.879931
    889310    0.853118
    889320    0.859762
    889330    0.862791
    889340    0.850145
    889350    0.871736
    889360    0.861434
    889370    0.856359
    889380     0.86861
    889390    0.866199
    889400    0.846848
    889410     0.85113
    889420    0.850341
    889430     0.86451
    889440    0.874122
    889450    0.862356
    889460    0.852924
    889470    0.874841
    889480    0.853359
    889490    0.854503
    889500    0.861928
    889510    0.861934
    889520    0.870654
    889530     0.87117
    889540    0.852666
    889550    0.887188
    889560    0.863003
    889570    0.861021
    889580    0.874133
    889590    0.863858
    889600     0.86334
    889610    0.843919
    889620    0.859487
    889630    0.855211
    889640    0.872653
    889650    0.880289
    889660    0.852467
    889670    0.875048
    889680    0.873652
    889690    0.860451
    889700    0.868006
    889710    0.866785
    889720    0.864813
    889730    0.880816
    889740    0.860046
    889750    0.886012
    889760    0.850285
    889770    0.863152
    889780    0.884429
    889790    0.861517
    889800    0.878035
    889810    0.879798
    889820    0.855307
    889830    0.876642
    889840    0.870691
    889850    0.898174
    889860     0.87564
    889870    0.866063
    889880    0.846681
    889890    0.867382
    889900    0.876603
    889910    0.852657
    889920    0.845788
    889930     0.88013
    889940    0.857587
    889950    0.849068
    889960    0.858539
    889970    0.868195
    889980    0.878595
    889990    0.869344
    890000    0.861083
    890010    0.863982
    890020     0.85615
    890030    0.872382
    890040    0.854104
    890050    0.872449
    890060     0.86881
    890070    0.871608
    890080    0.873669
    890090    0.837212
    890100    0.876866
    890110    0.865377
    890120    0.866388
    890130    0.837889
    890140    0.855532
    890150     0.87371
    890160    0.864981
    890170    0.848236
    890180    0.884296
    890190    0.873723
    890200    0.849811
    890210    0.863787
    890220    0.866241
    890230    0.815606
    890240     0.85413
    890250     0.84701
    890260    0.858735
    890270    0.853654
    890280    0.861215
    890290    0.847095
    890300    0.844537
    890310    0.858411
    890320    0.858519
    890330    0.864967
    890340    0.876522
    890350    0.880889
    890360    0.858142
    890370    0.850021
    890380    0.855738
    890390    0.867735
    890400    0.854732
    890410    0.852403
    890420    0.866615
    890430    0.843287
    890440    0.852361
    890450    0.858891
    890460    0.860925
    890470    0.856923
    890480    0.841332
    890490    0.880969
    890500     0.83534
    890510    0.872667
    890520    0.862654
    890530    0.870461
    890540    0.863984
    890550    0.857136
    890560    0.850627
    890570    0.872324
    890580     0.88552
    890590    0.838385
    890600    0.853346
    890610    0.865152
    890620    0.839873
    890630    0.846204
    890640    0.845897
    890650     0.83061
    890660    0.863424
    890670    0.844165
    890680    0.858204
    890690    0.865052
    890700    0.840102
    890710    0.830586
    890720    0.847624
    890730    0.851614
    890740    0.858038
    890750    0.833669
    890760    0.821464
    890770    0.869404
    890780    0.853423
    890790    0.839846
    890800     0.84256
    890810    0.868951
    890820     0.84818
    890830     0.84342
    890840    0.858486
    890850    0.839062
    890860    0.858534
    890870    0.863855
    890880    0.858378
    890890    0.850178
    890900    0.863756
    890910    0.864022
    890920    0.853258
    890930    0.873457
    890940    0.871112
    890950    0.847975
    890960    0.859094
    890970    0.854683
    890980    0.857933
    890990    0.850594
    891000    0.841902
    891010    0.836555
    891020    0.844438
    891030    0.863663
    891040    0.870308
    891050    0.861058
    891060    0.841005
    891070    0.842518
    891080    0.844404
    891090    0.858467
    891100    0.848466
    891110    0.856704
    891120    0.872244
    891130    0.850681
    891140    0.856337
    891150    0.869127
    891160    0.867827
    891170    0.859825
    891180    0.863394
    891190    0.855567
    891200    0.856522
    891210    0.861413
    891220    0.865805
    891230    0.851932
    891240    0.845203
    891250     0.87601
    891260      0.8526
    891270     0.84108
    891280    0.850341
    891290    0.872741
    891300    0.885604
    891310    0.859747
    891320    0.881725
    891330    0.860181
    891340    0.864262
    891350    0.845345
    891360     0.84809
    891370      0.8541
    891380    0.867096
    891390    0.866323
    891400     0.85346
    891410    0.856644
    891420    0.852658
    891430    0.836585
    891440    0.852143
    891450    0.840949
    891460    0.828971
    891470    0.850641
    891480    0.865939
    891490    0.846964
    891500    0.884473
    891510    0.844658
    891520    0.858682
    891530    0.858278
    891540     0.84477
    891550    0.854389
    891560    0.857454
    891570    0.829682
    891580    0.836286
    891590    0.851165
    891600    0.837436
    891610    0.860863
    891620    0.846587
    891630    0.849198
    891640    0.869765
    891650    0.863599
    891660    0.872966
    891670    0.836778
    891680    0.865281
    891690    0.865314
    891700    0.836002
    891710    0.835808
    891720    0.855403
    891730    0.867871
    891740     0.86615
    891750    0.852316
    891760    0.861993
    891770     0.84416
    891780    0.842529
    891790     0.87116
    891800     0.85222
    891810    0.849039
    891820    0.843196
    891830     0.85402
    891840    0.863492
    891850    0.841484
    891860    0.834706
    891870    0.852205
    891880    0.882076
    891890    0.877201
    891900    0.867663
    891910    0.875089
    891920    0.835199
    891930    0.865608
    891940    0.862484
    891950    0.867734
    891960    0.883915
    891970    0.876224
    891980     0.85937
    891990    0.865749
    892000     0.84392
    892010    0.843041
    892020    0.843641
    892030    0.852155
    892040    0.846246
    892050    0.835955
    892060    0.866605
    892070    0.845316
    892080    0.870263
    892090    0.870787
    892100    0.874204
    892110    0.870213
    892120    0.879958
    892130    0.885755
    892140    0.877871
    892150    0.866433
    892160    0.845553
    892170    0.889894
    892180    0.883808
    892190    0.884171
    892200    0.880986
    892210    0.871631
    892220    0.883447
    892230    0.874968
    892240    0.880087
    892250    0.894409
    892260    0.859225
    892270     0.86231
    892280    0.896764
    892290    0.883522
    892300     0.88931
    892310    0.887864
    892320    0.911676
    892330    0.867919
    892340    0.875783
    892350    0.880904
    892360     0.87951
    892370    0.871008
    892380    0.877115
    892390    0.852252
    892400    0.870006
    892410    0.870551
    892420    0.862432
    892430    0.880156
    892440    0.880802
    892450    0.838451
    892460    0.871872
    892470    0.863176
    892480    0.866951
    892490    0.863197
    892500    0.862504
    892510    0.864464
    892520    0.857924
    892530    0.873018
    892540    0.904288
    892550     0.85384
    892560    0.873895
    892570    0.868295
    892580    0.871931
    892590    0.880972
    892600    0.854072
    892610    0.865546
    892620    0.885393
    892630    0.863861
    892640    0.845258
    892650      0.8783
    892660    0.861058
    892670     0.85326
    892680    0.858989
    892690    0.865425
    892700    0.868978
    892710    0.878296
    892720    0.874148
    892730    0.874725
    892740    0.864313
    892750    0.857161
    892760    0.877507
    892770    0.852398
    892780    0.864322
    892790    0.873558
    892800    0.881752
    892810     0.87333
    892820    0.856359
    892830    0.912856
    892840      0.8828
    892850    0.843147
    892860    0.885161
    892870    0.868526
    892880    0.892232
    892890     0.87289
    892900    0.865736
    892910    0.864491
    892920    0.861997
    892930     0.87433
    892940    0.869387
    892950    0.858882
    892960     0.87219
    892970    0.854684
    892980    0.868801
    892990    0.882759
    893000    0.855152
    893010    0.853157
    893020    0.878696
    893030     0.86723
    893040    0.868362
    893050    0.867842
    893060    0.878023
    893070      0.8996
    893080     0.87696
    893090    0.873711
    893100    0.850188
    893110    0.856315
    893120    0.899148
    893130    0.867837
    893140    0.870594
    893150    0.889495
    893160    0.877291
    893170    0.868568
    893180     0.85461
    893190    0.853422
    893200    0.856873
    893210    0.854384
    893220     0.86782
    893230    0.867683
    893240      0.8702
    893250     0.85864
    893260    0.854877
    893270    0.870342
    893280    0.871299
    893290    0.858891
    893300    0.864395
    893310    0.874305
    893320    0.877139
    893330    0.878975
    893340    0.871976
    893350      0.8729
    893360    0.900946
    893370    0.879376
    893380    0.877064
    893390    0.896563
    893400    0.858392
    893410    0.908119
    893420    0.883541
    893430    0.879726
    893440    0.883439
    893450    0.894055
    893460    0.858771
    893470    0.877603
    893480    0.854457
    893490    0.886461
    893500    0.876728
    893510     0.88942
    893520    0.834024
    893530    0.855881
    893540    0.862503
    893550    0.871992
    893560    0.853708
    893570    0.859382
    893580     0.87314
    893590    0.889266
    893600    0.872213
    893610    0.866401
    893620    0.848756
    893630    0.855165
    893640    0.850455
    893650    0.890398
    893660     0.82803
    893670    0.896564
    893680     0.85551
    893690    0.864629
    893700    0.837861
    893710    0.844106
    893720    0.859321
    893730     0.88767
    893740    0.865984
    893750    0.847113
    893760    0.898602
    893770    0.854476
    893780    0.878728
    893790    0.875405
    893800     0.86411
    893810    0.885589
    893820    0.898746
    893830    0.868031
    893840    0.844131
    893850    0.854178
    893860    0.871863
    893870    0.880407
    893880    0.890207
    893890     0.87614
    893900    0.859715
    893910    0.867116
    893920    0.849736
    893930    0.866886
    893940    0.874345
    893950    0.864285
    893960    0.879546
    893970     0.88463
    893980    0.868579
    893990     0.86827
    894000    0.866733
    894010    0.886015
    894020    0.853492
    894030    0.863433
    894040    0.866775
    894050    0.856354
    894060    0.872424
    894070    0.845804
    894080     0.86662
    894090    0.858278
    894100    0.844068
    894110    0.878769
    894120    0.865246
    894130    0.855713
    894140     0.85544
    894150    0.853712
    894160    0.873791
    894170    0.851009
    894180    0.889612
    894190    0.869125
    894200    0.858746
    894210    0.888069
    894220    0.864208
    894230    0.864328
    894240    0.869202
    894250    0.883198
    894260    0.857576
    894270    0.850681
    894280    0.877683
    894290    0.857269
    894300    0.844251
    894310    0.847454
    894320    0.858464
    894330     0.86175
    894340    0.872712
    894350    0.845351
    894360    0.885504
    894370    0.865345
    894380    0.880308
    894390    0.866797
    894400    0.878361
    894410    0.851566
    894420    0.863588
    894430    0.873027
    894440    0.852583
    894450    0.861751
    894460    0.861347
    894470    0.885085
    894480    0.842137
    894490    0.860946
    894500    0.873802
    894510     0.86517
    894520     0.88408
    894530    0.858763
    894540    0.865932
    894550    0.863349
    894560    0.856712
    894570    0.865028
    894580    0.867756
    894590    0.886324
    894600     0.85832
    894610    0.891001
    894620    0.873854
    894630    0.842033
    894640    0.861649
    894650    0.870368
    894660    0.855616
    894670    0.895715
    894680    0.863092
    894690    0.869716
    894700    0.863538
    894710    0.894429
    894720    0.909474
    894730    0.904233
    894740    0.870817
    894750    0.874457
    894760    0.867522
    894770    0.857217
    894780    0.860277
    894790    0.877476
    894800    0.878135
    894810    0.859294
    894820    0.853272
    894830    0.864142
    894840    0.858263
    894850    0.872796
    894860    0.857826
    894870    0.879981
    894880    0.846386
    894890    0.894561
    894900    0.879604
    894910    0.880922
    894920    0.860291
    894930    0.901142
    894940    0.866137
    894950    0.887998
    894960    0.865264
    894970    0.875015
    894980    0.851767
    894990    0.875867
    895000     0.86234
    895010    0.857678
    895020    0.877304
    895030    0.868913
    895040    0.867821
    895050    0.874289
    895060    0.861106
    895070    0.868971
    895080    0.880835
    895090    0.879532
    895100    0.900493
    895110    0.890141
    895120    0.902754
    895130    0.856197
    895140    0.874597
    895150    0.889742
    895160    0.915065
    895170    0.900159
    895180    0.873764
    895190    0.879658
    895200    0.859824
    895210    0.885594
    895220    0.893422
    895230    0.858396
    895240    0.899969
    895250    0.879717
    895260    0.869396
    895270    0.892852
    895280    0.869714
    895290    0.861393
    895300      0.8764
    895310    0.866624
    895320    0.886729
    895330    0.870289
    895340    0.848773
    895350    0.874331
    895360    0.863279
    895370    0.892763
    895380    0.870137
    895390    0.845564
    895400    0.873096
    895410    0.883281
    895420    0.875642
    895430     0.86484
    895440    0.860152
    895450    0.871035
    895460    0.858866
    895470    0.874007
    895480    0.854163
    895490    0.864019
    895500    0.864209
    895510    0.871481
    895520    0.842722
    895530    0.820922
    895540    0.858749
    895550    0.865119
    895560    0.840736
    895570    0.849308
    895580    0.857161
    895590    0.843655
    895600    0.878588
    895610    0.875547
    895620    0.878026
    895630    0.861737
    895640     0.91337
    895650    0.890776
    895660    0.893763
    895670    0.833494
    895680    0.873904
    895690      0.8556
    895700    0.863381
    895710    0.860431
    895720    0.869776
    895730     0.85117
    895740    0.863732
    895750    0.873478
    895760    0.860489
    895770    0.870709
    895780    0.843322
    895790    0.861246
    895800     0.88146
    895810    0.873541
    895820    0.849358
    895830    0.885102
    895840    0.884608
    895850    0.865861
    895860    0.874574
    895870    0.894048
    895880      0.8714
    895890    0.857975
    895900    0.867315
    895910    0.849581
    895920    0.849658
    895930    0.853102
    895940     0.85865
    895950     0.84233
    895960    0.848402
    895970    0.866968
    895980    0.861291
    895990      0.8647
    896000    0.868182
    896010    0.866991
    896020    0.850186
    896030    0.865796
    896040     0.86237
    896050    0.855782
    896060    0.845335
    896070    0.883104
    896080    0.874946
    896090    0.871734
    896100    0.824241
    896110    0.858395
    896120    0.869897
    896130    0.842487
    896140      0.8436
    896150    0.856389
    896160    0.888612
    896170    0.864962
    896180    0.842935
    896190    0.858404
    896200    0.834257
    896210    0.845644
    896220    0.854616
    896230    0.867575
    896240    0.864353
    896250    0.874549
    896260     0.84793
    896270    0.860409
    896280    0.854972
    896290    0.846042
    896300    0.856682
    896310    0.852594
    896320    0.862556
    896330    0.879336
    896340    0.846905
    896350    0.861157
    896360    0.836224
    896370    0.858622
    896380    0.875702
    896390    0.855464
    896400    0.818177
    896410    0.846842
    896420    0.845869
    896430    0.842815
    896440    0.869064
    896450    0.839485
    896460    0.853859
    896470    0.863683
    896480    0.870386
    896490    0.847263
    896500    0.861723
    896510    0.836282
    896520    0.872671
    896530    0.862775
    896540    0.868559
    896550    0.868378
    896560    0.878136
    896570    0.845972
    896580    0.838551
    896590    0.860226
    896600    0.849872
    896610    0.867519
    896620    0.867091
    896630    0.855022
    896640     0.87083
    896650    0.849552
    896660    0.840202
    896670    0.870059
    896680    0.849599
    896690    0.881862
    896700    0.833519
    896710    0.864036
    896720    0.833971
    896730    0.857859
    896740    0.855164
    896750    0.855387
    896760    0.884834
    896770     0.85664
    896780    0.851748
    896790    0.854676
    896800    0.842613
    896810    0.850126
    896820    0.881737
    896830    0.870701
    896840    0.866944
    896850    0.861065
    896860     0.85588
    896870     0.88103
    896880     0.85656
    896890    0.860992
    896900    0.860439
    896910    0.857878
    896920    0.871759
    896930    0.860811
    896940    0.838234
    896950    0.851166
    896960    0.860161
    896970    0.895677
    896980    0.881934
    896990    0.873189
    897000    0.873036
    897010    0.859445
    897020    0.864383
    897030    0.859344
    897040    0.875894
    897050    0.845027
    897060    0.857592
    897070    0.842119
    897080     0.86801
    897090    0.864654
    897100    0.851027
    897110    0.846814
    897120     0.84187
    897130     0.85827
    897140    0.837131
    897150    0.867215
    897160    0.852154
    897170    0.853137
    897180    0.871233
    897190    0.884652
    897200    0.870317
    897210    0.862915
    897220    0.858936
    897230    0.857001
    897240    0.863469
    897250    0.866924
    897260    0.857581
    897270    0.842434
    897280    0.861787
    897290    0.861789
    897300    0.857711
    897310    0.869617
    897320    0.870052
    897330    0.874892
    897340    0.874459
    897350    0.848205
    897360    0.903593
    897370    0.855309
    897380    0.870311
    897390    0.873493
    897400    0.859162
    897410    0.871813
    897420    0.900935
    897430    0.890309
    897440    0.874175
    897450    0.888518
    897460    0.882121
    897470    0.903267
    897480    0.879022
    897490    0.890419
    897500     0.86361
    897510    0.888193
    897520     0.87731
    897530    0.871275
    897540    0.896643
    897550    0.880153
    897560    0.884135
    897570    0.868548
    897580    0.869387
    897590    0.892024
    897600    0.863323
    897610    0.857356
    897620    0.861296
    897630    0.867982
    897640    0.849175
    897650    0.882453
    897660     0.86628
    897670    0.844981
    897680    0.867304
    897690    0.861463
    897700    0.879014
    897710     0.84556
    897720    0.877469
    897730    0.861018
    897740    0.862571
    897750    0.874001
    897760    0.884605
    897770    0.852753
    897780    0.880264
    897790     0.86942
    897800     0.85667
    897810    0.866987
    897820    0.861997
    897830    0.900504
    897840    0.868341
    897850     0.88901
    897860    0.888644
    897870    0.866245
    897880    0.885757
    897890    0.879266
    897900    0.877006
    897910    0.864465
    897920    0.901538
    897930    0.861968
    897940    0.859015
    897950    0.852477
    897960     0.84938
    897970    0.856748
    897980    0.876315
    897990    0.856127
    898000    0.869864
    898010    0.865875
    898020    0.883077
    898030    0.874578
    898040    0.904019
    898050    0.874858
    898060    0.848806
    898070    0.878733
    898080    0.887173
    898090    0.875914
    898100    0.873501
    898110    0.856987
    898120    0.851288
    898130    0.859183
    898140     0.85861
    898150    0.870489
    898160    0.863693
    898170    0.889211
    898180    0.871398
    898190    0.911172
    898200    0.874009
    898210    0.884896
    898220    0.878096
    898230    0.858064
    898240    0.886162
    898250    0.888437
    898260    0.872198
    898270    0.861685
    898280    0.875289
    898290    0.886869
    898300    0.874112
    898310    0.874509
    898320    0.860349
    898330    0.860863
    898340    0.871277
    898350    0.853404
    898360    0.851726
    898370    0.874448
    898380    0.863979
    898390    0.844452
    898400    0.868478
    898410     0.87514
    898420    0.852174
    898430    0.857509
    898440    0.851918
    898450    0.852712
    898460    0.865608
    898470    0.875561
    898480    0.852612
    898490    0.880611
    898500    0.870959
    898510    0.860192
    898520    0.875018
    898530     0.86178
    898540    0.866164
    898550    0.879405
    898560    0.863385
    898570    0.855632
    898580    0.863697
    898590      0.8491
    898600    0.848904
    898610    0.852795
    898620     0.85613
    898630    0.844321
    898640     0.85225
    898650    0.853093
    898660    0.855809
    898670    0.851564
    898680     0.86024
    898690    0.866101
    898700    0.855833
    898710    0.870584
    898720    0.857983
    898730    0.848734
    898740    0.875188
    898750    0.846533
    898760    0.855675
    898770    0.856134
    898780    0.864133
    898790    0.864994
    898800    0.831413
    898810    0.861552
    898820    0.866361
    898830    0.848939
    898840    0.866825
    898850    0.848374
    898860    0.860189
    898870     0.87539
    898880    0.848279
    898890    0.866501
    898900    0.863346
    898910     0.85597
    898920     0.86274
    898930    0.842888
    898940     0.87203
    898950    0.865133
    898960    0.867793
    898970    0.880246
    898980    0.857713
    898990    0.854753
    899000    0.882853
    899010    0.894988
    899020    0.876304
    899030    0.858853
    899040    0.858095
    899050    0.908663
    899060    0.905943
    899070    0.860818
    899080    0.883875
    899090    0.856826
    899100    0.869332
    899110    0.861464
    899120    0.871332
    899130    0.870324
    899140     0.84398
    899150     0.86806
    899160    0.853664
    899170    0.877956
    899180    0.871146
    899190    0.860044
    899200    0.871206
    899210     0.87149
    899220    0.888406
    899230    0.872051
    899240    0.893375
    899250    0.861094
    899260     0.86914
    899270    0.887649
    899280    0.855859
    899290      0.8416
    899300    0.857517
    899310    0.821248
    899320    0.870344
    899330    0.855353
    899340    0.847494
    899350    0.865757
    899360    0.846292
    899370    0.877455
    899380      0.9016
    899390    0.903997
    899400    0.892494
    899410    0.877668
    899420    0.866707
    899430    0.880604
    899440    0.881502
    899450      0.8746
    899460    0.859344
    899470    0.854495
    899480    0.857838
    899490    0.865338
    899500    0.841917
    899510    0.849477
    899520    0.871004
    899530    0.855586
    899540    0.848214
    899550    0.859205
    899560    0.873367
    899570    0.871316
    899580    0.846555
    899590    0.855349
    899600    0.862799
    899610    0.860363
    899620    0.842455
    899630    0.860373
    899640    0.864915
    899650      0.8462
    899660     0.85225
    899670    0.858423
    899680    0.891036
    899690    0.865456
    899700    0.890795
    899710    0.878819
    899720    0.886772
    899730    0.871023
    899740    0.845521
    899750    0.846145
    899760    0.850575
    899770    0.838067
    899780    0.824753
    899790    0.862233
    899800    0.861021
    899810     0.85548
    899820    0.865184
    899830    0.863468
    899840    0.874374
    899850    0.869246
    899860    0.859204
    899870    0.853989
    899880    0.866288
    899890    0.881285
    899900    0.861164
    899910    0.847965
    899920    0.857834
    899930    0.862025
    899940     0.84927
    899950    0.881074
    899960     0.87556
    899970    0.843875
    899980    0.854321
    899990    0.872635
    900000    0.852536
    900010    0.852125
    900020     0.85293
    900030    0.858358
    900040    0.839669
    900050    0.861802
    900060    0.840173
    900070    0.875254
    900080    0.875152
    900090    0.845697
    900100    0.853747
    900110    0.860948
    900120    0.867377
    900130    0.867767
    900140    0.830842
    900150    0.844276
    900160     0.85449
    900170    0.832899
    900180    0.849423
    900190     0.83056
    900200    0.882874
    900210    0.862179
    900220    0.850856
    900230    0.847712
    900240    0.830599
    900250    0.840918
    900260    0.836223
    900270    0.850431
    900280    0.838524
    900290     0.83165
    900300    0.869086
    900310    0.870829
    900320    0.863172
    900330    0.868128
    900340     0.86285
    900350    0.856596
    900360    0.857747
    900370    0.848272
    900380    0.853002
    900390     0.87256
    900400    0.870683
    900410    0.846154
    900420    0.876309
    900430    0.856043
    900440    0.850091
    900450    0.863156
    900460    0.832913
    900470    0.824265
    900480    0.844076
    900490    0.891572
    900500    0.855883
    900510    0.830403
    900520    0.843451
    900530    0.829423
    900540    0.848455
    900550    0.838852
    900560    0.881239
    900570    0.835871
    900580    0.845211
    900590    0.823628
    900600    0.852073
    900610    0.842933
    900620    0.841176
    900630    0.833153
    900640    0.829911
    900650    0.843471
    900660    0.864254
    900670    0.841308
    900680     0.85748
    900690    0.844137
    900700    0.837387
    900710    0.886374
    900720    0.837702
    900730     0.84472
    900740    0.863432
    900750    0.832606
    900760    0.824604
    900770    0.827676
    900780      0.8305
    900790    0.855086
    900800    0.837073
    900810    0.825645
    900820    0.857959
    900830    0.854287
    900840    0.855964
    900850    0.820468
    900860    0.848394
    900870    0.852483
    900880    0.869923
    900890    0.855512
    900900    0.877025
    900910    0.849096
    900920    0.867033
    900930    0.849369
    900940    0.867754
    900950     0.85852
    900960     0.85669
    900970    0.863429
    900980    0.846295
    900990    0.867233
    901000    0.828537
    901010    0.831809
    901020    0.828679
    901030     0.82356
    901040    0.843011
    901050    0.835514
    901060    0.864134
    901070    0.850236
    901080    0.838623
    901090    0.837607
    901100    0.854967
    901110    0.862634
    901120    0.836785
    901130    0.854931
    901140    0.846208
    901150    0.818966
    901160      0.8422
    901170    0.875268
    901180    0.850549
    901190    0.859288
    901200    0.860053
    901210    0.856589
    901220    0.883037
    901230    0.863576
    901240    0.838939
    901250    0.874074
    901260    0.873842
    901270     0.85204
    901280    0.874592
    901290    0.842022
    901300    0.868123
    901310    0.865428
    901320     0.87562
    901330    0.871892
    901340    0.865901
    901350    0.868678
    901360    0.876566
    901370     0.85729
    901380    0.860068
    901390    0.878369
    901400    0.879986
    901410    0.874449
    901420     0.85995
    901430     0.87956
    901440    0.877447
    901450    0.859268
    901460    0.886643
    901470    0.887346
    901480    0.863577
    901490    0.877336
    901500    0.893757
    901510    0.843415
    901520    0.849604
    901530     0.88935
    901540    0.870563
    901550    0.849046
    901560     0.84427
    901570    0.878972
    901580    0.865968
    901590    0.871643
    901600    0.906801
    901610     0.89096
    901620    0.874643
    901630    0.909936
    901640    0.860461
    901650    0.874221
    901660    0.873153
    901670    0.869886
    901680    0.858347
    901690    0.836927
    901700    0.861372
    901710    0.848313
    901720    0.843118
    901730    0.844556
    901740    0.856951
    901750    0.863738
    901760    0.866135
    901770     0.85512
    901780    0.854163
    901790    0.866896
    901800    0.864294
    901810    0.841306
    901820     0.85478
    901830    0.863364
    901840    0.847791
    901850    0.822045
    901860    0.850646
    901870    0.857356
    901880    0.858989
    901890    0.828529
    901900    0.811241
    901910    0.860858
    901920    0.859943
    901930     0.82858
    901940    0.849718
    901950    0.843377
    901960    0.823416
    901970    0.846421
    901980     0.84411
    901990    0.841958
    902000    0.832235
    902010    0.833873
    902020    0.850314
    902030    0.874918
    902040    0.843688
    902050    0.852476
    902060    0.850696
    902070    0.870286
    902080    0.833513
    902090    0.864294
    902100    0.842825
    902110    0.836313
    902120    0.857213
    902130    0.860033
    902140    0.840573
    902150     0.86041
    902160    0.868599
    902170    0.849309
    902180    0.858986
    902190    0.904718
    902200    0.895344
    902210    0.863379
    902220    0.884777
    902230    0.875711
    902240    0.859242
    902250    0.852496
    902260    0.861169
    902270     0.85203
    902280    0.871927
    902290    0.870439
    902300    0.856632
    902310    0.878413
    902320    0.879636
    902330    0.864513
    902340    0.851984
    902350    0.870015
    902360    0.867527
    902370    0.869089
    902380    0.868471
    902390    0.841162
    902400    0.869643
    902410    0.857481
    902420    0.837095
    902430    0.853423
    902440    0.855252
    902450     0.86202
    902460    0.847829
    902470    0.846853
    902480     0.86174
    902490    0.862333
    902500    0.869669
    902510    0.841862
    902520    0.851344
    902530    0.813919
    902540    0.852727
    902550    0.859354
    902560    0.862107
    902570    0.870704
    902580    0.878431
    902590     0.85546
    902600    0.884323
    902610     0.86142
    902620    0.870071
    902630    0.846996
    902640    0.837319
    902650    0.872106
    902660    0.850213
    902670    0.841293
    902680    0.838241
    902690    0.845701
    902700    0.821164
    902710    0.856546
    902720    0.830691
    902730    0.867641
    902740    0.854508
    902750    0.864792
    902760    0.845054
    902770    0.825115
    902780    0.843548
    902790    0.855645
    902800     0.86344
    902810     0.86671
    902820     0.84391
    902830    0.887363
    902840    0.877658
    902850    0.874802
    902860    0.876693
    902870    0.862224
    902880    0.857819
    902890    0.871702
    902900    0.854288
    902910    0.861818
    902920    0.858504
    902930    0.876888
    902940    0.870757
    902950    0.874539
    902960    0.861048
    902970    0.865508
    902980    0.870203
    902990    0.855098
    903000    0.856403
    903010     0.85376
    903020    0.843549
    903030     0.85181
    903040    0.840314
    903050    0.861223
    903060    0.859721
    903070    0.855417
    903080    0.859341
    903090     0.85951
    903100    0.862904
    903110    0.875697
    903120    0.891503
    903130    0.887264
    903140    0.877648
    903150    0.884564
    903160    0.864952
    903170    0.874685
    903180    0.854497
    903190    0.889133
    903200    0.875229
    903210    0.870089
    903220    0.874573
    903230    0.857599
    903240     0.87626
    903250    0.853157
    903260    0.880506
    903270    0.858134
    903280     0.86771
    903290    0.843268
    903300    0.874083
    903310    0.867355
    903320    0.865174
    903330    0.879198
    903340    0.906998
    903350    0.911695
    903360    0.873163
    903370    0.893623
    903380     0.89089
    903390     0.87474
    903400    0.875443
    903410    0.886408
    903420    0.900385
    903430    0.883344
    903440    0.893727
    903450    0.867297
    903460    0.888482
    903470    0.912252
    903480    0.889433
    903490    0.870385
    903500    0.872526
    903510    0.891169
    903520    0.843969
    903530    0.917271
    903540    0.893767
    903550    0.898939
    903560    0.866023
    903570    0.893404
    903580    0.855108
    903590    0.904961
    903600    0.885343
    903610    0.835474
    903620    0.855066
    903630    0.863349
    903640    0.878696
    903650    0.894463
    903660    0.877455
    903670    0.879185
    903680    0.868554
    903690     0.89487
    903700    0.906809
    903710     0.87067
    903720    0.884176
    903730    0.869936
    903740    0.856718
    903750    0.847498
    903760    0.877577
    903770    0.864939
    903780    0.892035
    903790    0.875475
    903800    0.861323
    903810    0.874635
    903820    0.860721
    903830    0.849336
    903840    0.845934
    903850    0.834032
    903860    0.871864
    903870    0.841033
    903880    0.877682
    903890    0.842302
    903900    0.860097
    903910    0.857123
    903920    0.851164
    903930    0.900353
    903940    0.860008
    903950    0.833242
    903960    0.865456
    903970    0.879665
    903980    0.880179
    903990    0.891054
    904000    0.877375
    904010     0.87027
    904020    0.898734
    904030    0.897615
    904040      0.8945
    904050    0.876658
    904060    0.870761
    904070    0.887575
    904080    0.898894
    904090     0.88295
    904100    0.894733
    904110    0.902629
    904120    0.886579
    904130    0.903293
    904140    0.849859
    904150    0.858813
    904160    0.882481
    904170    0.864763
    904180    0.877297
    904190    0.860802
    904200     0.84968
    904210    0.895016
    904220     0.86333
    904230    0.885845
    904240    0.884825
    904250    0.852788
    904260    0.858321
    904270    0.890039
    904280    0.862099
    904290    0.859083
    904300    0.872332
    904310    0.864491
    904320    0.888607
    904330    0.870948
    904340     0.90715
    904350    0.898183
    904360    0.887914
    904370    0.876044
    904380    0.907587
    904390    0.898283
    904400    0.905732
    904410     0.91471
    904420    0.930494
    904430    0.969243
    904440    0.919133
    904450    0.927492
    904460    0.919451
    904470     0.91211
    904480    0.904197
    904490    0.905287
    904500    0.887307
    904510    0.903313
    904520     0.87723
    904530    0.899998
    904540    0.884741
    904550    0.894094
    904560    0.900166
    904570    0.925758
    904580    0.909809
    904590    0.873187
    904600    0.886478
    904610    0.890335
    904620    0.919888
    904630    0.888214
    904640    0.886373
    904650    0.907997
    904660    0.885673
    904670    0.925058
    904680    0.904587
    904690    0.906088
    904700    0.889088
    904710    0.907332
    904720     0.87973
    904730     0.90162
    904740    0.891585
    904750    0.916595
    904760     0.91876
    904770    0.896263
    904780    0.884709
    904790    0.889737
    904800    0.893289
    904810    0.901999
    904820    0.900219
    904830    0.879857
    904840    0.892295
    904850    0.890446
    904860    0.885224
    904870     0.88475
    904880    0.878565
    904890    0.905778
    904900    0.897113
    904910    0.879606
    904920     0.88886
    904930    0.906636
    904940    0.917793
    904950      0.8959
    904960    0.912629
    904970    0.928921
    904980    0.912437
    904990    0.908023
    905000     0.91791
    905010    0.928011
    905020    0.895215
    905030    0.909568
    905040    0.899042
    905050    0.890108
    905060    0.910905
    905070     0.90495
    905080    0.898503
    905090    0.897567
    905100    0.904522
    905110    0.874329
    905120    0.895417
    905130    0.919084
    905140    0.906458
    905150    0.896227
    905160    0.905644
    905170    0.927024
    905180     0.91173
    905190    0.897419
    905200    0.900729
    905210    0.875594
    905220    0.886558
    905230    0.891724
    905240    0.893239
    905250    0.889088
    905260    0.887422
    905270    0.878772
    905280    0.885183
    905290    0.888958
    905300    0.890734
    905310    0.871837
    905320    0.868705
    905330     0.87908
    905340    0.866802
    905350    0.861063
    905360    0.880816
    905370    0.884083
    905380    0.903686
    905390    0.898351
    905400    0.893243
    905410    0.876566
    905420    0.891889
    905430    0.893831
    905440    0.895227
    905450     0.87442
    905460    0.902391
    905470     0.89424
    905480     0.88052
    905490    0.871888
    905500    0.847139
    905510    0.878857
    905520    0.904293
    905530    0.898452
    905540     0.92403
    905550    0.886616
    905560    0.875746
    905570    0.916041
    905580    0.899562
    905590    0.865841
    905600     0.89664
    905610    0.864886
    905620    0.905942
    905630    0.877422
    905640    0.906839
    905650    0.910935
    905660    0.876218
    905670    0.898721
    905680    0.891207
    905690    0.926471
    905700    0.896254
    905710    0.901179
    905720    0.914368
    905730    0.893425
    905740    0.928546
    905750    0.909221
    905760     0.94404
    905770    0.931895
    905780     0.91765
    905790    0.903304
    905800      0.9437
    905810    0.890591
    905820    0.880797
    905830    0.886261
    905840    0.906448
    905850    0.910377
    905860    0.896603
    905870    0.895854
    905880    0.879996
    905890    0.897597
    905900    0.884822
    905910    0.904185
    905920    0.891864
    905930    0.905521
    905940    0.913857
    905950    0.888943
    905960    0.907066
    905970    0.895762
    905980    0.891113
    905990    0.889985
    906000    0.896468
    906010    0.890702
    906020     0.91724
    906030    0.894195
    906040    0.913916
    906050    0.892143
    906060    0.896766
    906070    0.892841
    906080    0.895318
    906090    0.887417
    906100    0.893988
    906110    0.917179
    906120    0.871653
    906130    0.883371
    906140    0.877937
    906150    0.864104
    906160    0.913573
    906170    0.907656
    906180    0.883062
    906190    0.890288
    906200     0.88641
    906210    0.914028
    906220    0.897564
    906230     0.92077
    906240    0.903366
    906250    0.928515
    906260    0.909611
    906270    0.896308
    906280    0.907831
    906290    0.899386
    906300    0.906861
    906310    0.889497
    906320     0.90697
    906330    0.919843
    906340     0.91199
    906350    0.919339
    906360    0.926188
    906370    0.893506
    906380    0.916549
    906390    0.916196
    906400    0.873638
    906410    0.906605
    906420      0.8787
    906430    0.907347
    906440    0.919913
    906450    0.880661
    906460    0.878045
    906470    0.908418
    906480    0.890821
    906490     0.88576
    906500    0.886746
    906510    0.873897
    906520    0.893261
    906530    0.909377
    906540    0.894854
    906550    0.909501
    906560     0.91261
    906570     0.92579
    906580    0.934881
    906590     0.92801
    906600    0.912287
    906610    0.939543
    906620    0.940453
    906630    0.909368
    906640    0.906113
    906650    0.889389
    906660    0.900737
    906670    0.933319
    906680    0.933968
    906690    0.899827
    906700    0.889569
    906710    0.902297
    906720    0.912004
    906730    0.914574
    906740    0.902369
    906750      0.9074
    906760    0.908292
    906770     0.89054
    906780    0.915804
    906790    0.903442
    906800    0.918066
    906810    0.891611
    906820    0.885011
    906830    0.913632
    906840    0.916614
    906850    0.915095
    906860    0.918117
    906870    0.904265
    906880    0.915109
    906890    0.906492
    906900    0.912977
    906910    0.921306
    906920    0.927817
    906930    0.919677
    906940    0.934971
    906950     0.90317
    906960    0.902621
    906970    0.914743
    906980    0.905718
    906990    0.914709
    907000    0.932904
    907010    0.912519
    907020    0.915592
    907030     0.93608
    907040    0.906088
    907050    0.896903
    907060    0.917481
    907070    0.886488
    907080    0.889082
    907090    0.901304
    907100    0.920215
    907110    0.916757
    907120    0.890438
    907130    0.906268
    907140    0.915601
    907150    0.923483
    907160      0.9162
    907170     0.90769
    907180    0.934477
    907190     0.91253
    907200    0.917212
    907210    0.912555
    907220    0.920001
    907230    0.911159
    907240    0.928794
    907250    0.939213
    907260    0.926256
    907270    0.924231
    907280    0.925199
    907290    0.911111
    907300    0.939854
    907310    0.931536
    907320    0.910511
    907330    0.907178
    907340     0.90759
    907350    0.914912
    907360    0.903892
    907370    0.911057
    907380    0.919572
    907390    0.901027
    907400    0.872352
    907410    0.912537
    907420    0.901745
    907430    0.897565
    907440    0.908436
    907450    0.896431
    907460    0.927258
    907470    0.927907
    907480    0.925332
    907490    0.905994
    907500    0.896538
    907510    0.911223
    907520    0.940604
    907530    0.941931
    907540    0.922342
    907550    0.928237
    907560    0.929079
    907570    0.922794
    907580    0.900823
    907590    0.932106
    907600    0.920247
    907610    0.936692
    907620    0.939698
    907630    0.932508
    907640     0.94091
    907650    0.922613
    907660    0.942326
    907670    0.924513
    907680    0.941541
    907690     0.92411
    907700    0.912933
    907710    0.946217
    907720     0.90917
    907730    0.942328
    907740      0.9476
    907750    0.934379
    907760    0.979634
    907770    0.955737
    907780    0.963352
    907790    0.900587
    907800      0.9339
    907810    0.916413
    907820    0.955146
    907830    0.952846
    907840    0.954997
    907850    0.956025
    907860    0.954178
    907870    0.958244
    907880    0.942065
    907890    0.942158
    907900    0.954876
    907910    0.954197
    907920    0.942781
    907930    0.923626
    907940    0.942226
    907950    0.923774
    907960    0.913751
    907970    0.918804
    907980    0.899757
    907990    0.943772
    908000    0.940828
    908010     0.93488
    908020    0.931755
    908030     0.93531
    908040    0.938833
    908050    0.923974
    908060    0.926164
    908070    0.965214
    908080    0.929117
    908090     0.93569
    908100    0.932659
    908110    0.937968
    908120    0.929047
    908130    0.935331
    908140     0.94561
    908150    0.925949
    908160    0.930462
    908170     0.93209
    908180     0.92308
    908190    0.937164
    908200     0.93736
    908210     0.94795
    908220    0.954196
    908230    0.937379
    908240    0.941673
    908250    0.938752
    908260     0.93891
    908270    0.962321
    908280    0.920511
    908290     0.92262
    908300    0.937271
    908310    0.905927
    908320     0.93253
    908330    0.931996
    908340    0.926788
    908350    0.922228
    908360    0.930744
    908370    0.909891
    908380    0.956754
    908390    0.951624
    908400    0.932147
    908410    0.918091
    908420     0.91949
    908430    0.944083
    908440    0.927747
    908450    0.913686
    908460    0.899691
    908470    0.923627
    908480    0.922975
    908490    0.953951
    908500    0.923534
    908510    0.926032
    908520    0.890147
    908530    0.893154
    908540    0.910178
    908550    0.908644
    908560    0.935656
    908570    0.922276
    908580    0.903753
    908590    0.898425
    908600    0.938838
    908610    0.926186
    908620    0.933704
    908630    0.925949
    908640    0.905477
    908650     0.93327
    908660    0.944196
    908670    0.936504
    908680    0.917177
    908690    0.933025
    908700    0.934635
    908710    0.932543
    908720    0.936315
    908730    0.937232
    908740    0.935547
    908750    0.953204
    908760    0.934363
    908770    0.977748
    908780    0.956069
    908790    0.943411
    908800    0.940539
    908810    0.929862
    908820    0.928946
    908830    0.923312
    908840    0.928013
    908850    0.919908
    908860     0.90881
    908870    0.896811
    908880    0.894984
    908890    0.912718
    908900    0.920052
    908910    0.904368
    908920    0.928021
    908930     0.92589
    908940    0.946214
    908950    0.922909
    908960    0.930301
    908970      0.9359
    908980    0.937813
    908990    0.948558
    909000    0.937952
    909010    0.927982
    909020    0.926096
    909030    0.924666
    909040    0.926291
    909050    0.888153
    909060    0.908614
    909070    0.923256
    909080    0.926226
    909090    0.912243
    909100    0.897697
    909110    0.935054
    909120    0.935383
    909130    0.924123
    909140    0.936204
    909150    0.918276
    909160    0.938911
    909170    0.908919
    909180    0.922747
    909190    0.920306
    909200    0.929679
    909210     0.93367
    909220    0.937102
    909230    0.917007
    909240    0.910876
    909250    0.932893
    909260    0.919858
    909270    0.905837
    909280    0.909796
    909290    0.905064
    909300    0.900277
    909310    0.943426
    909320    0.893961
    909330    0.907314
    909340    0.918698
    909350     0.94485
    909360    0.918035
    909370    0.913656
    909380    0.904955
    909390    0.911239
    909400    0.919752
    909410    0.909279
    909420    0.920047
    909430    0.922796
    909440    0.925964
    909450    0.906427
    909460    0.895995
    909470    0.867735
    909480     0.87425
    909490    0.871991
    909500    0.868403
    909510    0.886873
    909520    0.872351
    909530    0.880779
    909540    0.889441
    909550    0.871469
    909560    0.877978
    909570    0.874869
    909580    0.888499
    909590    0.872741
    909600     0.87542
    909610    0.888112
    909620    0.885016
    909630    0.896743
    909640      0.8842
    909650    0.880208
    909660    0.884308
    909670    0.889753
    909680    0.877239
    909690    0.865552
    909700    0.906137
    909710    0.894531
    909720    0.890607
    909730    0.909425
    909740    0.920661
    909750    0.904185
    909760    0.914445
    909770    0.905304
    909780    0.914434
    909790     0.91433
    909800    0.917535
    909810    0.943721
    909820    0.910944
    909830    0.918747
    909840     0.92491
    909850    0.913734
    909860    0.884284
    909870    0.904332
    909880    0.854735
    909890    0.881526
    909900    0.889495
    909910    0.929741
    909920      0.9004
    909930    0.885645
    909940    0.907099
    909950    0.902269
    909960     0.92134
    909970    0.910886
    909980    0.905579
    909990    0.906629
    910000    0.877599
    910010    0.865404
    910020    0.871768
    910030    0.883404
    910040    0.929847
    910050    0.908061
    910060    0.883897
    910070    0.870596
    910080    0.883049
    910090    0.882659
    910100    0.879759
    910110    0.892206
    910120    0.889288
    910130    0.868866
    910140    0.909155
    910150    0.916439
    910160    0.886922
    910170    0.938786
    910180    0.906009
    910190    0.899392
    910200     0.88432
    910210    0.900957
    910220    0.888518
    910230    0.907829
    910240    0.878681
    910250    0.897694
    910260    0.918345
    910270    0.899034
    910280    0.891588
    910290    0.910271
    910300    0.907236
    910310    0.912309
    910320    0.892959
    910330    0.902003
    910340    0.876453
    910350    0.910446
    910360    0.896905
    910370    0.883455
    910380    0.889039
    910390    0.881639
    910400    0.896713
    910410    0.887118
    910420    0.900879
    910430    0.914958
    910440    0.904427
    910450    0.907259
    910460    0.892097
    910470    0.891296
    910480    0.889511
    910490    0.916744
    910500    0.919537
    910510    0.909131
    910520    0.928158
    910530    0.935038
    910540    0.890638
    910550    0.917995
    910560    0.916454
    910570    0.919498
    910580    0.885705
    910590    0.897411
    910600    0.911258
    910610    0.905493
    910620    0.906687
    910630    0.904517
    910640    0.889703
    910650     0.89607
    910660    0.883516
    910670    0.889333
    910680    0.880685
    910690    0.886206
    910700    0.874546
    910710    0.878039
    910720    0.885703
    910730    0.886102
    910740    0.898523
    910750    0.905573
    910760    0.907203
    910770    0.909611
    910780    0.893753
    910790    0.933461
    910800    0.896929
    910810    0.913213
    910820    0.920592
    910830    0.887857
    910840    0.898337
    910850    0.900315
    910860    0.918368
    910870    0.894583
    910880    0.913318
    910890    0.911057
    910900    0.915606
    910910    0.912786
    910920    0.899664
    910930    0.907597
    910940    0.902866
    910950     0.91883
    910960    0.883354
    910970    0.920884
    910980     0.90698
    910990    0.909166
    911000    0.923533
    911010    0.898521
    911020    0.897931
    911030    0.894079
    911040    0.908027
    911050    0.928072
    911060    0.927708
    911070     0.90499
    911080    0.906115
    911090    0.899699
    911100    0.927056
    911110    0.913571
    911120    0.915854
    911130    0.923304
    911140    0.896412
    911150    0.900597
    911160    0.910507
    911170    0.929541
    911180      0.8969
    911190     0.90512
    911200    0.909254
    911210    0.912047
    911220    0.900989
    911230    0.906553
    911240    0.898613
    911250    0.905227
    911260    0.921788
    911270    0.909475
    911280    0.887061
    911290    0.898802
    911300    0.897725
    911310    0.886876
    911320    0.935222
    911330    0.897868
    911340    0.916505
    911350    0.890631
    911360    0.889947
    911370    0.909563
    911380    0.897103
    911390     0.90168
    911400     0.90541
    911410    0.905174
    911420    0.903938
    911430    0.895079
    911440    0.891255
    911450    0.901192
    911460    0.893134
    911470    0.910806
    911480    0.921969
    911490     0.92145
    911500    0.923927
    911510    0.900355
    911520    0.914569
    911530    0.940784
    911540    0.898981
    911550    0.890338
    911560    0.900569
    911570    0.907519
    911580    0.917133
    911590    0.935369
    911600    0.892069
    911610      0.9185
    911620    0.908018
    911630    0.901304
    911640    0.904191
    911650      0.9345
    911660    0.916382
    911670    0.940319
    911680    0.916945
    911690    0.893072
    911700    0.908301
    911710    0.923373
    911720    0.922864
    911730    0.906518
    911740    0.920395
    911750    0.907204
    911760    0.896371
    911770    0.939788
    911780    0.938872
    911790    0.899153
    911800    0.921295
    911810    0.907623
    911820    0.909235
    911830    0.926117
    911840    0.899665
    911850    0.920237
    911860    0.911369
    911870    0.935594
    911880    0.920148
    911890    0.917463
    911900    0.905634
    911910    0.924435
    911920    0.918864
    911930      0.9137
    911940     0.93506
    911950    0.928665
    911960    0.921724
    911970    0.870881
    911980    0.893477
    911990    0.916976
    912000    0.930506
    912010    0.920326
    912020    0.910632
    912030    0.946012
    912040    0.932194
    912050    0.938586
    912060    0.900896
    912070    0.933782
    912080    0.907093
    912090    0.938455
    912100    0.943235
    912110    0.949199
    912120    0.942631
    912130     0.93356
    912140    0.895948
    912150    0.934245
    912160    0.931929
    912170      1.0041
    912180    0.974756
    912190    0.966357
    912200     0.94888
    912210    0.978505
    912220    0.941606
    912230    0.902167
    912240    0.910547
    912250    0.953919
    912260    0.923792
    912270    0.928631
    912280    0.886648
    912290    0.937678
    912300    0.942222
    912310     0.91594
    912320    0.910122
    912330    0.912506
    912340    0.898794
    912350    0.912472
    912360    0.920558
    912370    0.946123
    912380    0.930596
    912390    0.947964
    912400     0.92422
    912410    0.928601
    912420    0.917836
    912430    0.973904
    912440    0.942516
    912450    0.924688
    912460    0.912324
    912470    0.929476
    912480    0.957369
    912490    0.952379
    912500    0.936835
    912510    0.929391
    912520    0.934439
    912530    0.920018
    912540    0.934286
    912550    0.935829
    912560    0.948748
    912570    0.957731
    912580    0.932074
    912590    0.922019
    912600     0.93381
    912610    0.954973
    912620    0.920884
    912630    0.947224
    912640    0.942391
    912650    0.954144
    912660    0.946414
    912670    0.943053
    912680    0.934255
    912690    0.915637
    912700    0.939157
    912710    0.916718
    912720    0.938664
    912730    0.930791
    912740    0.943749
    912750    0.930167
    912760    0.914652
    912770    0.912839
    912780     0.89166
    912790    0.909584
    912800     0.91649
    912810    0.929412
    912820    0.900088
    912830    0.923175
    912840    0.918806
    912850    0.925362
    912860    0.892063
    912870    0.914334
    912880    0.916537
    912890    0.902284
    912900    0.890334
    912910    0.915365
    912920    0.903625
    912930    0.936013
    912940    0.894133
    912950     0.88902
    912960    0.916434
    912970    0.906016
    912980    0.912261
    912990    0.941253
    913000    0.919602
    913010    0.907856
    913020    0.914402
    913030    0.922664
    913040    0.937808
    913050    0.894104
    913060    0.916853
    913070    0.905164
    913080    0.909654
    913090     0.89484
    913100    0.874608
    913110     0.89127
    913120     0.85782
    913130    0.850338
    913140    0.873882
    913150    0.848877
    913160    0.875242
    913170    0.867407
    913180    0.885559
    913190    0.886274
    913200    0.865225
    913210    0.858111
    913220    0.851853
    913230    0.829037
    913240    0.836386
    913250    0.868969
    913260    0.867739
    913270    0.866732
    913280    0.828677
    913290    0.835677
    913300     0.85357
    913310    0.870124
    913320    0.855147
    913330    0.879939
    913340     0.87282
    913350    0.846773
    913360    0.839204
    913370    0.827716
    913380    0.861337
    913390    0.832355
    913400     0.87641
    913410    0.871599
    913420    0.865879
    913430    0.860918
    913440    0.856537
    913450    0.853549
    913460    0.852973
    913470    0.838089
    913480    0.817193
    913490    0.836701
    913500    0.852387
    913510    0.839591
    913520    0.820614
    913530      0.8402
    913540    0.840091
    913550    0.827195
    913560     0.84146
    913570    0.847157
    913580    0.861017
    913590    0.867465
    913600    0.868299
    913610    0.875381
    913620    0.863085
    913630    0.861037
    913640    0.867988
    913650    0.830309
    913660    0.828946
    913670    0.855033
    913680    0.847819
    913690    0.859118
    913700    0.853414
    913710     0.88178
    913720     0.85182
    913730    0.841614
    913740    0.842351
    913750    0.841055
    913760    0.854068
    913770    0.831535
    913780    0.832065
    913790    0.836429
    913800    0.832768
    913810    0.834305
    913820    0.825704
    913830    0.809677
    913840    0.828828
    913850    0.831657
    913860    0.857875
    913870    0.842999
    913880    0.851033
    913890    0.835534
    913900    0.838329
    913910    0.863472
    913920    0.875166
    913930     0.82231
    913940    0.852251
    913950    0.820425
    913960    0.827022
    913970    0.835643
    913980    0.867301
    913990    0.844539
    914000    0.864221
    914010    0.845859
    914020    0.850875
    914030    0.834529
    914040    0.857344
    914050    0.864674
    914060    0.866905
    914070     0.87191
    914080    0.846696
    914090    0.872136
    914100    0.898988
    914110    0.853942
    914120    0.844132
    914130    0.885593
    914140    0.875951
    914150    0.855598
    914160    0.845501
    914170     0.84271
    914180    0.881097
    914190    0.828497
    914200    0.881914
    914210    0.835781
    914220    0.873238
    914230    0.840477
    914240    0.835089
    914250    0.846812
    914260      0.8447
    914270    0.856163
    914280    0.839968
    914290    0.860536
    914300    0.856627
    914310    0.860227
    914320     0.86713
    914330    0.841852
    914340    0.837597
    914350    0.823223
    914360    0.857596
    914370    0.833552
    914380    0.820244
    914390    0.845351
    914400    0.838829
    914410    0.860181
    914420    0.846238
    914430    0.840989
    914440    0.858155
    914450    0.861005
    914460    0.835038
    914470    0.848018
    914480    0.841972
    914490    0.823255
    914500    0.854174
    914510    0.827263
    914520    0.818816
    914530    0.847524
    914540    0.835635
    914550    0.856792
    914560    0.854513
    914570    0.848792
    914580    0.841073
    914590    0.843075
    914600    0.825268
    914610    0.853045
    914620    0.862928
    914630    0.841554
    914640    0.849671
    914650    0.839668
    914660    0.852519
    914670    0.856025
    914680     0.83374
    914690    0.863827
    914700    0.818624
    914710    0.829123
    914720    0.841961
    914730    0.835022
    914740    0.854631
    914750    0.846191
    914760    0.869388
    914770     0.85342
    914780    0.840797
    914790    0.848095
    914800    0.855775
    914810    0.866997
    914820    0.843972
    914830    0.833819
    914840    0.846583
    914850    0.875987
    914860    0.845019
    914870    0.875385
    914880    0.868993
    914890     0.86581
    914900    0.870401
    914910    0.853029
    914920    0.861064
    914930    0.888007
    914940    0.858849
    914950     0.85223
    914960    0.874613
    914970     0.85493
    914980    0.870527
    914990    0.894478
    915000    0.852502
    915010    0.861407
    915020    0.856837
    915030    0.879722
    915040    0.865023
    915050    0.855683
    915060    0.859466
    915070    0.857503
    915080    0.877338
    915090     0.83896
    915100    0.839514
    915110    0.848326
    915120    0.858097
    915130    0.845112
    915140    0.822777
    915150      0.8543
    915160    0.850751
    915170    0.814365
    915180    0.824688
    915190    0.865674
    915200    0.835691
    915210    0.847605
    915220    0.854357
    915230    0.829307
    915240    0.858369
    915250    0.850081
    915260    0.837826
    915270    0.848668
    915280    0.830134
    915290    0.830009
    915300    0.871059
    915310    0.863157
    915320    0.857215
    915330    0.855478
    915340     0.86343
    915350    0.854751
    915360    0.844155
    915370    0.858719
    915380    0.848018
    915390    0.838494
    915400    0.853158
    915410    0.858074
    915420    0.890478
    915430    0.845701
    915440    0.863995
    915450     0.84684
    915460    0.842424
    915470    0.846578
    915480      0.8517
    915490    0.857213
    915500    0.848555
    915510    0.833672
    915520     0.83235
    915530     0.83342
    915540    0.844652
    915550    0.838182
    915560    0.838721
    915570    0.856052
    915580    0.846313
    915590    0.848636
    915600     0.87436
    915610    0.848791
    915620    0.843916
    915630    0.856521
    915640    0.855768
    915650    0.853259
    915660    0.852975
    915670    0.847803
    915680    0.839019
    915690     0.82658
    915700    0.869206
    915710    0.836543
    915720    0.838054
    915730    0.828227
    915740    0.864301
    915750    0.848904
    915760    0.855738
    915770    0.853295
    915780    0.851004
    915790    0.831104
    915800    0.860197
    915810    0.833864
    915820    0.829466
    915830    0.860028
    915840    0.840063
    915850    0.823673
    915860    0.836583
    915870    0.846992
    915880    0.860188
    915890    0.849681
    915900    0.856815
    915910    0.832667
    915920    0.867049
    915930    0.845396
    915940    0.843549
    915950    0.852503
    915960    0.869422
    915970    0.873272
    915980    0.860508
    915990    0.844711
    916000    0.836529
    916010    0.843199
    916020    0.842847
    916030    0.840032
    916040    0.851646
    916050    0.857473
    916060    0.867073
    916070    0.849185
    916080    0.840924
    916090    0.863583
    916100    0.848414
    916110    0.855606
    916120    0.857191
    916130     0.83796
    916140    0.865849
    916150    0.845876
    916160    0.832577
    916170    0.841838
    916180    0.855166
    916190    0.856103
    916200     0.85811
    916210    0.886174
    916220     0.86849
    916230    0.873295
    916240    0.827519
    916250      0.8509
    916260    0.852305
    916270    0.857733
    916280    0.841731
    916290    0.865252
    916300    0.872839
    916310    0.864412
    916320    0.854278
    916330    0.867017
    916340     0.85099
    916350    0.841519
    916360    0.867181
    916370    0.854761
    916380    0.843302
    916390    0.851071
    916400    0.854474
    916410    0.865659
    916420    0.853092
    916430    0.849699
    916440    0.843444
    916450    0.831209
    916460     0.85475
    916470    0.848545
    916480    0.844788
    916490    0.835683
    916500    0.842028
    916510    0.842924
    916520    0.855588
    916530     0.85318
    916540    0.849633
    916550    0.857898
    916560    0.869406
    916570    0.863771
    916580    0.870997
    916590    0.846718
    916600    0.826769
    916610    0.865068
    916620    0.880905
    916630    0.873441
    916640    0.871407
    916650    0.848811
    916660    0.860342
    916670    0.896936
    916680     0.85892
    916690    0.853634
    916700    0.886008
    916710    0.847306
    916720    0.856031
    916730     0.88339
    916740    0.875038
    916750    0.878186
    916760    0.844088
    916770    0.857609
    916780     0.83828
    916790    0.836462
    916800    0.837557
    916810    0.874239
    916820    0.836074
    916830    0.834978
    916840    0.839055
    916850     0.82238
    916860    0.821477
    916870    0.855077
    916880    0.866583
    916890    0.823334
    916900    0.856049
    916910    0.844527
    916920    0.827188
    916930    0.846409
    916940    0.832186
    916950    0.843983
    916960     0.84431
    916970    0.837978
    916980    0.845904
    916990    0.841088
    917000    0.839985
    917010    0.871775
    917020    0.852884
    917030     0.85647
    917040    0.885814
    917050    0.850017
    917060      0.8578
    917070     0.86344
    917080    0.857751
    917090    0.875934
    917100    0.851954
    917110     0.86925
    917120    0.832265
    917130    0.839253
    917140    0.862354
    917150    0.848126
    917160    0.856769
    917170    0.878284
    917180    0.869728
    917190     0.85333
    917200    0.876879
    917210    0.853202
    917220    0.864119
    917230    0.865631
    917240    0.860123
    917250    0.859531
    917260    0.861475
    917270    0.860421
    917280    0.878881
    917290    0.871366
    917300     0.85736
    917310    0.867861
    917320    0.864993
    917330    0.867604
    917340    0.840822
    917350    0.850772
    917360    0.848972
    917370    0.869833
    917380    0.890718
    917390    0.858641
    917400    0.864234
    917410       0.859
    917420    0.837316
    917430    0.836043
    917440    0.839771
    917450    0.885515
    917460    0.853001
    917470    0.831636
    917480    0.867533
    917490    0.880076
    917500    0.853084
    917510    0.858389
    917520    0.871341
    917530    0.895121
    917540    0.846639
    917550    0.868801
    917560    0.847496
    917570    0.870213
    917580    0.880846
    917590    0.858179
    917600    0.866112
    917610    0.868482
    917620    0.851639
    917630    0.844734
    917640    0.879479
    917650    0.875576
    917660    0.878861
    917670     0.86057
    917680    0.852567
    917690    0.860278
    917700    0.870767
    917710    0.860912
    917720    0.878854
    917730    0.862507
    917740    0.871434
    917750    0.851788
    917760    0.849119
    917770    0.867745
    917780    0.872471
    917790    0.865583
    917800    0.864041
    917810    0.859891
    917820    0.870267
    917830    0.865592
    917840    0.862192
    917850    0.852715
    917860    0.880149
    917870    0.873993
    917880    0.860033
    917890    0.863564
    917900    0.877579
    917910    0.847793
    917920    0.858263
    917930    0.859279
    917940    0.861546
    917950    0.864203
    917960    0.863657
    917970    0.858235
    917980     0.85159
    917990    0.864683
    918000    0.864026
    918010    0.859877
    918020    0.844954
    918030    0.850084
    918040    0.861531
    918050    0.850298
    918060    0.861354
    918070    0.852262
    918080    0.862006
    918090    0.869011
    918100    0.870866
    918110    0.854384
    918120    0.871215
    918130    0.864362
    918140    0.868237
    918150    0.881063
    918160    0.871226
    918170    0.886447
    918180    0.879697
    918190    0.881627
    918200     0.87932
    918210    0.872869
    918220    0.870074
    918230    0.883432
    918240    0.883944
    918250    0.874202
    918260    0.888144
    918270     0.86035
    918280    0.849944
    918290    0.839198
    918300    0.876789
    918310    0.867174
    918320    0.867442
    918330    0.869927
    918340    0.879642
    918350    0.865298
    918360    0.887797
    918370    0.862823
    918380    0.895326
    918390    0.877018
    918400    0.872434
    918410    0.890022
    918420    0.882856
    918430    0.898343
    918440    0.864934
    918450    0.885592
    918460    0.882734
    918470    0.879958
    918480    0.863854
    918490    0.867342
    918500    0.878122
    918510    0.870181
    918520    0.869866
    918530    0.882326
    918540    0.872522
    918550    0.864488
    918560    0.879693
    918570    0.873255
    918580    0.876802
    918590    0.886949
    918600    0.872385
    918610    0.865185
    918620    0.862718
    918630    0.856976
    918640    0.870111
    918650    0.868681
    918660    0.856147
    918670    0.871383
    918680    0.872782
    918690    0.863301
    918700    0.868099
    918710    0.879096
    918720    0.857022
    918730    0.863401
    918740    0.855973
    918750    0.877643
    918760    0.869794
    918770    0.869677
    918780    0.862234
    918790    0.872892
    918800    0.860756
    918810    0.889578
    918820    0.885284
    918830     0.86141
    918840    0.855922
    918850     0.86665
    918860    0.864582
    918870    0.846058
    918880    0.852068
    918890    0.843453
    918900      0.8431
    918910    0.857483
    918920    0.858409
    918930    0.886568
    918940    0.861495
    918950     0.89253
    918960    0.865259
    918970    0.853479
    918980    0.877168
    918990    0.827459
    919000    0.850201
    919010    0.854622
    919020    0.850763
    919030    0.855443
    919040    0.860326
    919050    0.848419
    919060    0.889333
    919070    0.873699
    919080    0.855091
    919090    0.875278
    919100    0.859693
    919110    0.841028
    919120     0.84576
    919130    0.861551
    919140    0.853136
    919150     0.84441
    919160    0.837565
    919170    0.831116
    919180    0.868267
    919190    0.857672
    919200    0.859556
    919210    0.861595
    919220    0.872296
    919230    0.866638
    919240    0.880745
    919250    0.857662
    919260    0.859106
    919270    0.863168
    919280    0.856555
    919290    0.877204
    919300    0.856867
    919310    0.842213
    919320    0.844234
    919330    0.907391
    919340    0.847163
    919350    0.866702
    919360    0.871936
    919370    0.867758
    919380    0.885065
    919390    0.901975
    919400    0.855821
    919410    0.870134
    919420    0.879914
    919430    0.869881
    919440    0.884797
    919450    0.849386
    919460     0.86873
    919470    0.828613
    919480    0.850793
    919490    0.864429
    919500    0.859662
    919510    0.816158
    919520    0.878579
    919530    0.845114
    919540    0.864538
    919550    0.847711
    919560    0.824893
    919570    0.847612
    919580    0.867556
    919590    0.854955
    919600    0.868202
    919610    0.864635
    919620    0.893069
    919630    0.849076
    919640     0.87083
    919650    0.863558
    919660    0.856398
    919670    0.856422
    919680      0.8737
    919690    0.872673
    919700    0.851831
    919710    0.846432
    919720    0.880734
    919730    0.861625
    919740    0.857426
    919750    0.865292
    919760    0.852467
    919770    0.859752
    919780    0.825725
    919790    0.853477
    919800    0.849487
    919810    0.881429
    919820    0.865954
    919830    0.858389
    919840    0.873957
    919850    0.859718
    919860     0.86324
    919870    0.879693
    919880    0.875483
    919890    0.879061
    919900    0.858822
    919910    0.863829
    919920    0.853907
    919930    0.862356
    919940    0.876844
    919950    0.863992
    919960    0.848479
    919970     0.86853
    919980    0.868359
    919990     0.86481
    920000    0.824715
    920010     0.85815
    920020    0.864088
    920030    0.852209
    920040    0.845427
    920050    0.838839
    920060    0.863133
    920070    0.863562
    920080     0.86362
    920090    0.871972
    920100    0.859059
    920110    0.852086
    920120    0.872341
    920130    0.858727
    920140     0.83721
    920150    0.849213
    920160    0.847465
    920170    0.855062
    920180    0.847404
    920190    0.863228
    920200    0.855393
    920210    0.865505
    920220    0.870613
    920230    0.841188
    920240    0.869234
    920250    0.860583
    920260    0.854085
    920270    0.864416
    920280     0.87322
    920290    0.842414
    920300    0.842253
    920310    0.868778
    920320    0.866008
    920330    0.849981
    920340    0.838346
    920350    0.844604
    920360    0.865832
    920370    0.848591
    920380     0.85704
    920390    0.854428
    920400    0.835264
    920410    0.846448
    920420    0.850155
    920430    0.850596
    920440      0.8493
    920450    0.859287
    920460    0.845253
    920470    0.862152
    920480    0.872775
    920490    0.877441
    920500    0.868862
    920510    0.866418
    920520    0.867982
    920530    0.877292
    920540    0.873431
    920550    0.864878
    920560    0.836598
    920570    0.822872
    920580    0.845936
    920590     0.85191
    920600    0.861071
    920610    0.854867
    920620    0.894734
    920630    0.874235
    920640    0.850254
    920650    0.854618
    920660    0.887962
    920670    0.852538
    920680    0.870367
    920690    0.860464
    920700    0.882431
    920710    0.884642
    920720     0.84771
    920730    0.871736
    920740    0.862489
    920750    0.869201
    920760    0.881531
    920770    0.879603
    920780    0.873768
    920790    0.868806
    920800    0.857756
    920810    0.878235
    920820    0.890072
    920830    0.863288
    920840     0.87733
    920850    0.859192
    920860     0.88117
    920870    0.881883
    920880    0.891841
    920890    0.875481
    920900    0.860242
    920910    0.889833
    920920    0.903448
    920930    0.873151
    920940    0.868022
    920950     0.87215
    920960    0.849083
    920970    0.878886
    920980    0.876347
    920990    0.838817
    921000    0.820392
    921010    0.855827
    921020    0.846424
    921030     0.81315
    921040    0.839854
    921050    0.828097
    921060    0.828223
    921070    0.836905
    921080    0.835613
    921090    0.851211
    921100    0.847793
    921110    0.860007
    921120    0.870843
    921130    0.886441
    921140    0.880217
    921150    0.892549
    921160    0.872149
    921170    0.839458
    921180    0.868429
    921190    0.850188
    921200    0.837139
    921210    0.875187
    921220    0.862679
    921230    0.871278
    921240    0.858106
    921250    0.878193
    921260    0.872087
    921270    0.893751
    921280    0.891539
    921290    0.885364
    921300    0.875482
    921310    0.893338
    921320    0.872947
    921330    0.896341
    921340    0.904604
    921350    0.856942
    921360    0.870547
    921370    0.836575
    921380    0.868404
    921390    0.897073
    921400      0.8653
    921410    0.824583
    921420    0.848621
    921430    0.874963
    921440    0.897453
    921450    0.847755
    921460    0.883462
    921470    0.859504
    921480    0.834605
    921490    0.857696
    921500    0.855635
    921510    0.877744
    921520    0.846252
    921530    0.848818
    921540     0.83849
    921550    0.854429
    921560    0.852065
    921570    0.869348
    921580    0.895702
    921590    0.844951
    921600    0.866131
    921610    0.835384
    921620    0.867489
    921630    0.854755
    921640    0.862284
    921650    0.849622
    921660    0.842713
    921670    0.875475
    921680    0.841851
    921690     0.85848
    921700    0.844069
    921710    0.857154
    921720     0.87411
    921730     0.87204
    921740    0.853181
    921750    0.879926
    921760    0.849489
    921770    0.858044
    921780    0.850754
    921790    0.852417
    921800    0.859353
    921810    0.836913
    921820    0.862781
    921830    0.875958
    921840    0.847483
    921850    0.863184
    921860    0.852876
    921870    0.841791
    921880    0.862199
    921890    0.864707
    921900    0.868391
    921910    0.885698
    921920     0.87927
    921930    0.864266
    921940    0.854204
    921950    0.845136
    921960      0.8739
    921970    0.864923
    921980    0.861123
    921990     0.88301
    922000    0.886577
    922010    0.901656
    922020    0.906176
    922030    0.898661
    922040    0.892147
    922050    0.896949
    922060    0.879821
    922070    0.896737
    922080    0.892293
    922090     0.89107
    922100    0.887045
    922110    0.886659
    922120    0.863271
    922130    0.897721
    922140    0.880961
    922150    0.867741
    922160     0.86163
    922170    0.873589
    922180    0.885467
    922190     0.89479
    922200    0.897114
    922210    0.891028
    922220    0.876624
    922230    0.867793
    922240    0.859526
    922250    0.885158
    922260    0.878422
    922270    0.848027
    922280    0.868396
    922290    0.888763
    922300     0.86592
    922310     0.87363
    922320    0.865685
    922330    0.876037
    922340    0.875863
    922350    0.876356
    922360    0.868107
    922370    0.842578
    922380    0.891278
    922390    0.844094
    922400    0.887099
    922410    0.877216
    922420    0.885149
    922430    0.860813
    922440    0.866049
    922450    0.866138
    922460    0.870569
    922470    0.865237
    922480     0.87264
    922490    0.855852
    922500    0.861448
    922510    0.869869
    922520    0.855961
    922530    0.862318
    922540    0.854023
    922550    0.889661
    922560    0.870057
    922570    0.853595
    922580    0.856642
    922590    0.877051
    922600    0.856648
    922610    0.853649
    922620    0.875566
    922630    0.877201
    922640    0.874072
    922650    0.846919
    922660     0.86511
    922670    0.884731
    922680    0.875319
    922690    0.869656
    922700     0.85406
    922710    0.865399
    922720    0.871577
    922730    0.895748
    922740    0.866593
    922750    0.859616
    922760    0.869791
    922770    0.862751
    922780     0.87663
    922790    0.862523
    922800    0.884974
    922810    0.882923
    922820    0.865089
    922830    0.874086
    922840    0.868383
    922850    0.903571
    922860    0.851989
    922870    0.837651
    922880    0.857791
    922890    0.863486
    922900    0.876633
    922910    0.862968
    922920    0.859474
    922930    0.866778
    922940    0.877939
    922950    0.863375
    922960    0.873821
    922970    0.861561
    922980    0.872569
    922990    0.860686
    923000    0.867102
    923010    0.881768
    923020    0.869471
    923030     0.86505
    923040    0.842787
    923050    0.854386
    923060    0.865852
    923070    0.861738
    923080    0.865034
    923090    0.875946
    923100    0.871168
    923110    0.847568
    923120    0.867826
    923130    0.854291
    923140    0.863703
    923150    0.856705
    923160    0.877151
    923170    0.880323
    923180    0.877381
    923190    0.856272
    923200    0.832399
    923210    0.821312
    923220    0.849948
    923230    0.827438
    923240    0.863118
    923250    0.845849
    923260    0.866608
    923270    0.866421
    923280    0.868645
    923290    0.859723
    923300    0.887981
    923310    0.908742
    923320    0.892225
    923330     0.88248
    923340    0.878494
    923350    0.891962
    923360    0.883781
    923370    0.868323
    923380    0.886625
    923390    0.889235
    923400    0.856818
    923410     0.88125
    923420    0.892857
    923430    0.889515
    923440    0.842655
    923450    0.876443
    923460    0.878538
    923470     0.85924
    923480    0.857776
    923490    0.841258
    923500    0.867905
    923510    0.873255
    923520    0.858705
    923530    0.861216
    923540    0.857404
    923550    0.866239
    923560    0.874761
    923570    0.858961
    923580    0.882883
    923590    0.858428
    923600    0.851523
    923610    0.896998
    923620    0.864343
    923630    0.858245
    923640    0.864825
    923650    0.866253
    923660    0.864976
    923670    0.867701
    923680    0.855639
    923690    0.867539
    923700    0.861518
    923710    0.872436
    923720    0.873358
    923730    0.861236
    923740    0.848677
    923750    0.849783
    923760    0.879097
    923770    0.867426
    923780    0.860825
    923790    0.879901
    923800    0.856907
    923810    0.882788
    923820     0.87889
    923830    0.879005
    923840    0.869176
    923850    0.891214
    923860    0.871355
    923870    0.888846
    923880    0.869314
    923890    0.928476
    923900    0.864607
    923910    0.892152
    923920    0.888196
    923930    0.877275
    923940    0.863707
    923950    0.879235
    923960    0.885226
    923970    0.846489
    923980    0.864088
    923990    0.876096
    924000     0.87286
    924010     0.85901
    924020    0.847625
    924030    0.894771
    924040     0.86633
    924050     0.89366
    924060    0.858938
    924070    0.856256
    924080    0.838392
    924090    0.857455
    924100    0.865645
    924110    0.861567
    924120    0.866796
    924130    0.869037
    924140    0.857414
    924150    0.848544
    924160    0.867676
    924170    0.861884
    924180    0.886673
    924190    0.846375
    924200    0.862608
    924210    0.862265
    924220    0.850819
    924230    0.850763
    924240    0.867629
    924250    0.866938
    924260     0.84456
    924270    0.836798
    924280    0.864483
    924290    0.870964
    924300    0.876045
    924310    0.868889
    924320    0.851485
    924330     0.86015
    924340    0.885194
    924350    0.860743
    924360    0.877855
    924370     0.87136
    924380    0.904358
    924390    0.846257
    924400    0.875204
    924410    0.865436
    924420    0.871462
    924430    0.887178
    924440    0.869434
    924450    0.858348
    924460    0.858401
    924470    0.860625
    924480     0.89703
    924490    0.875648
    924500    0.880685
    924510    0.893987
    924520    0.882305
    924530    0.873072
    924540    0.853698
    924550    0.870394
    924560    0.857245
    924570    0.865935
    924580    0.875896
    924590    0.839582
    924600    0.872775
    924610    0.866807
    924620    0.862888
    924630    0.858722
    924640    0.867086
    924650    0.869509
    924660    0.852405
    924670    0.869082
    924680    0.878449
    924690    0.873899
    924700    0.868095
    924710    0.872634
    924720    0.847739
    924730    0.870259
    924740    0.872372
    924750    0.850536
    924760    0.886113
    924770    0.859305
    924780     0.87318
    924790    0.872887
    924800    0.872844
    924810    0.852761
    924820    0.864611
    924830    0.879001
    924840    0.840422
    924850    0.854435
    924860    0.844902
    924870    0.856344
    924880    0.850549
    924890    0.886597
    924900    0.863508
    924910    0.876607
    924920    0.868937
    924930    0.889119
    924940    0.900434
    924950    0.895939
    924960    0.888198
    924970    0.855244
    924980    0.884144
    924990    0.864128
    925000    0.865946
    925010    0.884378
    925020     0.87364
    925030    0.883353
    925040    0.849493
    925050    0.848365
    925060    0.839908
    925070    0.822104
    925080      0.8173
    925090    0.859149
    925100    0.850275
    925110    0.863782
    925120    0.873755
    925130    0.853668
    925140    0.849572
    925150    0.834312
    925160    0.850079
    925170    0.884873
    925180    0.856227
    925190    0.841172
    925200    0.854751
    925210    0.874752
    925220    0.824973
    925230    0.860799
    925240    0.854984
    925250    0.857779
    925260    0.822235
    925270      0.8475
    925280    0.856271
    925290    0.862366
    925300    0.873278
    925310    0.850894
    925320    0.850379
    925330    0.844742
    925340    0.871497
    925350    0.864641
    925360    0.844218
    925370    0.842368
    925380    0.826983
    925390    0.841623
    925400    0.824198
    925410    0.822087
    925420    0.811277
    925430     0.84441
    925440    0.865399
    925450    0.877183
    925460    0.818643
    925470    0.846557
    925480    0.869593
    925490    0.867347
    925500    0.868593
    925510    0.862973
    925520    0.856952
    925530    0.868752
    925540    0.863722
    925550    0.874604
    925560    0.873919
    925570    0.864836
    925580    0.845818
    925590    0.869939
    925600    0.836049
    925610      0.8559
    925620    0.863893
    925630    0.861491
    925640    0.871503
    925650    0.859837
    925660    0.863371
    925670    0.865427
    925680    0.880537
    925690    0.862954
    925700    0.847847
    925710    0.868652
    925720     0.86443
    925730    0.853855
    925740    0.868329
    925750    0.885191
    925760    0.876649
    925770    0.830601
    925780    0.827382
    925790    0.833599
    925800    0.805895
    925810    0.836814
    925820    0.801466
    925830    0.863322
    925840    0.853802
    925850     0.83626
    925860    0.849103
    925870    0.861196
    925880    0.842599
    925890    0.846406
    925900    0.876366
    925910    0.839569
    925920    0.833588
    925930    0.851272
    925940    0.850525
    925950    0.827187
    925960    0.818591
    925970    0.818652
    925980    0.856308
    925990    0.873127
    926000    0.833093
    926010    0.831431
    926020    0.830272
    926030    0.865713
    926040    0.864956
    926050    0.856475
    926060    0.848119
    926070    0.843801
    926080    0.863235
    926090    0.860817
    926100    0.849107
    926110     0.83715
    926120    0.842082
    926130    0.831746
    926140    0.844264
    926150    0.828869
    926160    0.855313
    926170    0.847667
    926180    0.843482
    926190    0.854807
    926200    0.843187
    926210    0.858065
    926220     0.88523
    926230    0.837252
    926240    0.820235
    926250    0.837776
    926260    0.810054
    926270    0.826018
    926280    0.829123
    926290    0.816391
    926300    0.829214
    926310    0.812355
    926320    0.802855
    926330    0.817786
    926340    0.837245
    926350    0.833658
    926360    0.851479
    926370    0.831414
    926380    0.851401
    926390    0.826748
    926400    0.827511
    926410    0.848293
    926420    0.878593
    926430    0.826988
    926440     0.80139
    926450    0.809118
    926460    0.809456
    926470    0.775809
    926480    0.817945
    926490    0.847241
    926500    0.838734
    926510    0.849643
    926520    0.815193
    926530    0.796758
    926540    0.824211
    926550    0.810944
    926560    0.831766
    926570    0.859633
    926580    0.856573
    926590    0.848994
    926600    0.853612
    926610    0.860898
    926620    0.853909
    926630    0.860105
    926640     0.86119
    926650    0.868242
    926660    0.851059
    926670    0.843639
    926680    0.866151
    926690    0.833242
    926700    0.859218
    926710    0.855726
    926720    0.820303
    926730    0.793026
    926740    0.814722
    926750    0.819445
    926760    0.832927
    926770     0.81552
    926780    0.828008
    926790    0.820165
    926800    0.849303
    926810     0.85027
    926820    0.809367
    926830     0.81304
    926840    0.821171
    926850    0.841073
    926860     0.82704
    926870    0.829138
    926880    0.864671
    926890    0.861453
    926900    0.859594
    926910    0.831594
    926920    0.860892
    926930    0.839845
    926940    0.855261
    926950    0.841914
    926960    0.834178
    926970    0.853705
    926980    0.872743
    926990    0.865608
    927000    0.855877
    927010    0.852557
    927020    0.880035
    927030    0.855985
    927040    0.882304
    927050    0.853534
    927060    0.828256
    927070    0.869329
    927080    0.833541
    927090    0.857787
    927100    0.837063
    927110    0.822809
    927120    0.888165
    927130    0.839827
    927140    0.818375
    927150    0.831449
    927160    0.863007
    927170    0.851554
    927180      0.8387
    927190    0.851858
    927200    0.825198
    927210     0.86381
    927220    0.835365
    927230     0.82526
    927240    0.856526
    927250    0.836157
    927260    0.854472
    927270    0.862022
    927280    0.855656
    927290    0.849011
    927300    0.863589
    927310      0.8734
    927320    0.852654
    927330    0.860748
    927340    0.848774
    927350    0.866496
    927360    0.868835
    927370    0.849856
    927380    0.857593
    927390    0.862842
    927400    0.841507
    927410    0.892254
    927420    0.872048
    927430    0.854016
    927440    0.829726
    927450    0.834365
    927460      0.8108
    927470    0.816671
    927480    0.809594
    927490    0.804314
    927500    0.838851
    927510    0.813361
    927520    0.812648
    927530    0.836068
    927540    0.835867
    927550     0.81683
    927560    0.816143
    927570    0.825784
    927580    0.848538
    927590    0.795841
    927600    0.823761
    927610    0.787774
    927620    0.843995
    927630    0.870568
    927640    0.839751
    927650    0.821165
    927660    0.815678
    927670    0.809297
    927680    0.828571
    927690    0.834298
    927700    0.846269
    927710    0.802812
    927720    0.841988
    927730    0.822469
    927740    0.818381
    927750    0.817976
    927760    0.841031
    927770    0.866256
    927780    0.859612
    927790    0.815523
    927800    0.836065
    927810    0.814743
    927820    0.825787
    927830    0.807652
    927840    0.790905
    927850    0.812198
    927860    0.810299
    927870    0.815543
    927880    0.808323
    927890    0.803949
    927900    0.817525
    927910    0.824349
    927920    0.822101
    927930    0.821775
    927940    0.803384
    927950     0.87991
    927960    0.805304
    927970    0.823928
    927980    0.852973
    927990     0.82559
    928000    0.836992
    928010    0.854914
    928020    0.860498
    928030     0.84146
    928040    0.824526
    928050    0.850433
    928060    0.845187
    928070    0.848377
    928080    0.854519
    928090    0.848417
    928100    0.874945
    928110    0.833833
    928120     0.85313
    928130    0.877216
    928140    0.856236
    928150    0.855746
    928160    0.837584
    928170    0.851289
    928180    0.861841
    928190    0.821423
    928200    0.865061
    928210    0.884073
    928220    0.906559
    928230    0.870362
    928240    0.885399
    928250    0.889524
    928260    0.879446
    928270    0.890265
    928280    0.882252
    928290     0.85761
    928300    0.852486
    928310    0.846512
    928320    0.817875
    928330    0.862469
    928340    0.851684
    928350    0.837679
    928360    0.823387
    928370    0.846036
    928380    0.827037
    928390    0.850016
    928400    0.816401
    928410    0.855979
    928420    0.836806
    928430    0.871607
    928440    0.869817
    928450     0.81808
    928460    0.828337
    928470    0.798363
    928480    0.805893
    928490    0.792678
    928500      0.8135
    928510    0.810673
    928520     0.80804
    928530    0.819969
    928540    0.776996
    928550    0.803996
    928560    0.813976
    928570    0.793863
    928580    0.801345
    928590    0.809788
    928600     0.84411
    928610    0.828097
    928620    0.814882
    928630    0.817982
    928640    0.838848
    928650    0.831825
    928660    0.855932
    928670    0.830449
    928680    0.865525
    928690    0.869077
    928700    0.875184
    928710    0.832543
    928720    0.836139
    928730    0.866085
    928740    0.896816
    928750    0.885526
    928760    0.890275
    928770    0.851679
    928780    0.817145
    928790     0.84273
    928800    0.892973
    928810    0.895176
    928820     0.94391
    928830    0.919315
    928840     0.88487
    928850    0.887293
    928860    0.866203
    928870     0.89458
    928880     0.82062
    928890    0.838149
    928900    0.851627
    928910     0.88292
    928920    0.841416
    928930    0.859652
    928940    0.886858
    928950    0.891781
    928960    0.885714
    928970     0.92201
    928980    0.904412
    928990    0.874223
    929000    0.930835
    929010    0.886023
    929020    0.863942
    929030    0.913973
    929040    0.949328
    929050    0.934319
    929060    0.921565
    929070    0.919888
    929080    0.930272
    929090    0.930294
    929100    0.938327
    929110    0.927739
    929120    0.919972
    929130    0.887748
    929140    0.892879
    929150    0.894719
    929160    0.916398
    929170    0.902936
    929180    0.857504
    929190    0.857094
    929200    0.864801
    929210    0.848586
    929220    0.878825
    929230    0.894755
    929240    0.878046
    929250     0.89591
    929260    0.896161
    929270    0.855929
    929280    0.885118
    929290    0.882765
    929300    0.886712
    929310    0.892966
    929320    0.904857
    929330    0.854793
    929340    0.866739
    929350    0.861153
    929360    0.866203
    929370    0.878893
    929380    0.938285
    929390    0.916913
    929400    0.912754
    929410    0.934045
    929420    0.930223
    929430    0.916516
    929440    0.926821
    929450    0.926488
    929460     0.93691
    929470    0.953823
    929480      0.9105
    929490    0.920181
    929500    0.914364
    929510    0.919002
    929520    0.945312
    929530    0.929454
    929540    0.937678
    929550    0.940053
    929560    0.967013
    929570    0.990981
    929580    0.948466
    929590     0.93741
    929600    0.884679
    929610    0.892724
    929620    0.907392
    929630     0.91554
    929640    0.947215
    929650     0.97601
    929660    0.960652
    929670    0.942687
    929680     0.96561
    929690    0.965285
    929700    0.905193
    929710    0.941864
    929720    0.941932
    929730    0.950434
    929740    0.914815
    929750    0.904011
    929760    0.912592
    929770    0.908086
    929780    0.901491
    929790    0.911199
    929800    0.918544
    929810    0.890064
    929820     0.93155
    929830    0.904698
    929840    0.973237
    929850    0.994143
    929860    0.956559
    929870    0.958624
    929880    0.988199
    929890    0.964226
    929900    0.942038
    929910    0.919137
    929920    0.918213
    929930    0.940212
    929940    0.950283
    929950    0.978675
    929960    0.961415
    929970    0.933997
    929980    0.953692
    929990    0.941262
    930000    0.966298
    930010    0.955248
    930020    0.940934
    930030    0.963035
    930040    0.950956
    930050    0.896039
    930060    0.910202
    930070    0.915915
    930080    0.971316
    930090    0.926057
    930100    0.954566
    930110    0.935995
    930120    0.916276
    930130    0.908272
    930140    0.903117
    930150    0.941091
    930160    0.908333
    930170    0.947533
    930180    0.949795
    930190    0.922704
    930200    0.942389
    930210    0.915694
    930220    0.921006
    930230    0.905736
    930240    0.875637
    930250    0.884609
    930260    0.920227
    930270    0.907482
    930280    0.925486
    930290    0.903866
    930300    0.916197
    930310    0.919547
    930320    0.919476
    930330    0.931398
    930340    0.915936
    930350    0.917393
    930360    0.929669
    930370     0.90174
    930380    0.916425
    930390     0.91432
    930400    0.907417
    930410    0.913564
    930420    0.925894
    930430    0.914016
    930440      0.8824
    930450    0.892393
    930460    0.919621
    930470    0.919493
    930480    0.929634
    930490    0.916069
    930500    0.918364
    930510    0.910332
    930520    0.917721
    930530    0.930567
    930540    0.922733
    930550     0.93532
    930560    0.913662
    930570    0.931008
    930580    0.914448
    930590     0.93764
    930600     0.93117
    930610    0.888896
    930620    0.899448
    930630    0.892397
    930640    0.857798
    930650    0.915232
    930660    0.906632
    930670    0.939381
    930680    0.929747
    930690    0.923749
    930700    0.935487
    930710    0.919544
    930720    0.921061
    930730    0.885881
    930740    0.920775
    930750    0.882485
    930760    0.884361
    930770    0.880553
    930780     0.90938
    930790    0.874758
    930800    0.906337
    930810    0.929435
    930820    0.924138
    930830    0.881859
    930840     0.93124
    930850     0.94398
    930860    0.940856
    930870    0.959599
    930880     0.92445
    930890     0.94119
    930900    0.952306
    930910    0.959912
    930920    0.965607
    930930     0.93388
    930940     0.94385
    930950    0.982556
    930960     0.96294
    930970    0.957944
    930980    0.936453
    930990    0.889845
    931000    0.910257
    931010    0.907117
    931020    0.940798
    931030    0.918735
    931040    0.910353
    931050    0.893216
    931060    0.929646
    931070    0.932612
    931080    0.917735
    931090    0.934387
    931100    0.949008
    931110    0.966393
    931120    0.947957
    931130     0.92814
    931140    0.897447
    931150    0.919665
    931160    0.921376
    931170    0.929048
    931180     0.94733
    931190    0.937036
    931200    0.957116
    931210    0.901057
    931220    0.915708
    931230    0.911524
    931240    0.898984
    931250    0.904007
    931260    0.912923
    931270      0.9146
    931280    0.972975
    931290    0.894615
    931300    0.910793
    931310    0.898285
    931320    0.877009
    931330    0.854626
    931340     0.86258
    931350    0.882213
    931360    0.896538
    931370    0.915115
    931380    0.935943
    931390    0.916364
    931400    0.949337
    931410    0.913174
    931420    0.916529
    931430     0.89767
    931440    0.890961
    931450    0.957484
    931460    0.913965
    931470     0.91839
    931480    0.923317
    931490    0.942337
    931500    0.947056
    931510    0.967332
    931520    0.920181
    931530    0.920046
    931540      0.9857
    931550    0.956914
    931560    0.958039
    931570    0.936785
    931580    0.953946
    931590    0.956744
    931600    0.908539
    931610    0.923825
    931620    0.984865
    931630    0.952187
    931640     0.96042
    931650    0.963443
    931660    0.985845
    931670    0.955498
    931680    0.970789
    931690    0.980914
    931700    0.969969
    931710    0.972981
    931720     1.00951
    931730      1.0252
    931740     1.02992
    931750     1.05878
    931760     1.03914
    931770     1.06049
    931780    0.959099
    931790    0.978983
    931800    0.953664
    931810    0.931307
    931820    0.899476
    931830    0.994759
    931840    0.953598
    931850     1.00014
    931860    0.959799
    931870    0.988801
    931880     1.00053
    931890    0.964071
    931900    0.977771
    931910     0.97666
    931920    0.960829
    931930    0.986338
    931940    0.996861
    931950    0.964368
    931960    0.944314
    931970    0.939846
    931980    0.945208
    931990     0.91602
    932000    0.953607
    932010    0.938042
    932020    0.963075
    932030    0.975974
    932040      1.0026
    932050     1.02152
    932060    0.982058
    932070    0.990626
    932080     1.01519
    932090     1.03038
    932100     0.99616
    932110    0.977538
    932120     1.02764
    932130    0.960853
    932140    0.990377
    932150    0.972526
    932160     1.00476
    932170    0.988746
    932180    0.984846
    932190    0.936661
    932200     0.94293
    932210    0.942358
    932220    0.971896
    932230     0.97103
    932240    0.975265
    932250    0.977034
    932260    0.973681
    932270    0.985304
    932280    0.990395
    932290    0.982065
    932300    0.898314
    932310     0.90866
    932320    0.908571
    932330    0.946308
    932340     0.97108
    932350    0.919721
    932360    0.934246
    932370    0.957612
    932380    0.949855
    932390    0.992795
    932400    0.996475
    932410     1.01611
    932420     1.01928
    932430    0.977911
    932440    0.969761
    932450    0.978582
    932460     1.00373
    932470     1.02327
    932480    0.975316
    932490    0.974295
    932500    0.966544
    932510    0.967927
    932520     1.00591
    932530     1.00706
    932540    0.978185
    932550    0.943413
    932560    0.985305
    932570    0.991501
    932580    0.980659
    932590     1.02199
    932600    0.960638
    932610       1.024
    932620     1.00634
    932630     1.00068
    932640     1.03068
    932650     1.03431
    932660    0.997083
    932670     1.00399
    932680     1.00683
    932690    0.921313
    932700    0.976202
    932710    0.951065
    932720    0.948333
    932730    0.979816
    932740    0.936057
    932750    0.999495
    932760    0.973919
    932770    0.962501
    932780    0.969675
    932790    0.970508
    932800    0.974349
    932810     0.94553
    932820    0.934093
    932830    0.967984
    932840    0.931853
    932850    0.971105
    932860    0.946606
    932870    0.939911
    932880    0.958733
    932890      0.9355
    932900     0.98451
    932910     1.00891
    932920    0.957144
    932930    0.984618
    932940     0.98752
    932950     1.01263
    932960    0.980531
    932970     1.03536
    932980    0.971436
    932990    0.966172
    933000    0.978391
    933010     1.00581
    933020    0.970672
    933030    0.940695
    933040    0.974837
    933050    0.947704
    933060    0.972549
    933070    0.969712
    933080      0.9778
    933090    0.999693
    933100     1.00072
    933110    0.991914
    933120     1.00612
    933130     1.00985
    933140     1.00666
    933150    0.985332
    933160    0.997873
    933170     1.01087
    933180     1.00722
    933190    0.989315
    933200    0.984416
    933210    0.977669
    933220    0.986402
    933230    0.997263
    933240    0.997126
    933250    0.984768
    933260     1.01991
    933270      0.9922
    933280    0.998782
    933290    0.948293
    933300    0.971928
    933310    0.977226
    933320    0.962091
    933330    0.952063
    933340    0.978215
    933350    0.953569
    933360    0.969204
    933370    0.950959
    933380    0.986664
    933390     1.00001
    933400    0.979667
    933410    0.943241
    933420    0.960939
    933430    0.966919
    933440     0.93428
    933450     0.93561
    933460    0.902467
    933470    0.926817
    933480    0.949461
    933490    0.917305
    933500    0.917539
    933510    0.910434
    933520    0.957192
    933530    0.948422
    933540    0.926872
    933550    0.989741
    933560    0.942477
    933570    0.963214
    933580     0.94363
    933590    0.967659
    933600    0.926468
    933610    0.935034
    933620    0.953535
    933630    0.943237
    933640    0.923819
    933650    0.945492
    933660     0.94948
    933670    0.941221
    933680    0.950654
    933690    0.980481
    933700    0.959032
    933710    0.947705
    933720     0.99062
    933730    0.969309
    933740    0.976118
    933750    0.976395
    933760    0.956356
    933770     0.97425
    933780    0.931459
    933790    0.956465
    933800    0.967745
    933810    0.959655
    933820    0.960147
    933830    0.949524
    933840    0.969193
    933850    0.942191
    933860    0.928841
    933870    0.926604
    933880    0.958969
    933890    0.934592
    933900    0.960912
    933910    0.971403
    933920    0.927756
    933930    0.940808
    933940    0.965556
    933950    0.996857
    933960    0.989298
    933970    0.985823
    933980     0.96468
    933990    0.978206
    934000    0.940681
    934010     0.96794
    934020    0.967452
    934030     1.00372
    934040    0.976491
    934050    0.987484
    934060     0.98092
    934070      0.9943
    934080    0.964198
    934090       0.964
    934100    0.931061
    934110    0.971065
    934120    0.929958
    934130    0.943968
    934140    0.952104
    934150    0.961205
    934160    0.952975
    934170      0.9798
    934180    0.947347
    934190     0.97478
    934200    0.936958
    934210    0.955315
    934220    0.940401
    934230    0.935388
    934240     0.93886
    934250    0.940278
    934260    0.955427
    934270    0.960832
    934280    0.963784
    934290    0.987264
    934300    0.939298
    934310    0.940664
    934320     0.92208
    934330    0.934477
    934340    0.947167
    934350    0.994132
    934360    0.975441
    934370    0.976819
    934380     0.99874
    934390     1.00159
    934400     1.00258
    934410    0.991921
    934420    0.988268
    934430    0.969662
    934440    0.959195
    934450    0.951147
    934460    0.978839
    934470    0.976467
    934480    0.965338
    934490    0.954773
    934500      0.9485
    934510    0.946635
    934520    0.951035
    934530    0.965353
    934540    0.946127
    934550     0.93395
    934560    0.960545
    934570    0.909132
    934580    0.928866
    934590    0.946795
    934600    0.943533
    934610    0.956496
    934620    0.956844
    934630      0.9627
    934640    0.978455
    934650    0.981037
    934660     0.97291
    934670    0.970922
    934680    0.970517
    934690    0.974985
    934700     0.95334
    934710    0.954032
    934720    0.972688
    934730    0.979051
    934740    0.945788
    934750    0.954765
    934760    0.961997
    934770     0.92482
    934780    0.950689
    934790    0.944117
    934800    0.951757
    934810    0.959196
    934820    0.967209
    934830    0.946652
    934840    0.980628
    934850    0.971388
    934860    0.948026
    934870    0.959878
    934880    0.969398
    934890    0.946253
    934900    0.948003
    934910      0.9759
    934920    0.981052
    934930    0.998482
    934940    0.965926
    934950    0.924108
    934960    0.948321
    934970    0.951075
    934980    0.965469
    934990    0.984509
    935000    0.950854
    935010    0.947917
    935020    0.977452
    935030     1.00792
    935040    0.972891
    935050     0.97287
    935060    0.997509
    935070    0.986131
    935080    0.986408
    935090     0.98521
    935100     0.97765
    935110    0.975342
    935120     1.01607
    935130    0.968172
    935140    0.945552
    935150    0.954229
    935160    0.918406
    935170    0.934303
    935180    0.919587
    935190    0.924616
    935200    0.934017
    935210    0.938928
    935220    0.952852
    935230    0.946438
    935240    0.949701
    935250    0.960909
    935260    0.955653
    935270    0.969119
    935280    0.943608
    935290    0.948202
    935300    0.944705
    935310    0.943242
    935320     0.94498
    935330    0.960068
    935340    0.970283
    935350    0.956748
    935360     0.96011
    935370    0.944237
    935380    0.979796
    935390    0.968024
    935400    0.959832
    935410    0.979935
    935420     1.00786
    935430    0.950755
    935440    0.966116
    935450    0.958865
    935460    0.946114
    935470    0.941915
    935480    0.935039
    935490    0.954717
    935500    0.935449
    935510     0.96819
    935520    0.946688
    935530     1.00449
    935540    0.974675
    935550    0.976285
    935560    0.975481
    935570    0.960579
    935580    0.998969
    935590    0.989414
    935600     0.96649
    935610    0.975121
    935620    0.985805
    935630    0.998708
    935640    0.991564
    935650    0.997675
    935660    0.973545
    935670    0.988821
    935680    0.996784
    935690     1.01653
    935700    0.999627
    935710    0.996666
    935720     1.00862
    935730       1.005
    935740     1.00455
    935750    0.960488
    935760     1.00003
    935770    0.995249
    935780    0.995998
    935790    0.965929
    935800     0.98432
    935810    0.997854
    935820     1.00523
    935830    0.982818
    935840    0.994521
    935850     1.00673
    935860     1.00316
    935870     1.00098
    935880    0.997651
    935890     1.00455
    935900    0.979275
    935910     1.00167
    935920      1.0175
    935930     1.01398
    935940     1.05291
    935950     1.02537
    935960     1.02621
    935970     1.06526
    935980     1.04466
    935990     1.02689
    936000     1.04346
    936010     1.04751
    936020     1.06973
    936030     1.11093
    936040     1.10426
    936050     1.10686
    936060     1.08709
    936070     1.05898
    936080     1.06019
    936090     1.06864
    936100     1.09351
    936110      1.0624
    936120     1.07616
    936130     1.10151
    936140     1.08295
    936150     1.09492
    936160     1.06949
    936170     1.03872
    936180      1.0667
    936190     1.05574
    936200     1.01137
    936210     1.06031
    936220     1.06199
    936230     1.08508
    936240     1.05569
    936250      1.0749
    936260     1.08168
    936270     1.06068
    936280     1.07227
    936290      1.0554
    936300     1.04436
    936310     1.04446
    936320     1.02588
    936330     1.06499
    936340     1.05014
    936350    0.996327
    936360     1.01319
    936370     1.04355
    936380    0.998587
    936390    0.999644
    936400     1.00951
    936410     0.98599
    936420    0.973455
    936430    0.996382
    936440    0.990716
    936450     1.02128
    936460     1.00814
    936470     1.01795
    936480     1.00801
    936490      1.0268
    936500     0.98866
    936510     0.97704
    936520    0.992403
    936530    0.964442
    936540    0.995426
    936550    0.984576
    936560     1.00551
    936570     1.00629
    936580     1.00304
    936590     1.00514
    936600    0.987592
    936610    0.998961
    936620     1.04304
    936630      1.0372
    936640     1.02513
    936650     1.03255
    936660      1.0135
    936670     1.05618
    936680     1.02377
    936690     1.03446
    936700      1.0275
    936710     1.03176
    936720     1.03408
    936730     1.03622
    936740     1.04901
    936750      1.0474
    936760     1.07086
    936770     1.09588
    936780     1.08652
    936790     1.05061
    936800     1.05737
    936810     1.03587
    936820     1.06583
    936830     1.04361
    936840      1.0492
    936850     1.05034
    936860     1.04153
    936870     1.05506
    936880     1.04612
    936890      1.0497
    936900     1.02954
    936910     1.07947
    936920     1.10982
    936930     1.09642
    936940     1.08894
    936950     1.11372
    936960     1.09895
    936970     1.07418
    936980     1.10129
    936990     1.05941
    937000      1.0946
    937010     1.09568
    937020     1.07855
    937030     1.05903
    937040      1.0642
    937050     1.02463
    937060     1.02673
    937070     1.04089
    937080     1.05917
    937090        1.12
    937100     1.09404
    937110     1.08998
    937120     1.08875
    937130      1.0887
    937140     1.10995
    937150     1.07545
    937160     1.13575
    937170     1.09933
    937180     1.12932
    937190     1.10307
    937200     1.10115
    937210     1.08516
    937220     1.10863
    937230     1.09049
    937240     1.04735
    937250     1.04653
    937260     1.06878
    937270     1.04842
    937280     1.06665
    937290     1.08827
    937300     1.08893
    937310     1.10319
    937320     1.12685
    937330      1.0802
    937340     1.09801
    937350     1.09532
    937360     1.08266
    937370     1.10393
    937380     1.11801
    937390     1.08626
    937400     1.06038
    937410     1.07754
    937420     1.06316
    937430     1.06303
    937440     1.05295
    937450     1.07079
    937460     1.08911
    937470     1.12044
    937480     1.09084
    937490      1.0659
    937500     1.07166
    937510      1.1157
    937520     1.04554
    937530     1.11694
    937540     1.09902
    937550     1.08003
    937560     1.02696
    937570     1.07432
    937580      1.0667
    937590     1.06736
    937600     1.06328
    937610     1.07159
    937620     1.07187
    937630     1.05362
    937640     1.09333
    937650     1.07034
    937660     1.05038
    937670     1.07276
    937680     1.07377
    937690     1.07775
    937700     1.05904
    937710     1.04369
    937720      1.0686
    937730     1.07691
    937740     1.07509
    937750     1.06973
    937760     1.05263
    937770     1.03673
    937780     1.06096
    937790     1.01948
    937800     1.05668
    937810     1.03095
    937820     1.03175
    937830     1.01503
    937840     1.04044
    937850     1.01328
    937860     1.01344
    937870     1.03717
    937880      1.0111
    937890     1.04279
    937900     1.01709
    937910     1.02158
    937920     1.00282
    937930    0.994049
    937940      1.0045
    937950    0.979535
    937960    0.987141
    937970     0.99441
    937980     1.00834
    937990    0.979349
    938000    0.993711
    938010    0.951764
    938020    0.953986
    938030     0.98448
    938040    0.951562
    938050    0.936328
    938060    0.970188
    938070     1.00293
    938080     0.98518
    938090    0.998814
    938100    0.992792
    938110    0.967171
    938120    0.956436
    938130     1.00662
    938140    0.986961
    938150     1.03976
    938160    0.987809
    938170     1.01328
    938180     0.99634
    938190     0.95679
    938200    0.949826
    938210     1.00334
    938220    0.995392
    938230    0.974573
    938240    0.968291
    938250    0.984312
    938260     1.00184
    938270     1.01229
    938280    0.998744
    938290    0.981449
    938300     1.01088
    938310    0.992331
    938320     1.01358
    938330    0.970766
    938340    0.969039
    938350     1.00071
    938360    0.988467
    938370    0.988506
    938380    0.976238
    938390     1.02079
    938400    0.979331
    938410     1.00792
    938420    0.949112
    938430    0.996874
    938440     1.01731
    938450     0.98934
    938460      1.0136
    938470     1.01065
    938480    0.957538
    938490    0.957661
    938500    0.961332
    938510    0.961952
    938520    0.990165
    938530    0.976402
    938540    0.997051
    938550    0.956528
    938560    0.996386
    938570    0.961039
    938580    0.987321
    938590    0.982605
    938600     1.03257
    938610     1.01035
    938620     1.04293
    938630     1.05296
    938640     1.01918
    938650    0.991861
    938660     1.06518
    938670     1.04216
    938680       1.057
    938690     1.06269
    938700     1.03058
    938710     1.05997
    938720     1.02446
    938730     1.03507
    938740      1.0334
    938750     1.03315
    938760      1.0277
    938770     1.01607
    938780     1.03689
    938790     1.03372
    938800     1.01908
    938810     1.04538
    938820     1.06037
    938830     1.02778
    938840      1.0101
    938850     1.03776
    938860     1.04138
    938870     1.04871
    938880     1.05341
    938890     1.04502
    938900     1.00317
    938910     1.03118
    938920     1.06185
    938930     1.01359
    938940    0.986683
    938950     1.01896
    938960     1.00998
    938970     1.02373
    938980     0.99827
    938990    0.975771
    939000     1.00985
    939010     1.00643
    939020     1.01359
    939030     1.01818
    939040     1.00844
    939050     1.03159
    939060     1.01125
    939070    0.990762
    939080    0.979014
    939090    0.992579
    939100    0.969921
    939110    0.966704
    939120    0.958229
    939130    0.955079
    939140    0.956281
    939150    0.915724
    939160    0.969372
    939170    0.951077
    939180    0.950925
    939190    0.932927
    939200    0.952103
    939210    0.934806
    939220    0.949165
    939230    0.938502
    939240    0.952563
    939250    0.952231
    939260    0.956229
    939270     0.96477
    939280    0.952998
    939290    0.944734
    939300    0.974155
    939310    0.980231
    939320     1.01946
    939330     1.01192
    939340     1.04739
    939350     1.06189
    939360     1.05479
    939370     1.05158
    939380     1.05982
    939390     1.06229
    939400     1.03448
    939410     1.03185
    939420     1.03375
    939430     1.05354
    939440     1.02725
    939450     1.02162
    939460     1.04004
    939470     1.00971
    939480    0.995328
    939490    0.974823
    939500       1.014
    939510     1.01049
    939520     1.00141
    939530    0.992608
    939540    0.987689
    939550    0.973303
    939560     0.99838
    939570     1.03787
    939580     1.04418
    939590     1.03555
    939600     1.00192
    939610    0.999739
    939620     1.01658
    939630     0.98835
    939640     1.01382
    939650     1.01573
    939660     1.03204
    939670     1.05218
    939680     1.04758
    939690     1.05004
    939700     1.06068
    939710     1.05447
    939720     1.04965
    939730     1.02979
    939740     1.01331
    939750     1.04511
    939760    0.995877
    939770     1.01595
    939780     1.04505
    939790     1.01897
    939800     1.03697
    939810     1.01591
    939820     1.02451
    939830     1.00937
    939840     1.00825
    939850     1.02386
    939860    0.978172
    939870     1.00429
    939880    0.961882
    939890    0.965676
    939900     1.00002
    939910     1.04417
    939920     1.04715
    939930     1.03698
    939940      1.0505
    939950      1.0322
    939960     1.05882
    939970     1.04234
    939980     1.03043
    939990     1.04923
    940000     1.04492
    940010     1.05268
    940020     1.03864
    940030     1.07325
    940040     1.04283
    940050     1.05585
    940060     1.05902
    940070     1.06668
    940080     1.02932
    940090     1.01925
    940100     1.04688
    940110     1.02821
    940120     1.02776
    940130     1.03286
    940140     1.05398
    940150     1.03759
    940160     1.04085
    940170     1.02503
    940180     1.04661
    940190     1.03565
    940200     1.02111
    940210     1.02522
    940220     1.03009
    940230     1.03589
    940240     1.06065
    940250     1.03674
    940260     1.06069
    940270     1.02763
    940280     1.06504
    940290     1.02423
    940300     1.05701
    940310     1.03653
    940320     1.08947
    940330     1.06034
    940340     1.02752
    940350      1.0268
    940360     1.01952
    940370     1.03597
    940380     1.01711
    940390     1.04922
    940400     1.03528
    940410     1.05717
    940420     1.04913
    940430     1.05255
    940440     1.05738
    940450      1.0634
    940460     1.07375
    940470     1.05916
    940480     1.04516
    940490     1.05979
    940500     1.08375
    940510     1.07468
    940520     1.11282
    940530     1.08633
    940540     1.08354
    940550     1.08098
    940560     1.05299
    940570     1.10728
    940580      1.0769
    940590     1.09911
    940600     1.04436
    940610     1.07107
    940620     1.06335
    940630     1.05317
    940640     1.05184
    940650     1.04571
    940660     1.09241
    940670     1.02733
    940680     1.07352
    940690     1.04252
    940700     1.07323
    940710     1.09094
    940720     1.05267
    940730     1.07279
    940740     1.04284
    940750     1.05287
    940760     1.09168
    940770     1.09035
    940780     1.04461
    940790     1.05415
    940800     1.04693
    940810     1.02289
    940820     1.03161
    940830     1.02426
    940840     1.03086
    940850     1.04813
    940860     1.00666
    940870     1.06471
    940880     1.07712
    940890    0.981017
    940900     1.07819
    940910     1.03136
    940920     1.02979
    940930     1.05426
    940940    0.999799
    940950     1.04661
    940960     1.03757
    940970     1.02903
    940980     1.01772
    940990     1.01402
    941000     1.00904
    941010     1.01536
    941020     1.01348
    941030     1.04318
    941040     1.04181
    941050    0.995332
    941060     1.02035
    941070       1.031
    941080     1.05585
    941090     1.04871
    941100     1.01307
    941110     1.01266
    941120     1.01051
    941130     1.01847
    941140    0.994471
    941150     1.00872
    941160    0.989228
    941170     1.00529
    941180    0.983186
    941190    0.990779
    941200    0.990753
    941210     0.98322
    941220    0.991715
    941230     1.01501
    941240      1.0268
    941250      1.0374
    941260     1.01484
    941270     1.01995
    941280     1.01117
    941290     1.01205
    941300     1.03487
    941310     1.07323
    941320     1.02286
    941330     1.01631
    941340     1.01042
    941350     1.02128
    941360     1.01682
    941370     1.04914
    941380     1.05537
    941390     1.02859
    941400     1.03118
    941410     1.02741
    941420     1.02773
    941430     1.02393
    941440     1.01248
    941450     1.03049
    941460    0.997374
    941470    0.981829
    941480     1.04242
    941490     1.00849
    941500     1.02841
    941510    0.991376
    941520     1.01358
    941530    0.974652
    941540     1.00825
    941550     1.00947
    941560    0.975809
    941570     1.00549
    941580    0.997323
    941590     1.02074
    941600     1.01346
    941610     1.02065
    941620    0.989071
    941630    0.992935
    941640     1.02203
    941650      1.0298
    941660     1.02585
    941670    0.993171
    941680     1.00237
    941690     1.02684
    941700    0.991233
    941710     1.02342
    941720     1.02371
    941730     1.02335
    941740     1.01961
    941750    0.999123
    941760     1.00667
    941770    0.973164
    941780     1.01517
    941790     1.00515
    941800     1.00154
    941810     0.97898
    941820    0.996992
    941830     1.00542
    941840    0.984146
    941850    0.975651
    941860     1.00901
    941870    0.993163
    941880    0.975951
    941890    0.997396
    941900    0.977167
    941910    0.999215
    941920     1.00772
    941930    0.973704
    941940     1.00408
    941950     1.01046
    941960    0.991908
    941970    0.989539
    941980     1.00104
    941990     1.01379
    942000     1.00952
    942010     1.03442
    942020     1.02529
    942030    0.989599
    942040     1.00238
    942050     1.00197
    942060     1.02323
    942070    0.984391
    942080     1.01445
    942090     1.00253
    942100     1.01237
    942110     1.01078
    942120      1.0288
    942130     1.03777
    942140     1.01522
    942150     1.04954
    942160      1.0076
    942170    0.985688
    942180    0.973406
    942190     1.00153
    942200    0.989569
    942210    0.985905
    942220     1.00919
    942230    0.980905
    942240     1.00738
    942250           1
    942260    0.997645
    942270     1.00994
    942280    0.986454
    942290    0.989364
    942300    0.979101
    942310     0.95758
    942320    0.969409
    942330    0.979024
    942340    0.992671
    942350     1.00221
    942360    0.998414
    942370     1.00613
    942380     1.00117
    942390    0.998404
    942400     1.00093
    942410     1.00783
    942420     1.00724
    942430     1.00622
    942440     1.02192
    942450    0.995937
    942460     0.99488
    942470     1.01589
    942480    0.976876
    942490     0.98903
    942500    0.990142
    942510     1.01007
    942520     1.00599
    942530     1.02954
    942540     1.02179
    942550     1.02376
    942560     1.01711
    942570    0.996085
    942580    0.993243
    942590    0.996306
    942600     1.03199
    942610    0.983703
    942620    0.998392
    942630    0.990451
    942640    0.976341
    942650    0.989992
    942660    0.967707
    942670    0.987566
    942680     0.96765
    942690     1.01323
    942700    0.969878
    942710     1.00964
    942720    0.983307
    942730     1.01652
    942740    0.982045
    942750    0.988403
    942760     1.00181
    942770     1.02487
    942780     1.00574
    942790    0.998998
    942800    0.998733
    942810     1.01229
    942820     1.02454
    942830     1.00149
    942840    0.998934
    942850     1.00503
    942860     1.00506
    942870    0.990608
    942880     1.00858
    942890    0.994601
    942900     1.02019
    942910     1.00615
    942920     1.00723
    942930     1.01851
    942940     1.01667
    942950    0.996804
    942960     1.01372
    942970     0.99272
    942980     1.01452
    942990     1.01058
    943000     1.02516
    943010    0.998385
    943020    0.989759
    943030     1.00394
    943040     1.00457
    943050    0.979174
    943060    0.979121
    943070     1.01527
    943080     1.01679
    943090     1.01861
    943100    0.980615
    943110     1.00172
    943120    0.999958
    943130    0.998878
    943140     1.00615
    943150     1.00891
    943160    0.991095
    943170     1.01738
    943180     1.00758
    943190     1.00091
    943200     1.00079
    943210    0.989354
    943220     0.99097
    943230    0.983789
    943240    0.956472
    943250    0.999416
    943260    0.980711
    943270    0.985679
    943280     1.00172
    943290    0.962481
    943300    0.976272
    943310    0.984738
    943320     1.00635
    943330    0.990954
    943340     0.99764
    943350     1.01509
    943360    0.996886
    943370    0.978101
    943380    0.985684
    943390    0.968153
    943400    0.987543
    943410    0.977041
    943420    0.993469
    943430    0.981386
    943440    0.985032
    943450    0.992561
    943460     1.00719
    943470     1.01077
    943480     1.01949
    943490    0.987533
    943500     1.00298
    943510      1.0028
    943520     0.98063
    943530    0.998322
    943540     1.00862
    943550     1.01596
    943560      1.0053
    943570    0.983552
    943580    0.990866
    943590    0.993562
    943600     0.97843
    943610    0.991399
    943620    0.978882
    943630    0.975311
    943640    0.968861
    943650    0.975044
    943660    0.970623
    943670    0.984857
    943680    0.986928
    943690    0.992053
    943700    0.983896
    943710      1.0061
    943720     1.00099
    943730    0.984108
    943740     1.00665
    943750     1.01849
    943760     1.02876
    943770     1.02184
    943780     1.02456
    943790     1.01664
    943800      1.0415
    943810    0.996464
    943820     1.02325
    943830     1.00288
    943840     1.01348
    943850     1.00488
    943860     1.00619
    943870     1.03227
    943880     0.98609
    943890     1.00329
    943900     1.03079
    943910     1.03074
    943920     1.02184
    943930     1.01468
    943940     1.02388
    943950    0.978771
    943960    0.991352
    943970     1.02055
    943980      1.0209
    943990     1.01999
    944000     1.00533
    944010     1.02066
    944020     1.04357
    944030     1.04397
    944040     1.01408
    944050     1.01386
    944060     1.00036
    944070     1.01771
    944080     1.01421
    944090     1.03863
    944100     1.00738
    944110     1.00339
    944120     1.02457
    944130     0.98248
    944140    0.996845
    944150     1.01806
    944160     0.99902
    944170    0.988009
    944180    0.994206
    944190     0.97578
    944200    0.996218
    944210     1.01925
    944220      1.0361
    944230     0.98855
    944240     1.00062
    944250    0.990034
    944260     1.00696
    944270    0.998935
    944280    0.964769
    944290    0.974476
    944300    0.996786
    944310    0.980541
    944320     1.00069
    944330    0.987973
    944340     1.01136
    944350    0.984453
    944360     0.97066
    944370     1.00568
    944380    0.982599
    944390     1.03964
    944400    0.991712
    944410    0.991072
    944420     1.01554
    944430     1.00817
    944440    0.996975
    944450     1.02398
    944460     0.99058
    944470     1.00274
    944480    0.988232
    944490     1.00004
    944500    0.991978
    944510    0.988044
    944520    0.994049
    944530    0.986078
    944540     1.00219
    944550    0.999997
    944560    0.991588
    944570     1.00403
    944580    0.996351
    944590     1.00061
    944600    0.999508
    944610     0.97738
    944620     1.00454
    944630      1.0312
    944640     1.04205
    944650     1.01661
    944660    0.999045
    944670     1.01706
    944680      1.0223
    944690     1.01918
    944700     1.03561
    944710     1.03227
    944720      1.0548
    944730     1.06327
    944740     1.04688
    944750     1.02777
    944760      1.0406
    944770     1.00289
    944780      1.0181
    944790     1.04638
    944800    0.972231
    944810    0.970215
    944820     1.00039
    944830    0.970271
    944840     1.02301
    944850     1.01474
    944860    0.999455
    944870     0.99711
    944880    0.975614
    944890    0.995915
    944900     0.99615
    944910    0.995632
    944920    0.987004
    944930     1.00816
    944940     1.01524
    944950     1.00149
    944960    0.980098
    944970     1.01445
    944980    0.981217
    944990    0.996039
    945000      1.0008
    945010     1.00689
    945020      1.0085
    945030     1.01322
    945040    0.996353
    945050     1.00057
    945060      1.0042
    945070      1.0116
    945080     1.01722
    945090    0.990379
    945100    0.996465
    945110    0.999249
    945120     1.02417
    945130    0.984905
    945140    0.970097
    945150     1.00724
    945160     1.02268
    945170    0.993609
    945180    0.999735
    945190     1.00064
    945200     1.01415
    945210     1.01242
    945220     1.01575
    945230    0.999211
    945240     1.02068
    945250    0.998131
    945260     1.04135
    945270     1.00422
    945280     1.00867
    945290     1.02056
    945300     1.01682
    945310    0.999055
    945320     1.01215
    945330     1.01475
    945340     1.02674
    945350     1.02393
    945360      1.0352
    945370     1.03074
    945380    0.984253
    945390    0.973347
    945400     1.00489
    945410     1.01849
    945420     1.02173
    945430    0.966117
    945440     1.01076
    945450     1.02386
    945460    0.993102
    945470    0.985068
    945480    0.995336
    945490    0.991469
    945500    0.990543
    945510    0.988064
    945520    0.957813
    945530    0.939792
    945540    0.950217
    945550    0.991006
    945560    0.986886
    945570     1.01285
    945580    0.974056
    945590     1.00906
    945600     0.98815
    945610    0.973562
    945620    0.995626
    945630    0.984022
    945640    0.992049
    945650    0.981219
    945660    0.979519
    945670    0.993661
    945680     1.00408
    945690     1.00909
    945700    0.989982
    945710     0.96396
    945720    0.969608
    945730    0.994814
    945740    0.997579
    945750    0.994708
    945760     1.02392
    945770     1.00242
    945780     1.00927
    945790    0.997045
    945800     1.00412
    945810     1.00188
    945820     1.01846
    945830     1.00919
    945840    0.984398
    945850     0.99783
    945860     1.01051
    945870    0.984479
    945880    0.984261
    945890     1.01132
    945900     1.03829
    945910    0.991686
    945920    0.999003
    945930     1.00485
    945940    0.993987
    945950    0.987643
    945960    0.986912
    945970    0.987321
    945980    0.997829
    945990     1.01487
    946000     1.00897
    946010    0.991417
    946020     1.02151
    946030    0.974711
    946040    0.997348
    946050    0.981398
    946060    0.991328
    946070      1.0414
    946080     1.03419
    946090    0.957199
    946100    0.991377
    946110    0.955188
    946120    0.945138
    946130    0.939825
    946140    0.911098
    946150    0.928866
    946160    0.929329
    946170    0.944045
    946180    0.937371
    946190    0.944493
    946200     0.93709
    946210    0.953702
    946220    0.940395
    946230      0.9689
    946240    0.974523
    946250    0.991279
    946260    0.974014
    946270    0.961245
    946280    0.965145
    946290    0.955111
    946300     0.97872
    946310    0.974793
    946320    0.981386
    946330     0.97379
    946340    0.979507
    946350     1.00671
    946360     1.00561
    946370      1.0065
    946380     1.04618
    946390     1.03175
    946400     1.02184
    946410     1.03722
    946420     1.02782
    946430     1.02232
    946440     1.04006
    946450     1.01877
    946460     1.01181
    946470     1.01849
    946480     1.00275
    946490    0.967082
    946500    0.987829
    946510    0.990363
    946520     1.01101
    946530     1.03415
    946540     1.05054
    946550     1.03973
    946560     1.03475
    946570     1.02289
    946580    0.989458
    946590     1.00631
    946600    0.991717
    946610     1.00864
    946620     1.00506
    946630    0.991487
    946640     1.01285
    946650     1.01334
    946660     0.98996
    946670     1.01874
    946680     1.01998
    946690     1.01897
    946700    0.991799
    946710    0.997126
    946720    0.983459
    946730     1.03291
    946740    0.992953
    946750    0.991646
    946760     1.04462
    946770     1.04891
    946780     1.02536
    946790     1.00549
    946800     1.05237
    946810     1.03205
    946820     1.01726
    946830     1.01162
    946840     1.01902
    946850      1.0342
    946860     1.02512
    946870     1.04883
    946880     1.04672
    946890     1.02066
    946900     1.03453
    946910     1.03936
    946920     1.02228
    946930     1.03887
    946940     1.02764
    946950     1.00349
    946960     1.03471
    946970     1.05749
    946980     1.04307
    946990     1.05449
    947000     1.03985
    947010     1.03177
    947020     1.01538
    947030     1.03031
    947040     1.03611
    947050     1.03431
    947060     1.03063
    947070     1.01386
    947080     1.02336
    947090     1.02015
    947100     1.00972
    947110     1.00377
    947120     1.00906
    947130     1.03304
    947140     1.01279
    947150     1.02376
    947160     1.00448
    947170     1.00847
    947180     1.03142
    947190     1.00602
    947200     1.00694
    947210     1.00825
    947220     1.03792
    947230     1.00766
    947240     1.01244
    947250     1.04281
    947260     1.03107
    947270      1.0086
    947280     1.03965
    947290     1.02062
    947300     1.02568
    947310     1.01879
    947320     1.02369
    947330     1.00957
    947340     1.01207
    947350     1.03152
    947360      1.0185
    947370     1.03463
    947380     1.04314
    947390     1.03699
    947400     1.01528
    947410      1.0416
    947420     1.02782
    947430     1.01768
    947440     1.02872
    947450     1.03113
    947460     1.03475
    947470     1.00963
    947480     1.01425
    947490     1.03473
    947500     1.01485
    947510    0.995197
    947520     1.01495
    947530    0.993178
    947540    0.979768
    947550    0.982751
    947560    0.982129
    947570    0.951575
    947580    0.977999
    947590    0.979433
    947600    0.980358
    947610    0.980236
    947620    0.979035
    947630    0.977752
    947640    0.973856
    947650     1.01519
    947660    0.992536
    947670     1.00531
    947680     0.98511
    947690     0.98707
    947700      1.0195
    947710    0.998509
    947720    0.986485
    947730      1.0063
    947740    0.975228
    947750      1.0025
    947760    0.980777
    947770     1.00195
    947780      1.0108
    947790    0.970993
    947800     1.00979
    947810    0.989713
    947820    0.987081
    947830    0.965117
    947840    0.950901
    947850    0.973218
    947860    0.978552
    947870    0.975213
    947880    0.981776
    947890    0.968158
    947900    0.947806
    947910    0.959966
    947920    0.972098
    947930     1.00894
    947940    0.965313
    947950    0.986778
    947960    0.983737
    947970    0.994812
    947980    0.969308
    947990    0.944374
    948000    0.982399
    948010    0.989581
    948020    0.968341
    948030    0.974064
    948040    0.952776
    948050    0.945487
    948060    0.986866
    948070    0.985728
    948080    0.968244
    948090    0.969483
    948100     0.96054
    948110    0.955108
    948120     0.98787
    948130     0.97965
    948140    0.985188
    948150    0.978729
    948160    0.939824
    948170    0.953531
    948180    0.986424
    948190    0.972342
    948200    0.961888
    948210     0.96724
    948220    0.972307
    948230    0.989956
    948240    0.984126
    948250    0.977631
    948260     0.98778
    948270    0.962575
    948280    0.984662
    948290    0.976796
    948300     1.03143
    948310    0.974839
    948320    0.963635
    948330     0.98622
    948340    0.982949
    948350    0.988733
    948360    0.994087
    948370     1.04572
    948380     1.01893
    948390     1.02408
    948400     1.00515
    948410    0.979682
    948420     1.02721
    948430    0.978302
    948440    0.998018
    948450    0.961231
    948460    0.982157
    948470    0.988696
    948480    0.995057
    948490     1.00491
    948500    0.991112
    948510     1.02231
    948520     0.99303
    948530    0.988193
    948540    0.985828
    948550    0.973594
    948560    0.965511
    948570    0.976814
    948580    0.996945
    948590    0.974572
    948600    0.972359
    948610    0.996719
    948620    0.991306
    948630    0.975639
    948640    0.997191
    948650     1.01294
    948660     1.02796
    948670     1.02511
    948680     1.00617
    948690     1.02618
    948700     1.03111
    948710     1.01297
    948720     1.05311
    948730     1.03444
    948740     1.05309
    948750     1.03077
    948760     1.05235
    948770     1.04072
    948780     1.01861
    948790      1.0511
    948800     1.04038
    948810      1.0403
    948820     1.01997
    948830     1.05107
    948840     1.03106
    948850     1.04932
    948860     1.04884
    948870     1.03733
    948880     1.06229
    948890     1.02835
    948900     1.01438
    948910     1.05252
    948920     1.04363
    948930     1.06496
    948940     1.06239
    948950      1.0603
    948960     1.08793
    948970       1.045
    948980     1.07501
    948990      1.0226
    949000     1.09301
    949010     1.08202
    949020     1.05867
    949030     1.10235
    949040     1.12403
    949050     1.09042
    949060     1.05234
    949070     1.10898
    949080     1.08639
    949090     1.08473
    949100     1.11631
    949110     1.09031
    949120     1.09297
    949130     1.08304
    949140      1.0937
    949150     1.09013
    949160     1.06862
    949170     1.07019
    949180     1.06004
    949190     1.03927
    949200     1.07252
    949210     1.05277
    949220     1.09238
    949230     1.06076
    949240     1.06828
    949250     1.04155
    949260     1.01775
    949270     1.04002
    949280      1.0266
    949290      1.0465
    949300     1.04995
    949310     1.06343
    949320     1.01102
    949330     1.05347
    949340     1.06333
    949350     1.05314
    949360     1.07641
    949370      1.0237
    949380     1.02974
    949390     1.04577
    949400     1.04148
    949410      1.0462
    949420     1.08626
    949430      1.0943
    949440      1.0713
    949450     1.03106
    949460     1.02234
    949470     1.05281
    949480     1.04664
    949490     1.07778
    949500     1.05982
    949510     1.03356
    949520     1.03099
    949530     1.01886
    949540     1.02467
    949550     1.01534
    949560     1.01867
    949570     1.04373
    949580     1.04698
    949590      1.0384
    949600     1.03242
    949610     1.01802
    949620     1.04376
    949630     1.01951
    949640     1.03326
    949650     1.02166
    949660     1.03319
    949670      1.0334
    949680     1.00848
    949690      1.0135
    949700     1.02386
    949710     1.00833
    949720     1.01464
    949730     1.02694
    949740     1.04153
    949750     1.08144
    949760      1.0708
    949770     1.07223
    949780     1.03154
    949790     1.05035
    949800     1.06772
    949810     1.09736
    949820      1.0935
    949830     1.07418
    949840     1.07124
    949850      1.0591
    949860     1.11082
    949870     1.05182
    949880     1.05272
    949890     1.09975
    949900     1.06701
    949910     1.06133
    949920     1.07804
    949930     1.06815
    949940     1.08243
    949950     1.06257
    949960     1.04777
    949970     1.05419
    949980     1.04962
    949990     1.09283
    950000     1.05526
    950010     1.08824
    950020     1.09164
    950030     1.09408
    950040     1.06676
    950050     1.06875
    950060     1.07964
    950070     1.03322
    950080     1.06662
    950090      1.0532
    950100     1.07137
    950110     1.07309
    950120     1.07893
    950130     1.07101
    950140     1.08006
    950150     1.07562
    950160     1.06925
    950170     1.03938
    950180     1.03293
    950190     1.07588
    950200     1.10684
    950210     1.06861
    950220     1.11217
    950230     1.11003
    950240     1.06979
    950250     1.10564
    950260     1.10699
    950270     1.11659
    950280      1.0733
    950290     1.04782
    950300     1.08094
    950310     1.07852
    950320     1.09364
    950330        1.06
    950340     1.06495
    950350     1.09496
    950360     1.10539
    950370     1.07359
    950380     1.10203
    950390     1.11232
    950400     1.09472
    950410     1.07654
    950420      1.0896
    950430     1.03654
    950440     1.08965
    950450     1.09031
    950460     1.08209
    950470     1.05466
    950480     1.07123
    950490     1.06713
    950500     1.05111
    950510     1.10402
    950520      1.0505
    950530     1.08951
    950540     1.12176
    950550     1.11722
    950560     1.10427
    950570     1.10664
    950580     1.08586
    950590     1.07432
    950600     1.04835
    950610     1.09917
    950620     1.11539
    950630     1.06599
    950640     1.08585
    950650     1.11791
    950660     1.11076
    950670     1.07805
    950680      1.1479
    950690     1.10742
    950700      1.0734
    950710     1.10384
    950720     1.08812
    950730     1.08893
    950740     1.08505
    950750     1.10888
    950760     1.10941
    950770     1.08752
    950780     1.09761
    950790      1.0563
    950800     1.05336
    950810     1.08744
    950820     1.03129
    950830     1.05658
    950840     1.09651
    950850     1.06785
    950860      1.0719
    950870     1.09345
    950880     1.11008
    950890     1.09465
    950900     1.09384
    950910     1.10409
    950920     1.10765
    950930     1.11111
    950940     1.11584
    950950     1.09943
    950960     1.09267
    950970     1.12325
    950980     1.11111
    950990     1.08936
    951000     1.11409
    951010     1.09522
    951020     1.11098
    951030       1.085
    951040     1.07132
    951050     1.09966
    951060     1.09853
    951070     1.07685
    951080     1.08958
    951090     1.07911
    951100     1.07723
    951110     1.07947
    951120     1.07875
    951130     1.06746
    951140     1.11988
    951150      1.0877
    951160      1.0895
    951170     1.04303
    951180     1.05385
    951190     1.10472
    951200     1.06579
    951210     1.07093
    951220     1.08988
    951230     1.09595
    951240     1.07588
    951250     1.09566
    951260     1.08661
    951270      1.0912
    951280      1.1019
    951290     1.07691
    951300     1.10296
    951310     1.08123
    951320     1.07395
    951330     1.06936
    951340      1.0288
    951350     1.07211
    951360     1.05945
    951370      1.0926
    951380     1.10796
    951390     1.07702
    951400     1.05241
    951410     1.08413
    951420     1.08528
    951430     1.06336
    951440     1.05732
    951450     1.04432
    951460     1.03603
    951470     1.04799
    951480     1.04687
    951490     1.05457
    951500     1.04378
    951510     1.05331
    951520      1.0544
    951530     1.07378
    951540     1.04763
    951550     1.05697
    951560     1.06419
    951570     1.05429
    951580     1.07445
    951590     1.06082
    951600     1.04601
    951610     1.05322
    951620     1.05458
    951630     1.05381
    951640     1.02976
    951650     1.02247
    951660      1.0203
    951670     1.02693
    951680     1.02787
    951690     1.02377
    951700     1.04238
    951710     1.04101
    951720     1.02418
    951730     1.03813
    951740       1.027
    951750     1.03716
    951760     1.03874
    951770     1.02096
    951780     1.03949
    951790     1.00941
    951800     1.03358
    951810      1.0351
    951820     1.03736
    951830     1.03501
    951840     1.02695
    951850     1.01219
    951860     1.04373
    951870      1.0246
    951880    0.999909
    951890     1.00093
    951900     1.02116
    951910     1.03814
    951920     1.04645
    951930    0.996145
    951940     1.03741
    951950     1.05228
    951960     1.04061
    951970     1.06055
    951980     1.07328
    951990     1.06476
    952000     1.05286
    952010      1.0467
    952020     1.03995
    952030     1.03979
    952040     1.05109
    952050     1.05012
    952060      1.0311
    952070      1.0257
    952080     1.00716
    952090     1.03272
    952100     1.04285
    952110     1.05152
    952120     1.04491
    952130     1.04054
    952140     1.00589
    952150     1.05655
    952160     1.07693
    952170     1.04891
    952180     1.03628
    952190     1.04306
    952200     1.02382
    952210     1.04328
    952220    0.998486
    952230     1.06217
    952240     1.03759
    952250     1.04494
    952260     1.05026
    952270     1.01532
    952280      1.0541
    952290     1.03504
    952300      1.0478
    952310     1.03816
    952320     1.00989
    952330     1.00386
    952340     1.04054
    952350     1.03751
    952360     1.00265
    952370     1.06101
    952380     1.06134
    952390     1.05418
    952400     1.06757
    952410     1.02396
    952420     1.04617
    952430     1.02681
    952440     1.04535
    952450     1.05516
    952460     1.05716
    952470     1.02368
    952480      1.0232
    952490     1.03931
    952500     1.04085
    952510     1.05105
    952520     1.05765
    952530     1.04479
    952540     1.04465
    952550     1.04356
    952560     1.04257
    952570     1.06271
    952580    0.997415
    952590     1.02977
    952600     1.03423
    952610     1.05859
    952620      1.0097
    952630     1.03831
    952640     1.01989
    952650     1.02888
    952660     1.00734
    952670     1.02827
    952680     1.01677
    952690     1.04116
    952700     1.01563
    952710       1.023
    952720     1.03353
    952730     1.02796
    952740     1.02141
    952750     1.03059
    952760     1.03212
    952770     1.03613
    952780     1.01664
    952790     1.03042
    952800     1.01367
    952810       1.036
    952820     1.03307
    952830      1.0412
    952840     1.02067
    952850     1.02766
    952860     1.01265
    952870     1.04571
    952880     1.01463
    952890     1.03347
    952900     1.03476
    952910     1.02724
    952920     1.00985
    952930     1.00313
    952940     1.03283
    952950      1.0212
    952960     1.02104
    952970     1.02269
    952980     1.03617
    952990     1.04745
    953000     1.04133
    953010     1.03717
    953020     1.04518
    953030     1.04887
    953040     1.05415
    953050     1.03513
    953060     1.00812
    953070     1.01304
    953080     1.00472
    953090     1.00002
    953100     1.01371
    953110     1.04628
    953120       1.018
    953130     1.03658
    953140     1.02959
    953150     1.02703
    953160     1.04246
    953170     1.00839
    953180     1.03032
    953190     1.05799
    953200     1.03924
    953210     1.02243
    953220      1.0131
    953230     1.01583
    953240     1.01982
    953250    0.998397
    953260     1.02288
    953270      1.0114
    953280     1.03343
    953290     1.02095
    953300     1.03275
    953310     1.04078
    953320     1.02487
    953330     1.05624
    953340     1.02533
    953350     1.04209
    953360     1.06026
    953370     1.01729
    953380     1.04161
    953390    0.992481
    953400     1.01486
    953410     1.01083
    953420     1.03721
    953430     1.02554
    953440     1.01723
    953450    0.991149
    953460      1.0057
    953470    0.982547
    953480     1.03099
    953490     1.02516
    953500     1.02858
    953510     1.01863
    953520      1.0228
    953530     1.02435
    953540     1.02049
    953550     1.01899
    953560     1.02624
    953570     1.01657
    953580     1.02514
    953590     1.02192
    953600     1.03298
    953610     1.01702
    953620     1.01613
    953630    0.989449
    953640     1.01946
    953650     1.00797
    953660     1.02833
    953670     1.01987
    953680     1.03466
    953690     1.05279
    953700     1.02693
    953710     1.00026
    953720     1.00962
    953730     1.02578
    953740      1.0262
    953750     1.01568
    953760     1.00561
    953770     1.00875
    953780     1.02102
    953790     1.01114
    953800     1.00839
    953810     1.02223
    953820     1.02638
    953830     1.01606
    953840     1.01405
    953850     1.01485
    953860     1.03438
    953870     1.02678
    953880      1.0121
    953890     1.01836
    953900     1.02227
    953910      1.0073
    953920      1.0263
    953930     1.03679
    953940     1.01176
    953950    0.984278
    953960     1.02142
    953970     1.04513
    953980     1.04102
    953990     1.00471
    954000     1.04361
    954010     1.02239
    954020      1.0222
    954030     1.01721
    954040     1.02979
    954050     1.03779
    954060     1.04435
    954070     1.02582
    954080     1.02317
    954090     1.04492
    954100      1.0152
    954110     1.03898
    954120     1.04131
    954130     1.02864
    954140     1.04445
    954150     1.01655
    954160     1.02661
    954170     1.02702
    954180     1.00877
    954190     1.00926
    954200     1.01272
    954210     1.00918
    954220     1.02899
    954230     1.03223
    954240     1.02286
    954250     1.01719
    954260     1.02242
    954270     1.01933
    954280      1.0403
    954290     1.02608
    954300     1.00562
    954310     1.01512
    954320     1.00416
    954330     1.03984
    954340     1.01735
    954350     1.01272
    954360     1.02364
    954370     1.01045
    954380     1.03364
    954390     1.02296
    954400      1.0168
    954410     1.01956
    954420     1.02738
    954430     1.01148
    954440     1.01359
    954450      1.0423
    954460      1.0454
    954470     1.03948
    954480     1.01683
    954490      1.0363
    954500     1.04999
    954510     1.03897
    954520     1.03805
    954530      1.0484
    954540     1.05225
    954550     1.03455
    954560     1.03362
    954570     1.00846
    954580    0.998582
    954590     1.01979
    954600     1.02677
    954610     1.04436
    954620     1.02558
    954630     1.05135
    954640     1.10479
    954650     1.10883
    954660      1.0409
    954670     1.05621
    954680     1.04598
    954690     1.05148
    954700     1.04858
    954710     1.03259
    954720     1.03321
    954730     1.07244
    954740     1.05735
    954750     1.05851
    954760     1.03963
    954770     1.05274
    954780     1.03041
    954790     1.01434
    954800     1.02205
    954810     1.03971
    954820     1.04643
    954830     1.03474
    954840     1.04194
    954850       1.036
    954860     1.00005
    954870     1.02142
    954880     1.04992
    954890     1.02326
    954900     1.01117
    954910     1.03225
    954920       1.007
    954930     1.00967
    954940     1.02152
    954950     1.03323
    954960     1.02461
    954970     1.00781
    954980     1.01578
    954990     1.00543
    955000      1.0247
    955010     1.02684
    955020     1.01171
    955030     1.04563
    955040     1.02597
    955050    0.988618
    955060      1.0096
    955070      1.0069
    955080      1.0269
    955090     1.02545
    955100     1.02709
    955110     1.03464
    955120     1.02305
    955130     0.99979
    955140     1.02176
    955150     1.01226
    955160     1.00433
    955170    0.999406
    955180     1.02446
    955190     1.02097
    955200     1.01868
    955210     1.01202
    955220     1.04372
    955230     1.02586
    955240     1.02957
    955250     1.03815
    955260     1.00893
    955270     1.02292
    955280     1.01336
    955290     1.02086
    955300     1.04442
    955310     1.04213
    955320     1.01094
    955330     1.00424
    955340     1.00791
    955350     1.03149
    955360     1.02487
    955370     1.03272
    955380     1.00686
    955390     1.03553
    955400     1.03325
    955410       1.015
    955420     1.03032
    955430      1.0274
    955440     1.02208
    955450     1.03705
    955460     1.03243
    955470     1.04227
    955480     1.00712
    955490     1.00017
    955500     1.01463
    955510     1.04174
    955520    0.999515
    955530     1.01807
    955540    0.992895
    955550    0.999491
    955560     1.03553
    955570     1.01369
    955580     1.02146
    955590     1.02499
    955600     1.01684
    955610     1.01234
    955620     1.02877
    955630     1.00783
    955640     1.02242
    955650     1.03192
    955660     1.00274
    955670    0.992226
    955680    0.997095
    955690      1.0301
    955700     1.02523
    955710    0.994607
    955720     1.01078
    955730     1.03937
    955740     1.04023
    955750    0.989906
    955760     1.01483
    955770    0.979618
    955780     1.01744
    955790     1.02657
    955800     1.02666
    955810     1.04392
    955820     1.03172
    955830     1.04282
    955840     1.02009
    955850    0.991053
    955860    0.998054
    955870     1.04103
    955880     1.02376
    955890     1.03628
    955900     1.02135
    955910     1.04262
    955920     1.01643
    955930     1.01307
    955940    0.995794
    955950     1.02044
    955960     1.01054
    955970     1.01665
    955980    0.996865
    955990     1.00489
    956000    0.993306
    956010     1.00646
    956020     1.00051
    956030      1.0402
    956040    0.996462
    956050     1.01715
    956060     1.02367
    956070     1.00475
    956080     1.02338
    956090     1.03028
    956100     1.03448
    956110     1.02147
    956120       1.003
    956130     1.00989
    956140    0.982367
    956150     1.01922
    956160     1.04476
    956170     1.01489
    956180      1.0366
    956190     1.03333
    956200     1.01544
    956210     1.03069
    956220     1.02844
    956230     1.02326
    956240     1.03585
    956250     1.01184
    956260      1.0394
    956270     1.02477
    956280     1.04677
    956290     1.05614
    956300     1.03759
    956310      1.0307
    956320     1.01238
    956330     1.04877
    956340     1.04935
    956350     1.01506
    956360     1.03653
    956370     1.06643
    956380     1.05998
    956390     1.06354
    956400     1.05002
    956410     1.03443
    956420     1.02694
    956430      1.0071
    956440     1.03706
    956450     1.02421
    956460    0.986194
    956470     1.02695
    956480     1.01455
    956490     1.02048
    956500     1.00447
    956510    0.992796
    956520     1.03113
    956530     1.02116
    956540     1.03138
    956550     1.07031
    956560      1.0592
    956570     1.04437
    956580     1.04022
    956590     1.02859
    956600      1.0376
    956610     1.03658
    956620     1.04209
    956630     1.03469
    956640     1.03647
    956650     1.04584
    956660     1.05853
    956670     1.00648
    956680     1.02336
    956690     1.04769
    956700     1.01263
    956710     1.02293
    956720     1.01587
    956730     1.04327
    956740      1.0673
    956750     1.04205
    956760     1.04358
    956770     1.04226
    956780     1.04638
    956790     1.05214
    956800     1.04744
    956810     1.05338
    956820     1.04935
    956830     1.04714
    956840     1.02347
    956850     1.04747
    956860     1.05443
    956870     1.02842
    956880     1.04554
    956890     1.03038
    956900      1.0302
    956910     1.01176
    956920      1.0504
    956930     1.02117
    956940      1.0036
    956950     1.01855
    956960     1.02453
    956970     1.03216
    956980      1.0111
    956990      1.0412
    957000     1.03151
    957010     1.01726
    957020     1.01458
    957030     1.03603
    957040     1.01849
    957050     1.05318
    957060     1.00767
    957070     1.00471
    957080    0.994856
    957090     1.03255
    957100     1.00109
    957110     1.03591
    957120     1.02082
    957130     1.03689
    957140    0.998106
    957150     1.02989
    957160     1.02793
    957170     1.01071
    957180    0.997464
    957190    0.994507
    957200     1.02527
    957210    0.999797
    957220     1.00502
    957230      1.0108
    957240      1.0041
    957250     1.04608
    957260     1.00403
    957270      1.0162
    957280     1.04714
    957290     1.04941
    957300     1.01823
    957310     1.02197
    957320     1.01859
    957330    0.992545
    957340     1.02663
    957350    0.980369
    957360     1.00547
    957370      1.0239
    957380     1.02857
    957390    0.995968
    957400     1.01874
    957410     1.01573
    957420     1.00475
    957430    0.998314
    957440    0.993596
    957450     1.03907
    957460       1.032
    957470     1.00497
    957480     1.02376
    957490     1.01651
    957500    0.988601
    957510     1.02255
    957520     1.01052
    957530     1.00238
    957540    0.990165
    957550     1.05257
    957560     1.04574
    957570     1.04656
    957580     1.04816
    957590     1.04438
    957600     1.04981
    957610     1.03817
    957620      1.0115
    957630     1.02919
    957640     1.00718
    957650     1.02442
    957660     1.02908
    957670    0.994133
    957680     1.02238
    957690     1.04278
    957700     1.01636
    957710     1.03541
    957720     1.03452
    957730     1.01608
    957740     1.05314
    957750      1.0277
    957760      1.0269
    957770     1.00306
    957780      1.0348
    957790     1.03559
    957800     1.01977
    957810      1.0345
    957820     1.01195
    957830     1.04018
    957840     1.03326
    957850     1.04625
    957860     1.03335
    957870     1.03675
    957880     1.03564
    957890     1.05014
    957900     1.01088
    957910     1.02601
    957920     1.03625
    957930     1.01891
    957940     1.03016
    957950     1.03492
    957960     1.04087
    957970     1.02918
    957980     1.03537
    957990     1.01859
    958000     1.01909
    958010     1.03947
    958020     1.05378
    958030     1.04481
    958040     1.05736
    958050     1.04595
    958060     1.05209
    958070     1.02914
    958080     1.03393
    958090     1.01676
    958100     1.02242
    958110     1.04591
    958120     1.04516
    958130     1.03339
    958140     1.04505
    958150     1.04478
    958160      1.0329
    958170     1.03527
    958180      1.0633
    958190     1.01724
    958200      1.0257
    958210     1.00724
    958220     1.02745
    958230     1.01876
    958240     1.04865
    958250     1.05206
    958260     1.03932
    958270     1.04037
    958280     1.04733
    958290    0.993185
    958300     1.04133
    958310     1.02791
    958320     1.02643
    958330     1.02288
    958340     1.03276
    958350     1.01927
    958360     1.04152
    958370     1.01706
    958380     1.06549
    958390     1.05458
    958400     1.06583
    958410     1.02193
    958420      1.0383
    958430     1.04909
    958440     1.01925
    958450     1.00863
    958460      1.0494
    958470     1.03586
    958480     1.03419
    958490     1.04004
    958500     1.03709
    958510     1.02441
    958520     1.02665
    958530     1.03876
    958540     1.04229
    958550     1.04442
    958560     1.02708
    958570     1.05349
    958580     1.04795
    958590     1.04343
    958600     1.02042
    958610     1.04892
    958620     1.02575
    958630     1.01044
    958640     1.00952
    958650     1.01829
    958660     1.01437
    958670      1.0195
    958680     1.02739
    958690     1.04979
    958700     1.04617
    958710     1.02391
    958720     1.03443
    958730     1.06738
    958740     1.05427
    958750     1.04459
    958760      1.0387
    958770     1.03609
    958780     1.02474
    958790     1.03292
    958800     1.01453
    958810     1.05373
    958820     1.03941
    958830      1.0382
    958840      1.0534
    958850     1.02812
    958860     1.04121
    958870     1.02292
    958880     1.05971
    958890     1.03105
    958900      1.0268
    958910     1.02835
    958920     1.02185
    958930     1.04717
    958940     1.01637
    958950     1.00421
    958960     1.03141
    958970    0.996137
    958980     1.03177
    958990      1.0366
    959000     1.03256
    959010     1.00829
    959020     1.02715
    959030      1.0273
    959040     1.01072
    959050       1.034
    959060     1.03264
    959070     1.00605
    959080     1.01482
    959090     1.02296
    959100     1.02182
    959110     1.00576
    959120     1.01213
    959130     1.02256
    959140     1.02791
    959150     1.01557
    959160     1.00923
    959170      1.0088
    959180     1.02233
    959190      1.0182
    959200     1.01869
    959210     1.01632
    959220     1.04055
    959230     1.00817
    959240      1.0251
    959250     1.01236
    959260     1.02936
    959270     1.03722
    959280     1.04644
    959290     1.03034
    959300     1.01647
    959310     1.02605
    959320     1.04031
    959330     1.02284
    959340     1.02476
    959350     1.03619
    959360      1.0583
    959370     1.04048
    959380     1.02052
    959390     1.04666
    959400     1.05482
    959410        1.04
    959420     1.04712
    959430     1.02584
    959440     1.03782
    959450     1.01967
    959460     1.02356
    959470     1.02714
    959480     1.01566
    959490     1.00242
    959500     1.02365
    959510     1.03734
    959520    0.987839
    959530     1.00572
    959540     1.02066
    959550     1.01896
    959560     1.02121
    959570     1.01792
    959580     1.00599
    959590     1.00053
    959600     1.01117
    959610     1.03135
    959620     1.00646
    959630     1.03505
    959640     1.01653
    959650     1.04409
    959660     1.01004
    959670     1.02249
    959680     1.03045
    959690     1.01837
    959700      1.0377
    959710     1.01764
    959720     1.01856
    959730     1.01232
    959740     1.03494
    959750     1.04701
    959760     1.03312
    959770     1.02406
    959780     1.02333
    959790     1.00984
    959800     1.01075
    959810     1.03928
    959820    0.991504
    959830    0.988041
    959840     1.00532
    959850     1.03308
    959860     1.00545
    959870     1.03286
    959880     1.02632
    959890     1.02886
    959900     1.03215
    959910     1.02336
    959920     1.00792
    959930     1.02834
    959940     1.02301
    959950     1.01087
    959960     1.00115
    959970    0.997544
    959980     1.01379
    959990     1.04207
    960000     1.00976
    960010     1.02995
    960020     1.00337
    960030     1.05221
    960040     1.03357
    960050     1.01896
    960060     1.06901
    960070      1.0024
    960080     1.03138
    960090     1.04378
    960100     1.02325
    960110     1.02798
    960120     1.03307
    960130     1.03035
    960140     1.04361
    960150     1.03555
    960160     1.05204
    960170     1.04281
    960180     1.04711
    960190     1.02107
    960200     1.03733
    960210     1.03632
    960220     1.02441
    960230      1.0376
    960240     1.04194
    960250      1.0155
    960260     1.05534
    960270     1.05921
    960280     1.01839
    960290     1.02589
    960300     1.01232
    960310     1.00837
    960320      1.0041
    960330      1.0342
    960340     1.04567
    960350      1.0328
    960360     1.02476
    960370     1.03087
    960380     1.04773
    960390     1.01672
    960400     1.01864
    960410     1.00927
    960420     1.04108
    960430    0.999414
    960440     1.03255
    960450    0.995524
    960460     1.02837
    960470     1.06032
    960480      1.0162
    960490     1.01967
    960500     1.03086
    960510     1.01511
    960520     1.00981
    960530     1.00945
    960540     1.01233
    960550     1.02134
    960560     1.03405
    960570     1.03547
    960580    0.998763
    960590     1.03307
    960600     1.02698
    960610     1.02162
    960620     1.02362
    960630     1.03363
    960640     1.00559
    960650     1.05537
    960660     1.03053
    960670      1.0369
    960680     1.05081
    960690     1.05169
    960700     1.01689
    960710      1.0565
    960720     1.04265
    960730     1.02353
    960740     1.01078
    960750     1.02677
    960760     1.04201
    960770     1.02384
    960780     1.03477
    960790     1.01924
    960800     1.02542
    960810     1.00758
    960820    0.995075
    960830     1.02369
    960840     1.01414
    960850     1.01157
    960860     1.02303
    960870     1.02589
    960880    0.999395
    960890      1.0396
    960900     1.02375
    960910      1.0116
    960920     1.03393
    960930     1.01016
    960940     1.04158
    960950     1.04389
    960960      1.0421
    960970     1.01986
    960980      1.0358
    960990     1.02504
    961000     1.03103
    961010     1.00939
    961020     1.04828
    961030     1.06048
    961040     1.03009
    961050     1.01656
    961060     1.01898
    961070      1.0172
    961080     1.01724
    961090     1.00316
    961100     1.01331
    961110     1.01793
    961120     1.00062
    961130     1.00527
    961140     1.01006
    961150     1.00505
    961160     1.00954
    961170     1.01464
    961180     1.02751
    961190     1.01749
    961200      1.0128
    961210     1.03092
    961220     1.01713
    961230     1.03272
    961240     0.98146
    961250    0.992491
    961260     1.02231
    961270     1.00146
    961280      1.0188
    961290     1.04537
    961300     1.00701
    961310     1.06351
    961320     1.00108
    961330    0.999047
    961340    0.995396
    961350     1.02629
    961360    0.992528
    961370     0.97526
    961380     0.99359
    961390    0.999516
    961400    0.994228
    961410    0.996348
    961420    0.984866
    961430    0.999657
    961440     1.00527
    961450    0.995508
    961460    0.978444
    961470    0.966848
    961480    0.984475
    961490    0.992068
    961500    0.998655
    961510    0.959437
    961520    0.983073
    961530    0.992851
    961540    0.983373
    961550    0.968969
    961560    0.966692
    961570    0.951857
    961580    0.980268
    961590     0.97593
    961600    0.998934
    961610    0.999199
    961620    0.995728
    961630    0.984017
    961640    0.987594
    961650    0.997614
    961660    0.994193
    961670    0.984254
    961680     1.00603
    961690     1.02476
    961700    0.981224
    961710    0.993683
    961720       1.009
    961730    0.993569
    961740     1.00245
    961750    0.983148
    961760     1.00777
    961770    0.987024
    961780    0.984846
    961790    0.983794
    961800    0.983971
    961810    0.964124
    961820    0.972408
    961830    0.979894
    961840    0.963582
    961850    0.976675
    961860     0.98179
    961870    0.971001
    961880     1.02272
    961890     1.01416
    961900     1.00803
    961910     1.00274
    961920     0.97562
    961930    0.960438
    961940    0.969944
    961950    0.981947
    961960    0.981558
    961970    0.977455
    961980    0.972516
    961990    0.976186
    962000    0.991443
    962010    0.989227
    962020    0.982934
    962030    0.992134
    962040     1.00028
    962050    0.978405
    962060    0.962061
    962070    0.972992
    962080    0.998559
    962090    0.991236
    962100    0.992845
    962110     1.01451
    962120    0.997114
    962130    0.984932
    962140    0.982157
    962150     0.95791
    962160    0.981783
    962170    0.974504
    962180    0.963415
    962190     1.00582
    962200    0.956073
    962210     1.00234
    962220     1.01058
    962230    0.982495
    962240    0.984972
    962250    0.980512
    962260    0.971227
    962270    0.978149
    962280    0.993112
    962290    0.983611
    962300     1.00073
    962310    0.983567
    962320     0.99252
    962330     0.99566
    962340    0.996145
    962350     1.00773
    962360    0.984565
    962370     1.00706
    962380     0.96196
    962390    0.967694
    962400     1.00343
    962410    0.990201
    962420    0.980109
    962430    0.984904
    962440    0.959936
    962450     1.02547
    962460     1.02232
    962470     1.00045
    962480      1.0142
    962490      1.0054
    962500    0.968343
    962510     1.01817
    962520     1.00968
    962530     1.02159
    962540     1.03241
    962550     1.02434
    962560     0.99902
    962570    0.987397
    962580    0.987326
    962590    0.955696
    962600     1.00901
    962610     1.00595
    962620     1.02608
    962630     1.02046
    962640    0.996095
    962650     1.02948
    962660     1.01706
    962670     1.05021
    962680     1.02203
    962690      1.0015
    962700    0.980795
    962710    0.965781
    962720    0.983507
    962730     1.01282
    962740     0.98114
    962750    0.982883
    962760     1.03509
    962770    0.988405
    962780    0.991211
    962790     0.99798
    962800    0.997168
    962810     1.00701
    962820     1.01818
    962830     1.04575
    962840    0.976988
    962850    0.983064
    962860    0.991086
    962870    0.992111
    962880     1.02482
    962890     1.01566
    962900     1.00263
    962910    0.963681
    962920    0.974504
    962930    0.986361
    962940    0.976519
    962950    0.974316
    962960    0.979816
    962970     1.00604
    962980     1.01927
    962990    0.972498
    963000    0.998392
    963010      1.0188
    963020     1.01705
    963030    0.987915
    963040     1.00373
    963050    0.984831
    963060     1.04241
    963070    0.991422
    963080     0.99125
    963090     1.00007
    963100       1.005
    963110    0.991984
    963120    0.990442
    963130      1.0077
    963140    0.995264
    963150     1.01263
    963160     1.01526
    963170     1.00235
    963180     1.03561
    963190     1.01655
    963200     1.02916
    963210     1.01631
    963220      1.0259
    963230     1.02545
    963240     1.00198
    963250    0.987652
    963260    0.996581
    963270     1.01067
    963280     1.01525
    963290    0.997367
    963300     1.00872
    963310     1.01019
    963320     1.00727
    963330     1.01015
    963340      1.0196
    963350     1.00115
    963360     1.01077
    963370      1.0197
    963380     1.00746
    963390      1.0457
    963400     1.03381
    963410     1.01933
    963420    0.997717
    963430     1.05101
    963440     1.00679
    963450    0.997411
    963460     1.02511
    963470     1.01402
    963480     1.02662
    963490     1.00687
    963500     1.02942
    963510     1.01278
    963520     1.02757
    963530     1.03949
    963540     1.04455
    963550     1.01191
    963560     1.02449
    963570     1.03558
    963580     1.03143
    963590     1.02505
    963600     1.01636
    963610    0.997832
    963620     1.01917
    963630     1.04801
    963640     1.03703
    963650      1.0181
    963660     1.03988
    963670     1.02302
    963680     1.02114
    963690      1.0191
    963700     1.02722
    963710     1.01859
    963720     1.00462
    963730      1.0187
    963740     1.02307
    963750     1.03717
    963760    0.994173
    963770     1.01778
    963780     1.00578
    963790     1.00123
    963800     0.99965
    963810    0.992415
    963820     1.02122
    963830     1.02836
    963840     1.03924
    963850      1.0353
    963860    0.997452
    963870     1.01785
    963880     1.01886
    963890     1.00762
    963900     1.02579
    963910      1.0085
    963920     1.01809
    963930      1.0317
    963940      1.0312
    963950     1.06108
    963960     1.00381
    963970     1.01655
    963980     1.04777
    963990     1.02963
    964000    0.999723
    964010     1.03841
    964020     1.02787
    964030     1.03801
    964040     1.04514
    964050      1.0197
    964060     1.01566
    964070      1.0015
    964080     1.02721
    964090     1.01678
    964100    0.999556
    964110     1.05021
    964120    0.997347
    964130     1.01306
    964140     1.02917
    964150     1.03807
    964160     1.00984
    964170     1.00368
    964180      1.0032
    964190     1.02758
    964200     1.01821
    964210     1.00414
    964220    0.981625
    964230     1.00335
    964240    0.993598
    964250    0.999178
    964260    0.987503
    964270    0.977421
    964280    0.973547
    964290    0.985966
    964300    0.988372
    964310    0.994462
    964320     1.03081
    964330      1.0212
    964340     1.05519
    964350     1.04865
    964360     1.03632
    964370    0.991199
    964380     1.01894
    964390     1.01547
    964400     1.00073
    964410     1.03383
    964420     1.02974
    964430     1.01599
    964440     1.01626
    964450     1.00697
    964460    0.997059
    964470     1.01036
    964480     1.02771
    964490     1.00994
    964500     1.02514
    964510     1.02612
    964520     1.01537
    964530     1.00085
    964540     1.02156
    964550     1.02695
    964560     1.02044
    964570     1.03424
    964580      1.0189
    964590     1.02914
    964600     1.02468
    964610     1.04084
    964620     1.03331
    964630     1.05608
    964640     1.03424
    964650     1.03469
    964660     1.06189
    964670     1.02781
    964680     1.02839
    964690     1.00836
    964700     1.04843
    964710     1.04206
    964720     1.03238
    964730     1.02961
    964740     1.03958
    964750     1.03452
    964760     1.04948
    964770     1.03638
    964780      1.0231
    964790     1.03805
    964800     1.00506
    964810     1.03705
    964820      1.0338
    964830     1.00137
    964840     1.00007
    964850     1.00995
    964860    0.986532
    964870     1.01555
    964880     1.01642
    964890     1.00595
    964900    0.984735
    964910     1.02463
    964920     1.02535
    964930     1.03687
    964940     1.02533
    964950     1.04843
    964960     1.00942
    964970     1.03282
    964980     1.02124
    964990     1.01386
    965000      1.0036
    965010     1.00159
    965020     1.00353
    965030     1.01283
    965040     1.00934
    965050     1.01595
    965060     1.03532
    965070     1.02883
    965080     1.01197
    965090     1.01315
    965100     1.02251
    965110     1.00579
    965120    0.993734
    965130     1.00695
    965140    0.991907
    965150     1.00164
    965160     1.01764
    965170     1.01265
    965180    0.984533
    965190     1.00675
    965200     1.01085
    965210     1.02052
    965220    0.997328
    965230     1.02276
    965240     1.01275
    965250     0.99226
    965260     1.02756
    965270    0.994349
    965280    0.998127
    965290     1.00969
    965300     1.01534
    965310      1.0087
    965320     1.00088
    965330    0.997932
    965340     1.00435
    965350     1.01369
    965360     1.00283
    965370     1.01722
    965380     1.02829
    965390     1.03238
    965400      1.0137
    965410     1.01998
    965420     1.00417
    965430     1.01887
    965440     1.01017
    965450     1.02085
    965460      1.0163
    965470     1.03933
    965480    0.982035
    965490    0.983956
    965500    0.974574
    965510    0.982615
    965520     1.00272
    965530     1.02781
    965540     1.00817
    965550     1.02035
    965560     1.00014
    965570     1.01219
    965580     1.00282
    965590    0.999289
    965600     1.02372
    965610    0.999299
    965620     1.00069
    965630      1.0132
    965640    0.998299
    965650     1.01347
    965660     1.02325
    965670     1.00317
    965680     1.00426
    965690     1.01787
    965700     1.02263
    965710     1.02799
    965720     1.04305
    965730     1.00891
    965740     1.02917
    965750     1.02905
    965760    0.999638
    965770    0.994572
    965780     1.00611
    965790     1.03926
    965800     1.03021
    965810     1.04425
    965820     1.03814
    965830     1.02404
    965840     1.01968
    965850      1.0139
    965860     1.02187
    965870     1.02982
    965880     1.02725
    965890      1.0224
    965900     1.03207
    965910     1.04484
    965920     1.01532
    965930     1.04395
    965940     1.02515
    965950     1.02911
    965960     1.01534
    965970     1.04707
    965980     1.02101
    965990    0.989838
    966000     1.00303
    966010     1.01601
    966020     1.01173
    966030     1.02839
    966040     1.01265
    966050     1.01051
    966060     1.02416
    966070     1.02417
    966080     1.02111
    966090      1.0337
    966100     1.01094
    966110     1.03329
    966120     1.03981
    966130     1.01461
    966140       1.023
    966150     1.01165
    966160      1.0465
    966170     1.02207
    966180     1.03501
    966190     1.04484
    966200     1.03155
    966210     1.03199
    966220      1.0171
    966230     1.03713
    966240     1.01918
    966250     1.01789
    966260     1.02104
    966270     1.01968
    966280     1.01045
    966290     1.00135
    966300     1.03874
    966310     1.03988
    966320      1.0307
    966330     1.01948
    966340     1.02306
    966350     1.04736
    966360     1.02352
    966370     1.01119
    966380     1.05635
    966390     1.03448
    966400      1.0396
    966410     1.03701
    966420     1.01614
    966430     1.00059
    966440     1.02311
    966450    0.997831
    966460     1.01935
    966470     1.00945
    966480    0.994499
    966490     1.01625
    966500     1.02284
    966510     1.02622
    966520     1.02292
    966530      1.0124
    966540      1.0316
    966550     1.05353
    966560     1.02661
    966570     1.01793
    966580     1.02569
    966590     1.03774
    966600      1.0412
    966610     1.03618
    966620     1.02927
    966630     1.02905
    966640     1.06133
    966650     1.04777
    966660     1.04939
    966670    0.998624
    966680       1.004
    966690     1.04022
    966700     1.03521
    966710     1.03764
    966720      1.0377
    966730     1.03715
    966740     1.04417
    966750     1.03184
    966760      1.0669
    966770     1.05802
    966780     1.03924
    966790      1.0468
    966800     1.01656
    966810     1.02101
    966820     1.04247
    966830     1.05299
    966840     1.05664
    966850     1.05497
    966860     1.03755
    966870     1.03716
    966880      1.0529
    966890     1.06174
    966900     1.03947
    966910     1.01168
    966920     1.02882
    966930     1.02539
    966940     1.03228
    966950     1.05635
    966960     1.03793
    966970     1.02749
    966980      1.0512
    966990     1.04289
    967000     1.01143
    967010     1.01449
    967020     1.03668
    967030     1.02676
    967040     1.04391
    967050     1.03773
    967060     1.04042
    967070     1.05442
    967080     1.02259
    967090     1.02013
    967100      1.0351
    967110     1.05142
    967120     1.04529
    967130     1.03339
    967140     1.01805
    967150     1.03588
    967160      1.0361
    967170     1.04806
    967180      1.0308
    967190     1.03364
    967200     1.04571
    967210     1.05295
    967220     1.05229
    967230     1.03401
    967240     1.06228
    967250     1.04562
    967260     1.05669
    967270     1.05501
    967280     1.04812
    967290     1.04823
    967300     1.01771
    967310     1.02572
    967320     1.05005
    967330     1.02007
    967340     1.05511
    967350     1.02896
    967360     1.06014
    967370      1.0271
    967380     1.03113
    967390     1.04344
    967400     1.04485
    967410     1.04998
    967420     1.05739
    967430     1.02143
    967440     1.04885
    967450     1.06741
    967460    0.996454
    967470      1.0399
    967480     1.05823
    967490     1.05651
    967500     1.04536
    967510     1.07216
    967520     1.04266
    967530     1.04999
    967540     1.05911
    967550      1.0662
    967560     1.04423
    967570     1.05996
    967580     1.07094
    967590     1.05804
    967600     1.06078
    967610     1.03929
    967620     1.04988
    967630     1.05279
    967640     1.05185
    967650     1.04272
    967660     1.05731
    967670     1.05181
    967680     1.05839
    967690     1.02912
    967700      1.0463
    967710     1.05799
    967720     1.03996
    967730     1.04397
    967740     1.05598
    967750     1.06453
    967760     1.00805
    967770      1.0191
    967780     1.04548
    967790     1.05729
    967800      1.0298
    967810     1.05698
    967820     1.02126
    967830     1.05545
    967840     1.04198
    967850     1.01007
    967860     1.04314
    967870      1.0522
    967880     1.05935
    967890     1.03425
    967900     1.02333
    967910     1.02737
    967920     1.01465
    967930     1.00513
    967940     1.03318
    967950     1.02739
    967960    0.998882
    967970     1.01112
    967980     1.02529
    967990      1.0532
    968000     1.00424
    968010     1.01547
    968020     1.00011
    968030    0.997928
    968040     1.03565
    968050     1.03916
    968060     1.01818
    968070    0.996414
    968080     1.01533
    968090     1.03507
    968100    0.985776
    968110     1.01852
    968120     1.02513
    968130     1.03667
    968140     1.02963
    968150      1.0226
    968160     1.03248
    968170     1.04344
    968180      1.0188
    968190     1.01531
    968200     1.02413
    968210     1.00985
    968220    0.999581
    968230      1.0341
    968240     1.05125
    968250      1.0176
    968260     1.05109
    968270      1.0193
    968280     1.02155
    968290     1.02917
    968300     1.01305
    968310     1.02127
    968320     1.03773
    968330     1.07292
    968340     1.02277
    968350     1.05886
    968360     1.02235
    968370    0.996329
    968380     1.02429
    968390     1.02969
    968400     1.04098
    968410     1.00742
    968420     1.02146
    968430     1.04031
    968440     1.02663
    968450     1.03751
    968460     1.04114
    968470      1.0469
    968480     1.02869
    968490     1.04081
    968500     1.04755
    968510     1.05742
    968520     1.03177
    968530     1.04568
    968540     1.00107
    968550     1.05522
    968560     1.05212
    968570     1.05458
    968580     1.02392
    968590     1.03573
    968600     1.03642
    968610     1.05679
    968620     1.05037
    968630     1.02951
    968640     1.05057
    968650     1.03516
    968660     1.03394
    968670      1.0058
    968680     1.01732
    968690     1.02865
    968700     1.03386
    968710     1.01825
    968720     1.03252
    968730     1.03655
    968740     1.04597
    968750     1.05555
    968760     1.04792
    968770      1.0362
    968780     1.04052
    968790     1.02057
    968800     1.03206
    968810      1.0254
    968820      1.0264
    968830     1.02788
    968840     1.02341
    968850     1.03315
    968860     1.04218
    968870     1.02891
    968880     1.01927
    968890     1.05441
    968900     1.05781
    968910     1.04368
    968920      1.0536
    968930     1.01988
    968940     1.03689
    968950     1.04269
    968960    0.981662
    968970     1.04335
    968980     1.03199
    968990     1.03287
    969000     1.03536
    969010     1.02811
    969020     1.00064
    969030      1.0384
    969040     1.00553
    969050     1.02028
    969060     1.04443
    969070     1.01461
    969080     1.05832
    969090     1.01952
    969100     1.06011
    969110     1.01657
    969120     1.03558
    969130     1.02506
    969140     1.02178
    969150     1.05589
    969160     1.03112
    969170     1.01961
    969180     1.01403
    969190     1.02821
    969200     1.04264
    969210     1.00601
    969220      1.0468
    969230     1.02839
    969240      1.0199
    969250     1.00426
    969260     1.03603
    969270     1.03236
    969280     1.03241
    969290     1.03718
    969300     1.02948
    969310     1.00892
    969320     1.03068
    969330     1.02248
    969340     1.02734
    969350     1.03925
    969360     1.01727
    969370     1.02524
    969380     1.02161
    969390     1.06565
    969400     1.02453
    969410     1.04088
    969420     1.02275
    969430       1.024
    969440     1.00553
    969450     1.01048
    969460     1.02866
    969470     1.03085
    969480     1.01791
    969490     1.04865
    969500      1.0335
    969510     1.04225
    969520     1.02828
    969530     1.01746
    969540     1.01243
    969550     1.03719
    969560     1.05343
    969570     1.04779
    969580     1.02842
    969590     1.04984
    969600     1.05183
    969610      1.0602
    969620     1.04977
    969630     1.07246
    969640     1.04798
    969650     1.04082
    969660      1.0371
    969670     1.04574
    969680     1.05274
    969690     1.02779
    969700     1.03527
    969710     1.04744
    969720     1.05011
    969730      1.0636
    969740     1.05798
    969750     1.07869
    969760      1.0529
    969770     1.05171
    969780     1.03239
    969790     1.06229
    969800     1.03513
    969810     1.03674
    969820     1.07805
    969830     1.05539
    969840      1.0438
    969850     1.03735
    969860     1.05001
    969870     1.03103
    969880     1.04417
    969890     1.02774
    969900     1.05105
    969910      1.0507
    969920     1.04234
    969930      1.0252
    969940     1.04022
    969950     1.04629
    969960     1.02451
    969970     1.01401
    969980     1.01398
    969990     1.04246
    970000      1.0427
    970010     1.04004
    970020      1.0225
    970030     1.03603
    970040     1.03031
    970050     1.04619
    970060     1.04439
    970070     1.04539
    970080     1.03055
    970090      1.0552
    970100     1.03913
    970110     1.02942
    970120     1.01709
    970130     1.01877
    970140     1.04366
    970150     1.03283
    970160     1.02275
    970170     1.02168
    970180      1.0032
    970190     1.01067
    970200      1.0524
    970210     1.04465
    970220     1.03005
    970230     1.00361
    970240    0.996131
    970250     1.00425
    970260     1.02274
    970270     1.00053
    970280     1.01201
    970290     1.01657
    970300     1.03824
    970310     1.02373
    970320    0.983527
    970330    0.997948
    970340     0.98143
    970350     1.01293
    970360     1.01798
    970370    0.980352
    970380     1.01214
    970390    0.998824
    970400     1.00895
    970410     1.02402
    970420     1.01869
    970430     1.00545
    970440    0.988307
    970450    0.977964
    970460    0.972508
    970470    0.998155
    970480    0.977064
    970490    0.967793
    970500    0.976402
    970510    0.993334
    970520     0.97179
    970530    0.969999
    970540    0.969766
    970550    0.980722
    970560    0.973164
    970570    0.980989
    970580    0.985995
    970590     1.00284
    970600    0.989229
    970610    0.987675
    970620    0.981502
    970630      1.0042
    970640    0.995021
    970650    0.966902
    970660     0.94815
    970670    0.993105
    970680    0.994146
    970690    0.991375
    970700     0.98854
    970710      1.0051
    970720    0.993274
    970730    0.991332
    970740    0.978544
    970750    0.990987
    970760     1.00064
    970770    0.987237
    970780    0.978876
    970790     1.01421
    970800     1.01623
    970810    0.980634
    970820    0.960125
    970830     1.02164
    970840    0.984753
    970850    0.985574
    970860     0.98096
    970870    0.983595
    970880    0.994247
    970890     1.01747
    970900     0.99673
    970910    0.998996
    970920    0.997314
    970930     1.01101
    970940     1.03978
    970950     1.03043
    970960     1.01657
    970970     1.02046
    970980    0.982813
    970990    0.964793
    971000    0.935374
    971010    0.957772
    971020    0.967624
    971030    0.987963
    971040     0.93232
    971050    0.990478
    971060      0.9454
    971070    0.951245
    971080    0.950522
    971090     0.96591
    971100    0.941354
    971110     1.01192
    971120     1.02465
    971130     1.00344
    971140     1.02715
    971150     1.02778
    971160      1.0534
    971170     1.02678
    971180     1.03415
    971190     1.03353
    971200     1.01003
    971210    0.986035
    971220    0.996008
    971230    0.996405
    971240    0.994572
    971250    0.999719
    971260     1.02881
    971270     1.01477
    971280    0.986004
    971290    0.995557
    971300     1.02859
    971310     1.00513
    971320     1.03649
    971330     1.00831
    971340     1.00595
    971350     1.03759
    971360    0.968731
    971370     1.01702
    971380     1.05771
    971390     1.04059
    971400     1.02479
    971410     1.02833
    971420     1.01679
    971430     1.03105
    971440     1.05165
    971450    0.996124
    971460    0.979835
    971470    0.960139
    971480       1.012
    971490     1.01791
    971500     1.02878
    971510     1.02881
    971520     1.01471
    971530    0.998272
    971540     0.99027
    971550     1.00677
    971560     1.02391
    971570     1.03202
    971580     1.02075
    971590    0.982033
    971600    0.983851
    971610    0.965876
    971620    0.987611
    971630    0.996357
    971640    0.976017
    971650    0.987347
    971660    0.981399
    971670      1.0076
    971680    0.987094
    971690     1.00408
    971700     1.01093
    971710    0.981674
    971720     1.01544
    971730     1.02125
    971740     1.02173
    971750    0.999488
    971760     1.01097
    971770     1.02252
    971780     1.01617
    971790    0.998628
    971800    0.962587
    971810     1.00369
    971820    0.991099
    971830     1.01309
    971840    0.988508
    971850    0.994728
    971860    0.987738
    971870     1.00246
    971880       1.005
    971890    0.987775
    971900     1.00478
    971910     0.98099
    971920     1.00325
    971930    0.981608
    971940     1.01339
    971950     1.01837
    971960    0.993439
    971970     1.00396
    971980      1.0098
    971990     1.01075
    972000    0.979875
    972010    0.966256
    972020    0.976745
    972030     1.00253
    972040     1.00284
    972050    0.999844
    972060    0.995206
    972070    0.965253
    972080    0.988665
    972090    0.984347
    972100     1.00393
    972110    0.981629
    972120     1.02146
    972130     1.00353
    972140    0.996028
    972150    0.995643
    972160    0.995032
    972170     1.00694
    972180      1.0027
    972190     1.01108
    972200    0.982996
    972210    0.992724
    972220    0.953041
    972230    0.950149
    972240    0.946985
    972250    0.944233
    972260    0.942132
    972270    0.946076
    972280    0.931106
    972290    0.953153
    972300    0.970767
    972310    0.987849
    972320    0.989542
    972330    0.978622
    972340    0.966628
    972350    0.989893
    972360    0.983871
    972370    0.994125
    972380     0.99171
    972390    0.980865
    972400    0.981792
    972410    0.999973
    972420    0.986341
    972430    0.980909
    972440     1.02128
    972450       1.002
    972460      1.0341
    972470    0.984263
    972480     1.01838
    972490     1.05143
    972500     1.02107
    972510      1.0212
    972520     1.04532
    972530     1.02158
    972540     1.03252
    972550     1.01044
    972560     1.01457
    972570     1.03876
    972580     1.06066
    972590     1.06344
    972600     1.03954
    972610     1.03128
    972620     1.03634
    972630     1.05156
    972640     1.03321
    972650      1.0486
    972660     1.05261
    972670     1.03743
    972680     1.02544
    972690     1.01339
    972700     1.02663
    972710     1.02617
    972720     1.03151
    972730     1.02229
    972740    0.995174
    972750     1.04058
    972760     1.04341
    972770     1.05537
    972780      1.0173
    972790     1.01692
    972800     1.05019
    972810     1.03402
    972820     1.01548
    972830     1.03176
    972840     1.04251
    972850     1.02493
    972860     1.00701
    972870     1.02979
    972880     1.03124
    972890     1.02198
    972900     1.01006
    972910      1.0198
    972920     1.01265
    972930     1.01728
    972940      1.0039
    972950     1.02879
    972960     1.03987
    972970     1.00339
    972980      1.0217
    972990     1.01843
    973000     1.03505
    973010     1.01137
    973020    0.999272
    973030     1.02249
    973040     1.05218
    973050     1.01883
    973060     1.03205
    973070      1.0375
    973080      1.0254
    973090     1.02634
    973100     1.01596
    973110     1.00964
    973120     1.01789
    973130     1.00644
    973140     1.03544
    973150     1.00295
    973160     1.02634
    973170     1.05618
    973180     1.02195
    973190    0.983046
    973200      1.0109
    973210     1.02775
    973220     1.03646
    973230     1.04546
    973240     1.02499
    973250     1.03118
    973260     1.00191
    973270     1.04008
    973280     1.01903
    973290     1.03464
    973300     1.01906
    973310     1.03113
    973320     1.03717
    973330     1.03922
    973340     1.01996
    973350     1.03895
    973360     1.00703
    973370     1.02035
    973380     1.04049
    973390     1.03161
    973400     1.03534
    973410     1.02723
    973420     1.03321
    973430     1.04161
    973440     1.02419
    973450     1.00331
    973460     1.03478
    973470     1.03152
    973480     1.02908
    973490     1.02242
    973500     1.04315
    973510     1.04768
    973520     1.05178
    973530     1.04722
    973540     1.03998
    973550     1.03409
    973560     1.02781
    973570     1.03944
    973580      1.0193
    973590     1.03347
    973600     1.04671
    973610     1.01996
    973620     1.05191
    973630     1.06125
    973640     1.05214
    973650     1.05214
    973660     1.04864
    973670     1.02627
    973680      1.0718
    973690     1.08907
    973700     1.05319
    973710     1.01132
    973720     1.02635
    973730     1.04102
    973740     1.04423
    973750     1.02885
    973760     1.03007
    973770     1.03008
    973780     1.05594
    973790      1.0434
    973800     1.01586
    973810     1.02102
    973820     1.01182
    973830     1.04236
    973840     1.03276
    973850      1.0183
    973860     1.02219
    973870     1.03408
    973880      1.0381
    973890     1.02188
    973900     1.01956
    973910     1.01983
    973920     1.05246
    973930     1.04403
    973940     1.02462
    973950     1.03283
    973960     1.02881
    973970     1.01674
    973980     1.00444
    973990     1.01728
    974000     1.00551
    974010     1.00519
    974020       1.032
    974030      1.0182
    974040     1.03607
    974050     1.01298
    974060     1.02307
    974070     1.04029
    974080     1.02024
    974090     1.05998
    974100     1.02787
    974110     1.03367
    974120     1.02388
    974130     1.01955
    974140     1.04742
    974150     1.01219
    974160     1.03848
    974170     1.01829
    974180     1.04003
    974190     1.03058
    974200     1.00283
    974210      1.0418
    974220     1.04847
    974230     1.03435
    974240     1.04054
    974250     1.02568
    974260     1.02996
    974270     1.00288
    974280     1.01577
    974290     1.03082
    974300     1.01975
    974310     1.00861
    974320     1.03218
    974330      1.0254
    974340     1.02718
    974350     1.05157
    974360     1.03456
    974370     1.05908
    974380     1.02414
    974390     1.04139
    974400     1.04241
    974410     1.04561
    974420     1.05497
    974430    0.981692
    974440     1.00454
    974450      1.0483
    974460     1.04621
    974470     1.07435
    974480     1.05861
    974490     1.03281
    974500     1.01747
    974510     1.05672
    974520     1.03975
    974530     1.04576
    974540     1.04379
    974550     1.03539
    974560      1.0392
    974570     1.03174
    974580     1.03275
    974590     1.06013
    974600     1.03388
    974610     1.01067
    974620     1.04436
    974630     1.01179
    974640     1.04953
    974650      1.0341
    974660     1.03422
    974670      1.0299
    974680      1.0105
    974690       1.051
    974700     1.05221
    974710     1.03736
    974720     1.06369
    974730     1.01117
    974740     1.01666
    974750     1.03727
    974760      1.0303
    974770     1.03317
    974780     1.03741
    974790      1.0413
    974800     1.05408
    974810     1.03207
    974820     1.01378
    974830     1.05881
    974840     1.05073
    974850     1.07474
    974860     1.06384
    974870     1.05337
    974880     1.06415
    974890     1.08363
    974900     1.06381
    974910     1.05705
    974920     1.05724
    974930      1.0566
    974940     1.07305
    974950     1.05429
    974960     1.07928
    974970     1.04175
    974980     1.05218
    974990     1.03433
    975000     1.06046
    975010     1.05088
    975020     1.05003
    975030     1.05186
    975040     1.06053
    975050     1.07095
    975060     1.06109
    975070     1.04013
    975080     1.04971
    975090     1.04582
    975100     1.06918
    975110     1.07626
    975120     1.03396
    975130      1.0355
    975140     1.08093
    975150     1.03606
    975160     1.05729
    975170     1.08762
    975180     1.06068
    975190     1.03581
    975200     1.05099
    975210     1.09542
    975220     1.06202
    975230     1.02613
    975240     1.07558
    975250     1.06535
    975260     1.08255
    975270     1.06374
    975280     1.03168
    975290     1.03638
    975300     1.07767
    975310     1.04387
    975320      1.0075
    975330      1.0448
    975340     1.05977
    975350     1.03194
    975360     1.03417
    975370     1.03688
    975380     1.04532
    975390     1.02789
    975400     1.04327
    975410     1.02212
    975420     1.03403
    975430     1.02865
    975440     1.04038
    975450     1.06511
    975460      1.0379
    975470     1.06674
    975480     1.03577
    975490     1.05568
    975500     1.03099
    975510    0.998492
    975520    0.999857
    975530     1.02072
    975540    0.983053
    975550    0.941847
    975560    0.979597
    975570      0.9998
    975580    0.996949
    975590     1.01918
    975600    0.997191
    975610     1.00884
    975620     1.01216
    975630     0.97822
    975640     1.00963
    975650      1.0084
    975660     1.02017
    975670    0.994595
    975680    0.992691
    975690      1.0106
    975700    0.991628
    975710     1.03517
    975720     1.02442
    975730     1.03767
    975740     1.03633
    975750     1.03047
    975760     1.03676
    975770     1.00577
    975780     1.02207
    975790     1.04452
    975800       1.044
    975810        1.03
    975820     1.01038
    975830     1.03277
    975840     1.02007
    975850     1.03034
    975860     1.05524
    975870     1.02744
    975880     1.03285
    975890      1.0413
    975900     1.05331
    975910     1.04283
    975920     1.04177
    975930      1.0062
    975940     1.00325
    975950    0.983422
    975960       1.027
    975970     1.02578
    975980      1.0111
    975990      1.0243
    976000    0.999532
    976010     1.00094
    976020     1.01149
    976030     1.02083
    976040     1.02063
    976050     1.02177
    976060     1.00457
    976070      1.0176
    976080     1.03547
    976090     1.00454
    976100     1.02356
    976110     1.02629
    976120      1.0259
    976130      1.0083
    976140     1.00188
    976150     1.00746
    976160     1.01598
    976170     1.01275
    976180      1.0182
    976190     1.01403
    976200       1.023
    976210     1.03945
    976220     1.02811
    976230      1.0607
    976240     1.06096
    976250     1.06417
    976260     1.05899
    976270     1.08595
    976280     1.06558
    976290     1.06665
    976300     1.06922
    976310     1.02968
    976320     1.05124
    976330     1.10499
    976340     1.08432
    976350     1.09438
    976360     1.08325
    976370     1.05256
    976380      1.0441
    976390     1.04355
    976400     1.05254
    976410     1.04168
    976420     1.05672
    976430     1.05825
    976440     1.08515
    976450     1.06233
    976460     1.03866
    976470     1.07159
    976480     1.06491
    976490     1.06296
    976500     1.09526
    976510     1.09091
    976520     1.07565
    976530     1.09516
    976540     1.04498
    976550      1.0957
    976560     1.07605
    976570     1.02449
    976580     1.07219
    976590     1.04969
    976600     1.04099
    976610     1.04763
    976620     1.03282
    976630     1.06722
    976640     1.10404
    976650     1.10947
    976660     1.11038
    976670     1.09794
    976680     1.10611
    976690     1.01856
    976700    0.971452
    976710    0.978887
    976720     1.00832
    976730     0.97905
    976740     1.00859
    976750     1.02218
    976760      1.0174
    976770     1.01243
    976780     1.00875
    976790     1.03589
    976800     1.00319
    976810    0.996162
    976820    0.994644
    976830    0.950731
    976840    0.947949
    976850     0.93333
    976860    0.948703
    976870     0.92649
    976880    0.982647
    976890    0.979609
    976900    0.976923
    976910     1.03882
    976920      1.0242
    976930     1.01442
    976940    0.992559
    976950     1.02412
    976960      1.0133
    976970     1.02585
    976980     1.02219
    976990     1.00749
    977000     1.01342
    977010      1.0277
    977020     1.01317
    977030     1.00499
    977040     1.04636
    977050     1.05843
    977060     1.03046
    977070     1.06669
    977080     1.04032
    977090     1.01428
    977100     1.02524
    977110     1.04896
    977120     1.04837
    977130     1.05125
    977140     1.03913
    977150     1.02685
    977160     1.03462
    977170     1.03308
    977180     1.02645
    977190     1.01377
    977200     1.06471
    977210     1.03577
    977220     1.03858
    977230     1.03819
    977240     1.03321
    977250     1.03054
    977260     1.02012
    977270     1.03363
    977280     1.00965
    977290     1.02389
    977300     1.04237
    977310     1.04116
    977320     1.02956
    977330     1.01469
    977340     1.05434
    977350     1.03432
    977360     1.01416
    977370     1.04456
    977380     1.03842
    977390     1.04064
    977400     1.05308
    977410     1.03895
    977420     1.02845
    977430     1.02306
    977440      1.0332
    977450     1.02034
    977460     1.04927
    977470     1.01108
    977480     1.02089
    977490     1.01273
    977500      1.0079
    977510     1.00733
    977520     1.01593
    977530     1.01869
    977540      1.0421
    977550      1.0497
    977560     1.06065
    977570     1.03571
    977580     1.02921
    977590     1.04075
    977600     1.02775
    977610     1.03186
    977620      1.0072
    977630     1.02913
    977640     1.02416
    977650    0.982408
    977660     1.01935
    977670     1.01396
    977680     1.02108
    977690    0.996538
    977700    0.967491
    977710    0.966952
    977720    0.993219
    977730     1.01036
    977740    0.989912
    977750     1.02251
    977760     1.02427
    977770     1.02149
    977780     1.01363
    977790     1.02245
    977800    0.988656
    977810     1.01835
    977820     1.01446
    977830     1.01757
    977840     1.02275
    977850      1.0047
    977860     1.02409
    977870     1.01102
    977880     1.01812
    977890     1.01492
    977900     1.00235
    977910     1.00567
    977920    0.987002
    977930    0.997807
    977940     1.01356
    977950     1.02064
    977960      1.0299
    977970    0.999466
    977980    0.954662
    977990    0.985586
    978000    0.978982
    978010     1.00446
    978020     1.01085
    978030     1.00628
    978040    0.983471
    978050    0.987908
    978060    0.989978
    978070      1.0039
    978080     1.02478
    978090     1.01997
    978100    0.958894
    978110     1.01372
    978120     1.02418
    978130    0.994095
    978140    0.993436
    978150     1.00453
    978160    0.974794
    978170    0.994393
    978180     1.02189
    978190     0.99462
    978200     1.03259
    978210      1.0209
    978220     1.01937
    978230     1.02363
    978240      1.0174
    978250     1.00231
    978260     1.02609
    978270    0.983749
    978280    0.982762
    978290    0.983082
    978300    0.998638
    978310    0.996268
    978320     1.00271
    978330     1.02977
    978340     1.00244
    978350     1.00445
    978360    0.985168
    978370     1.01781
    978380     1.03899
    978390     1.01613
    978400     1.02764
    978410     1.04435
    978420    0.980623
    978430     1.00627
    978440      1.0349
    978450      1.0198
    978460     1.02855
    978470    0.937745
    978480    0.957377
    978490    0.972436
    978500    0.982662
    978510    0.970992
    978520    0.934748
    978530     0.94392
    978540    0.959159
    978550    0.967231
    978560    0.938158
    978570    0.972386
    978580    0.903433
    978590    0.943587
    978600    0.969504
    978610     1.01321
    978620    0.998212
    978630    0.993823
    978640      0.9973
    978650    0.979468
    978660    0.991299
    978670    0.982186
    978680       1.007
    978690     1.03448
    978700     1.00358
    978710     1.03123
    978720     1.02056
    978730     1.04519
    978740     1.06602
    978750     1.05065
    978760     1.02077
    978770    0.952831
    978780    0.980447
    978790    0.998621
    978800     1.00723
    978810     1.00287
    978820    0.990375
    978830    0.985812
    978840     1.00438
    978850     1.01885
    978860     1.02564
    978870     1.00093
    978880     1.00619
    978890     0.99292
    978900     1.01787
    978910     1.02873
    978920     1.01993
    978930     1.01124
    978940     1.01945
    978950     1.00345
    978960     1.01889
    978970    0.989646
    978980    0.982394
    978990     1.00455
    979000     1.01824
    979010    0.991741
    979020     1.02092
    979030     1.01353
    979040     1.04519
    979050     1.03143
    979060    0.979157
    979070     1.01677
    979080     1.00107
    979090     1.02174
    979100     1.03837
    979110     1.02504
    979120     1.02178
    979130     1.03913
    979140     1.00391
    979150     1.04958
    979160     1.01942
    979170     1.00422
    979180    0.975997
    979190    0.997615
    979200     1.07275
    979210     1.00388
    979220     1.03031
    979230     0.99977
    979240    0.963061
    979250    0.995966
    979260    0.981763
    979270     1.01402
    979280     1.01638
    979290     1.03461
    979300    0.993023
    979310     1.03216
    979320     1.04682
    979330     1.02927
    979340     1.06718
    979350      1.0567
    979360     1.02485
    979370    0.972166
    979380    0.949606
    979390    0.972635
    979400    0.964886
    979410    0.945669
    979420    0.974132
    979430     1.00186
    979440    0.994796
    979450    0.991319
    979460    0.974016
    979470    0.997532
    979480    0.977782
    979490    0.970663
    979500     0.96049
    979510     1.00309
    979520    0.963954
    979530    0.976022
    979540    0.970003
    979550    0.980804
    979560    0.948538
    979570    0.952865
    979580    0.965108
    979590    0.974976
    979600     1.01424
    979610    0.968156
    979620     0.96656
    979630    0.968228
    979640    0.965406
    979650     0.96933
    979660    0.973699
    979670    0.946078
    979680    0.969973
    979690    0.946469
    979700    0.959316
    979710    0.979774
    979720    0.950265
    979730    0.973509
    979740    0.984312
    979750      1.0067
    979760    0.976869
    979770    0.980849
    979780    0.983627
    979790    0.965208
    979800    0.996345
    979810    0.984356
    979820    0.967812
    979830    0.977843
    979840    0.993288
    979850    0.971818
    979860    0.993409
    979870    0.986647
    979880     1.00881
    979890     1.02832
    979900    0.996404
    979910    0.984978
    979920     1.00367
    979930     1.06878
    979940     1.05616
    979950     1.04748
    979960     1.06872
    979970     1.05287
    979980     1.09614
    979990     1.06572
    980000     1.06096
    980010      1.0578
    980020     1.06713
    980030      1.1075
    980040      1.0363
    980050     1.06357
    980060     1.03417
    980070     1.04052
    980080     1.04489
    980090     1.05232
    980100     1.07334
    980110     1.04912
    980120     1.09771
    980130     1.07217
    980140     1.05453
    980150     1.09145
    980160     1.04824
    980170     1.02834
    980180     1.04138
    980190     1.01627
    980200     1.03045
    980210     1.04953
    980220     1.07445
    980230     1.04042
    980240     1.04618
    980250     1.07263
    980260     1.03661
    980270     1.05251
    980280     1.05931
    980290      1.0529
    980300     1.04911
    980310     1.03251
    980320      1.0656
    980330     1.05477
    980340     1.06963
    980350     1.05935
    980360     1.09585
    980370     1.06198
    980380     1.05432
    980390     1.05589
    980400     1.04414
    980410     1.07484
    980420     1.09707
    980430     1.04608
    980440     1.02201
    980450     1.06211
    980460     1.06058
    980470     1.05765
    980480     1.02087
    980490      1.0365
    980500     1.03379
    980510     1.00988
    980520     1.02855
    980530    0.999744
    980540     1.00956
    980550     1.03015
    980560     1.04047
    980570    0.998765
    980580     1.04855
    980590     1.05254
    980600     1.05988
    980610     1.04157
    980620     1.06444
    980630     1.08509
    980640     1.06789
    980650     1.03921
    980660     1.01209
    980670     1.08021
    980680     1.02852
    980690     1.06094
    980700     1.02494
    980710     1.05349
    980720     1.05242
    980730    0.994407
    980740     1.01483
    980750     1.03513
    980760     1.03148
    980770     1.04534
    980780     1.00873
    980790     0.96677
    980800     1.00015
    980810     1.02524
    980820     1.01896
    980830    0.972374
    980840     1.02466
    980850     1.01711
    980860     1.01125
    980870    0.993874
    980880     1.03515
    980890     1.00993
    980900     1.02147
    980910     1.01803
    980920     1.02422
    980930    0.981473
    980940    0.998351
    980950    0.983082
    980960    0.999652
    980970    0.996247
    980980    0.990094
    980990     1.02024
    981000     1.02157
    981010     1.01868
    981020    0.993356
    981030    0.989162
    981040    0.999182
    981050    0.998104
    981060    0.999674
    981070     1.00102
    981080    0.984653
    981090    0.990465
    981100    0.998011
    981110     1.03276
    981120     1.00997
    981130     1.00336
    981140     1.01212
    981150     1.02882
    981160     1.04833
    981170     1.02419
    981180      1.0179
    981190     1.01673
    981200     1.01336
    981210     1.02526
    981220     1.01492
    981230     1.00937
    981240     1.02811
    981250     1.04344
    981260     1.04744
    981270     1.03255
    981280     1.06842
    981290     1.02723
    981300     1.03423
    981310     1.00571
    981320     1.02505
    981330     1.02955
    981340     1.00725
    981350    0.980337
    981360     1.01564
    981370     1.01049
    981380    0.990869
    981390     1.02026
    981400     1.02601
    981410     1.04249
    981420     1.03067
    981430     1.02646
    981440     1.02105
    981450     1.02069
    981460     1.01743
    981470     1.02163
    981480     1.01023
    981490     1.02353
    981500    0.990969
    981510     1.00742
    981520    0.989884
    981530     1.01946
    981540      1.0404
    981550      1.0035
    981560    0.997555
    981570     1.04805
    981580     1.03107
    981590     1.02241
    981600     1.00321
    981610      1.0269
    981620     1.03437
    981630     1.01177
    981640     0.98797
    981650      1.0226
    981660     1.02139
    981670      1.0131
    981680      1.0149
    981690     1.00423
    981700     1.00248
    981710     1.00741
    981720     1.00492
    981730     0.98743
    981740    0.973732
    981750    0.982959
    981760    0.982044
    981770     1.00089
    981780       1.021
    981790     1.03734
    981800     1.00491
    981810    0.994774
    981820     1.02731
    981830     1.01658
    981840    0.998602
    981850    0.992725
    981860     0.99724
    981870    0.999929
    981880    0.988389
    981890    0.981202
    981900     1.03828
    981910     1.00566
    981920     1.02937
    981930    0.992323
    981940     1.03814
    981950     1.00125
    981960     1.00224
    981970      1.0068
    981980     1.00137
    981990     1.04391
    982000     1.01794
    982010      1.0165
    982020      1.0364
    982030      1.0224
    982040     1.01836
    982050     1.00716
    982060     1.01916
    982070     1.01226
    982080     1.00653
    982090     1.01723
    982100     1.02185
    982110     1.02658
    982120     1.04704
    982130      1.0395
    982140     1.02758
    982150     1.03507
    982160     1.04738
    982170     1.04757
    982180     1.01933
    982190     1.00121
    982200     1.01777
    982210     1.01796
    982220     1.01063
    982230     1.01695
    982240     1.03716
    982250      1.0268
    982260     1.02769
    982270     1.01201
    982280      1.0361
    982290      1.0434
    982300     1.03066
    982310     1.05541
    982320     1.00897
    982330     1.01343
    982340      1.0195
    982350     1.03133
    982360     1.00902
    982370     1.00847
    982380     1.04545
    982390     1.02456
    982400     1.04473
    982410     1.01817
    982420     1.01773
    982430     1.01456
    982440     1.01029
    982450     1.01073
    982460     1.01493
    982470     1.03567
    982480     1.02733
    982490     1.06457
    982500     1.02869
    982510     1.03388
    982520     1.01981
    982530     1.01546
    982540      1.0064
    982550      1.0046
    982560    0.992852
    982570     1.03536
    982580     1.00396
    982590     1.02046
    982600      1.0273
    982610     1.01088
    982620     1.03232
    982630     0.99795
    982640     1.00939
    982650     1.02451
    982660    0.995389
    982670    0.996762
    982680    0.980849
    982690    0.987749
    982700     1.01606
    982710    0.990127
    982720     1.01352
    982730     1.02107
    982740     1.01069
    982750     1.01612
    982760     1.00056
    982770     1.01295
    982780     1.01489
    982790     1.04846
    982800     1.00099
    982810     1.03557
    982820     1.03155
    982830     1.03362
    982840     1.03971
    982850     1.02788
    982860     1.03588
    982870     1.01554
    982880    0.980876
    982890     1.03477
    982900     1.04429
    982910     1.02987
    982920       1.053
    982930     1.03101
    982940     1.01279
    982950     1.01424
    982960     1.00685
    982970     1.03634
    982980     1.00831
    982990     1.00514
    983000    0.997999
    983010     1.01624
    983020     1.01078
    983030      1.0351
    983040     1.03742
    983050     1.02057
    983060     1.01518
    983070     1.06805
    983080     1.06027
    983090     1.04367
    983100     1.03353
    983110     1.05158
    983120      1.0398
    983130     0.99749
    983140    0.989917
    983150    0.998663
    983160     1.02414
    983170    0.992396
    983180     1.01036
    983190     1.01039
    983200     1.00271
    983210    0.975837
    983220    0.973993
    983230    0.995076
    983240    0.972927
    983250    0.993375
    983260    0.977788
    983270    0.999227
    983280    0.993383
    983290     1.00683
    983300     1.05115
    983310      1.0417
    983320     1.00375
    983330     1.00014
    983340    0.993081
    983350     1.01352
    983360     1.00884
    983370     1.00524
    983380     1.01688
    983390    0.996329
    983400     1.01564
    983410      1.0036
    983420    0.994779
    983430    0.985006
    983440    0.988216
    983450     1.00852
    983460     1.00214
    983470    0.984761
    983480    0.986948
    983490    0.990498
    983500    0.977091
    983510    0.966363
    983520     0.96391
    983530    0.983364
    983540    0.989422
    983550    0.990622
    983560    0.981358
    983570    0.965703
    983580    0.970483
    983590    0.991712
    983600    0.981167
    983610    0.976953
    983620    0.974745
    983630    0.963593
    983640    0.991464
    983650    0.976438
    983660    0.975087
    983670    0.983481
    983680    0.967171
    983690    0.962291
    983700    0.966399
    983710    0.998639
    983720    0.981753
    983730    0.987992
    983740    0.991316
    983750    0.981531
    983760    0.998113
    983770    0.999135
    983780    0.988583
    983790    0.993613
    983800     0.97856
    983810    0.973487
    983820     1.00467
    983830    0.996885
    983840    0.988198
    983850    0.993318
    983860    0.968356
    983870    0.988919
    983880    0.979982
    983890    0.973995
    983900    0.992932
    983910    0.988547
    983920     1.00491
    983930     1.00611
    983940     1.03069
    983950    0.972513
    983960     1.01847
    983970     1.01891
    983980     1.00328
    983990      1.0406
    984000      1.0096
    984010      1.0441
    984020     1.03571
    984030     1.03142
    984040     1.01738
    984050      1.0068
    984060     1.00679
    984070     1.00147
    984080     1.03791
    984090     1.02109
    984100     1.02813
    984110     1.02815
    984120     1.04943
    984130     1.04229
    984140     1.06238
    984150     1.00279
    984160     1.01333
    984170     1.03406
    984180     1.01711
    984190     1.02702
    984200     1.03818
    984210      1.0303
    984220     1.03657
    984230      1.0361
    984240     1.01902
    984250     1.00512
    984260     1.06023
    984270     1.02356
    984280     1.07422
    984290     1.03455
    984300      1.0047
    984310     1.01638
    984320     1.01079
    984330     1.00772
    984340     1.00883
    984350     1.03273
    984360     1.02615
    984370     1.05155
    984380     1.03029
    984390     1.01976
    984400    0.984842
    984410     1.00644
    984420     1.02531
    984430     1.03684
    984440     1.00723
    984450     1.02215
    984460     1.03056
    984470     1.03064
    984480    0.999721
    984490     1.00645
    984500     1.01248
    984510     1.02016
    984520    0.995638
    984530     1.01858
    984540     1.02902
    984550     1.04502
    984560     1.04477
    984570     1.02455
    984580      1.0079
    984590    0.994408
    984600     1.03194
    984610     1.03821
    984620     1.03504
    984630     1.03191
    984640     1.01571
    984650     1.02583
    984660     1.01912
    984670     1.00739
    984680    0.987491
    984690     1.00773
    984700     1.03399
    984710     1.03004
    984720     1.03044
    984730     1.03893
    984740     1.04873
    984750     1.03435
    984760     1.06671
    984770     1.03744
    984780     1.01587
    984790     1.03292
    984800      1.0192
    984810      1.0232
    984820     1.02432
    984830     1.03147
    984840      1.0228
    984850     1.07009
    984860      1.0404
    984870      1.0521
    984880     1.04019
    984890     1.04243
    984900     1.05847
    984910     1.04778
    984920     1.06196
    984930     1.05006
    984940     1.06167
    984950     1.05062
    984960     1.03939
    984970     1.04212
    984980     1.05181
    984990     1.02274
    985000     1.01622
    985010     1.02058
    985020     1.00427
    985030    0.998104
    985040     1.00939
    985050    0.986478
    985060     1.00448
    985070     1.02029
    985080     1.02161
    985090     1.02245
    985100     1.01633
    985110     1.02602
    985120     1.00809
    985130     1.01381
    985140     1.01079
    985150    0.998862
    985160     1.00771
    985170      1.0299
    985180     1.02378
    985190     1.00418
    985200     1.00007
    985210     1.00602
    985220     1.00938
    985230     1.02387
    985240     1.01029
    985250    0.999009
    985260     1.02642
    985270     1.00525
    985280     1.03634
    985290     1.04747
    985300     1.00658
    985310     1.00956
    985320     1.00243
    985330     1.00435
    985340    0.997598
    985350     1.01596
    985360     1.01326
    985370     1.00958
    985380     1.01108
    985390     1.01576
    985400     1.01058
    985410    0.997052
    985420     1.00487
    985430    0.997301
    985440     1.02204
    985450    0.994263
    985460     1.01191
    985470     1.00801
    985480     1.00787
    985490     1.00656
    985500     1.00252
    985510    0.999772
    985520      1.0029
    985530      0.9813
    985540     0.98781
    985550     1.02547
    985560     1.01429
    985570     1.00716
    985580    0.990311
    985590      1.0199
    985600     1.00369
    985610    0.995285
    985620    0.978048
    985630     1.00013
    985640     1.00536
    985650    0.998957
    985660    0.994502
    985670     1.01566
    985680     1.02506
    985690      1.0235
    985700     1.02507
    985710     1.01839
    985720    0.990885
    985730     1.01126
    985740     1.01368
    985750     1.01959
    985760    0.998971
    985770     1.02774
    985780      1.0063
    985790     1.02015
    985800     1.00661
    985810      1.0048
    985820     1.01964
    985830      1.0029
    985840     1.00631
    985850     1.02222
    985860     1.00579
    985870    0.996796
    985880     1.03198
    985890     1.02151
    985900      1.0073
    985910      1.0316
    985920     1.02158
    985930     1.01036
    985940     1.01147
    985950    0.959962
    985960    0.983595
    985970    0.994726
    985980    0.981908
    985990    0.996644
    986000     1.02277
    986010     1.01978
    986020     1.01386
    986030     1.01451
    986040    0.995816
    986050     1.02232
    986060     1.01615
    986070     1.01765
    986080     1.01059
    986090    0.980731
    986100    0.992958
    986110     1.00317
    986120     1.02303
    986130    0.974527
    986140     1.01069
    986150    0.995014
    986160    0.989825
    986170     1.00528
    986180    0.988094
    986190    0.994144
    986200     1.01062
    986210    0.977647
    986220    0.981601
    986230    0.995822
    986240    0.975373
    986250    0.987031
    986260     1.00023
    986270     1.00359
    986280    0.999827
    986290    0.995082
    986300    0.996292
    986310     1.00655
    986320    0.972584
    986330    0.958663
    986340    0.952648
    986350     0.97057
    986360    0.962572
    986370     1.00214
    986380     1.00891
    986390    0.986802
    986400     1.00625
    986410    0.984625
    986420    0.978252
    986430    0.981557
    986440    0.972801
    986450    0.995219
    986460    0.973774
    986470    0.966365
    986480    0.952925
    986490      0.9694
    986500     1.00426
    986510    0.992064
    986520     0.99692
    986530    0.987052
    986540      0.9877
    986550     1.00214
    986560      0.9655
    986570    0.982306
    986580    0.966375
    986590    0.978993
    986600    0.971448
    986610     0.96439
    986620    0.956046
    986630    0.976877
    986640    0.971424
    986650     0.97527
    986660    0.981424
    986670    0.965406
    986680    0.978583
    986690    0.959562
    986700    0.954083
    986710    0.954262
    986720    0.970922
    986730    0.969667
    986740    0.938537
    986750    0.967458
    986760     0.97289
    986770    0.968663
    986780    0.958876
    986790    0.967087
    986800    0.963596
    986810    0.938168
    986820    0.943071
    986830    0.947881
    986840    0.984523
    986850    0.962675
    986860    0.964784
    986870     0.97627
    986880    0.993021
    986890    0.987056
    986900     0.97531
    986910    0.966437
    986920    0.997244
    986930    0.998871
    986940    0.992172
    986950    0.992737
    986960     1.01351
    986970     1.00612
    986980    0.995031
    986990    0.991125
    987000     1.00201
    987010    0.977003
    987020    0.969859
    987030    0.977065
    987040    0.968999
    987050    0.986207
    987060    0.957992
    987070    0.988354
    987080    0.979398
    987090     1.00415
    987100    0.981207
    987110    0.963289
    987120    0.986087
    987130    0.980398
    987140    0.975507
    987150    0.991116
    987160    0.994777
    987170     1.01426
    987180     1.00608
    987190     1.00012
    987200      1.0007
    987210     0.97989
    987220    0.979266
    987230     1.00665
    987240    0.993068
    987250    0.932859
    987260    0.991393
    987270    0.997117
    987280    0.994963
    987290    0.986634
    987300    0.976411
    987310    0.986239
    987320    0.981744
    987330    0.974747
    987340    0.961074
    987350    0.992903
    987360     1.00501
    987370     1.01575
    987380    0.987306
    987390    0.996449
    987400    0.995181
    987410     1.01338
    987420    0.998774
    987430     1.03425
    987440     1.01167
    987450    0.992649
    987460    0.992332
    987470    0.993205
    987480     1.00141
    987490    0.995821
    987500     1.03579
    987510    0.989159
    987520      1.0031
    987530    0.997395
    987540     1.00728
    987550     1.00002
    987560    0.989392
    987570    0.994356
    987580    0.990825
    987590     1.01188
    987600     1.01845
    987610      1.0216
    987620       1.003
    987630    0.971822
    987640     0.97743
    987650     1.01378
    987660    0.985202
    987670      1.0127
    987680    0.993263
    987690     1.00195
    987700    0.993252
    987710    0.995823
    987720    0.991007
    987730     1.00494
    987740     1.00448
    987750     1.00813
    987760    0.979824
    987770    0.979661
    987780     0.97757
    987790    0.968066
    987800     1.00236
    987810    0.945592
    987820    0.983645
    987830    0.967393
    987840    0.962622
    987850    0.957557
    987860    0.953545
    987870    0.990225
    987880    0.964109
    987890    0.952925
    987900    0.957387
    987910    0.961943
    987920    0.950581
    987930    0.964723
    987940    0.954712
    987950    0.968869
    987960    0.962272
    987970     0.95218
    987980    0.950284
    987990    0.948744
    988000    0.964426
    988010      0.9891
    988020    0.945373
    988030    0.945273
    988040    0.941258
    988050    0.967492
    988060    0.918428
    988070    0.955759
    988080    0.957567
    988090    0.966014
    988100    0.990956
    988110    0.976771
    988120    0.993854
    988130    0.971554
    988140    0.991119
    988150    0.962619
    988160    0.970946
    988170     1.01864
    988180     1.02801
    988190      1.0334
    988200     1.02832
    988210     1.00926
    988220     1.00665
    988230    0.979769
    988240     1.05831
    988250     1.04118
    988260    0.975818
    988270    0.995471
    988280    0.995799
    988290    0.981361
    988300    0.980137
    988310    0.978672
    988320     1.00473
    988330    0.980913
    988340    0.971877
    988350    0.997487
    988360    0.982432
    988370    0.975808
    988380    0.983415
    988390    0.978963
    988400    0.964282
    988410    0.964839
    988420      1.0159
    988430     1.01149
    988440     1.04108
    988450     1.00261
    988460     1.00102
    988470    0.986499
    988480    0.985951
    988490    0.983994
    988500     1.00372
    988510    0.991426
    988520    0.990812
    988530    0.980644
    988540     0.97393
    988550    0.950616
    988560    0.942772
    988570     1.01811
    988580    0.927861
    988590    0.969607
    988600    0.942362
    988610    0.974409
    988620    0.972678
    988630    0.961071
    988640     0.94605
    988650    0.935894
    988660    0.929612
    988670    0.965097
    988680    0.972435
    988690    0.966646
    988700    0.973682
    988710    0.958099
    988720     1.00893
    988730    0.918637
    988740      0.9856
    988750    0.968383
    988760    0.922882
    988770    0.983925
    988780    0.948749
    988790    0.947216
    988800    0.938318
    988810    0.961252
    988820     0.94743
    988830    0.969898
    988840    0.963947
    988850    0.949142
    988860    0.946201
    988870    0.938461
    988880    0.955027
    988890    0.975454
    988900    0.953154
    988910    0.985223
    988920    0.935835
    988930    0.948287
    988940    0.957172
    988950    0.954487
    988960    0.961272
    988970    0.955291
    988980     0.96376
    988990     0.95662
    989000    0.970241
    989010    0.988641
    989020    0.948771
    989030    0.977548
    989040    0.954319
    989050    0.956472
    989060    0.984684
    989070     0.98715
    989080    0.968967
    989090    0.971286
    989100    0.958153
    989110    0.962013
    989120    0.989191
    989130    0.998736
    989140    0.970958
    989150    0.988865
    989160    0.988189
    989170     1.00518
    989180     0.99697
    989190    0.991685
    989200     1.01834
    989210     1.00143
    989220    0.987218
    989230    0.987638
    989240    0.980604
    989250    0.996492
    989260    0.960623
    989270    0.982915
    989280    0.969384
    989290     0.97069
    989300     0.98452
    989310    0.990181
    989320    0.992472
    989330    0.975565
    989340    0.957508
    989350    0.969582
    989360    0.987765
    989370    0.995731
    989380    0.987698
    989390    0.949758
    989400    0.987022
    989410    0.964606
    989420    0.945902
    989430    0.959438
    989440    0.979128
    989450    0.951468
    989460    0.993127
    989470    0.996377
    989480    0.984825
    989490     1.00716
    989500     1.02005
    989510    0.986402
    989520    0.989772
    989530    0.994216
    989540    0.999514
    989550    0.989122
    989560     1.01116
    989570     1.01731
    989580       1.019
    989590     1.02501
    989600     1.03049
    989610     1.03624
    989620     1.04609
    989630     1.01928
    989640     1.00991
    989650     1.00772
    989660     1.03776
    989670     1.02241
    989680     1.02945
    989690     1.01621
    989700     1.03315
    989710     1.05269
    989720     1.03659
    989730     1.02348
    989740     1.06111
    989750     1.03461
    989760     1.04578
    989770     1.01186
    989780     1.01743
    989790     1.01826
    989800     1.03666
    989810     1.05544
    989820     1.02538
    989830     1.01783
    989840     1.02236
    989850     1.02126
    989860     1.01261
    989870    0.993526
    989880     1.00643
    989890     1.03577
    989900     1.02404
    989910     1.02509
    989920     1.00576
    989930    0.993041
    989940     1.04003
    989950     1.05251
    989960     1.02841
    989970     1.00272
    989980     1.04111
    989990     1.01731
    990000     1.00558
    990010     1.01578
    990020     1.02353
    990030     1.01847
    990040     1.02274
    990050     1.01573
    990060      1.0154
    990070      1.0364
    990080     1.02011
    990090     1.00655
    990100     1.03178
    990110     0.98326
    990120    0.991681
    990130    0.983338
    990140     1.01151
    990150     1.02565
    990160     1.00754
    990170     1.01029
    990180    0.977668
    990190     1.01559
    990200     1.01579
    990210     1.03629
    990220     1.04701
    990230      1.0207
    990240     1.01005
    990250     1.00412
    990260     1.00994
    990270     1.02946
    990280     1.01795
    990290     1.03227
    990300    0.994034
    990310     1.00851
    990320     1.02923
    990330     1.04107
    990340     1.03888
    990350     1.02783
    990360     1.04124
    990370     1.04372
    990380     0.98088
    990390    0.982993
    990400    0.999037
    990410    0.992614
    990420     1.01778
    990430     1.01289
    990440     1.04621
    990450     1.03087
    990460     1.00689
    990470     1.04261
    990480      1.0321
    990490     1.02013
    990500     1.02451
    990510     1.01265
    990520      1.0332
    990530     1.00569
    990540     1.02929
    990550     1.02825
    990560    0.999655
    990570      1.0348
    990580     1.00602
    990590     1.01844
    990600     1.02822
    990610     1.00314
    990620     1.00802
    990630     1.00536
    990640     1.02002
    990650     1.05035
    990660     1.05627
    990670     1.04878
    990680     1.07733
    990690     1.05326
    990700     1.07147
    990710      1.0404
    990720     1.02844
    990730    0.998589
    990740     1.02931
    990750     1.01444
    990760     1.00697
    990770    0.982329
    990780    0.976701
    990790     1.00922
    990800     1.01349
    990810     1.03104
    990820     1.00837
    990830      1.0258
    990840     1.02207
    990850     1.01068
    990860     1.03487
    990870     1.03164
    990880     1.04866
    990890     1.03536
    990900     1.05606
    990910     1.03874
    990920     1.04763
    990930     1.04432
    990940     1.04212
    990950     1.01967
    990960     1.02514
    990970     1.03504
    990980     1.01226
    990990     1.02139
    991000     1.04769
    991010     1.00527
    991020     1.02245
    991030     1.04015
    991040     1.04858
    991050      1.0378
    991060     1.03146
    991070     1.01572
    991080     1.04671
    991090      1.0096
    991100     1.01098
    991110     1.01452
    991120     1.06955
    991130     1.03758
    991140      1.0355
    991150     1.01753
    991160     1.04699
    991170     1.01637
    991180     1.02849
    991190     1.04733
    991200     1.02846
    991210     1.03461
    991220     1.00218
    991230     1.00234
    991240    0.959696
    991250    0.980384
    991260     1.00774
    991270     0.99353
    991280     1.02945
    991290     1.02265
    991300     1.04043
    991310     1.02554
    991320     1.03744
    991330    0.998763
    991340     1.03003
    991350     1.02953
    991360     1.03413
    991370    0.989102
    991380    0.956972
    991390     1.00539
    991400     1.02586
    991410     0.99076
    991420     1.06244
    991430     1.05188
    991440      1.0265
    991450     1.04461
    991460     1.04006
    991470     1.00594
    991480     1.04961
    991490     1.03251
    991500     1.02379
    991510     1.01002
    991520     1.03443
    991530       1.026
    991540     1.02788
    991550     1.03616
    991560     1.01926
    991570     1.00941
    991580     1.02962
    991590     1.04508
    991600      1.0217
    991610      1.0207
    991620     1.04035
    991630    0.997295
    991640     1.00194
    991650     1.03048
    991660     1.02125
    991670     1.00586
    991680    0.989936
    991690    0.992335
    991700     1.00196
    991710     1.00758
    991720    0.983156
    991730      1.0105
    991740    0.997042
    991750     1.00438
    991760     1.00203
    991770     1.01229
    991780    0.996586
    991790     1.00452
    991800    0.997899
    991810     1.01432
    991820     1.03112
    991830     1.01114
    991840     1.04457
    991850     1.02507
    991860     1.03932
    991870    0.996672
    991880     1.03208
    991890     1.06912
    991900     1.04721
    991910     1.03639
    991920     1.01846
    991930     1.02006
    991940      1.0337
    991950     1.04047
    991960      1.0303
    991970     1.02696
    991980     1.02808
    991990     1.01476
    992000     1.00115
    992010     1.04084
    992020     1.04937
    992030     1.02486
    992040     1.01342
    992050      1.0056
    992060           1
    992070     1.00669
    992080     1.01029
    992090     1.02578
    992100      1.0156
    992110      1.0506
    992120     1.03138
    992130      1.0135
    992140     1.02479
    992150     1.03281
    992160     1.00929
    992170     1.00039
    992180    0.981844
    992190     1.00949
    992200     1.01767
    992210     1.03066
    992220      1.0009
    992230     1.02711
    992240     1.01395
    992250     0.99765
    992260     1.02535
    992270    0.979236
    992280     1.00272
    992290     1.01114
    992300    0.998351
    992310    0.994266
    992320     1.02151
    992330     1.01213
    992340     1.01269
    992350     1.01651
    992360     1.00975
    992370    0.988084
    992380     1.01444
    992390     1.00105
    992400     1.01585
    992410      1.0127
    992420     1.03037
    992430     1.00395
    992440     1.01406
    992450     1.00617
    992460     1.00617
    992470    0.999091
    992480     1.00897
    992490    0.986803
    992500     1.00679
    992510     1.00081
    992520     1.00466
    992530     1.03323
    992540    0.992935
    992550     1.01429
    992560     1.02762
    992570       1.007
    992580    0.987869
    992590     1.00966
    992600     1.03844
    992610     1.03387
    992620     1.02247
    992630     1.00447
    992640    0.999306
    992650    0.987553
    992660     1.03011
    992670     1.01835
    992680    0.999124
    992690     1.00627
    992700     1.04094
    992710     1.03521
    992720     1.00132
    992730     1.01701
    992740     1.01417
    992750     1.02643
    992760      1.0129
    992770       1.046
    992780        1.05
    992790     1.03702
    992800     1.01648
    992810    0.987211
    992820      1.0138
    992830     1.00387
    992840      1.0258
    992850    0.982865
    992860     1.01408
    992870     1.02202
    992880     1.00242
    992890     1.01756
    992900     1.02651
    992910     1.00631
    992920      1.0122
    992930      1.0098
    992940     1.01961
    992950     1.03212
    992960      1.0071
    992970    0.990771
    992980     1.00955
    992990     1.04739
    993000     1.01561
    993010     1.00315
    993020     1.04083
    993030     1.02895
    993040      1.0029
    993050    0.997847
    993060     1.01131
    993070     1.00802
    993080      1.0193
    993090     1.03277
    993100    0.997497
    993110     1.00555
    993120     1.01211
    993130     1.01115
    993140     1.00312
    993150     1.03302
    993160    0.990868
    993170     1.02028
    993180     1.01712
    993190     1.02705
    993200     1.01498
    993210     1.02271
    993220    0.983571
    993230    0.992485
    993240     1.00529
    993250       1.013
    993260    0.996855
    993270     1.00324
    993280    0.990739
    993290     1.02172
    993300    0.998836
    993310     1.02302
    993320    0.986556
    993330    0.982682
    993340    0.987311
    993350     1.01775
    993360    0.998794
    993370    0.970814
    993380    0.988494
    993390    0.988418
    993400    0.992323
    993410    0.997909
    993420      1.0096
    993430     1.01614
    993440     1.00552
    993450     1.00899
    993460     1.02771
    993470     1.03984
    993480     1.02213
    993490     1.01374
    993500    0.997133
    993510     1.00585
    993520    0.997087
    993530    0.999881
    993540     0.98631
    993550     1.00583
    993560     1.02996
    993570    0.989678
    993580     1.01985
    993590     1.01896
    993600     1.01748
    993610     1.01519
    993620    0.995882
    993630     1.00669
    993640     1.00025
    993650    0.996405
    993660     1.00525
    993670     1.00713
    993680     1.03649
    993690      1.0155
    993700     1.02009
    993710     1.01831
    993720     1.01731
    993730      1.0259
    993740     1.00805
    993750     1.02378
    993760     1.03648
    993770     1.01063
    993780    0.999732
    993790     1.01787
    993800    0.999433
    993810    0.986655
    993820    0.995381
    993830    0.998725
    993840     1.01696
    993850     1.00427
    993860     1.03114
    993870     1.04503
    993880     1.03415
    993890     1.01172
    993900     1.00733
    993910     1.03499
    993920       1.012
    993930     1.07319
    993940     1.06872
    993950      1.0609
    993960     1.00059
    993970     1.03931
    993980     1.06113
    993990     1.03323
    994000     1.02892
    994010      1.0179
    994020       1.064
    994030     1.05675
    994040     1.03171
    994050     1.05723
    994060     1.05657
    994070     1.02009
    994080     1.02486
    994090     1.04577
    994100      1.0101
    994110      1.0201
    994120     1.03828
    994130     1.04662
    994140    0.990068
    994150     1.04204
    994160     1.06165
    994170     1.02386
    994180    0.998091
    994190    0.989361
    994200    0.978196
    994210     1.01523
    994220    0.993956
    994230     1.00742
    994240     1.02264
    994250     1.02087
    994260    0.987263
    994270    0.981442
    994280    0.985584
    994290    0.976708
    994300     1.00934
    994310    0.983035
    994320     1.01718
    994330    0.989901
    994340      1.0024
    994350    0.989077
    994360    0.998026
    994370    0.970611
    994380     1.01513
    994390    0.991885
    994400    0.966368
    994410     1.00625
    994420     0.98005
    994430    0.995553
    994440    0.980335
    994450     1.01768
    994460     1.03217
    994470    0.988911
    994480     1.03785
    994490    0.978206
    994500    0.977421
    994510     1.01117
    994520     0.99041
    994530    0.971072
    994540    0.985276
    994550      1.0109
    994560     1.01445
    994570     1.00963
    994580     1.01202
    994590     1.00885
    994600     1.00803
    994610     1.01027
    994620     1.02587
    994630     1.00114
    994640     1.00986
    994650     1.00293
    994660    0.983891
    994670    0.997838
    994680    0.971478
    994690     1.00574
    994700     1.01367
    994710     0.97331
    994720     1.00038
    994730    0.992686
    994740    0.986709
    994750    0.976691
    994760     1.01904
    994770      1.0007
    994780     1.01956
    994790     1.01222
    994800    0.993304
    994810     1.00943
    994820     1.01324
    994830    0.975244
    994840    0.997235
    994850    0.992889
    994860    0.989473
    994870      1.0035
    994880     1.01639
    994890     1.00405
    994900     1.00383
    994910    0.980494
    994920     1.00941
    994930    0.975504
    994940    0.986596
    994950    0.989808
    994960    0.971891
    994970    0.978826
    994980     1.00206
    994990    0.958561
    995000     1.00533
    995010    0.996913
    995020     1.01084
    995030    0.993537
    995040     1.01317
    995050    0.987585
    995060      1.0069
    995070      1.0271
    995080    0.996579
    995090    0.978887
    995100     1.01056
    995110     1.05964
    995120      1.0368
    995130       1.012
    995140     1.03514
    995150     1.01982
    995160    0.969641
    995170    0.974997
    995180      1.0234
    995190     1.02712
    995200    0.993219
    995210    0.986267
    995220     1.02458
    995230     1.01802
    995240     1.00594
    995250     1.00925
    995260     1.02574
    995270     1.04422
    995280     1.00484
    995290     1.03925
    995300    0.989655
    995310    0.996194
    995320     1.02592
    995330     1.01338
    995340    0.991382
    995350    0.997459
    995360    0.994488
    995370     1.00551
    995380     0.99878
    995390     1.00415
    995400      1.0253
    995410    0.999847
    995420     1.03597
    995430     1.01613
    995440    0.997825
    995450      1.0351
    995460     1.03005
    995470    0.999988
    995480    0.956282
    995490     0.94402
    995500    0.972054
    995510     1.02851
    995520     1.01134
    995530     1.03617
    995540     1.01081
    995550     1.02032
    995560     1.01888
    995570    0.981888
    995580      1.0035
    995590    0.975969
    995600    0.984992
    995610    0.987045
    995620     1.00746
    995630     0.98718
    995640     1.01012
    995650     1.03709
    995660    0.995184
    995670     1.03475
    995680     1.03423
    995690     1.03729
    995700     0.99338
    995710     1.00501
    995720     1.04938
    995730     1.00375
    995740     1.00633
    995750    0.999747
    995760     1.03694
    995770      1.0246
    995780     1.02053
    995790     1.03545
    995800     1.01351
    995810     1.01637
    995820     1.00852
    995830    0.998817
    995840     1.01946
    995850     1.03117
    995860     1.07108
    995870     1.03052
    995880    0.999618
    995890     0.96392
    995900     0.96417
    995910    0.950695
    995920     1.00028
    995930    0.988085
    995940      1.0141
    995950    0.991321
    995960      1.0273
    995970     1.02399
    995980      1.0236
    995990     1.01143
    996000     1.01463
    996010      1.0067
    996020     1.00081
    996030     1.01297
    996040     1.00406
    996050     0.99559
    996060     1.01097
    996070     1.00957
    996080     1.00232
    996090     1.03671
    996100     1.03711
    996110    0.987957
    996120     1.00059
    996130    0.986589
    996140    0.996253
    996150     0.99243
    996160    0.990393
    996170     1.00522
    996180    0.993648
    996190     1.00202
    996200     1.04845
    996210     1.02762
    996220    0.986681
    996230     1.01765
    996240     1.00127
    996250     1.01094
    996260      1.0228
    996270     1.00888
    996280     1.00637
    996290     1.04168
    996300    0.986079
    996310     1.01131
    996320     1.02002
    996330     1.00765
    996340     1.02474
    996350     1.00827
    996360     1.00786
    996370     1.04703
    996380      1.0314
    996390     1.01688
    996400     1.00949
    996410     1.02134
    996420    0.997779
    996430     1.00899
    996440     1.01404
    996450     1.02336
    996460     1.00358
    996470     1.02424
    996480     1.01427
    996490     1.01447
    996500    0.998021
    996510     1.04215
    996520    0.970863
    996530    0.990177
    996540    0.987972
    996550     1.02134
    996560     1.02185
    996570     1.03209
    996580     1.00025
    996590     1.00367
    996600     1.00273
    996610     1.01378
    996620     1.04214
    996630     1.03002
    996640     1.03205
    996650    0.964782
    996660     1.00406
    996670     1.02819
    996680     0.98464
    996690    0.990969
    996700    0.981371
    996710    0.975807
    996720      1.0237
    996730     1.00995
    996740     1.03231
    996750     1.00572
    996760    0.991916
    996770    0.943326
    996780    0.998608
    996790    0.992252
    996800     1.03563
    996810     1.00004
    996820    0.992233
    996830    0.993854
    996840     1.00479
    996850    0.988943
    996860    0.990138
    996870     1.00461
    996880     1.02348
    996890     1.03943
    996900     1.05283
    996910     1.01852
    996920     1.05105
    996930     1.05478
    996940     1.06774
    996950     1.04281
    996960      1.0314
    996970     1.03346
    996980     1.01995
    996990     1.03618
    997000     1.02286
    997010     1.01142
    997020    0.986335
    997030    0.987524
    997040    0.991081
    997050    0.975878
    997060    0.948466
    997070    0.970399
    997080    0.937118
    997090    0.967009
    997100    0.966971
    997110    0.944889
    997120    0.957566
    997130    0.949485
    997140    0.962427
    997150    0.983213
    997160    0.952119
    997170    0.976003
    997180    0.984649
    997190     1.00556
    997200     1.02182
    997210     1.00133
    997220     1.02654
    997230     1.01443
    997240     1.01838
    997250     1.00437
    997260     1.01305
    997270    0.998158
    997280     1.03307
    997290     1.00318
    997300     1.03492
    997310     1.01205
    997320    0.997327
    997330    0.990015
    997340    0.988098
    997350    0.972827
    997360    0.960529
    997370    0.967692
    997380    0.961965
    997390     1.01724
    997400    0.959805
    997410    0.941048
    997420    0.949683
    997430    0.936132
    997440    0.943035
    997450    0.918845
    997460    0.959763
    997470    0.943921
    997480    0.917174
    997490    0.912845
    997500    0.937765
    997510    0.946697
    997520    0.966324
    997530    0.953766
    997540    0.946193
    997550    0.969943
    997560     0.97517
    997570    0.948986
    997580      1.0024
    997590    0.985259
    997600    0.976301
    997610    0.972246
    997620    0.993653
    997630    0.981575
    997640    0.989401
    997650    0.962545
    997660    0.966968
    997670    0.935449
    997680     0.96064
    997690    0.966686
    997700    0.952106
    997710     0.94187
    997720     0.99041
    997730    0.978904
    997740    0.988486
    997750    0.985475
    997760    0.998052
    997770    0.991888
    997780    0.976254
    997790    0.965695
    997800    0.985774
    997810    0.984661
    997820     1.01922
    997830    0.981545
    997840    0.975573
    997850    0.961668
    997860    0.992963
    997870     1.00113
    997880     1.00379
    997890     1.01603
    997900    0.994136
    997910    0.968246
    997920     1.02066
    997930     1.04048
    997940     0.99168
    997950      1.0355
    997960     1.01905
    997970     1.00094
    997980    0.986837
    997990     1.05017
    998000    0.993124
    998010     1.00318
    998020    0.974005
    998030    0.988158
    998040    0.979628
    998050     1.01998
    998060    0.988327
    998070     1.00224
    998080    0.983634
    998090    0.967625
    998100       0.983
    998110     1.00767
    998120    0.974037
    998130    0.992508
    998140    0.972673
    998150    0.970614
    998160    0.989009
    998170    0.972873
    998180    0.997506
    998190    0.984598
    998200     0.96042
    998210    0.997267
    998220    0.965421
    998230    0.984904
    998240    0.988052
    998250    0.982383
    998260    0.984312
    998270    0.971644
    998280    0.953983
    998290    0.949477
    998300    0.955847
    998310    0.970634
    998320    0.959368
    998330     1.02218
    998340     1.01065
    998350     0.97992
    998360    0.963632
    998370    0.977869
    998380    0.972836
    998390     1.00888
    998400     1.00479
    998410     1.01317
    998420    0.993911
    998430    0.942923
    998440    0.971683
    998450    0.978597
    998460     0.97794
    998470    0.930014
    998480    0.962507
    998490    0.964421
    998500    0.978852
    998510    0.991044
    998520     1.00589
    998530     1.01467
    998540    0.973145
    998550     1.00296
    998560    0.999858
    998570      1.0192
    998580     1.01152
    998590      1.0162
    998600      1.0324
    998610     1.03862
    998620     1.02407
    998630     1.01105
    998640     1.02639
    998650     1.02773
    998660       1.034
    998670    0.996394
    998680    0.998979
    998690     1.01832
    998700     1.04726
    998710    0.996637
    998720     1.00803
    998730     1.01111
    998740     1.05294
    998750     1.02997
    998760     1.02657
    998770     1.05339
    998780     1.06079
    998790     1.05137
    998800     1.01354
    998810     1.05238
    998820     1.02841
    998830     1.03279
    998840     1.01285
    998850     1.04454
    998860     1.01658
    998870    0.982553
    998880     1.00168
    998890     1.04726
    998900     1.03846
    998910     1.05289
    998920     1.04541
    998930     1.03789
    998940     1.02987
    998950     1.05167
    998960     1.04968
    998970     1.00282
    998980     1.01651
    998990     1.01383
    999000     1.01094
    999010     1.00946
    999020     1.02454
    999030     1.01641
    999040     1.04318
    999050     1.01491
    999060    0.968914
    999070     1.03396
    999080     1.01642
    999090    0.988974
    999100    0.991849
    999110     1.00618
    999120     1.00343
    999130     1.00457
    999140    0.998938
    999150     1.00567
    999160    0.966433
    999170    0.994709
    999180    0.994696
    999190     1.00414
    999200    0.971493
    999210    0.999738
    999220     1.02703
    999230     1.00087
    999240     1.00099
    999250     1.05075
    999260     1.00951
    999270     1.02245
    999280     1.01903
    999290    0.996124
    999300     1.00841
    999310    0.991655
    999320    0.989483
    999330     1.00114
    999340     1.00897
    999350     1.02249
    999360     1.03078
    999370     1.02016
    999380     1.03818
    999390     1.03384
    999400     1.02809
    999410     1.03364
    999420     1.04694
    999430     1.02123
    999440     1.01199
    999450     1.04024
    999460     1.01716
    999470     1.03777
    999480     1.02985
    999490     1.02976
    999500     1.02863
    999510     1.02837
    999520     1.01169
    999530     1.04398
    999540     1.01772
    999550    0.993933
    999560      1.0109
    999570      0.9973
    999580    0.971083
    999590    0.970734
    999600     0.98272
    999610    0.997741
    999620     1.01051
    999630    0.994405
    999640    0.998737
    999650     1.01071
    999660     0.96946
    999670     0.98109
    999680     1.01591
    999690     1.00694
    999700     1.02136
    999710     1.00609
    999720     1.00198
    999730     1.02278
    999740     1.01566
    999750     1.00768
    999760    0.988558
    999770     1.01386
    999780     1.00528
    999790     1.02062
    999800     1.04619
    999810     1.03054
    999820     1.02284
    999830     1.01968
    999840    0.992868
    999850     1.01952
    999860     1.00602
    999870    0.982748
    999880    0.998277
    999890     1.04588
    999900     1.01827
    999910     1.02713
    999920     1.01559
    999930     1.04237
    999940     1.04686
    999950      1.0534
    999960     1.05923
    999970     1.03656
    999980     1.07308
    999990     1.06543
     1e+06     1.06178
