      0.000         11
    100.000          9
    200.000         17
    300.000         15
    400.000         11
    500.000         13
    600.000         12
    700.000         14
    800.000         13
    900.000         14
   1000.000         13
   1100.000         14
   1200.000         15
   1300.000         13
   1400.000         11
   1500.000         12
   1600.000         13
   1700.000         12
   1800.000         13
   1900.000         14
   2000.000         14
   2100.000         15
   2200.000         14
   2300.000         12
   2400.000         11
   2500.000         13
   2600.000         14
   2700.000         14
   2800.000         12
   2900.000         14
   3000.000         13
   3100.000         11
   3200.000         12
   3300.000         13
   3400.000         11
   3500.000         12
   3600.000         11
   3700.000         13
   3800.000          8
   3900.000         10
   4000.000         12
   4100.000         13
   4200.000         14
   4300.000         15
   4400.000         13
   4500.000          9
   4600.000         10
   4700.000         12
   4800.000         12
   4900.000          9
   5000.000         10
   5100.000          8
   5200.000         12
   5300.000         13
   5400.000         10
   5500.000         12
   5600.000         11
   5700.000         15
   5800.000          8
   5900.000         11
   6000.000          9
   6100.000         12
   6200.000         12
   6300.000          8
   6400.000         10
   6500.000         12
   6600.000          7
   6700.000         10
   6800.000         16
   6900.000         11
   7000.000         12
   7100.000         11
   7200.000         12
   7300.000         10
   7400.000         12
   7500.000         14
   7600.000          9
   7700.000         12
   7800.000         13
   7900.000         14
   8000.000          9
   8100.000         15
   8200.000         11
   8300.000         12
   8400.000         10
   8500.000         13
   8600.000         10
   8700.000         12
   8800.000         11
   8900.000          9
   9000.000         11
   9100.000         14
   9200.000         14
   9300.000         11
   9400.000         10
   9500.000          7
   9600.000          9
   9700.000         11
   9800.000         10
   9900.000         13
  10000.000          9
  10100.000         12
  10200.000         11
  10300.000         10
  10400.000         10
  10500.000         15
  10600.000         10
  10700.000         11
  10800.000         11
  10900.000         10
  11000.000         11
  11100.000         14
  11200.000         10
  11300.000         10
  11400.000          9
  11500.000         12
  11600.000         13
  11700.000         12
  11800.000         15
  11900.000         10
  12000.000         10
  12100.000         13
  12200.000          8
  12300.000         14
  12400.000         14
  12500.000         12
  12600.000          9
  12700.000          9
  12800.000         10
  12900.000         12
  13000.000         15
  13100.000         11
  13200.000         12
  13300.000         15
  13400.000         11
  13500.000         11
  13600.000         12
  13700.000         11
  13800.000         12
  13900.000         11
  14000.000         14
  14100.000         12
  14200.000         11
  14300.000          8
  14400.000         13
  14500.000         10
  14600.000         11
  14700.000         11
  14800.000         14
  14900.000         13
  15000.000         14
  15100.000         13
  15200.000         11
  15300.000          9
  15400.000         13
  15500.000         12
  15600.000         14
  15700.000         13
  15800.000         14
  15900.000         12
  16000.000         13
  16100.000         13
  16200.000         11
  16300.000         10
  16400.000         16
  16500.000         14
  16600.000         12
  16700.000         14
  16800.000         12
  16900.000         14
  17000.000         13
  17100.000         11
  17200.000         14
  17300.000         12
  17400.000         12
  17500.000         13
  17600.000         12
  17700.000         11
  17800.000         13
  17900.000         13
  18000.000         14
  18100.000         12
  18200.000         10
  18300.000         13
  18400.000         11
  18500.000         11
  18600.000         15
  18700.000         10
  18800.000         13
  18900.000         12
  19000.000         14
  19100.000         10
  19200.000          9
  19300.000         14
  19400.000         14
  19500.000         10
  19600.000         12
  19700.000         13
  19800.000          9
  19900.000         13
  20000.000         14
  20100.000         13
  20200.000         15
  20300.000         12
  20400.000         13
  20500.000         12
  20600.000         10
  20700.000          9
  20800.000         15
  20900.000         14
  21000.000         12
  21100.000         10
  21200.000         11
  21300.000         10
  21400.000         13
  21500.000         12
  21600.000         14
  21700.000         12
  21800.000         10
  21900.000         10
  22000.000         13
  22100.000         13
  22200.000         12
  22300.000         14
  22400.000         13
  22500.000          8
  22600.000         11
  22700.000          9
  22800.000         12
  22900.000         12
  23000.000         11
  23100.000         10
  23200.000          8
  23300.000         11
  23400.000          9
  23500.000          8
  23600.000          9
  23700.000         12
  23800.000         12
  23900.000         10
  24000.000         11
  24100.000         13
  24200.000         10
  24300.000         10
  24400.000         13
  24500.000          8
  24600.000         11
  24700.000         14
  24800.000         12
  24900.000         12
  25000.000          8
  25100.000         11
  25200.000         11
  25300.000         10
  25400.000          8
  25500.000         10
  25600.000         11
  25700.000          8
  25800.000         10
  25900.000          8
  26000.000         13
  26100.000         12
  26200.000          9
  26300.000         11
  26400.000         11
  26500.000         13
  26600.000          9
  26700.000         10
  26800.000         11
  26900.000         11
  27000.000         12
  27100.000          9
  27200.000          9
  27300.000          9
  27400.000         10
  27500.000         13
  27600.000         11
  27700.000         12
  27800.000         12
  27900.000         11
  28000.000         11
  28100.000         11
  28200.000         11
  28300.000         11
  28400.000          8
  28500.000         10
  28600.000         10
  28700.000         11
  28800.000          9
  28900.000         11
  29000.000         12
  29100.000         11
  29200.000         12
  29300.000         10
  29400.000         11
  29500.000          9
  29600.000         10
  29700.000          7
  29800.000         13
  29900.000         11
  30000.000          9
  30100.000         11
  30200.000         10
  30300.000          8
  30400.000          8
  30500.000          6
  30600.000         11
  30700.000          9
  30800.000         10
  30900.000         11
  31000.000         11
  31100.000         11
  31200.000         13
  31300.000          9
  31400.000         10
  31500.000         10
  31600.000         12
  31700.000         10
  31800.000         10
  31900.000         13
  32000.000         10
  32100.000         11
  32200.000          9
  32300.000         10
  32400.000         11
  32500.000         10
  32600.000         12
  32700.000          9
  32800.000          9
  32900.000         12
  33000.000         11
  33100.000          9
  33200.000          9
  33300.000          7
  33400.000          9
  33500.000         10
  33600.000          9
  33700.000         11
  33800.000         12
  33900.000         13
  34000.000         10
  34100.000         11
  34200.000          9
  34300.000          8
  34400.000          8
  34500.000         10
  34600.000         11
  34700.000         10
  34800.000         10
  34900.000         12
  35000.000          9
  35100.000         11
  35200.000         10
  35300.000         12
  35400.000          9
  35500.000          8
  35600.000         11
  35700.000         10
  35800.000         12
  35900.000          8
  36000.000          9
  36100.000          8
  36200.000          9
  36300.000          8
  36400.000          8
  36500.000         10
  36600.000         13
  36700.000         10
  36800.000          8
  36900.000         10
  37000.000          8
  37100.000          9
  37200.000         12
  37300.000         12
  37400.000          9
  37500.000          5
  37600.000          9
  37700.000          6
  37800.000          9
  37900.000          8
  38000.000         10
  38100.000          8
  38200.000          9
  38300.000         12
  38400.000          9
  38500.000          8
  38600.000         14
  38700.000         11
  38800.000         10
  38900.000         11
  39000.000          8
  39100.000         12
  39200.000          6
  39300.000          9
  39400.000         12
  39500.000          9
  39600.000         11
  39700.000         11
  39800.000          8
  39900.000          9
  40000.000          8
  40100.000          9
  40200.000         11
  40300.000         13
  40400.000         10
  40500.000          9
  40600.000         10
  40700.000          9
  40800.000         11
  40900.000          9
  41000.000          9
  41100.000         12
  41200.000         11
  41300.000          9
  41400.000         11
  41500.000          6
  41600.000         12
  41700.000         12
  41800.000          6
  41900.000          8
  42000.000         12
  42100.000         10
  42200.000          8
  42300.000         10
  42400.000         12
  42500.000          8
  42600.000         10
  42700.000         11
  42800.000         11
  42900.000         13
  43000.000         11
  43100.000         10
  43200.000         11
  43300.000         13
  43400.000         10
  43500.000         11
  43600.000          8
  43700.000         10
  43800.000          9
  43900.000         12
  44000.000          9
  44100.000          9
  44200.000         12
  44300.000          9
  44400.000         12
  44500.000         10
  44600.000         10
  44700.000         10
  44800.000         10
  44900.000         11
  45000.000         12
  45100.000         10
  45200.000         10
  45300.000          7
  45400.000          9
  45500.000         10
  45600.000          7
  45700.000          6
  45800.000         11
  45900.000          8
  46000.000         12
  46100.000         10
  46200.000         11
  46300.000          8
  46400.000         10
  46500.000         10
  46600.000         11
  46700.000          8
  46800.000         12
  46900.000         10
  47000.000          9
  47100.000          9
  47200.000          9
  47300.000          7
  47400.000          4
  47500.000          9
  47600.000         10
  47700.000          9
  47800.000          9
  47900.000          9
  48000.000         12
  48100.000         10
  48200.000          9
  48300.000          9
  48400.000          9
  48500.000          9
  48600.000          9
  48700.000          9
  48800.000         11
  48900.000          9
  49000.000         11
  49100.000         10
  49200.000          9
  49300.000         11
  49400.000          8
  49500.000          9
  49600.000         10
  49700.000         10
  49800.000         11
  49900.000         10
  50000.000         10
  50100.000         10
  50200.000          9
  50300.000         10
  50400.000          7
  50500.000          8
  50600.000         12
  50700.000          9
  50800.000          9
  50900.000         11
  51000.000          8
  51100.000         10
  51200.000          9
  51300.000         10
  51400.000          8
  51500.000          8
  51600.000          9
  51700.000         10
  51800.000         10
  51900.000          9
  52000.000         10
  52100.000         11
  52200.000         12
  52300.000         12
  52400.000         10
  52500.000          8
  52600.000         10
  52700.000          8
  52800.000         13
  52900.000          8
  53000.000         10
  53100.000          8
  53200.000          9
  53300.000          7
  53400.000         10
  53500.000          9
  53600.000         10
  53700.000          8
  53800.000         10
  53900.000          7
  54000.000         10
  54100.000          7
  54200.000          9
  54300.000         10
  54400.000          9
  54500.000          9
  54600.000         10
  54700.000          9
  54800.000          8
  54900.000         11
  55000.000         10
  55100.000          9
  55200.000          8
  55300.000         11
  55400.000         10
  55500.000          9
  55600.000         10
  55700.000         11
  55800.000          9
  55900.000          9
  56000.000         11
  56100.000          9
  56200.000          9
  56300.000         11
  56400.000          9
  56500.000          8
  56600.000         11
  56700.000          8
  56800.000         10
  56900.000         10
  57000.000          9
  57100.000         10
  57200.000         10
  57300.000         10
  57400.000         11
  57500.000         11
  57600.000         11
  57700.000         10
  57800.000         10
  57900.000         10
  58000.000         11
  58100.000          9
  58200.000         11
  58300.000         10
  58400.000         10
  58500.000         11
  58600.000         10
  58700.000          8
  58800.000          5
  58900.000         10
  59000.000          9
  59100.000         10
  59200.000          8
  59300.000          7
  59400.000          9
  59500.000          7
  59600.000          9
  59700.000         10
  59800.000          9
  59900.000          8
  60000.000         11
  60100.000          7
  60200.000          9
  60300.000         10
  60400.000         10
  60500.000         11
  60600.000          9
  60700.000          9
  60800.000          9
  60900.000          8
  61000.000         11
  61100.000          9
  61200.000          7
  61300.000         11
  61400.000         11
  61500.000          8
  61600.000         11
  61700.000         10
  61800.000          8
  61900.000          9
  62000.000         13
  62100.000         11
  62200.000          8
  62300.000          8
  62400.000          8
  62500.000          9
  62600.000         11
  62700.000          9
  62800.000          8
  62900.000          8
  63000.000         11
  63100.000          9
  63200.000          6
  63300.000         11
  63400.000         10
  63500.000          9
  63600.000          7
  63700.000          9
  63800.000         11
  63900.000         11
  64000.000          7
  64100.000          4
  64200.000          8
  64300.000          7
  64400.000          7
  64500.000          8
  64600.000          7
  64700.000          7
  64800.000          9
  64900.000         10
  65000.000          9
  65100.000         12
  65200.000         10
  65300.000         10
  65400.000          9
  65500.000         10
  65600.000         13
  65700.000         12
  65800.000         10
  65900.000         11
  66000.000         14
  66100.000         10
  66200.000          7
  66300.000          9
  66400.000          8
  66500.000          9
  66600.000          9
  66700.000         10
  66800.000          9
  66900.000         10
  67000.000          9
  67100.000         10
  67200.000          7
  67300.000          8
  67400.000         10
  67500.000          8
  67600.000          7
  67700.000          9
  67800.000          9
  67900.000         12
  68000.000         10
  68100.000          9
  68200.000          7
  68300.000          9
  68400.000          8
  68500.000         10
  68600.000         10
  68700.000         11
  68800.000          8
  68900.000         10
  69000.000          7
  69100.000         11
  69200.000          8
  69300.000          9
  69400.000          8
  69500.000          6
  69600.000         10
  69700.000          9
  69800.000          7
  69900.000          7
  70000.000          8
  70100.000          9
  70200.000          9
  70300.000          6
  70400.000         11
  70500.000          9
  70600.000          8
  70700.000          7
  70800.000          9
  70900.000          9
  71000.000          9
  71100.000          9
  71200.000          6
  71300.000          9
  71400.000         10
  71500.000          7
  71600.000         10
  71700.000          9
  71800.000          9
  71900.000          9
  72000.000          7
  72100.000         11
  72200.000          9
  72300.000         10
  72400.000          9
  72500.000          4
  72600.000          9
  72700.000          9
  72800.000          9
  72900.000          9
  73000.000         11
  73100.000         10
  73200.000         12
  73300.000         11
  73400.000         10
  73500.000         11
  73600.000         12
  73700.000          7
  73800.000         11
  73900.000         11
  74000.000         10
  74100.000          7
  74200.000          7
  74300.000          7
  74400.000          9
  74500.000         11
  74600.000          8
  74700.000          7
  74800.000          6
  74900.000         10
  75000.000          7
  75100.000         10
  75200.000         10
  75300.000          9
  75400.000          8
  75500.000          8
  75600.000          6
  75700.000          9
  75800.000          7
  75900.000          8
  76000.000          7
  76100.000          8
  76200.000          8
  76300.000          8
  76400.000          8
  76500.000          7
  76600.000          9
  76700.000          8
  76800.000          8
  76900.000          6
  77000.000          9
  77100.000          8
  77200.000          8
  77300.000          9
  77400.000          4
  77500.000          9
  77600.000          9
  77700.000          9
  77800.000         11
  77900.000         10
  78000.000          8
  78100.000          9
  78200.000          7
  78300.000          9
  78400.000          8
  78500.000         11
  78600.000          6
  78700.000         10
  78800.000          8
  78900.000         11
  79000.000         10
  79100.000         10
  79200.000          8
  79300.000          8
  79400.000          7
  79500.000          8
  79600.000         10
  79700.000         11
  79800.000          8
  79900.000          9
  80000.000          7
  80100.000          8
  80200.000          7
  80300.000          5
  80400.000          9
  80500.000         10
  80600.000          7
  80700.000         10
  80800.000          6
  80900.000          7
  81000.000          7
  81100.000          9
  81200.000          7
  81300.000         11
  81400.000         10
  81500.000          8
  81600.000          9
  81700.000          8
  81800.000         10
  81900.000          9
  82000.000          5
  82100.000          7
  82200.000          5
  82300.000          9
  82400.000         10
  82500.000         10
  82600.000          8
  82700.000         11
  82800.000          9
  82900.000          9
  83000.000         11
  83100.000         10
  83200.000         10
  83300.000         10
  83400.000          9
  83500.000          5
  83600.000         10
  83700.000         10
  83800.000         10
  83900.000         12
  84000.000         10
  84100.000          9
  84200.000          9
  84300.000          8
  84400.000          8
  84500.000          9
  84600.000         10
  84700.000          9
  84800.000         11
  84900.000          9
  85000.000          8
  85100.000         10
  85200.000         10
  85300.000          9
  85400.000          7
  85500.000         10
  85600.000          9
  85700.000          8
  85800.000          9
  85900.000          7
  86000.000         10
  86100.000          8
  86200.000          9
  86300.000          9
  86400.000         11
  86500.000          9
  86600.000          9
  86700.000          9
  86800.000          9
  86900.000          9
  87000.000         12
  87100.000         10
  87200.000         11
  87300.000          6
  87400.000          8
  87500.000          8
  87600.000          8
  87700.000          7
  87800.000          7
  87900.000          7
  88000.000         10
  88100.000          7
  88200.000          8
  88300.000          5
  88400.000          9
  88500.000          9
  88600.000         11
  88700.000          8
  88800.000          7
  88900.000          8
  89000.000          6
  89100.000          7
  89200.000          9
  89300.000          7
  89400.000          8
  89500.000          8
  89600.000          8
  89700.000          7
  89800.000          9
  89900.000          8
  90000.000          6
  90100.000          8
  90200.000          8
  90300.000          8
  90400.000          7
  90500.000         10
  90600.000          7
  90700.000          7
  90800.000          9
  90900.000          9
  91000.000         10
  91100.000          8
  91200.000          6
  91300.000          6
  91400.000          9
  91500.000          6
  91600.000          7
  91700.000         10
  91800.000          8
  91900.000         10
  92000.000         10
  92100.000         10
  92200.000          9
  92300.000          8
  92400.000          8
  92500.000          7
  92600.000          8
  92700.000          8
  92800.000          6
  92900.000          4
  93000.000         11
  93100.000         11
  93200.000         11
  93300.000         11
  93400.000         11
  93500.000         10
  93600.000         12
  93700.000          8
  93800.000         13
  93900.000         11
  94000.000          9
  94100.000         11
  94200.000         10
  94300.000         10
  94400.000         13
  94500.000         12
  94600.000         10
  94700.000         12
  94800.000         11
  94900.000         13
  95000.000          9
  95100.000         11
  95200.000          9
  95300.000          9
  95400.000          9
  95500.000          9
  95600.000          9
  95700.000         10
  95800.000          9
  95900.000          8
  96000.000         10
  96100.000          8
  96200.000         11
  96300.000         11
  96400.000          8
  96500.000          7
  96600.000          9
  96700.000          6
  96800.000          9
  96900.000         12
  97000.000          7
  97100.000         10
  97200.000         12
  97300.000         11
  97400.000          9
  97500.000         10
  97600.000          9
  97700.000         12
  97800.000         10
  97900.000          9
  98000.000          9
  98100.000          7
  98200.000          8
  98300.000         13
  98400.000          9
  98500.000         11
  98600.000         11
  98700.000         12
  98800.000          8
  98900.000         13
  99000.000         11
  99100.000          9
  99200.000         12
  99300.000         11
  99400.000         10
  99500.000         10
  99600.000          9
  99700.000         12
  99800.000          9
  99900.000         10
 100000.000          8
 100100.000         11
 100200.000          7
 100300.000         11
 100400.000          9
 100500.000          8
 100600.000         14
 100700.000         10
 100800.000         12
 100900.000         12
 101000.000         13
 101100.000         13
 101200.000         12
 101300.000         12
 101400.000         12
 101500.000         12
 101600.000         11
 101700.000         11
 101800.000         10
 101900.000         14
 102000.000          9
 102100.000         13
 102200.000         12
 102300.000         13
 102400.000          8
 102500.000         12
 102600.000         13
 102700.000         11
 102800.000         12
 102900.000          7
 103000.000          9
 103100.000          9
 103200.000         10
 103300.000         12
 103400.000         10
 103500.000         12
 103600.000          8
 103700.000          9
 103800.000         12
 103900.000         10
 104000.000          8
 104100.000         12
 104200.000         10
 104300.000         12
 104400.000         13
 104500.000         11
 104600.000          7
 104700.000         12
 104800.000          8
 104900.000         10
 105000.000         10
 105100.000          7
 105200.000         10
 105300.000          7
 105400.000         10
 105500.000         12
 105600.000          9
 105700.000          9
 105800.000         10
 105900.000         11
 106000.000         10
 106100.000          9
 106200.000         11
 106300.000         10
 106400.000         14
 106500.000          7
 106600.000          8
 106700.000         12
 106800.000          7
 106900.000          8
 107000.000         10
 107100.000          9
 107200.000         12
 107300.000         11
 107400.000         13
 107500.000         11
 107600.000         12
 107700.000         10
 107800.000          9
 107900.000          6
 108000.000          7
 108100.000         10
 108200.000         11
 108300.000          9
 108400.000         10
 108500.000         11
 108600.000         12
 108700.000         11
 108800.000         10
 108900.000          9
 109000.000          8
 109100.000          8
 109200.000          7
 109300.000          9
 109400.000          8
 109500.000          9
 109600.000          7
 109700.000         10
 109800.000          7
 109900.000          9
 110000.000         11
 110100.000         10
 110200.000         12
 110300.000         10
 110400.000         11
 110500.000          9
 110600.000          8
 110700.000          6
 110800.000          5
 110900.000          9
 111000.000          9
 111100.000         10
 111200.000          8
 111300.000          7
 111400.000          5
 111500.000          7
 111600.000          7
 111700.000          6
 111800.000          8
 111900.000          9
 112000.000          7
 112100.000          9
 112200.000          9
 112300.000          8
 112400.000          9
 112500.000          8
 112600.000         12
 112700.000          9
 112800.000         11
 112900.000         10
 113000.000         11
 113100.000          8
 113200.000          8
 113300.000         10
 113400.000         12
 113500.000          9
 113600.000          8
 113700.000          9
 113800.000          7
 113900.000         10
 114000.000          9
 114100.000          8
 114200.000          9
 114300.000         10
 114400.000          9
 114500.000          9
 114600.000         10
 114700.000         11
 114800.000         10
 114900.000         10
 115000.000         12
 115100.000          9
 115200.000          8
 115300.000          8
 115400.000         10
 115500.000         11
 115600.000          9
 115700.000         11
 115800.000         10
 115900.000         10
 116000.000         12
 116100.000          7
 116200.000          9
 116300.000          9
 116400.000         12
 116500.000         10
 116600.000          9
 116700.000         10
 116800.000         12
 116900.000         10
 117000.000         10
 117100.000         10
 117200.000         11
 117300.000         11
 117400.000         11
 117500.000         12
 117600.000         10
 117700.000         10
 117800.000          9
 117900.000         11
 118000.000         12
 118100.000         10
 118200.000         12
 118300.000         10
 118400.000         11
 118500.000         11
 118600.000         14
 118700.000          8
 118800.000         10
 118900.000         11
 119000.000         10
 119100.000          9
 119200.000         12
 119300.000          8
 119400.000          9
 119500.000         12
 119600.000         11
 119700.000         13
 119800.000         11
 119900.000         12
 120000.000          9
 120100.000          9
 120200.000         11
 120300.000         10
 120400.000          9
 120500.000          9
 120600.000          9
 120700.000          8
 120800.000          9
 120900.000          9
 121000.000          7
 121100.000         10
 121200.000          8
 121300.000         10
 121400.000          8
 121500.000         12
 121600.000          8
 121700.000         11
 121800.000          9
 121900.000         11
 122000.000          8
 122100.000          9
 122200.000         10
 122300.000          9
 122400.000          8
 122500.000          8
 122600.000          7
 122700.000          7
 122800.000         10
 122900.000          9
 123000.000          8
 123100.000          9
 123200.000          6
 123300.000          9
 123400.000          9
 123500.000          9
 123600.000          8
 123700.000          9
 123800.000          8
 123900.000          7
 124000.000          8
 124100.000          8
 124200.000          9
 124300.000          7
 124400.000          9
 124500.000          7
 124600.000         10
 124700.000          8
 124800.000         10
 124900.000         10
 125000.000         10
 125100.000         10
 125200.000          9
 125300.000          7
 125400.000          9
 125500.000          9
 125600.000          8
 125700.000          9
 125800.000          6
 125900.000          7
 126000.000          9
 126100.000          7
 126200.000         10
 126300.000          6
 126400.000          7
 126500.000          7
 126600.000          8
 126700.000          8
 126800.000          8
 126900.000          9
 127000.000          9
 127100.000          9
 127200.000          6
 127300.000         10
 127400.000          8
 127500.000          7
 127600.000          6
 127700.000          6
 127800.000          8
 127900.000          6
 128000.000          7
 128100.000         10
 128200.000          9
 128300.000          9
 128400.000          8
 128500.000          7
 128600.000          7
 128700.000         11
 128800.000          8
 128900.000          7
 129000.000          9
 129100.000          7
 129200.000          8
 129300.000          8
 129400.000          8
 129500.000          6
 129600.000         12
 129700.000         13
 129800.000          9
 129900.000         13
 130000.000          7
 130100.000          9
 130200.000         11
 130300.000          9
 130400.000          9
 130500.000         11
 130600.000          8
 130700.000          8
 130800.000         10
 130900.000         11
 131000.000         10
 131100.000          9
 131200.000          7
 131300.000          8
 131400.000          9
 131500.000          9
 131600.000          6
 131700.000          8
 131800.000         10
 131900.000         10
 132000.000          6
 132100.000          7
 132200.000          9
 132300.000          9
 132400.000          9
 132500.000          9
 132600.000          5
 132700.000          7
 132800.000          5
 132900.000          7
 133000.000          6
 133100.000          9
 133200.000          7
 133300.000         10
 133400.000          9
 133500.000          9
 133600.000          7
 133700.000          9
 133800.000          9
 133900.000          9
 134000.000          9
 134100.000          9
 134200.000          8
 134300.000         12
 134400.000          8
 134500.000          9
 134600.000          7
 134700.000          8
 134800.000          9
 134900.000          9
 135000.000          5
 135100.000          9
 135200.000          9
 135300.000         10
 135400.000          7
 135500.000         12
 135600.000         10
 135700.000          7
 135800.000          7
 135900.000          8
 136000.000          6
 136100.000          9
 136200.000          9
 136300.000          9
 136400.000          8
 136500.000         11
 136600.000          8
 136700.000          9
 136800.000         10
 136900.000          9
 137000.000         10
 137100.000          8
 137200.000          7
 137300.000         10
 137400.000          9
 137500.000         12
 137600.000         14
 137700.000          8
 137800.000         10
 137900.000         10
 138000.000         11
 138100.000          9
 138200.000          9
 138300.000          7
 138400.000          8
 138500.000          9
 138600.000          8
 138700.000          5
 138800.000         10
 138900.000          6
 139000.000         10
 139100.000          6
 139200.000          6
 139300.000          9
 139400.000         11
 139500.000          8
 139600.000         13
 139700.000          8
 139800.000          6
 139900.000          8
 140000.000          7
 140100.000          5
 140200.000         10
 140300.000          8
 140400.000          7
 140500.000          8
 140600.000          6
 140700.000          9
 140800.000          6
 140900.000          9
 141000.000          8
 141100.000          7
 141200.000          6
 141300.000         11
 141400.000          9
 141500.000         10
 141600.000         12
 141700.000          4
 141800.000          7
 141900.000          6
 142000.000          6
 142100.000          9
 142200.000          9
 142300.000          8
 142400.000         10
 142500.000          6
 142600.000         10
 142700.000          7
 142800.000          7
 142900.000         10
 143000.000          6
 143100.000          8
 143200.000          6
 143300.000          7
 143400.000          5
 143500.000          5
 143600.000          6
 143700.000          5
 143800.000          9
 143900.000          8
 144000.000          7
 144100.000          8
 144200.000          7
 144300.000          8
 144400.000          9
 144500.000         11
 144600.000         10
 144700.000         11
 144800.000         13
 144900.000          8
 145000.000          4
 145100.000          8
 145200.000         10
 145300.000          8
 145400.000          9
 145500.000         10
 145600.000          9
 145700.000         10
 145800.000         12
 145900.000          8
 146000.000          8
 146100.000         10
 146200.000          8
 146300.000         11
 146400.000          8
 146500.000         12
 146600.000         10
 146700.000          9
 146800.000         10
 146900.000         12
 147000.000         12
 147100.000         13
 147200.000         10
 147300.000         12
 147400.000         10
 147500.000          9
 147600.000          9
 147700.000          8
 147800.000         14
 147900.000         10
 148000.000         11
 148100.000         12
 148200.000         12
 148300.000          8
 148400.000          9
 148500.000         12
 148600.000         11
 148700.000          9
 148800.000         14
 148900.000         13
 149000.000         11
 149100.000         11
 149200.000         10
 149300.000         12
 149400.000          9
 149500.000         10
 149600.000         13
 149700.000         13
 149800.000         11
 149900.000         12
 150000.000         10
 150100.000         13
 150200.000         10
 150300.000         13
 150400.000         10
 150500.000         12
 150600.000         13
 150700.000          8
 150800.000          9
 150900.000         11
 151000.000         11
 151100.000          8
 151200.000         11
 151300.000         10
 151400.000          9
 151500.000         12
 151600.000         11
 151700.000         11
 151800.000         10
 151900.000         11
 152000.000         11
 152100.000         12
 152200.000         11
 152300.000         12
 152400.000         11
 152500.000         13
 152600.000         13
 152700.000         11
 152800.000          9
 152900.000         10
 153000.000         14
 153100.000          9
 153200.000         11
 153300.000         11
 153400.000          8
 153500.000         10
 153600.000         11
 153700.000         13
 153800.000         12
 153900.000         11
 154000.000          9
 154100.000         11
 154200.000          9
 154300.000         10
 154400.000         10
 154500.000          9
 154600.000          9
 154700.000          9
 154800.000          9
 154900.000         11
 155000.000         10
 155100.000         13
 155200.000         11
 155300.000         11
 155400.000          9
 155500.000         11
 155600.000          9
 155700.000         11
 155800.000         11
 155900.000         11
 156000.000         10
 156100.000          9
 156200.000         11
 156300.000         10
 156400.000         13
 156500.000          9
 156600.000         10
 156700.000         11
 156800.000         14
 156900.000         12
 157000.000         10
 157100.000         10
 157200.000         10
 157300.000         10
 157400.000         11
 157500.000         11
 157600.000         10
 157700.000         12
 157800.000         12
 157900.000         11
 158000.000         13
 158100.000         10
 158200.000          8
 158300.000         10
 158400.000         13
 158500.000          8
 158600.000          9
 158700.000         11
 158800.000         10
 158900.000         12
 159000.000         13
 159100.000         10
 159200.000         10
 159300.000         14
 159400.000          9
 159500.000         12
 159600.000         11
 159700.000          9
 159800.000          9
 159900.000         10
 160000.000         11
 160100.000         11
 160200.000          9
 160300.000         10
 160400.000          9
 160500.000         10
 160600.000         10
 160700.000          8
 160800.000         10
 160900.000         13
 161000.000         10
 161100.000         15
 161200.000         10
 161300.000         11
 161400.000         10
 161500.000         12
 161600.000         10
 161700.000          8
 161800.000         14
 161900.000         11
 162000.000          9
 162100.000         10
 162200.000          9
 162300.000         10
 162400.000          6
 162500.000         11
 162600.000         10
 162700.000          8
 162800.000         11
 162900.000          8
 163000.000          9
 163100.000         10
 163200.000          9
 163300.000          9
 163400.000          7
 163500.000          9
 163600.000          7
 163700.000          8
 163800.000          8
 163900.000          8
 164000.000         10
 164100.000          8
 164200.000          7
 164300.000          7
 164400.000          9
 164500.000          8
 164600.000          9
 164700.000         11
 164800.000          8
 164900.000          9
 165000.000          8
 165100.000         11
 165200.000          8
 165300.000          8
 165400.000         10
 165500.000         11
 165600.000         10
 165700.000          9
 165800.000          8
 165900.000         11
 166000.000          9
 166100.000         11
 166200.000          9
 166300.000         11
 166400.000         11
 166500.000          6
 166600.000         10
 166700.000          8
 166800.000         12
 166900.000         10
 167000.000         13
 167100.000          9
 167200.000          8
 167300.000          9
 167400.000          8
 167500.000         14
 167600.000         13
 167700.000         11
 167800.000         12
 167900.000          8
 168000.000         12
 168100.000         11
 168200.000         11
 168300.000         11
 168400.000          9
 168500.000          8
 168600.000          9
 168700.000         10
 168800.000          9
 168900.000          7
 169000.000          9
 169100.000          9
 169200.000          5
 169300.000          8
 169400.000          9
 169500.000         12
 169600.000          9
 169700.000         11
 169800.000         10
 169900.000         12
 170000.000          8
 170100.000         10
 170200.000          7
 170300.000          9
 170400.000         12
 170500.000         11
 170600.000          9
 170700.000          7
 170800.000          8
 170900.000         10
 171000.000         12
 171100.000         10
 171200.000         13
 171300.000         13
 171400.000          9
 171500.000          9
 171600.000         10
 171700.000         13
 171800.000         11
 171900.000         11
 172000.000         12
 172100.000         10
 172200.000         11
 172300.000         12
 172400.000         11
 172500.000         11
 172600.000          7
 172700.000         11
 172800.000         11
 172900.000          8
 173000.000         11
 173100.000         10
 173200.000         11
 173300.000          9
 173400.000         11
 173500.000         10
 173600.000         13
 173700.000          8
 173800.000          9
 173900.000          9
 174000.000         11
 174100.000          6
 174200.000          9
 174300.000         10
 174400.000         10
 174500.000          8
 174600.000          9
 174700.000          8
 174800.000         12
 174900.000          7
 175000.000          9
 175100.000         13
 175200.000         12
 175300.000         10
 175400.000          7
 175500.000         11
 175600.000         12
 175700.000         10
 175800.000         11
 175900.000         10
 176000.000         11
 176100.000         11
 176200.000         10
 176300.000         11
 176400.000          9
 176500.000          9
 176600.000         10
 176700.000          7
 176800.000         10
 176900.000          8
 177000.000         10
 177100.000          9
 177200.000          7
 177300.000         10
 177400.000         10
 177500.000         11
 177600.000         11
 177700.000         10
 177800.000         10
 177900.000          9
 178000.000         10
 178100.000         10
 178200.000          9
 178300.000          8
 178400.000          9
 178500.000          8
 178600.000          8
 178700.000          8
 178800.000         10
 178900.000          9
 179000.000         10
 179100.000          9
 179200.000         11
 179300.000          9
 179400.000         11
 179500.000          8
 179600.000         10
 179700.000          8
 179800.000         11
 179900.000         12
 180000.000          9
 180100.000         12
 180200.000          9
 180300.000         12
 180400.000         14
 180500.000         11
 180600.000          6
 180700.000         11
 180800.000         11
 180900.000         11
 181000.000         13
 181100.000         11
 181200.000          8
 181300.000         10
 181400.000         12
 181500.000          6
 181600.000          9
 181700.000         10
 181800.000         12
 181900.000         11
 182000.000          7
 182100.000         11
 182200.000          8
 182300.000          9
 182400.000          6
 182500.000          8
 182600.000         11
 182700.000          9
 182800.000          9
 182900.000          8
 183000.000         10
 183100.000          8
 183200.000          8
 183300.000         10
 183400.000         10
 183500.000         10
 183600.000          8
 183700.000         11
 183800.000          7
 183900.000          8
 184000.000          8
 184100.000         10
 184200.000         10
 184300.000          9
 184400.000          9
 184500.000         12
 184600.000          9
 184700.000         10
 184800.000         11
 184900.000          9
 185000.000         13
 185100.000         13
 185200.000         11
 185300.000          9
 185400.000         10
 185500.000         11
 185600.000         11
 185700.000         10
 185800.000         10
 185900.000         10
 186000.000         10
 186100.000          9
 186200.000         11
 186300.000         12
 186400.000         10
 186500.000         11
 186600.000         10
 186700.000         11
 186800.000          5
 186900.000          8
 187000.000         10
 187100.000         13
 187200.000         11
 187300.000         10
 187400.000         10
 187500.000          8
 187600.000         11
 187700.000         10
 187800.000         10
 187900.000          8
 188000.000          7
 188100.000          7
 188200.000         10
 188300.000          8
 188400.000          6
 188500.000         10
 188600.000          9
 188700.000         10
 188800.000          8
 188900.000          9
 189000.000         10
 189100.000         12
 189200.000         11
 189300.000         10
 189400.000         11
 189500.000          8
 189600.000         14
 189700.000         11
 189800.000         10
 189900.000          8
 190000.000         12
 190100.000         10
 190200.000          8
 190300.000         12
 190400.000         10
 190500.000         11
 190600.000         11
 190700.000         10
 190800.000         11
 190900.000         12
 191000.000         12
 191100.000         10
 191200.000         11
 191300.000         12
 191400.000         14
 191500.000         13
 191600.000         12
 191700.000          9
 191800.000         12
 191900.000         12
 192000.000         10
 192100.000         10
 192200.000         10
 192300.000         13
 192400.000          9
 192500.000         11
 192600.000         11
 192700.000         10
 192800.000         11
 192900.000         12
 193000.000         10
 193100.000         11
 193200.000          9
 193300.000         10
 193400.000         14
 193500.000         13
 193600.000         14
 193700.000         13
 193800.000         13
 193900.000         12
 194000.000         13
 194100.000         11
 194200.000         11
 194300.000         12
 194400.000         12
 194500.000         12
 194600.000         11
 194700.000         12
 194800.000         10
 194900.000         12
 195000.000         10
 195100.000         14
 195200.000         13
 195300.000         14
 195400.000         13
 195500.000         10
 195600.000         11
 195700.000          7
 195800.000         11
 195900.000         10
 196000.000         10
 196100.000          9
 196200.000          9
 196300.000         10
 196400.000         11
 196500.000         10
 196600.000         10
 196700.000         11
 196800.000          9
 196900.000         11
 197000.000         10
 197100.000         11
 197200.000         12
 197300.000         11
 197400.000         10
 197500.000         10
 197600.000         11
 197700.000         11
 197800.000         10
 197900.000         12
 198000.000          9
 198100.000         11
 198200.000          9
 198300.000          8
 198400.000         10
 198500.000         11
 198600.000         10
 198700.000          5
 198800.000         10
 198900.000         10
 199000.000          8
 199100.000          6
 199200.000          8
 199300.000         11
 199400.000         10
 199500.000          9
 199600.000         10
 199700.000         10
 199800.000          8
 199900.000          9
 200000.000         10
 200100.000         10
 200200.000         11
 200300.000         10
 200400.000          9
 200500.000          9
 200600.000         10
 200700.000          9
 200800.000         10
 200900.000          8
 201000.000         10
 201100.000          9
 201200.000          9
 201300.000          8
 201400.000          8
 201500.000          8
 201600.000          9
 201700.000         13
 201800.000         10
 201900.000         10
 202000.000          9
 202100.000          8
 202200.000         10
 202300.000          7
 202400.000          9
 202500.000         10
 202600.000         10
 202700.000         10
 202800.000         11
 202900.000         11
 203000.000         10
 203100.000          8
 203200.000         10
 203300.000         11
 203400.000         11
 203500.000         12
 203600.000         11
 203700.000         10
 203800.000         11
 203900.000          9
 204000.000          8
 204100.000         12
 204200.000         11
 204300.000         11
 204400.000          8
 204500.000         10
 204600.000          9
 204700.000         10
 204800.000          8
 204900.000         10
 205000.000         10
 205100.000         10
 205200.000          8
 205300.000          8
 205400.000         10
 205500.000         10
 205600.000         10
 205700.000          7
 205800.000         10
 205900.000         13
 206000.000         11
 206100.000         10
 206200.000          9
 206300.000          8
 206400.000         12
 206500.000          7
 206600.000          7
 206700.000         10
 206800.000          8
 206900.000          9
 207000.000          9
 207100.000         11
 207200.000         11
 207300.000         12
 207400.000         11
 207500.000          8
 207600.000         11
 207700.000          9
 207800.000          9
 207900.000         12
 208000.000         11
 208100.000         10
 208200.000         10
 208300.000          8
 208400.000          7
 208500.000         13
 208600.000          9
 208700.000         10
 208800.000         12
 208900.000         13
 209000.000          7
 209100.000          9
 209200.000         10
 209300.000         10
 209400.000          9
 209500.000          8
 209600.000         10
 209700.000         12
 209800.000         11
 209900.000         11
 210000.000         10
 210100.000         12
 210200.000          9
 210300.000         10
 210400.000          9
 210500.000          9
 210600.000         10
 210700.000          8
 210800.000          9
 210900.000         10
 211000.000          9
 211100.000         10
 211200.000          9
 211300.000         13
 211400.000          7
 211500.000          8
 211600.000         12
 211700.000          9
 211800.000          7
 211900.000         10
 212000.000         10
 212100.000         10
 212200.000          9
 212300.000          9
 212400.000         12
 212500.000         11
 212600.000          9
 212700.000          9
 212800.000         11
 212900.000          9
 213000.000          8
 213100.000          9
 213200.000          9
 213300.000         12
 213400.000          9
 213500.000          9
 213600.000         10
 213700.000         10
 213800.000         11
 213900.000         11
 214000.000          9
 214100.000         10
 214200.000          9
 214300.000         11
 214400.000          8
 214500.000          7
 214600.000         11
 214700.000          7
 214800.000          8
 214900.000          7
 215000.000         10
 215100.000         11
 215200.000          7
 215300.000          9
 215400.000         10
 215500.000          9
 215600.000         11
 215700.000          9
 215800.000          8
 215900.000          9
 216000.000          7
 216100.000         10
 216200.000         10
 216300.000         11
 216400.000          7
 216500.000          6
 216600.000         10
 216700.000         12
 216800.000         10
 216900.000          8
 217000.000          7
 217100.000          9
 217200.000         10
 217300.000          9
 217400.000          5
 217500.000         10
 217600.000          8
 217700.000          8
 217800.000          9
 217900.000          7
 218000.000          9
 218100.000          8
 218200.000          9
 218300.000          9
 218400.000         10
 218500.000         10
 218600.000          7
 218700.000         12
 218800.000          8
 218900.000          9
 219000.000         10
 219100.000         11
 219200.000          7
 219300.000         11
 219400.000         10
 219500.000         10
 219600.000          7
 219700.000         10
 219800.000          9
 219900.000         11
 220000.000         11
 220100.000         11
 220200.000         10
 220300.000         10
 220400.000         11
 220500.000          8
 220600.000         10
 220700.000         11
 220800.000         10
 220900.000         12
 221000.000          9
 221100.000          8
 221200.000          5
 221300.000         11
 221400.000         10
 221500.000          9
 221600.000          9
 221700.000         11
 221800.000         10
 221900.000          8
 222000.000          8
 222100.000          9
 222200.000          9
 222300.000         11
 222400.000         11
 222500.000         10
 222600.000          9
 222700.000         12
 222800.000         11
 222900.000          8
 223000.000          8
 223100.000         11
 223200.000          7
 223300.000          9
 223400.000          9
 223500.000         10
 223600.000          7
 223700.000         10
 223800.000          9
 223900.000          9
 224000.000         10
 224100.000         12
 224200.000         11
 224300.000         11
 224400.000          9
 224500.000          7
 224600.000          8
 224700.000          9
 224800.000          9
 224900.000         11
 225000.000         10
 225100.000          8
 225200.000         10
 225300.000         10
 225400.000         12
 225500.000         10
 225600.000          7
 225700.000          8
 225800.000         12
 225900.000         11
 226000.000          9
 226100.000          8
 226200.000          7
 226300.000          8
 226400.000         11
 226500.000          6
 226600.000          6
 226700.000          9
 226800.000          6
 226900.000         11
 227000.000         10
 227100.000          9
 227200.000          9
 227300.000          9
 227400.000         12
 227500.000         10
 227600.000         12
 227700.000          8
 227800.000         10
 227900.000         11
 228000.000          8
 228100.000         10
 228200.000          9
 228300.000         11
 228400.000         10
 228500.000          7
 228600.000          8
 228700.000         10
 228800.000          5
 228900.000          8
 229000.000         11
 229100.000         10
 229200.000          5
 229300.000          7
 229400.000         10
 229500.000         11
 229600.000          8
 229700.000          6
 229800.000          9
 229900.000          5
 230000.000         11
 230100.000         11
 230200.000          7
 230300.000         10
 230400.000         10
 230500.000          8
 230600.000         11
 230700.000         12
 230800.000         10
 230900.000         10
 231000.000          9
 231100.000         10
 231200.000         10
 231300.000          7
 231400.000          9
 231500.000          9
 231600.000         10
 231700.000          8
 231800.000         11
 231900.000         11
 232000.000         11
 232100.000         10
 232200.000          9
 232300.000         12
 232400.000         10
 232500.000         11
 232600.000          9
 232700.000         10
 232800.000          9
 232900.000         10
 233000.000          9
 233100.000         11
 233200.000          9
 233300.000          8
 233400.000         10
 233500.000         11
 233600.000         11
 233700.000         10
 233800.000         11
 233900.000          8
 234000.000          8
 234100.000         11
 234200.000          9
 234300.000          7
 234400.000          8
 234500.000          7
 234600.000          7
 234700.000          5
 234800.000          9
 234900.000          8
 235000.000          8
 235100.000          9
 235200.000         11
 235300.000         11
 235400.000         12
 235500.000         11
 235600.000          8
 235700.000          8
 235800.000          9
 235900.000          8
 236000.000          9
 236100.000         11
 236200.000          9
 236300.000          7
 236400.000          7
 236500.000          9
 236600.000         11
 236700.000         10
 236800.000          8
 236900.000          9
 237000.000          9
 237100.000         10
 237200.000          8
 237300.000          9
 237400.000          9
 237500.000          9
 237600.000         10
 237700.000          9
 237800.000          6
 237900.000          8
 238000.000          8
 238100.000         11
 238200.000          9
 238300.000         10
 238400.000          7
 238500.000          9
 238600.000          9
 238700.000          8
 238800.000          6
 238900.000          9
 239000.000         11
 239100.000          8
 239200.000          7
 239300.000         10
 239400.000         11
 239500.000          8
 239600.000         10
 239700.000         11
 239800.000         10
 239900.000          8
 240000.000         11
 240100.000         10
 240200.000         11
 240300.000          8
 240400.000          8
 240500.000         10
 240600.000          9
 240700.000          7
 240800.000          7
 240900.000          8
 241000.000         11
 241100.000          8
 241200.000         10
 241300.000         11
 241400.000          9
 241500.000         10
 241600.000          8
 241700.000         12
 241800.000          9
 241900.000          9
 242000.000          8
 242100.000          9
 242200.000          9
 242300.000          8
 242400.000          9
 242500.000         10
 242600.000         10
 242700.000          8
 242800.000         10
 242900.000         10
 243000.000         11
 243100.000         10
 243200.000          9
 243300.000         10
 243400.000         10
 243500.000         11
 243600.000         12
 243700.000          8
 243800.000          8
 243900.000          9
 244000.000         11
 244100.000         11
 244200.000         11
 244300.000         11
 244400.000          7
 244500.000         12
 244600.000         10
 244700.000         12
 244800.000          9
 244900.000          9
 245000.000         10
 245100.000         13
 245200.000         11
 245300.000         11
 245400.000          9
 245500.000          8
 245600.000          8
 245700.000          7
 245800.000          7
 245900.000         10
 246000.000          9
 246100.000          9
 246200.000         11
 246300.000          7
 246400.000         10
 246500.000          8
 246600.000          5
 246700.000          7
 246800.000          7
 246900.000         10
 247000.000          7
 247100.000          6
 247200.000          7
 247300.000          7
 247400.000          6
 247500.000          5
 247600.000          7
 247700.000          8
 247800.000          6
 247900.000          8
 248000.000          9
 248100.000          6
 248200.000          9
 248300.000          9
 248400.000          5
 248500.000          8
 248600.000         11
 248700.000         10
 248800.000         11
 248900.000          9
 249000.000          7
 249100.000          9
 249200.000          9
 249300.000         11
 249400.000         10
 249500.000         11
 249600.000         11
 249700.000         11
 249800.000         10
 249900.000          9
 250000.000          8
 250100.000          9
 250200.000          8
 250300.000          8
 250400.000          7
 250500.000          7
 250600.000          6
 250700.000          7
 250800.000          7
 250900.000          9
 251000.000          7
 251100.000         10
 251200.000          9
 251300.000          7
 251400.000          9
 251500.000         11
 251600.000          7
 251700.000          3
 251800.000         11
 251900.000          7
 252000.000         10
 252100.000          9
 252200.000          9
 252300.000         10
 252400.000         10
 252500.000         12
 252600.000         11
 252700.000         10
 252800.000         10
 252900.000          8
 253000.000          9
 253100.000         10
 253200.000         10
 253300.000          8
 253400.000          9
 253500.000         10
 253600.000         10
 253700.000         13
 253800.000         11
 253900.000          9
 254000.000          8
 254100.000         10
 254200.000          7
 254300.000          8
 254400.000         10
 254500.000          7
 254600.000          6
 254700.000          9
 254800.000         11
 254900.000          8
 255000.000         10
 255100.000         10
 255200.000          9
 255300.000         10
 255400.000         12
 255500.000          9
 255600.000          7
 255700.000          6
 255800.000          7
 255900.000         11
 256000.000         10
 256100.000         10
 256200.000         10
 256300.000         11
 256400.000         13
 256500.000         11
 256600.000          9
 256700.000          9
 256800.000         11
 256900.000         10
 257000.000          9
 257100.000         10
 257200.000         10
 257300.000         11
 257400.000          8
 257500.000         12
 257600.000         11
 257700.000         10
 257800.000         10
 257900.000          9
 258000.000         10
 258100.000          9
 258200.000          7
 258300.000          9
 258400.000         10
 258500.000          9
 258600.000          9
 258700.000         11
 258800.000         10
 258900.000         11
 259000.000         11
 259100.000         10
 259200.000         11
 259300.000          9
 259400.000         10
 259500.000         11
 259600.000          5
 259700.000          8
 259800.000          7
 259900.000          9
 260000.000          8
 260100.000          8
 260200.000         10
 260300.000         10
 260400.000          9
 260500.000          7
 260600.000         10
 260700.000          7
 260800.000          9
 260900.000         10
 261000.000          9
 261100.000         13
 261200.000          8
 261300.000          9
 261400.000         12
 261500.000         12
 261600.000         12
 261700.000          7
 261800.000         10
 261900.000          9
 262000.000         13
 262100.000         10
 262200.000         10
 262300.000         12
 262400.000         13
 262500.000         12
 262600.000         14
 262700.000         10
 262800.000          9
 262900.000         13
 263000.000          9
 263100.000         12
 263200.000         10
 263300.000          9
 263400.000         10
 263500.000          9
 263600.000         11
 263700.000         10
 263800.000          9
 263900.000          9
 264000.000         12
 264100.000         11
 264200.000          9
 264300.000         11
 264400.000         10
 264500.000         11
 264600.000         11
 264700.000         12
 264800.000          9
 264900.000         12
 265000.000         10
 265100.000         11
 265200.000         11
 265300.000         12
 265400.000          7
 265500.000         13
 265600.000         10
 265700.000         10
 265800.000         13
 265900.000         10
 266000.000          8
 266100.000          9
 266200.000         12
 266300.000         11
 266400.000         13
 266500.000         10
 266600.000         12
 266700.000         12
 266800.000         10
 266900.000         11
 267000.000          9
 267100.000         10
 267200.000         11
 267300.000         12
 267400.000         10
 267500.000         10
 267600.000         12
 267700.000         10
 267800.000         10
 267900.000          9
 268000.000         10
 268100.000          9
 268200.000         11
 268300.000         10
 268400.000          7
 268500.000         11
 268600.000         10
 268700.000          9
 268800.000          8
 268900.000         10
 269000.000         12
 269100.000         12
 269200.000         13
 269300.000         11
 269400.000         11
 269500.000         12
 269600.000         10
 269700.000          8
 269800.000         10
 269900.000         11
 270000.000         11
 270100.000         10
 270200.000         12
 270300.000         10
 270400.000          8
 270500.000          9
 270600.000          8
 270700.000         10
 270800.000          9
 270900.000         11
 271000.000          9
 271100.000         12
 271200.000         13
 271300.000         10
 271400.000          8
 271500.000         12
 271600.000         10
 271700.000         10
 271800.000         10
 271900.000          9
 272000.000         10
 272100.000          9
 272200.000         11
 272300.000         11
 272400.000         11
 272500.000          9
 272600.000          9
 272700.000         10
 272800.000          8
 272900.000         10
 273000.000          9
 273100.000         11
 273200.000          8
 273300.000         10
 273400.000         11
 273500.000         10
 273600.000          9
 273700.000         11
 273800.000         11
 273900.000         12
 274000.000          9
 274100.000         10
 274200.000         11
 274300.000          9
 274400.000         10
 274500.000         10
 274600.000          9
 274700.000         11
 274800.000         13
 274900.000          8
 275000.000         11
 275100.000         11
 275200.000         11
 275300.000         11
 275400.000          9
 275500.000         10
 275600.000          9
 275700.000         10
 275800.000         11
 275900.000         11
 276000.000         13
 276100.000         12
 276200.000         12
 276300.000         11
 276400.000         12
 276500.000         11
 276600.000          8
 276700.000         12
 276800.000          9
 276900.000          8
 277000.000          8
 277100.000         10
 277200.000          9
 277300.000          9
 277400.000          9
 277500.000          9
 277600.000          8
 277700.000          6
 277800.000          9
 277900.000          9
 278000.000          8
 278100.000         10
 278200.000          8
 278300.000          5
 278400.000          7
 278500.000          6
 278600.000          8
 278700.000          6
 278800.000          8
 278900.000          4
 279000.000          6
 279100.000          8
 279200.000         11
 279300.000          8
 279400.000          7
 279500.000          7
 279600.000          9
 279700.000          6
 279800.000         10
 279900.000          8
 280000.000          7
 280100.000          7
 280200.000         10
 280300.000          7
 280400.000         10
 280500.000          8
 280600.000          8
 280700.000         11
 280800.000          9
 280900.000          8
 281000.000         10
 281100.000          9
 281200.000          9
 281300.000          7
 281400.000          8
 281500.000          9
 281600.000          8
 281700.000          8
 281800.000         11
 281900.000          9
 282000.000          7
 282100.000          6
 282200.000          6
 282300.000         10
 282400.000          6
 282500.000          6
 282600.000          8
 282700.000         10
 282800.000          7
 282900.000          7
 283000.000          9
 283100.000         11
 283200.000         11
 283300.000         11
 283400.000          7
 283500.000          9
 283600.000          4
 283700.000          8
 283800.000         11
 283900.000         10
 284000.000          6
 284100.000          9
 284200.000          9
 284300.000         10
 284400.000          9
 284500.000          8
 284600.000          7
 284700.000         10
 284800.000          9
 284900.000         10
 285000.000         10
 285100.000          7
 285200.000          6
 285300.000          7
 285400.000          9
 285500.000          9
 285600.000         10
 285700.000          8
 285800.000          9
 285900.000         10
 286000.000         12
 286100.000         12
 286200.000         10
 286300.000         10
 286400.000          9
 286500.000         10
 286600.000          9
 286700.000          6
 286800.000         10
 286900.000         10
 287000.000          6
 287100.000         10
 287200.000          7
 287300.000          7
 287400.000          7
 287500.000          7
 287600.000          5
 287700.000          8
 287800.000         10
 287900.000          6
 288000.000          8
 288100.000          6
 288200.000          8
 288300.000          9
 288400.000          8
 288500.000          9
 288600.000          7
 288700.000         10
 288800.000          8
 288900.000          7
 289000.000          8
 289100.000         10
 289200.000         10
 289300.000          8
 289400.000          8
 289500.000          7
 289600.000          8
 289700.000          7
 289800.000         11
 289900.000          7
 290000.000         10
 290100.000          7
 290200.000          9
 290300.000          8
 290400.000          7
 290500.000          7
 290600.000          9
 290700.000          9
 290800.000          9
 290900.000         11
 291000.000         10
 291100.000          9
 291200.000          9
 291300.000         10
 291400.000          8
 291500.000          9
 291600.000          9
 291700.000          9
 291800.000         12
 291900.000         12
 292000.000         11
 292100.000          8
 292200.000          9
 292300.000          9
 292400.000         10
 292500.000          7
 292600.000          8
 292700.000          9
 292800.000         10
 292900.000         13
 293000.000         12
 293100.000         10
 293200.000         10
 293300.000          9
 293400.000         10
 293500.000          9
 293600.000         13
 293700.000          7
 293800.000          9
 293900.000         10
 294000.000         10
 294100.000          9
 294200.000          9
 294300.000         10
 294400.000          8
 294500.000          7
 294600.000         10
 294700.000          7
 294800.000          9
 294900.000          5
 295000.000          9
 295100.000          9
 295200.000          7
 295300.000          6
 295400.000          8
 295500.000          6
 295600.000          9
 295700.000          7
 295800.000          8
 295900.000         11
 296000.000          8
 296100.000          6
 296200.000          6
 296300.000          4
 296400.000          8
 296500.000          8
 296600.000          8
 296700.000          6
 296800.000          8
 296900.000          7
 297000.000          6
 297100.000          7
 297200.000          7
 297300.000          8
 297400.000          6
 297500.000          9
 297600.000          8
 297700.000          7
 297800.000          8
 297900.000         10
 298000.000          5
 298100.000          8
 298200.000          6
 298300.000          8
 298400.000          8
 298500.000          6
 298600.000          9
 298700.000         11
 298800.000          8
 298900.000         11
 299000.000          8
 299100.000         10
 299200.000         10
 299300.000         11
 299400.000         11
 299500.000          4
 299600.000          8
 299700.000         12
 299800.000          6
 299900.000          8
 300000.000          9
 300100.000          9
 300200.000          9
 300300.000          7
 300400.000          5
 300500.000          8
 300600.000         10
 300700.000          9
 300800.000          5
 300900.000          6
 301000.000          6
 301100.000          9
 301200.000          9
 301300.000          7
 301400.000          9
 301500.000          7
 301600.000          8
 301700.000          9
 301800.000          9
 301900.000          9
 302000.000          8
 302100.000          8
 302200.000          7
 302300.000          9
 302400.000         11
 302500.000          9
 302600.000          9
 302700.000          9
 302800.000          9
 302900.000          7
 303000.000          9
 303100.000          7
 303200.000          7
 303300.000         11
 303400.000          7
 303500.000          7
 303600.000         10
 303700.000          6
 303800.000          9
 303900.000         10
 304000.000         12
 304100.000          9
 304200.000         11
 304300.000         11
 304400.000         10
 304500.000         10
 304600.000          8
 304700.000         10
 304800.000          9
 304900.000         10
 305000.000          9
 305100.000          9
 305200.000          6
 305300.000         11
 305400.000         10
 305500.000         11
 305600.000         10
 305700.000          8
 305800.000          8
 305900.000          8
 306000.000         11
 306100.000          7
 306200.000         10
 306300.000          6
 306400.000         10
 306500.000         11
 306600.000          8
 306700.000          9
 306800.000         10
 306900.000         11
 307000.000          9
 307100.000         11
 307200.000         10
 307300.000         12
 307400.000         13
 307500.000          6
 307600.000         11
 307700.000         11
 307800.000          5
 307900.000         14
 308000.000         13
 308100.000          9
 308200.000         10
 308300.000         10
 308400.000         11
 308500.000          8
 308600.000          9
 308700.000         10
 308800.000          9
 308900.000          5
 309000.000          8
 309100.000          7
 309200.000          8
 309300.000          8
 309400.000         10
 309500.000          7
 309600.000          8
 309700.000          7
 309800.000          9
 309900.000          9
 310000.000         11
 310100.000         12
 310200.000          9
 310300.000         11
 310400.000          9
 310500.000          6
 310600.000         11
 310700.000         11
 310800.000          8
 310900.000         11
 311000.000          9
 311100.000          9
 311200.000         10
 311300.000          7
 311400.000          9
 311500.000         10
 311600.000         11
 311700.000         13
 311800.000          7
 311900.000         11
 312000.000         11
 312100.000         12
 312200.000         11
 312300.000         10
 312400.000          8
 312500.000         10
 312600.000          9
 312700.000         11
 312800.000          9
 312900.000         11
 313000.000          8
 313100.000          7
 313200.000          6
 313300.000         10
 313400.000         13
 313500.000         11
 313600.000         11
 313700.000         11
 313800.000         12
 313900.000         13
 314000.000          9
 314100.000         10
 314200.000         11
 314300.000          7
 314400.000          9
 314500.000          6
 314600.000          8
 314700.000          8
 314800.000          8
 314900.000          9
 315000.000          7
 315100.000          9
 315200.000          7
 315300.000         10
 315400.000          8
 315500.000          8
 315600.000          7
 315700.000         11
 315800.000          9
 315900.000         10
 316000.000          8
 316100.000          6
 316200.000         13
 316300.000          7
 316400.000         10
 316500.000         11
 316600.000          8
 316700.000          8
 316800.000          8
 316900.000          7
 317000.000          7
 317100.000          7
 317200.000          8
 317300.000          8
 317400.000          9
 317500.000          9
 317600.000          7
 317700.000          7
 317800.000          8
 317900.000          6
 318000.000          6
 318100.000         10
 318200.000         10
 318300.000         12
 318400.000         10
 318500.000         13
 318600.000          7
 318700.000         10
 318800.000         10
 318900.000          7
 319000.000          8
 319100.000          8
 319200.000          9
 319300.000          9
 319400.000          9
 319500.000          7
 319600.000         11
 319700.000          8
 319800.000         10
 319900.000          7
 320000.000         12
 320100.000          8
 320200.000          9
 320300.000         10
 320400.000         11
 320500.000          9
 320600.000         12
 320700.000         10
 320800.000          8
 320900.000         10
 321000.000          9
 321100.000          8
 321200.000          8
 321300.000          7
 321400.000          9
 321500.000         10
 321600.000         10
 321700.000         10
 321800.000         11
 321900.000          9
 322000.000          8
 322100.000          9
 322200.000         10
 322300.000         10
 322400.000         10
 322500.000          9
 322600.000          9
 322700.000          9
 322800.000          8
 322900.000          8
 323000.000          7
 323100.000          8
 323200.000          6
 323300.000          7
 323400.000          9
 323500.000          7
 323600.000          8
 323700.000         10
 323800.000          8
 323900.000          9
 324000.000          7
 324100.000          8
 324200.000         10
 324300.000         10
 324400.000          7
 324500.000          7
 324600.000          9
 324700.000         10
 324800.000         10
 324900.000         10
 325000.000         10
 325100.000          6
 325200.000          9
 325300.000          9
 325400.000          9
 325500.000          7
 325600.000         11
 325700.000          9
 325800.000          9
 325900.000          9
 326000.000          7
 326100.000          6
 326200.000          9
 326300.000         10
 326400.000         10
 326500.000         10
 326600.000         11
 326700.000         10
 326800.000          9
 326900.000          7
 327000.000         10
 327100.000          6
 327200.000          7
 327300.000          9
 327400.000         12
 327500.000          9
 327600.000         10
 327700.000         10
 327800.000         11
 327900.000          7
 328000.000         10
 328100.000         10
 328200.000         10
 328300.000         10
 328400.000          9
 328500.000         10
 328600.000          8
 328700.000          8
 328800.000         10
 328900.000          4
 329000.000          7
 329100.000          8
 329200.000         10
 329300.000          8
 329400.000          9
 329500.000          8
 329600.000          6
 329700.000          9
 329800.000          8
 329900.000          9
 330000.000          9
 330100.000          8
 330200.000          9
 330300.000         11
 330400.000         10
 330500.000          9
 330600.000          8
 330700.000         10
 330800.000          5
 330900.000          9
 331000.000          7
 331100.000         10
 331200.000          7
 331300.000          6
 331400.000          6
 331500.000         10
 331600.000         10
 331700.000         10
 331800.000          8
 331900.000         10
 332000.000          8
 332100.000          9
 332200.000          7
 332300.000          8
 332400.000         11
 332500.000          4
 332600.000          6
 332700.000          7
 332800.000          8
 332900.000          4
 333000.000          7
 333100.000          6
 333200.000          7
 333300.000          7
 333400.000          4
 333500.000          5
 333600.000          8
 333700.000          7
 333800.000          8
 333900.000          8
 334000.000          8
 334100.000          6
 334200.000          9
 334300.000          8
 334400.000          9
 334500.000          9
 334600.000          8
 334700.000          7
 334800.000          7
 334900.000          9
 335000.000          6
 335100.000          6
 335200.000          6
 335300.000          8
 335400.000          7
 335500.000          6
 335600.000          9
 335700.000          9
 335800.000          8
 335900.000          8
 336000.000          6
 336100.000          8
 336200.000          9
 336300.000          8
 336400.000          8
 336500.000         10
 336600.000         10
 336700.000          5
 336800.000          7
 336900.000          6
 337000.000         10
 337100.000          6
 337200.000          8
 337300.000          7
 337400.000          9
 337500.000          8
 337600.000          6
 337700.000          6
 337800.000          6
 337900.000          5
 338000.000          8
 338100.000          7
 338200.000          5
 338300.000          8
 338400.000         10
 338500.000          8
 338600.000          6
 338700.000          9
 338800.000          7
 338900.000          6
 339000.000          8
 339100.000          6
 339200.000          9
 339300.000          7
 339400.000          7
 339500.000          7
 339600.000          6
 339700.000         11
 339800.000          9
 339900.000          7
 340000.000          7
 340100.000          6
 340200.000          5
 340300.000          9
 340400.000          7
 340500.000          9
 340600.000          7
 340700.000          8
 340800.000          6
 340900.000          6
 341000.000          2
 341100.000         11
 341200.000          8
 341300.000          8
 341400.000          5
 341500.000          7
 341600.000          9
 341700.000          7
 341800.000          9
 341900.000          7
 342000.000          5
 342100.000          7
 342200.000          7
 342300.000          8
 342400.000          8
 342500.000          8
 342600.000          7
 342700.000          6
 342800.000          8
 342900.000          7
 343000.000          8
 343100.000          8
 343200.000          8
 343300.000          9
 343400.000          7
 343500.000          8
 343600.000          9
 343700.000          7
 343800.000          8
 343900.000          9
 344000.000          5
 344100.000          7
 344200.000          7
 344300.000          8
 344400.000          8
 344500.000          9
 344600.000          7
 344700.000          7
 344800.000          7
 344900.000          8
 345000.000          8
 345100.000          6
 345200.000          8
 345300.000          8
 345400.000          8
 345500.000          8
 345600.000          9
 345700.000         10
 345800.000          9
 345900.000         10
 346000.000          7
 346100.000         10
 346200.000          9
 346300.000          8
 346400.000          7
 346500.000         10
 346600.000          9
 346700.000          7
 346800.000          7
 346900.000          8
 347000.000          7
 347100.000          7
 347200.000         10
 347300.000          8
 347400.000         11
 347500.000          7
 347600.000          9
 347700.000          8
 347800.000          7
 347900.000          8
 348000.000          8
 348100.000          9
 348200.000          7
 348300.000         10
 348400.000          8
 348500.000          6
 348600.000          9
 348700.000          5
 348800.000          7
 348900.000          7
 349000.000          7
 349100.000          8
 349200.000          8
 349300.000          6
 349400.000          9
 349500.000          6
 349600.000          6
 349700.000          8
 349800.000         10
 349900.000          7
 350000.000          8
 350100.000          9
 350200.000          4
 350300.000          7
 350400.000          8
 350500.000         10
 350600.000          8
 350700.000          9
 350800.000          8
 350900.000          7
 351000.000          8
 351100.000          7
 351200.000          8
 351300.000          7
 351400.000          7
 351500.000          6
 351600.000          9
 351700.000          9
 351800.000          9
 351900.000          8
 352000.000          6
 352100.000          6
 352200.000          7
 352300.000          4
 352400.000          8
 352500.000          8
 352600.000          7
 352700.000          7
 352800.000          6
 352900.000         11
 353000.000          9
 353100.000          6
 353200.000          8
 353300.000          7
 353400.000          7
 353500.000          8
 353600.000          6
 353700.000          8
 353800.000          8
 353900.000          9
 354000.000         11
 354100.000          9
 354200.000         10
 354300.000          8
 354400.000          5
 354500.000          9
 354600.000          8
 354700.000          9
 354800.000         10
 354900.000          8
 355000.000          8
 355100.000         10
 355200.000          8
 355300.000          9
 355400.000         11
 355500.000          7
 355600.000          6
 355700.000          7
 355800.000          8
 355900.000          7
 356000.000          7
 356100.000          9
 356200.000          7
 356300.000         10
 356400.000          5
 356500.000          9
 356600.000          4
 356700.000          6
 356800.000          8
 356900.000          6
 357000.000          5
 357100.000          9
 357200.000          7
 357300.000          5
 357400.000          8
 357500.000          9
 357600.000          8
 357700.000          8
 357800.000         10
 357900.000          7
 358000.000          8
 358100.000          6
 358200.000          8
 358300.000          6
 358400.000          9
 358500.000          8
 358600.000          9
 358700.000          6
 358800.000          8
 358900.000          9
 359000.000          9
 359100.000          8
 359200.000          8
 359300.000          8
 359400.000         10
 359500.000          9
 359600.000          8
 359700.000          7
 359800.000          9
 359900.000         10
 360000.000         10
 360100.000          9
 360200.000          7
 360300.000          9
 360400.000          9
 360500.000          8
 360600.000          6
 360700.000          8
 360800.000          8
 360900.000          9
 361000.000          7
 361100.000          9
 361200.000          9
 361300.000          8
 361400.000          8
 361500.000          8
 361600.000          9
 361700.000          9
 361800.000          8
 361900.000          7
 362000.000          9
 362100.000          6
 362200.000          8
 362300.000          9
 362400.000          6
 362500.000          8
 362600.000          9
 362700.000          8
 362800.000          6
 362900.000          6
 363000.000          7
 363100.000          5
 363200.000          5
 363300.000          8
 363400.000          6
 363500.000          8
 363600.000          6
 363700.000          7
 363800.000          7
 363900.000          8
 364000.000          8
 364100.000          9
 364200.000          8
 364300.000          7
 364400.000          8
 364500.000          7
 364600.000          8
 364700.000         10
 364800.000         11
 364900.000         11
 365000.000          6
 365100.000          8
 365200.000          7
 365300.000          8
 365400.000          7
 365500.000          8
 365600.000          8
 365700.000          9
 365800.000          6
 365900.000         10
 366000.000         10
 366100.000          8
 366200.000          8
 366300.000          7
 366400.000          8
 366500.000          9
 366600.000         10
 366700.000          7
 366800.000          9
 366900.000         10
 367000.000         10
 367100.000          8
 367200.000         10
 367300.000          8
 367400.000          8
 367500.000          7
 367600.000          8
 367700.000          8
 367800.000          6
 367900.000          7
 368000.000          7
 368100.000          8
 368200.000          9
 368300.000          6
 368400.000          8
 368500.000         10
 368600.000          8
 368700.000          8
 368800.000          8
 368900.000          9
 369000.000          7
 369100.000         10
 369200.000          7
 369300.000          8
 369400.000          9
 369500.000          7
 369600.000          9
 369700.000          6
 369800.000          8
 369900.000          8
 370000.000          9
 370100.000          8
 370200.000          6
 370300.000          7
 370400.000         10
 370500.000          8
 370600.000          8
 370700.000          8
 370800.000          8
 370900.000          8
 371000.000          7
 371100.000          8
 371200.000          8
 371300.000          6
 371400.000          9
 371500.000          9
 371600.000          9
 371700.000          8
 371800.000          9
 371900.000         10
 372000.000         11
 372100.000          8
 372200.000         10
 372300.000          7
 372400.000         10
 372500.000          9
 372600.000          8
 372700.000          9
 372800.000          7
 372900.000         11
 373000.000          8
 373100.000          7
 373200.000         11
 373300.000          9
 373400.000          9
 373500.000          8
 373600.000          7
 373700.000          9
 373800.000         11
 373900.000         10
 374000.000         10
 374100.000          8
 374200.000         10
 374300.000         11
 374400.000          9
 374500.000          9
 374600.000          9
 374700.000         10
 374800.000          7
 374900.000          9
 375000.000         10
 375100.000          9
 375200.000          8
 375300.000          8
 375400.000          8
 375500.000          6
 375600.000          8
 375700.000          7
 375800.000          7
 375900.000          7
 376000.000          8
 376100.000          7
 376200.000          8
 376300.000         11
 376400.000          7
 376500.000          6
 376600.000          8
 376700.000          7
 376800.000          6
 376900.000          8
 377000.000          8
 377100.000         11
 377200.000         10
 377300.000          8
 377400.000          9
 377500.000          9
 377600.000          7
 377700.000         10
 377800.000          7
 377900.000          8
 378000.000          9
 378100.000          9
 378200.000          8
 378300.000          7
 378400.000          6
 378500.000          7
 378600.000          9
 378700.000          8
 378800.000          7
 378900.000          6
 379000.000          6
 379100.000          7
 379200.000          7
 379300.000          7
 379400.000          5
 379500.000          8
 379600.000          6
 379700.000         11
 379800.000          9
 379900.000          6
 380000.000          7
 380100.000          8
 380200.000          9
 380300.000         10
 380400.000          9
 380500.000          8
 380600.000          7
 380700.000         10
 380800.000         10
 380900.000          9
 381000.000          8
 381100.000          8
 381200.000         10
 381300.000          6
 381400.000          8
 381500.000          5
 381600.000         10
 381700.000          8
 381800.000          9
 381900.000          7
 382000.000          7
 382100.000          7
 382200.000          8
 382300.000          9
 382400.000         11
 382500.000          9
 382600.000          6
 382700.000          7
 382800.000          7
 382900.000          6
 383000.000          9
 383100.000          6
 383200.000          5
 383300.000          8
 383400.000          9
 383500.000          6
 383600.000          7
 383700.000          7
 383800.000          8
 383900.000          6
 384000.000          8
 384100.000          7
 384200.000          5
 384300.000          7
 384400.000          6
 384500.000          7
 384600.000          6
 384700.000          6
 384800.000          8
 384900.000          9
 385000.000          7
 385100.000          9
 385200.000          7
 385300.000         10
 385400.000          7
 385500.000          8
 385600.000          7
 385700.000          7
 385800.000          8
 385900.000          6
 386000.000          9
 386100.000          7
 386200.000          6
 386300.000          7
 386400.000          9
 386500.000          9
 386600.000          5
 386700.000         10
 386800.000          6
 386900.000          7
 387000.000          7
 387100.000         10
 387200.000          7
 387300.000          7
 387400.000         11
 387500.000         10
 387600.000          8
 387700.000          7
 387800.000          8
 387900.000          7
 388000.000          8
 388100.000          8
 388200.000          8
 388300.000          8
 388400.000         11
 388500.000          6
 388600.000          7
 388700.000          9
 388800.000          7
 388900.000          8
 389000.000          5
 389100.000          5
 389200.000          5
 389300.000          6
 389400.000         11
 389500.000          9
 389600.000          8
 389700.000          8
 389800.000          6
 389900.000          8
 390000.000          7
 390100.000          6
 390200.000          8
 390300.000          8
 390400.000         10
 390500.000          8
 390600.000          7
 390700.000          6
 390800.000          4
 390900.000         10
 391000.000          8
 391100.000          8
 391200.000          7
 391300.000          8
 391400.000          8
 391500.000          5
 391600.000         11
 391700.000          7
 391800.000          4
 391900.000          6
 392000.000          7
 392100.000          8
 392200.000          4
 392300.000          6
 392400.000          7
 392500.000          8
 392600.000          5
 392700.000          9
 392800.000          8
 392900.000          8
 393000.000          7
 393100.000          7
 393200.000          6
 393300.000          9
 393400.000         10
 393500.000          8
 393600.000          7
 393700.000          9
 393800.000         11
 393900.000          9
 394000.000          6
 394100.000          9
 394200.000          8
 394300.000          7
 394400.000          9
 394500.000          6
 394600.000         12
 394700.000         10
 394800.000          9
 394900.000          8
 395000.000          7
 395100.000          8
 395200.000          7
 395300.000         10
 395400.000          7
 395500.000          7
 395600.000          7
 395700.000          9
 395800.000         10
 395900.000         10
 396000.000          6
 396100.000          7
 396200.000         10
 396300.000          9
 396400.000         10
 396500.000          7
 396600.000          8
 396700.000          8
 396800.000          8
 396900.000         12
 397000.000          8
 397100.000          8
 397200.000          7
 397300.000          7
 397400.000          8
 397500.000          6
 397600.000          6
 397700.000          6
 397800.000          7
 397900.000          8
 398000.000         10
 398100.000          9
 398200.000          5
 398300.000          8
 398400.000         10
 398500.000          9
 398600.000          9
 398700.000          5
 398800.000          8
 398900.000         10
 399000.000          6
 399100.000          9
 399200.000          6
 399300.000          9
 399400.000          5
 399500.000          7
 399600.000          9
 399700.000          6
 399800.000          8
 399900.000          8
 400000.000          7
 400100.000          8
 400200.000          9
 400300.000         12
 400400.000          9
 400500.000          8
 400600.000          6
 400700.000          7
 400800.000          5
 400900.000          9
 401000.000          8
 401100.000          9
 401200.000          6
 401300.000          7
 401400.000          9
 401500.000         10
 401600.000          4
 401700.000          8
 401800.000          6
 401900.000          6
 402000.000          6
 402100.000          7
 402200.000          9
 402300.000         10
 402400.000          7
 402500.000          6
 402600.000          3
 402700.000          9
 402800.000          7
 402900.000          6
 403000.000          7
 403100.000          8
 403200.000         10
 403300.000          8
 403400.000          7
 403500.000          8
 403600.000          6
 403700.000          7
 403800.000         10
 403900.000          7
 404000.000          6
 404100.000          6
 404200.000          8
 404300.000          7
 404400.000          7
 404500.000          8
 404600.000          8
 404700.000          8
 404800.000          7
 404900.000          7
 405000.000         10
 405100.000          8
 405200.000          9
 405300.000          9
 405400.000          9
 405500.000          6
 405600.000          5
 405700.000          5
 405800.000          8
 405900.000         10
 406000.000         11
 406100.000          7
 406200.000          9
 406300.000         10
 406400.000         12
 406500.000         11
 406600.000          8
 406700.000          8
 406800.000          9
 406900.000          8
 407000.000          6
 407100.000          9
 407200.000          7
 407300.000          8
 407400.000          9
 407500.000          8
 407600.000          6
 407700.000          7
 407800.000          9
 407900.000          9
 408000.000          8
 408100.000          7
 408200.000          9
 408300.000          8
 408400.000          7
 408500.000          8
 408600.000          8
 408700.000          5
 408800.000          6
 408900.000          7
 409000.000          8
 409100.000          6
 409200.000          7
 409300.000          6
 409400.000          7
 409500.000          8
 409600.000          8
 409700.000          9
 409800.000          8
 409900.000          8
 410000.000          6
 410100.000          7
 410200.000          4
 410300.000          8
 410400.000          8
 410500.000          9
 410600.000          9
 410700.000          9
 410800.000          7
 410900.000          9
 411000.000          5
 411100.000          5
 411200.000          9
 411300.000          9
 411400.000          9
 411500.000         10
 411600.000          8
 411700.000          9
 411800.000          8
 411900.000          9
 412000.000          9
 412100.000          9
 412200.000          9
 412300.000         10
 412400.000          8
 412500.000          7
 412600.000          7
 412700.000          7
 412800.000         11
 412900.000          9
 413000.000          9
 413100.000          7
 413200.000         10
 413300.000         11
 413400.000         10
 413500.000          9
 413600.000          7
 413700.000          8
 413800.000          9
 413900.000          7
 414000.000          8
 414100.000          8
 414200.000          8
 414300.000         10
 414400.000         10
 414500.000         10
 414600.000         10
 414700.000         10
 414800.000          7
 414900.000          8
 415000.000         11
 415100.000          7
 415200.000          9
 415300.000          7
 415400.000         10
 415500.000          9
 415600.000          7
 415700.000          8
 415800.000          7
 415900.000          9
 416000.000         10
 416100.000          7
 416200.000          9
 416300.000          9
 416400.000          6
 416500.000         10
 416600.000          8
 416700.000          7
 416800.000          8
 416900.000          9
 417000.000         10
 417100.000          9
 417200.000          9
 417300.000          9
 417400.000         11
 417500.000          9
 417600.000         10
 417700.000          5
 417800.000          9
 417900.000          8
 418000.000          7
 418100.000          7
 418200.000          7
 418300.000          9
 418400.000         10
 418500.000         11
 418600.000          9
 418700.000          8
 418800.000         10
 418900.000         11
 419000.000         11
 419100.000          9
 419200.000          6
 419300.000          7
 419400.000          9
 419500.000          6
 419600.000          9
 419700.000          6
 419800.000         12
 419900.000          9
 420000.000         10
 420100.000          8
 420200.000         12
 420300.000         10
 420400.000          9
 420500.000          9
 420600.000          8
 420700.000          8
 420800.000          8
 420900.000          6
 421000.000          8
 421100.000          7
 421200.000          9
 421300.000          9
 421400.000         11
 421500.000          9
 421600.000         10
 421700.000         10
 421800.000         10
 421900.000          9
 422000.000          7
 422100.000          9
 422200.000          8
 422300.000          9
 422400.000          7
 422500.000          6
 422600.000         10
 422700.000         11
 422800.000          7
 422900.000          8
 423000.000          9
 423100.000          8
 423200.000          8
 423300.000          8
 423400.000          6
 423500.000          7
 423600.000          5
 423700.000         10
 423800.000         10
 423900.000          9
 424000.000          6
 424100.000          5
 424200.000         11
 424300.000          7
 424400.000          8
 424500.000          9
 424600.000          7
 424700.000         10
 424800.000         10
 424900.000          7
 425000.000          6
 425100.000          7
 425200.000         10
 425300.000          6
 425400.000          9
 425500.000          6
 425600.000          8
 425700.000          6
 425800.000          8
 425900.000          9
 426000.000          6
 426100.000          7
 426200.000          8
 426300.000         10
 426400.000          9
 426500.000          7
 426600.000          8
 426700.000          8
 426800.000          9
 426900.000         10
 427000.000          9
 427100.000          4
 427200.000          7
 427300.000          8
 427400.000          7
 427500.000          7
 427600.000          7
 427700.000          9
 427800.000          8
 427900.000          8
 428000.000          9
 428100.000         12
 428200.000          9
 428300.000         10
 428400.000         10
 428500.000         10
 428600.000         11
 428700.000          9
 428800.000          9
 428900.000         10
 429000.000          9
 429100.000          6
 429200.000         10
 429300.000          8
 429400.000          8
 429500.000         10
 429600.000          7
 429700.000          7
 429800.000          8
 429900.000          8
 430000.000          7
 430100.000          9
 430200.000         10
 430300.000          9
 430400.000         15
 430500.000          6
 430600.000          9
 430700.000         11
 430800.000         10
 430900.000          8
 431000.000         11
 431100.000          9
 431200.000         10
 431300.000         10
 431400.000          8
 431500.000          8
 431600.000          9
 431700.000         10
 431800.000          8
 431900.000         10
 432000.000          7
 432100.000         10
 432200.000          7
 432300.000          8
 432400.000          9
 432500.000          8
 432600.000          9
 432700.000          8
 432800.000         10
 432900.000          9
 433000.000          9
 433100.000          5
 433200.000          7
 433300.000          9
 433400.000          7
 433500.000          5
 433600.000          9
 433700.000         10
 433800.000          7
 433900.000          9
 434000.000          8
 434100.000          6
 434200.000          8
 434300.000          9
 434400.000          9
 434500.000          9
 434600.000          8
 434700.000          7
 434800.000          8
 434900.000          5
 435000.000          8
 435100.000          5
 435200.000          9
 435300.000          8
 435400.000          8
 435500.000          9
 435600.000          8
 435700.000          7
 435800.000          7
 435900.000          7
 436000.000          8
 436100.000          7
 436200.000          5
 436300.000          8
 436400.000          7
 436500.000         10
 436600.000          9
 436700.000         10
 436800.000          8
 436900.000         10
 437000.000          9
 437100.000          9
 437200.000          9
 437300.000          7
 437400.000         10
 437500.000          9
 437600.000         11
 437700.000         10
 437800.000          9
 437900.000          9
 438000.000         12
 438100.000         11
 438200.000         14
 438300.000         10
 438400.000          6
 438500.000          8
 438600.000         10
 438700.000         11
 438800.000         11
 438900.000         11
 439000.000          8
 439100.000         11
 439200.000          9
 439300.000          9
 439400.000          7
 439500.000         10
 439600.000          9
 439700.000          6
 439800.000          9
 439900.000          6
 440000.000          9
 440100.000          8
 440200.000          8
 440300.000          7
 440400.000          6
 440500.000          8
 440600.000          7
 440700.000          8
 440800.000          8
 440900.000          6
 441000.000          7
 441100.000          6
 441200.000          6
 441300.000          7
 441400.000          4
 441500.000          6
 441600.000          6
 441700.000          7
 441800.000          6
 441900.000          8
 442000.000          6
 442100.000          7
 442200.000          8
 442300.000          7
 442400.000          5
 442500.000          7
 442600.000          6
 442700.000          9
 442800.000          6
 442900.000          6
 443000.000          6
 443100.000          6
 443200.000          6
 443300.000         11
 443400.000          8
 443500.000         10
 443600.000          9
 443700.000          9
 443800.000          7
 443900.000          9
 444000.000         10
 444100.000         10
 444200.000         10
 444300.000         10
 444400.000          8
 444500.000          7
 444600.000          9
 444700.000          9
 444800.000          9
 444900.000          8
 445000.000          6
 445100.000          6
 445200.000          8
 445300.000          8
 445400.000         10
 445500.000          8
 445600.000          6
 445700.000          9
 445800.000          9
 445900.000          9
 446000.000          7
 446100.000          6
 446200.000          9
 446300.000          8
 446400.000         11
 446500.000          5
 446600.000          9
 446700.000          8
 446800.000          5
 446900.000          9
 447000.000          8
 447100.000          8
 447200.000          7
 447300.000         10
 447400.000          7
 447500.000          8
 447600.000          6
 447700.000          8
 447800.000          8
 447900.000          9
 448000.000          9
 448100.000         10
 448200.000          7
 448300.000          9
 448400.000          8
 448500.000         12
 448600.000          7
 448700.000          9
 448800.000          8
 448900.000          9
 449000.000          7
 449100.000          6
 449200.000          7
 449300.000          8
 449400.000          4
 449500.000          7
 449600.000          8
 449700.000          9
 449800.000          8
 449900.000          9
 450000.000          7
 450100.000          7
 450200.000         10
 450300.000          7
 450400.000         10
 450500.000         10
 450600.000         12
 450700.000         10
 450800.000         12
 450900.000         12
 451000.000         11
 451100.000         10
 451200.000          7
 451300.000          9
 451400.000          8
 451500.000          9
 451600.000         10
 451700.000          9
 451800.000          9
 451900.000         10
 452000.000          8
 452100.000          7
 452200.000          9
 452300.000          8
 452400.000          8
 452500.000         11
 452600.000          9
 452700.000         10
 452800.000         10
 452900.000         12
 453000.000          7
 453100.000          6
 453200.000          8
 453300.000         10
 453400.000          7
 453500.000          9
 453600.000         10
 453700.000         11
 453800.000         10
 453900.000          9
 454000.000         10
 454100.000          8
 454200.000          9
 454300.000          9
 454400.000          8
 454500.000         10
 454600.000         10
 454700.000          9
 454800.000          9
 454900.000          8
 455000.000          9
 455100.000          9
 455200.000         11
 455300.000         11
 455400.000         12
 455500.000         11
 455600.000         10
 455700.000         12
 455800.000         10
 455900.000          6
 456000.000         12
 456100.000         12
 456200.000          7
 456300.000         11
 456400.000          9
 456500.000         11
 456600.000         11
 456700.000          8
 456800.000         10
 456900.000         10
 457000.000         11
 457100.000          9
 457200.000         10
 457300.000         10
 457400.000         11
 457500.000         11
 457600.000         10
 457700.000          8
 457800.000         10
 457900.000         10
 458000.000         11
 458100.000          9
 458200.000          6
 458300.000         11
 458400.000         12
 458500.000          9
 458600.000         10
 458700.000         10
 458800.000          7
 458900.000          9
 459000.000          9
 459100.000         11
 459200.000          9
 459300.000         11
 459400.000         12
 459500.000         12
 459600.000         12
 459700.000         12
 459800.000         12
 459900.000         13
 460000.000          8
 460100.000          7
 460200.000          9
 460300.000          9
 460400.000         12
 460500.000         10
 460600.000         10
 460700.000         10
 460800.000         10
 460900.000         14
 461000.000         12
 461100.000          7
 461200.000          8
 461300.000         11
 461400.000          9
 461500.000         10
 461600.000         13
 461700.000         11
 461800.000         12
 461900.000          9
 462000.000         11
 462100.000         12
 462200.000         10
 462300.000         10
 462400.000          9
 462500.000         12
 462600.000         12
 462700.000         11
 462800.000         10
 462900.000         11
 463000.000         10
 463100.000         10
 463200.000         12
 463300.000          9
 463400.000         10
 463500.000          8
 463600.000          9
 463700.000         10
 463800.000         11
 463900.000         10
 464000.000         10
 464100.000          6
 464200.000         12
 464300.000          9
 464400.000         10
 464500.000         11
 464600.000         10
 464700.000         11
 464800.000          9
 464900.000          9
 465000.000         11
 465100.000          8
 465200.000         10
 465300.000         10
 465400.000         11
 465500.000         10
 465600.000          9
 465700.000         10
 465800.000         11
 465900.000         12
 466000.000          8
 466100.000          8
 466200.000         10
 466300.000          9
 466400.000         11
 466500.000         11
 466600.000         11
 466700.000         11
 466800.000          8
 466900.000         10
 467000.000          9
 467100.000          7
 467200.000         10
 467300.000          8
 467400.000          7
 467500.000         10
 467600.000          8
 467700.000          9
 467800.000         11
 467900.000          9
 468000.000          8
 468100.000          9
 468200.000         11
 468300.000          6
 468400.000         10
 468500.000          9
 468600.000         11
 468700.000          8
 468800.000         12
 468900.000          9
 469000.000          9
 469100.000         10
 469200.000          8
 469300.000         11
 469400.000          7
 469500.000         11
 469600.000          9
 469700.000          9
 469800.000         12
 469900.000          8
 470000.000          8
 470100.000         10
 470200.000         10
 470300.000         11
 470400.000         11
 470500.000         10
 470600.000          4
 470700.000          8
 470800.000         10
 470900.000          8
 471000.000          9
 471100.000          9
 471200.000          8
 471300.000         10
 471400.000          9
 471500.000         11
 471600.000          9
 471700.000          6
 471800.000          8
 471900.000          6
 472000.000          7
 472100.000          9
 472200.000          8
 472300.000          9
 472400.000          9
 472500.000         11
 472600.000          9
 472700.000          9
 472800.000          6
 472900.000         10
 473000.000          5
 473100.000          9
 473200.000          6
 473300.000          8
 473400.000          9
 473500.000          7
 473600.000          8
 473700.000          7
 473800.000          9
 473900.000          8
 474000.000          7
 474100.000          7
 474200.000          6
 474300.000          8
 474400.000          8
 474500.000          9
 474600.000          7
 474700.000          7
 474800.000         10
 474900.000          7
 475000.000         10
 475100.000          9
 475200.000          8
 475300.000          7
 475400.000          8
 475500.000         10
 475600.000         10
 475700.000         11
 475800.000          8
 475900.000          8
 476000.000          8
 476100.000          8
 476200.000          9
 476300.000          9
 476400.000          9
 476500.000          9
 476600.000          9
 476700.000          8
 476800.000          9
 476900.000          8
 477000.000         11
 477100.000         10
 477200.000          9
 477300.000          8
 477400.000          9
 477500.000          8
 477600.000          8
 477700.000          8
 477800.000          9
 477900.000          7
 478000.000          8
 478100.000          9
 478200.000         10
 478300.000          7
 478400.000         10
 478500.000          9
 478600.000         10
 478700.000         10
 478800.000          7
 478900.000          8
 479000.000          8
 479100.000          6
 479200.000          7
 479300.000          8
 479400.000          6
 479500.000          7
 479600.000         10
 479700.000          6
 479800.000          8
 479900.000          8
 480000.000          7
 480100.000          6
 480200.000          8
 480300.000          6
 480400.000          8
 480500.000         11
 480600.000          6
 480700.000          6
 480800.000          8
 480900.000          7
 481000.000          8
 481100.000          6
 481200.000          7
 481300.000          9
 481400.000          6
 481500.000         10
 481600.000          8
 481700.000          9
 481800.000          7
 481900.000          9
 482000.000          9
 482100.000          6
 482200.000          9
 482300.000          9
 482400.000          7
 482500.000          9
 482600.000          5
 482700.000          9
 482800.000          6
 482900.000          8
 483000.000          9
 483100.000          8
 483200.000         10
 483300.000          7
 483400.000          7
 483500.000          9
 483600.000          9
 483700.000          7
 483800.000          6
 483900.000          9
 484000.000          7
 484100.000          9
 484200.000          8
 484300.000          8
 484400.000          8
 484500.000          9
 484600.000          9
 484700.000          7
 484800.000          9
 484900.000          7
 485000.000          9
 485100.000          4
 485200.000          2
 485300.000          6
 485400.000          5
 485500.000          4
 485600.000          8
 485700.000          7
 485800.000          8
 485900.000          8
 486000.000          7
 486100.000         10
 486200.000          9
 486300.000         10
 486400.000          9
 486500.000          8
 486600.000          7
 486700.000          7
 486800.000          7
 486900.000          7
 487000.000         10
 487100.000          8
 487200.000          9
 487300.000          6
 487400.000          7
 487500.000         10
 487600.000          9
 487700.000          8
 487800.000          8
 487900.000          7
 488000.000         10
 488100.000          9
 488200.000          9
 488300.000          9
 488400.000          7
 488500.000         10
 488600.000          9
 488700.000         10
 488800.000         10
 488900.000         11
 489000.000         12
 489100.000         10
 489200.000          9
 489300.000          7
 489400.000         11
 489500.000          9
 489600.000          7
 489700.000          8
 489800.000          8
 489900.000          6
 490000.000          5
 490100.000          8
 490200.000          8
 490300.000          5
 490400.000          8
 490500.000          9
 490600.000          7
 490700.000         10
 490800.000          9
 490900.000         11
 491000.000          6
 491100.000          7
 491200.000          8
 491300.000          7
 491400.000          6
 491500.000          1
 491600.000          7
 491700.000          9
 491800.000          6
 491900.000         10
 492000.000          6
 492100.000         12
 492200.000          8
 492300.000          9
 492400.000          8
 492500.000          8
 492600.000         11
 492700.000         11
 492800.000         10
 492900.000          6
 493000.000         10
 493100.000          8
 493200.000          8
 493300.000         11
 493400.000         10
 493500.000         11
 493600.000         13
 493700.000          7
 493800.000         10
 493900.000          8
 494000.000         10
 494100.000          5
 494200.000          8
 494300.000          4
 494400.000         10
 494500.000          8
 494600.000         10
 494700.000         11
 494800.000         10
 494900.000          6
 495000.000         12
 495100.000          8
 495200.000          9
 495300.000          8
 495400.000         11
 495500.000         10
 495600.000          8
 495700.000         11
 495800.000          9
 495900.000          7
 496000.000          9
 496100.000          9
 496200.000         10
 496300.000          7
 496400.000          8
 496500.000          6
 496600.000          8
 496700.000         10
 496800.000          9
 496900.000         12
 497000.000         10
 497100.000         10
 497200.000         10
 497300.000          9
 497400.000          8
 497500.000          8
 497600.000          9
 497700.000         10
 497800.000          4
 497900.000          9
 498000.000         10
 498100.000         10
 498200.000          9
 498300.000          8
 498400.000         11
 498500.000          7
 498600.000         11
 498700.000          9
 498800.000          8
 498900.000         10
 499000.000          9
 499100.000         10
 499200.000         10
 499300.000          9
 499400.000         10
 499500.000         10
 499600.000          9
 499700.000          6
 499800.000          9
 499900.000          7
 500000.000          9
 500100.000          7
 500200.000          9
 500300.000          8
 500400.000          6
 500500.000          5
 500600.000         10
 500700.000          8
 500800.000          8
 500900.000          6
 501000.000          7
 501100.000          6
 501200.000          5
 501300.000          9
 501400.000          6
 501500.000          9
 501600.000         10
 501700.000          4
 501800.000          9
 501900.000         10
 502000.000          7
 502100.000          8
 502200.000          8
 502300.000          8
 502400.000          8
 502500.000          8
 502600.000          8
 502700.000          8
 502800.000          4
 502900.000          6
 503000.000          7
 503100.000          7
 503200.000          7
 503300.000          7
 503400.000          6
 503500.000          6
 503600.000          9
 503700.000         10
 503800.000          8
 503900.000          7
 504000.000          5
 504100.000          9
 504200.000          8
 504300.000          9
 504400.000          7
 504500.000          7
 504600.000          5
 504700.000          8
 504800.000          6
 504900.000          6
 505000.000          5
 505100.000          6
 505200.000          8
 505300.000         10
 505400.000          6
 505500.000          8
 505600.000          6
 505700.000          8
 505800.000          5
 505900.000          7
 506000.000          6
 506100.000          9
 506200.000          6
 506300.000          9
 506400.000          9
 506500.000         10
 506600.000          7
 506700.000          7
 506800.000          9
 506900.000          6
 507000.000          6
 507100.000         10
 507200.000          9
 507300.000          8
 507400.000          7
 507500.000          9
 507600.000          5
 507700.000          6
 507800.000          7
 507900.000          8
 508000.000          8
 508100.000          7
 508200.000          6
 508300.000          7
 508400.000          6
 508500.000          8
 508600.000          9
 508700.000          8
 508800.000          9
 508900.000          8
 509000.000          8
 509100.000          8
 509200.000         10
 509300.000          7
 509400.000          7
 509500.000          7
 509600.000          7
 509700.000          8
 509800.000          6
 509900.000          7
 510000.000          7
 510100.000          5
 510200.000          4
 510300.000          7
 510400.000          4
 510500.000          5
 510600.000          7
 510700.000          8
 510800.000          7
 510900.000          8
 511000.000          7
 511100.000          7
 511200.000          6
 511300.000          6
 511400.000          7
 511500.000          6
 511600.000          7
 511700.000          8
 511800.000          8
 511900.000          5
 512000.000          9
 512100.000          9
 512200.000         10
 512300.000         10
 512400.000          7
 512500.000          8
 512600.000          6
 512700.000          8
 512800.000         11
 512900.000          8
 513000.000          8
 513100.000         11
 513200.000          8
 513300.000          8
 513400.000         10
 513500.000         10
 513600.000          7
 513700.000          9
 513800.000          6
 513900.000          8
 514000.000          7
 514100.000          6
 514200.000          8
 514300.000          7
 514400.000          5
 514500.000          8
 514600.000          8
 514700.000          6
 514800.000          7
 514900.000          7
 515000.000          9
 515100.000          9
 515200.000          8
 515300.000          5
 515400.000          5
 515500.000          6
 515600.000          8
 515700.000          8
 515800.000          8
 515900.000          6
 516000.000          9
 516100.000          6
 516200.000          6
 516300.000          6
 516400.000          7
 516500.000          5
 516600.000          8
 516700.000          7
 516800.000          8
 516900.000          8
 517000.000          6
 517100.000          5
 517200.000          7
 517300.000          6
 517400.000          8
 517500.000          7
 517600.000          8
 517700.000          7
 517800.000          8
 517900.000          8
 518000.000          8
 518100.000          7
 518200.000          6
 518300.000          5
 518400.000          6
 518500.000          9
 518600.000          6
 518700.000          8
 518800.000          6
 518900.000          7
 519000.000          6
 519100.000          8
 519200.000          8
 519300.000          8
 519400.000          6
 519500.000          6
 519600.000          6
 519700.000          7
 519800.000          5
 519900.000          5
 520000.000          6
 520100.000          6
 520200.000          6
 520300.000          6
 520400.000          8
 520500.000          7
 520600.000          8
 520700.000          8
 520800.000          6
 520900.000          7
 521000.000         10
 521100.000          8
 521200.000          8
 521300.000          8
 521400.000          7
 521500.000          9
 521600.000          8
 521700.000          7
 521800.000          8
 521900.000          4
 522000.000          6
 522100.000          8
 522200.000          7
 522300.000          4
 522400.000          7
 522500.000          5
 522600.000          7
 522700.000          6
 522800.000          6
 522900.000          9
 523000.000          7
 523100.000          4
 523200.000          7
 523300.000         10
 523400.000          8
 523500.000          8
 523600.000          9
 523700.000          7
 523800.000          6
 523900.000          6
 524000.000          8
 524100.000          6
 524200.000          7
 524300.000          6
 524400.000          5
 524500.000          6
 524600.000          3
 524700.000          4
 524800.000          6
 524900.000          7
 525000.000          6
 525100.000          4
 525200.000          5
 525300.000          9
 525400.000          7
 525500.000          5
 525600.000          6
 525700.000          7
 525800.000          7
 525900.000          5
 526000.000          4
 526100.000          7
 526200.000          6
 526300.000          5
 526400.000          4
 526500.000          6
 526600.000          8
 526700.000          5
 526800.000          6
 526900.000          8
 527000.000          7
 527100.000          8
 527200.000          7
 527300.000          9
 527400.000          6
 527500.000          7
 527600.000          5
 527700.000          9
 527800.000          6
 527900.000          7
 528000.000          7
 528100.000          6
 528200.000          5
 528300.000          3
 528400.000          8
 528500.000          7
 528600.000          7
 528700.000          6
 528800.000          8
 528900.000          9
 529000.000          7
 529100.000          7
 529200.000          6
 529300.000          9
 529400.000          8
 529500.000          7
 529600.000          6
 529700.000         10
 529800.000          8
 529900.000          7
 530000.000          6
 530100.000          8
 530200.000         10
 530300.000          6
 530400.000          7
 530500.000          7
 530600.000          6
 530700.000          8
 530800.000          7
 530900.000          8
 531000.000          5
 531100.000          6
 531200.000          7
 531300.000          6
 531400.000          9
 531500.000          6
 531600.000          6
 531700.000          5
 531800.000          6
 531900.000          7
 532000.000          6
 532100.000          5
 532200.000          8
 532300.000          7
 532400.000          6
 532500.000          7
 532600.000          6
 532700.000          5
 532800.000          8
 532900.000          7
 533000.000          7
 533100.000          5
 533200.000          7
 533300.000          9
 533400.000          4
 533500.000          6
 533600.000          1
 533700.000          6
 533800.000          6
 533900.000          2
 534000.000          5
 534100.000          8
 534200.000          7
 534300.000          6
 534400.000          9
 534500.000          6
 534600.000          6
 534700.000          8
 534800.000          8
 534900.000          6
 535000.000          6
 535100.000          8
 535200.000          6
 535300.000          5
 535400.000          5
 535500.000          6
 535600.000          8
 535700.000          7
 535800.000          6
 535900.000          6
 536000.000          7
 536100.000          6
 536200.000          5
 536300.000          8
 536400.000          5
 536500.000          7
 536600.000          5
 536700.000          9
 536800.000          7
 536900.000          7
 537000.000          5
 537100.000          7
 537200.000          6
 537300.000          7
 537400.000          5
 537500.000          6
 537600.000          6
 537700.000          5
 537800.000          9
 537900.000          7
 538000.000          6
 538100.000          5
 538200.000          5
 538300.000          7
 538400.000          6
 538500.000          8
 538600.000          4
 538700.000          6
 538800.000          6
 538900.000          6
 539000.000          5
 539100.000          3
 539200.000          4
 539300.000          5
 539400.000          8
 539500.000          6
 539600.000          9
 539700.000          7
 539800.000          7
 539900.000          7
 540000.000          6
 540100.000          7
 540200.000          5
 540300.000          5
 540400.000          6
 540500.000          6
 540600.000          6
 540700.000          5
 540800.000          7
 540900.000          7
 541000.000          8
 541100.000          5
 541200.000          5
 541300.000          7
 541400.000          6
 541500.000          9
 541600.000          6
 541700.000          4
 541800.000          5
 541900.000          6
 542000.000          5
 542100.000          6
 542200.000          5
 542300.000          7
 542400.000          6
 542500.000          6
 542600.000          6
 542700.000          6
 542800.000          7
 542900.000          5
 543000.000          4
 543100.000          3
 543200.000          5
 543300.000          5
 543400.000          6
 543500.000          9
 543600.000          6
 543700.000          7
 543800.000          7
 543900.000          4
 544000.000          4
 544100.000          5
 544200.000          6
 544300.000          5
 544400.000          6
 544500.000          5
 544600.000          7
 544700.000          5
 544800.000          7
 544900.000          6
 545000.000          7
 545100.000          6
 545200.000          4
 545300.000          7
 545400.000          5
 545500.000          5
 545600.000          4
 545700.000          4
 545800.000          4
 545900.000          7
 546000.000          7
 546100.000          6
 546200.000          7
 546300.000          9
 546400.000          5
 546500.000          4
 546600.000          5
 546700.000          4
 546800.000          7
 546900.000          5
 547000.000          6
 547100.000          4
 547200.000          7
 547300.000          7
 547400.000          6
 547500.000          4
 547600.000          7
 547700.000          7
 547800.000          4
 547900.000          3
 548000.000          4
 548100.000          6
 548200.000          6
 548300.000          6
 548400.000          2
 548500.000          4
 548600.000          4
 548700.000          4
 548800.000          6
 548900.000          4
 549000.000          4
 549100.000          6
 549200.000          5
 549300.000          4
 549400.000          9
 549500.000          5
 549600.000          6
 549700.000          8
 549800.000          4
 549900.000          6
 550000.000          7
 550100.000          5
 550200.000          8
 550300.000          6
 550400.000          6
 550500.000          8
 550600.000          5
 550700.000          6
 550800.000          8
 550900.000          4
 551000.000          6
 551100.000          5
 551200.000          9
 551300.000          7
 551400.000          7
 551500.000          6
 551600.000          6
 551700.000          7
 551800.000          6
 551900.000          8
 552000.000          7
 552100.000          7
 552200.000          7
 552300.000          6
 552400.000          6
 552500.000          5
 552600.000          5
 552700.000          6
 552800.000          6
 552900.000          5
 553000.000          7
 553100.000          4
 553200.000          7
 553300.000          6
 553400.000          7
 553500.000          7
 553600.000          7
 553700.000          4
 553800.000          4
 553900.000          4
 554000.000          7
 554100.000          8
 554200.000          8
 554300.000          8
 554400.000          3
 554500.000          6
 554600.000          7
 554700.000          7
 554800.000          5
 554900.000          8
 555000.000          6
 555100.000          6
 555200.000          8
 555300.000          8
 555400.000          6
 555500.000          7
 555600.000          6
 555700.000          7
 555800.000          7
 555900.000          6
 556000.000          7
 556100.000          7
 556200.000          8
 556300.000          6
 556400.000          8
 556500.000         10
 556600.000          9
 556700.000          7
 556800.000          7
 556900.000          7
 557000.000          9
 557100.000          5
 557200.000          9
 557300.000          9
 557400.000          7
 557500.000          9
 557600.000          8
 557700.000          8
 557800.000          7
 557900.000          7
 558000.000          8
 558100.000          8
 558200.000          6
 558300.000          8
 558400.000          8
 558500.000          8
 558600.000          7
 558700.000          8
 558800.000          9
 558900.000          8
 559000.000          8
 559100.000          6
 559200.000          7
 559300.000          7
 559400.000          8
 559500.000          6
 559600.000          6
 559700.000          6
 559800.000          6
 559900.000         10
 560000.000          5
 560100.000          5
 560200.000          7
 560300.000          7
 560400.000          8
 560500.000          6
 560600.000          4
 560700.000          9
 560800.000          5
 560900.000          8
 561000.000          7
 561100.000          5
 561200.000          6
 561300.000          7
 561400.000          4
 561500.000          7
 561600.000          6
 561700.000          7
 561800.000          6
 561900.000          8
 562000.000          9
 562100.000          8
 562200.000          3
 562300.000          5
 562400.000          6
 562500.000          7
 562600.000          6
 562700.000          5
 562800.000          8
 562900.000         10
 563000.000          6
 563100.000          7
 563200.000          7
 563300.000          7
 563400.000          8
 563500.000          6
 563600.000          5
 563700.000          7
 563800.000          5
 563900.000          6
 564000.000          8
 564100.000          4
 564200.000          7
 564300.000          6
 564400.000          5
 564500.000          6
 564600.000          6
 564700.000          8
 564800.000          7
 564900.000          6
 565000.000          6
 565100.000          7
 565200.000          5
 565300.000          8
 565400.000          8
 565500.000          8
 565600.000          8
 565700.000          9
 565800.000          8
 565900.000          6
 566000.000          5
 566100.000          6
 566200.000          7
 566300.000          7
 566400.000          6
 566500.000          5
 566600.000          8
 566700.000          7
 566800.000          7
 566900.000          8
 567000.000          6
 567100.000          6
 567200.000          7
 567300.000          9
 567400.000          7
 567500.000          8
 567600.000          8
 567700.000          9
 567800.000          7
 567900.000          6
 568000.000          8
 568100.000          7
 568200.000          5
 568300.000          7
 568400.000          5
 568500.000          6
 568600.000          7
 568700.000          8
 568800.000          9
 568900.000          8
 569000.000          9
 569100.000          5
 569200.000          6
 569300.000          8
 569400.000          6
 569500.000          7
 569600.000          7
 569700.000          6
 569800.000          7
 569900.000          6
 570000.000          8
 570100.000          7
 570200.000          5
 570300.000          4
 570400.000          7
 570500.000          6
 570600.000          6
 570700.000          6
 570800.000          7
 570900.000          8
 571000.000          7
 571100.000          6
 571200.000          6
 571300.000          7
 571400.000          6
 571500.000          8
 571600.000          4
 571700.000          6
 571800.000          6
 571900.000          7
 572000.000          8
 572100.000          8
 572200.000          9
 572300.000          6
 572400.000          8
 572500.000          7
 572600.000          7
 572700.000          7
 572800.000          4
 572900.000          7
 573000.000          6
 573100.000          6
 573200.000          7
 573300.000          5
 573400.000          7
 573500.000          9
 573600.000          6
 573700.000          6
 573800.000          3
 573900.000          8
 574000.000          3
 574100.000          4
 574200.000          4
 574300.000          5
 574400.000          6
 574500.000          6
 574600.000          6
 574700.000          4
 574800.000          5
 574900.000          5
 575000.000          8
 575100.000          7
 575200.000          6
 575300.000          7
 575400.000          5
 575500.000          6
 575600.000          7
 575700.000          6
 575800.000          5
 575900.000          7
 576000.000          5
 576100.000          5
 576200.000          5
 576300.000          4
 576400.000          6
 576500.000          7
 576600.000          7
 576700.000          7
 576800.000          8
 576900.000          5
 577000.000          7
 577100.000          7
 577200.000          6
 577300.000          7
 577400.000          5
 577500.000          6
 577600.000          5
 577700.000          5
 577800.000          4
 577900.000          5
 578000.000          7
 578100.000          5
 578200.000          3
 578300.000          5
 578400.000          7
 578500.000          6
 578600.000          8
 578700.000          7
 578800.000          4
 578900.000          6
 579000.000          6
 579100.000          6
 579200.000          3
 579300.000          6
 579400.000          4
 579500.000          5
 579600.000          6
 579700.000          6
 579800.000          7
 579900.000          4
 580000.000          6
 580100.000          7
 580200.000          8
 580300.000          3
 580400.000          2
 580500.000          5
 580600.000          4
 580700.000          3
 580800.000          8
 580900.000          7
 581000.000          6
 581100.000          5
 581200.000          6
 581300.000          7
 581400.000          8
 581500.000          8
 581600.000          7
 581700.000          7
 581800.000          4
 581900.000          5
 582000.000          7
 582100.000          7
 582200.000          5
 582300.000          5
 582400.000          4
 582500.000          7
 582600.000          4
 582700.000          7
 582800.000          6
 582900.000          6
 583000.000          6
 583100.000          6
 583200.000          3
 583300.000          6
 583400.000          5
 583500.000          6
 583600.000          3
 583700.000          6
 583800.000          3
 583900.000          4
 584000.000          5
 584100.000          5
 584200.000          4
 584300.000          3
 584400.000          7
 584500.000          4
 584600.000          6
 584700.000          8
 584800.000          4
 584900.000          5
 585000.000          3
 585100.000          6
 585200.000          6
 585300.000          7
 585400.000          4
 585500.000          6
 585600.000          3
 585700.000          5
 585800.000          4
 585900.000          4
 586000.000          6
 586100.000          6
 586200.000          7
 586300.000          6
 586400.000          6
 586500.000          4
 586600.000          8
 586700.000          6
 586800.000          5
 586900.000          6
 587000.000          6
 587100.000          8
 587200.000          7
 587300.000          6
 587400.000          8
 587500.000          7
 587600.000          4
 587700.000          6
 587800.000          4
 587900.000          6
 588000.000          6
 588100.000          5
 588200.000          5
 588300.000          3
 588400.000          5
 588500.000          6
 588600.000          5
 588700.000          5
 588800.000          5
 588900.000          7
 589000.000          5
 589100.000          7
 589200.000          6
 589300.000          7
 589400.000          7
 589500.000          5
 589600.000          7
 589700.000          5
 589800.000          6
 589900.000          5
 590000.000          7
 590100.000          3
 590200.000          6
 590300.000          6
 590400.000          5
 590500.000          6
 590600.000          6
 590700.000          6
 590800.000          7
 590900.000          5
 591000.000          6
 591100.000          6
 591200.000          5
 591300.000          5
 591400.000          6
 591500.000          6
 591600.000          4
 591700.000          5
 591800.000          5
 591900.000          4
 592000.000          6
 592100.000          6
 592200.000          4
 592300.000          7
 592400.000          5
 592500.000          7
 592600.000          5
 592700.000          8
 592800.000          6
 592900.000          5
 593000.000          6
 593100.000          6
 593200.000          7
 593300.000          8
 593400.000          8
 593500.000          7
 593600.000          7
 593700.000          7
 593800.000          8
 593900.000          7
 594000.000          6
 594100.000          8
 594200.000          7
 594300.000          5
 594400.000          7
 594500.000          4
 594600.000          6
 594700.000          9
 594800.000          5
 594900.000          7
 595000.000          7
 595100.000          8
 595200.000          4
 595300.000          6
 595400.000          6
 595500.000          8
 595600.000          6
 595700.000          7
 595800.000          9
 595900.000          9
 596000.000          9
 596100.000          4
 596200.000          6
 596300.000          8
 596400.000          8
 596500.000          5
 596600.000          5
 596700.000          2
 596800.000          4
 596900.000          4
 597000.000          4
 597100.000          8
 597200.000          3
 597300.000          5
 597400.000          7
 597500.000          5
 597600.000          9
 597700.000          7
 597800.000          7
 597900.000          9
 598000.000          9
 598100.000          9
 598200.000          7
 598300.000          8
 598400.000          6
 598500.000          8
 598600.000          6
 598700.000          7
 598800.000          7
 598900.000          5
 599000.000          6
 599100.000          7
 599200.000          7
 599300.000          8
 599400.000          8
 599500.000          6
 599600.000          8
 599700.000          6
 599800.000          6
 599900.000          9
 600000.000          9
 600100.000          7
 600200.000          8
 600300.000          7
 600400.000          6
 600500.000          6
 600600.000          5
 600700.000          7
 600800.000          6
 600900.000          6
 601000.000          7
 601100.000          4
 601200.000          8
 601300.000          7
 601400.000          9
 601500.000          9
 601600.000          7
 601700.000          9
 601800.000          5
 601900.000          5
 602000.000          7
 602100.000         10
 602200.000          9
 602300.000          7
 602400.000          6
 602500.000          5
 602600.000          7
 602700.000          4
 602800.000          6
 602900.000          5
 603000.000          7
 603100.000          6
 603200.000          6
 603300.000          6
 603400.000          7
 603500.000          7
 603600.000          8
 603700.000          6
 603800.000          4
 603900.000          7
 604000.000          7
 604100.000          7
 604200.000          7
 604300.000          7
 604400.000          7
 604500.000          6
 604600.000          6
 604700.000          7
 604800.000          4
 604900.000          6
 605000.000          3
 605100.000          6
 605200.000          6
 605300.000          7
 605400.000          7
 605500.000          6
 605600.000          6
 605700.000          8
 605800.000          7
 605900.000          7
 606000.000          8
 606100.000          8
 606200.000          6
 606300.000          4
 606400.000          6
 606500.000          7
 606600.000          4
 606700.000          4
 606800.000          5
 606900.000          4
 607000.000          6
 607100.000          7
 607200.000          5
 607300.000          5
 607400.000          7
 607500.000          3
 607600.000          8
 607700.000          6
 607800.000          6
 607900.000          5
 608000.000          4
 608100.000          8
 608200.000          9
 608300.000          5
 608400.000          7
 608500.000          6
 608600.000          7
 608700.000          5
 608800.000          5
 608900.000          5
 609000.000          7
 609100.000          5
 609200.000          5
 609300.000          7
 609400.000          9
 609500.000          9
 609600.000          9
 609700.000          4
 609800.000          6
 609900.000          6
 610000.000          5
 610100.000          3
 610200.000          5
 610300.000          5
 610400.000          6
 610500.000          4
 610600.000          7
 610700.000          7
 610800.000          6
 610900.000          7
 611000.000          6
 611100.000          6
 611200.000          6
 611300.000          8
 611400.000          7
 611500.000          6
 611600.000          8
 611700.000          7
 611800.000          7
 611900.000          6
 612000.000          5
 612100.000          6
 612200.000          6
 612300.000          6
 612400.000          8
 612500.000          7
 612600.000          7
 612700.000          9
 612800.000          6
 612900.000          8
 613000.000          7
 613100.000          6
 613200.000          5
 613300.000          3
 613400.000          9
 613500.000          8
 613600.000          7
 613700.000          4
 613800.000          6
 613900.000          8
 614000.000          8
 614100.000          9
 614200.000          6
 614300.000          6
 614400.000          7
 614500.000          7
 614600.000          6
 614700.000          7
 614800.000          7
 614900.000          7
 615000.000          4
 615100.000          4
 615200.000          6
 615300.000          5
 615400.000          4
 615500.000          6
 615600.000          6
 615700.000          4
 615800.000          5
 615900.000          3
 616000.000          4
 616100.000          6
 616200.000          7
 616300.000          8
 616400.000          3
 616500.000          6
 616600.000          8
 616700.000          8
 616800.000          8
 616900.000          8
 617000.000          5
 617100.000          4
 617200.000          6
 617300.000          7
 617400.000          4
 617500.000          7
 617600.000          7
 617700.000          6
 617800.000          7
 617900.000          9
 618000.000         10
 618100.000          5
 618200.000          8
 618300.000          6
 618400.000          7
 618500.000          8
 618600.000          8
 618700.000          9
 618800.000          9
 618900.000          7
 619000.000          7
 619100.000          7
 619200.000          9
 619300.000          6
 619400.000          7
 619500.000          6
 619600.000          9
 619700.000          8
 619800.000          6
 619900.000          6
 620000.000          5
 620100.000          7
 620200.000          8
 620300.000          7
 620400.000          8
 620500.000          7
 620600.000          6
 620700.000          5
 620800.000          9
 620900.000         10
 621000.000          6
 621100.000          7
 621200.000          7
 621300.000          9
 621400.000          8
 621500.000          8
 621600.000          7
 621700.000          7
 621800.000          8
 621900.000          8
 622000.000          7
 622100.000          6
 622200.000          5
 622300.000          6
 622400.000          2
 622500.000          6
 622600.000          5
 622700.000          5
 622800.000          6
 622900.000          6
 623000.000          7
 623100.000          8
 623200.000          5
 623300.000          6
 623400.000          7
 623500.000          6
 623600.000          4
 623700.000          6
 623800.000          5
 623900.000          5
 624000.000          3
 624100.000          7
 624200.000          7
 624300.000          8
 624400.000          5
 624500.000          8
 624600.000          7
 624700.000          5
 624800.000          6
 624900.000          7
 625000.000          3
 625100.000          6
 625200.000          5
 625300.000          4
 625400.000          3
 625500.000          5
 625600.000          7
 625700.000          6
 625800.000          6
 625900.000          7
 626000.000          4
 626100.000          6
 626200.000          6
 626300.000          6
 626400.000          6
 626500.000          5
 626600.000          4
 626700.000          4
 626800.000          5
 626900.000          7
 627000.000          6
 627100.000          5
 627200.000          5
 627300.000          5
 627400.000          4
 627500.000          9
 627600.000          6
 627700.000          8
 627800.000          6
 627900.000          4
 628000.000          6
 628100.000          5
 628200.000          6
 628300.000          7
 628400.000          7
 628500.000          5
 628600.000          5
 628700.000          5
 628800.000          5
 628900.000          6
 629000.000          5
 629100.000          6
 629200.000          5
 629300.000          8
 629400.000          4
 629500.000          5
 629600.000          6
 629700.000          6
 629800.000         10
 629900.000          6
 630000.000          7
 630100.000          5
 630200.000          6
 630300.000          7
 630400.000          7
 630500.000          8
 630600.000          8
 630700.000          6
 630800.000          7
 630900.000          4
 631000.000          6
 631100.000          4
 631200.000          3
 631300.000          5
 631400.000          6
 631500.000          8
 631600.000          7
 631700.000          8
 631800.000          4
 631900.000          7
 632000.000          7
 632100.000          7
 632200.000          7
 632300.000          7
 632400.000          8
 632500.000          9
 632600.000          8
 632700.000          7
 632800.000          6
 632900.000          9
 633000.000          6
 633100.000          6
 633200.000          6
 633300.000          7
 633400.000          6
 633500.000          8
 633600.000          9
 633700.000         10
 633800.000          7
 633900.000          8
 634000.000          7
 634100.000          9
 634200.000          6
 634300.000          9
 634400.000          8
 634500.000          6
 634600.000          8
 634700.000          9
 634800.000          8
 634900.000          8
 635000.000          9
 635100.000          9
 635200.000         10
 635300.000          6
 635400.000          8
 635500.000          7
 635600.000          5
 635700.000          8
 635800.000          8
 635900.000          9
 636000.000          3
 636100.000          6
 636200.000          8
 636300.000          9
 636400.000          5
 636500.000          8
 636600.000          9
 636700.000          7
 636800.000          8
 636900.000          8
 637000.000          6
 637100.000          8
 637200.000          7
 637300.000          8
 637400.000          4
 637500.000          5
 637600.000          7
 637700.000          8
 637800.000          8
 637900.000          7
 638000.000          7
 638100.000          6
 638200.000          9
 638300.000          7
 638400.000          7
 638500.000          6
 638600.000          8
 638700.000          7
 638800.000          6
 638900.000          7
 639000.000          9
 639100.000          8
 639200.000          7
 639300.000          7
 639400.000          8
 639500.000          7
 639600.000          9
 639700.000          5
 639800.000          5
 639900.000          4
 640000.000          6
 640100.000          8
 640200.000          8
 640300.000          8
 640400.000          7
 640500.000          7
 640600.000          7
 640700.000          8
 640800.000          7
 640900.000          6
 641000.000          9
 641100.000          6
 641200.000          7
 641300.000          7
 641400.000          7
 641500.000          6
 641600.000          7
 641700.000          7
 641800.000          8
 641900.000          8
 642000.000          5
 642100.000          8
 642200.000          8
 642300.000          8
 642400.000          8
 642500.000          6
 642600.000          7
 642700.000          8
 642800.000          8
 642900.000          7
 643000.000          6
 643100.000          4
 643200.000          7
 643300.000          7
 643400.000          8
 643500.000          6
 643600.000          7
 643700.000          7
 643800.000          6
 643900.000          8
 644000.000          8
 644100.000          4
 644200.000          6
 644300.000          8
 644400.000          7
 644500.000          7
 644600.000          7
 644700.000          7
 644800.000          6
 644900.000          7
 645000.000          7
 645100.000          7
 645200.000          9
 645300.000          7
 645400.000          7
 645500.000          6
 645600.000          6
 645700.000          7
 645800.000          7
 645900.000          4
 646000.000          5
 646100.000          5
 646200.000          7
 646300.000          6
 646400.000          4
 646500.000          5
 646600.000          5
 646700.000          7
 646800.000          5
 646900.000          4
 647000.000          7
 647100.000          5
 647200.000          7
 647300.000          5
 647400.000          8
 647500.000          6
 647600.000          7
 647700.000          5
 647800.000          6
 647900.000          4
 648000.000          6
 648100.000          7
 648200.000          5
 648300.000          8
 648400.000          5
 648500.000          4
 648600.000          8
 648700.000          6
 648800.000          7
 648900.000          7
 649000.000          4
 649100.000          6
 649200.000          6
 649300.000          7
 649400.000          7
 649500.000          7
 649600.000          4
 649700.000          5
 649800.000          3
 649900.000          6
 650000.000          5
 650100.000          6
 650200.000          5
 650300.000          8
 650400.000          2
 650500.000          5
 650600.000          6
 650700.000          5
 650800.000          5
 650900.000          3
 651000.000          6
 651100.000          4
 651200.000          5
 651300.000          5
 651400.000          6
 651500.000          5
 651600.000          5
 651700.000          6
 651800.000          6
 651900.000          6
 652000.000          5
 652100.000          5
 652200.000          4
 652300.000          7
 652400.000          7
 652500.000          6
 652600.000          6
 652700.000          5
 652800.000          6
 652900.000          6
 653000.000          6
 653100.000          3
 653200.000          5
 653300.000          6
 653400.000          4
 653500.000          4
 653600.000          5
 653700.000          6
 653800.000          4
 653900.000          5
 654000.000          4
 654100.000          7
 654200.000          6
 654300.000          6
 654400.000          4
 654500.000          7
 654600.000          4
 654700.000          7
 654800.000          6
 654900.000          8
 655000.000          3
 655100.000          7
 655200.000          6
 655300.000          7
 655400.000          7
 655500.000          7
 655600.000          5
 655700.000          7
 655800.000          6
 655900.000          7
 656000.000          7
 656100.000          5
 656200.000          6
 656300.000          7
 656400.000          5
 656500.000          7
 656600.000          6
 656700.000          7
 656800.000          6
 656900.000          6
 657000.000          8
 657100.000          6
 657200.000          8
 657300.000          5
 657400.000          6
 657500.000          5
 657600.000          7
 657700.000          6
 657800.000          7
 657900.000          6
 658000.000          5
 658100.000          6
 658200.000          7
 658300.000          5
 658400.000          6
 658500.000          5
 658600.000          5
 658700.000          5
 658800.000          6
 658900.000          6
 659000.000          4
 659100.000          6
 659200.000          7
 659300.000          8
 659400.000          5
 659500.000          5
 659600.000          5
 659700.000          7
 659800.000          7
 659900.000          6
 660000.000          7
 660100.000          6
 660200.000          4
 660300.000          7
 660400.000          7
 660500.000          6
 660600.000          5
 660700.000          7
 660800.000          4
 660900.000          5
 661000.000          5
 661100.000          6
 661200.000          6
 661300.000          5
 661400.000          7
 661500.000          5
 661600.000          4
 661700.000          5
 661800.000          5
 661900.000          4
 662000.000          5
 662100.000          6
 662200.000          4
 662300.000          7
 662400.000          7
 662500.000          5
 662600.000          7
 662700.000          6
 662800.000          5
 662900.000          4
 663000.000          7
 663100.000          6
 663200.000          7
 663300.000          7
 663400.000          6
 663500.000          6
 663600.000          5
 663700.000          6
 663800.000          5
 663900.000          6
 664000.000          6
 664100.000          9
 664200.000          6
 664300.000          7
 664400.000          8
 664500.000          6
 664600.000          7
 664700.000          7
 664800.000          6
 664900.000          4
 665000.000          8
 665100.000          5
 665200.000          5
 665300.000          5
 665400.000          6
 665500.000          4
 665600.000          4
 665700.000          5
 665800.000          4
 665900.000          5
 666000.000          6
 666100.000          5
 666200.000          6
 666300.000          6
 666400.000          5
 666500.000          5
 666600.000          5
 666700.000          5
 666800.000          7
 666900.000          4
 667000.000          4
 667100.000          7
 667200.000          7
 667300.000          5
 667400.000          4
 667500.000          6
 667600.000          6
 667700.000          6
 667800.000          6
 667900.000          4
 668000.000          5
 668100.000          6
 668200.000          4
 668300.000          5
 668400.000          7
 668500.000          5
 668600.000          5
 668700.000          7
 668800.000          5
 668900.000          7
 669000.000          5
 669100.000          8
 669200.000          5
 669300.000          5
 669400.000          5
 669500.000          6
 669600.000          4
 669700.000          6
 669800.000          6
 669900.000          5
 670000.000          7
 670100.000          7
 670200.000          7
 670300.000          5
 670400.000          5
 670500.000          5
 670600.000          6
 670700.000          6
 670800.000          6
 670900.000          6
 671000.000          7
 671100.000          7
 671200.000          7
 671300.000          5
 671400.000          5
 671500.000          5
 671600.000          7
 671700.000          7
 671800.000          7
 671900.000          7
 672000.000          6
 672100.000          6
 672200.000          6
 672300.000          7
 672400.000          4
 672500.000          6
 672600.000          5
 672700.000          6
 672800.000          8
 672900.000          7
 673000.000          5
 673100.000          5
 673200.000          7
 673300.000          5
 673400.000          6
 673500.000          7
 673600.000          6
 673700.000          5
 673800.000          6
 673900.000          6
 674000.000          4
 674100.000          6
 674200.000          9
 674300.000          8
 674400.000          7
 674500.000          6
 674600.000          6
 674700.000          7
 674800.000          6
 674900.000          4
 675000.000          8
 675100.000          7
 675200.000          5
 675300.000          6
 675400.000          6
 675500.000          6
 675600.000          7
 675700.000          6
 675800.000          6
 675900.000          6
 676000.000          6
 676100.000          5
 676200.000          7
 676300.000          8
 676400.000          8
 676500.000          7
 676600.000          8
 676700.000          6
 676800.000          5
 676900.000          7
 677000.000          6
 677100.000          5
 677200.000          5
 677300.000          7
 677400.000          6
 677500.000          6
 677600.000          7
 677700.000          7
 677800.000          5
 677900.000          7
 678000.000          4
 678100.000          5
 678200.000          6
 678300.000          7
 678400.000          6
 678500.000          6
 678600.000          6
 678700.000          6
 678800.000          8
 678900.000          8
 679000.000          5
 679100.000          5
 679200.000          6
 679300.000          4
 679400.000          6
 679500.000          7
 679600.000          7
 679700.000          8
 679800.000          7
 679900.000          6
 680000.000          6
 680100.000          5
 680200.000          5
 680300.000          6
 680400.000          6
 680500.000          7
 680600.000          7
 680700.000          6
 680800.000          6
 680900.000          7
 681000.000          5
 681100.000          4
 681200.000          7
 681300.000          6
 681400.000          5
 681500.000          7
 681600.000          5
 681700.000          6
 681800.000          6
 681900.000          5
 682000.000          6
 682100.000          7
 682200.000          8
 682300.000          7
 682400.000          6
 682500.000          6
 682600.000          6
 682700.000          5
 682800.000          4
 682900.000          5
 683000.000          6
 683100.000          5
 683200.000          5
 683300.000          4
 683400.000          6
 683500.000          7
 683600.000          4
 683700.000          7
 683800.000          6
 683900.000          5
 684000.000          4
 684100.000          5
 684200.000          5
 684300.000          7
 684400.000          5
 684500.000          6
 684600.000          6
 684700.000          7
 684800.000          6
 684900.000          5
 685000.000          6
 685100.000          8
 685200.000          7
 685300.000          6
 685400.000          8
 685500.000          7
 685600.000          6
 685700.000          4
 685800.000          8
 685900.000          7
 686000.000          7
 686100.000          7
 686200.000          7
 686300.000          7
 686400.000          5
 686500.000          6
 686600.000          6
 686700.000          6
 686800.000          6
 686900.000          6
 687000.000          6
 687100.000          4
 687200.000          6
 687300.000          6
 687400.000          6
 687500.000          3
 687600.000          4
 687700.000          4
 687800.000          5
 687900.000          8
 688000.000          2
 688100.000          5
 688200.000          5
 688300.000          7
 688400.000          7
 688500.000          5
 688600.000          6
 688700.000          3
 688800.000          5
 688900.000          4
 689000.000          3
 689100.000          4
 689200.000          7
 689300.000          6
 689400.000          7
 689500.000          6
 689600.000          6
 689700.000          5
 689800.000          6
 689900.000          6
 690000.000          6
 690100.000          5
 690200.000          4
 690300.000          5
 690400.000          6
 690500.000          7
 690600.000          6
 690700.000          8
 690800.000          4
 690900.000          6
 691000.000          5
 691100.000          4
 691200.000          3
 691300.000          5
 691400.000          6
 691500.000          5
 691600.000          6
 691700.000          6
 691800.000          4
 691900.000          6
 692000.000          6
 692100.000          4
 692200.000          6
 692300.000          5
 692400.000          5
 692500.000          7
 692600.000          4
 692700.000          4
 692800.000          7
 692900.000          6
 693000.000          6
 693100.000          6
 693200.000          4
 693300.000          7
 693400.000          5
 693500.000          6
 693600.000          4
 693700.000          6
 693800.000          6
 693900.000          5
 694000.000          4
 694100.000          5
 694200.000          6
 694300.000          8
 694400.000          5
 694500.000          6
 694600.000          4
 694700.000          6
 694800.000          6
 694900.000          6
 695000.000          6
 695100.000          6
 695200.000          7
 695300.000          6
 695400.000          5
 695500.000          5
 695600.000          6
 695700.000          7
 695800.000          6
 695900.000          6
 696000.000          5
 696100.000          6
 696200.000          7
 696300.000          5
 696400.000          6
 696500.000          5
 696600.000          6
 696700.000          6
 696800.000          6
 696900.000          6
 697000.000          6
 697100.000          6
 697200.000          7
 697300.000          6
 697400.000          6
 697500.000          7
 697600.000          5
 697700.000          6
 697800.000          8
 697900.000          7
 698000.000          6
 698100.000          5
 698200.000          6
 698300.000          4
 698400.000          6
 698500.000          6
 698600.000          5
 698700.000          5
 698800.000          6
 698900.000          6
 699000.000          6
 699100.000          6
 699200.000          7
 699300.000          6
 699400.000          3
 699500.000          6
 699600.000          4
 699700.000          5
 699800.000          4
 699900.000          5
 700000.000          5
 700100.000          6
 700200.000          4
 700300.000          6
 700400.000          7
 700500.000          8
 700600.000          6
 700700.000          7
 700800.000          4
 700900.000          7
 701000.000          7
 701100.000          6
 701200.000          5
 701300.000          7
 701400.000          4
 701500.000          6
 701600.000          7
 701700.000          6
 701800.000          8
 701900.000          6
 702000.000          8
 702100.000          6
 702200.000          6
 702300.000          6
 702400.000          5
 702500.000          7
 702600.000          5
 702700.000          5
 702800.000          7
 702900.000          6
 703000.000          4
 703100.000          7
 703200.000          7
 703300.000          5
 703400.000          7
 703500.000          6
 703600.000          7
 703700.000          7
 703800.000          6
 703900.000          8
 704000.000          6
 704100.000          7
 704200.000          8
 704300.000          6
 704400.000          8
 704500.000          9
 704600.000          8
 704700.000          7
 704800.000          6
 704900.000          6
 705000.000          8
 705100.000          8
 705200.000          6
 705300.000          6
 705400.000          6
 705500.000          6
 705600.000          6
 705700.000          6
 705800.000          5
 705900.000          3
 706000.000          6
 706100.000          5
 706200.000          6
 706300.000          6
 706400.000          7
 706500.000          5
 706600.000          5
 706700.000          6
 706800.000          6
 706900.000          5
 707000.000          6
 707100.000          2
 707200.000          3
 707300.000          4
 707400.000          4
 707500.000          5
 707600.000          3
 707700.000          6
 707800.000          3
 707900.000          7
 708000.000          6
 708100.000          5
 708200.000          6
 708300.000          8
 708400.000          6
 708500.000          7
 708600.000          7
 708700.000          5
 708800.000          6
 708900.000          6
 709000.000          6
 709100.000          3
 709200.000          6
 709300.000          7
 709400.000          8
 709500.000          6
 709600.000          7
 709700.000          6
 709800.000          5
 709900.000          5
 710000.000          5
 710100.000          6
 710200.000          6
 710300.000          5
 710400.000          6
 710500.000          6
 710600.000          4
 710700.000          4
 710800.000          6
 710900.000          3
 711000.000          6
 711100.000          5
 711200.000          7
 711300.000          5
 711400.000          5
 711500.000          4
 711600.000          5
 711700.000          5
 711800.000          4
 711900.000          5
 712000.000          5
 712100.000          6
 712200.000          6
 712300.000          6
 712400.000          6
 712500.000          4
 712600.000          5
 712700.000          3
 712800.000          4
 712900.000          2
 713000.000          7
 713100.000          4
 713200.000          6
 713300.000          7
 713400.000          5
 713500.000          6
 713600.000          4
 713700.000          5
 713800.000          6
 713900.000          5
 714000.000          2
 714100.000          5
 714200.000          7
 714300.000          4
 714400.000          6
 714500.000          3
 714600.000          6
 714700.000          5
 714800.000          7
 714900.000          7
 715000.000          5
 715100.000          5
 715200.000          4
 715300.000          6
 715400.000          3
 715500.000          6
 715600.000          4
 715700.000          6
 715800.000          5
 715900.000          4
 716000.000          5
 716100.000          4
 716200.000          4
 716300.000          4
 716400.000          4
 716500.000          5
 716600.000          9
 716700.000          7
 716800.000          7
 716900.000          8
 717000.000          8
 717100.000          8
 717200.000          6
 717300.000          5
 717400.000          8
 717500.000          8
 717600.000          6
 717700.000          7
 717800.000          9
 717900.000          4
 718000.000          6
 718100.000          7
 718200.000          5
 718300.000          6
 718400.000          4
 718500.000          4
 718600.000          9
 718700.000          4
 718800.000          4
 718900.000          5
 719000.000          7
 719100.000          6
 719200.000          4
 719300.000          9
 719400.000          6
 719500.000          5
 719600.000          4
 719700.000          5
 719800.000          4
 719900.000          4
 720000.000          5
 720100.000          5
 720200.000          5
 720300.000          8
 720400.000          3
 720500.000          8
 720600.000          5
 720700.000          8
 720800.000          6
 720900.000          7
 721000.000          7
 721100.000          4
 721200.000          6
 721300.000          5
 721400.000          6
 721500.000          4
 721600.000          5
 721700.000          2
 721800.000          4
 721900.000          8
 722000.000          6
 722100.000          7
 722200.000          6
 722300.000          6
 722400.000          6
 722500.000          3
 722600.000          5
 722700.000          6
 722800.000          7
 722900.000          7
 723000.000          7
 723100.000          8
 723200.000          8
 723300.000          6
 723400.000          7
 723500.000          6
 723600.000          6
 723700.000          7
 723800.000          6
 723900.000          8
 724000.000          7
 724100.000          8
 724200.000          6
 724300.000          6
 724400.000          7
 724500.000          6
 724600.000          4
 724700.000          6
 724800.000          7
 724900.000          6
 725000.000          6
 725100.000          7
 725200.000          6
 725300.000          5
 725400.000          5
 725500.000          6
 725600.000          7
 725700.000          5
 725800.000          7
 725900.000          9
 726000.000          7
 726100.000          8
 726200.000          7
 726300.000          7
 726400.000          6
 726500.000          7
 726600.000          6
 726700.000          8
 726800.000          8
 726900.000          9
 727000.000          7
 727100.000          8
 727200.000          8
 727300.000          8
 727400.000          7
 727500.000          7
 727600.000          8
 727700.000          3
 727800.000          7
 727900.000          7
 728000.000          6
 728100.000          5
 728200.000          5
 728300.000          7
 728400.000          8
 728500.000          4
 728600.000          5
 728700.000          8
 728800.000          7
 728900.000          4
 729000.000          6
 729100.000          6
 729200.000          7
 729300.000          5
 729400.000          7
 729500.000          5
 729600.000          6
 729700.000          5
 729800.000          7
 729900.000          5
 730000.000          7
 730100.000          8
 730200.000          7
 730300.000          6
 730400.000          6
 730500.000          7
 730600.000          8
 730700.000          6
 730800.000          5
 730900.000          6
 731000.000          4
 731100.000          6
 731200.000          6
 731300.000          4
 731400.000          6
 731500.000          9
 731600.000          6
 731700.000          6
 731800.000          6
 731900.000          8
 732000.000          7
 732100.000          5
 732200.000          6
 732300.000          8
 732400.000          5
 732500.000          3
 732600.000          8
 732700.000          6
 732800.000          7
 732900.000          5
 733000.000          7
 733100.000          6
 733200.000          7
 733300.000          5
 733400.000          5
 733500.000          5
 733600.000          4
 733700.000          6
 733800.000          4
 733900.000          4
 734000.000          5
 734100.000          6
 734200.000          5
 734300.000          4
 734400.000          4
 734500.000          4
 734600.000          5
 734700.000          6
 734800.000          5
 734900.000          4
 735000.000          3
 735100.000          4
 735200.000          6
 735300.000          3
 735400.000          8
 735500.000          6
 735600.000          5
 735700.000          6
 735800.000          4
 735900.000          2
 736000.000          6
 736100.000          5
 736200.000          6
 736300.000          5
 736400.000          7
 736500.000          8
 736600.000          7
 736700.000          7
 736800.000          9
 736900.000          8
 737000.000          4
 737100.000          7
 737200.000          6
 737300.000          6
 737400.000          7
 737500.000          7
 737600.000         10
 737700.000         10
 737800.000          5
 737900.000          8
 738000.000         11
 738100.000          7
 738200.000          9
 738300.000          9
 738400.000          7
 738500.000          7
 738600.000          4
 738700.000          6
 738800.000          8
 738900.000          6
 739000.000          5
 739100.000          7
 739200.000          3
 739300.000          5
 739400.000          6
 739500.000          4
 739600.000          8
 739700.000          6
 739800.000          7
 739900.000          8
 740000.000          5
 740100.000          7
 740200.000          5
 740300.000          6
 740400.000          6
 740500.000          5
 740600.000          7
 740700.000          5
 740800.000          5
 740900.000          2
 741000.000          3
 741100.000          4
 741200.000          2
 741300.000          4
 741400.000          4
 741500.000          4
 741600.000          5
 741700.000          6
 741800.000          6
 741900.000          3
 742000.000          3
 742100.000          5
 742200.000          7
 742300.000          6
 742400.000          3
 742500.000          6
 742600.000          8
 742700.000          5
 742800.000          6
 742900.000          8
 743000.000          7
 743100.000          7
 743200.000          7
 743300.000          8
 743400.000          8
 743500.000          5
 743600.000          4
 743700.000          8
 743800.000          5
 743900.000          7
 744000.000          4
 744100.000          5
 744200.000          3
 744300.000          4
 744400.000          4
 744500.000          3
 744600.000          3
 744700.000          5
 744800.000          7
 744900.000          4
 745000.000          3
 745100.000          4
 745200.000          4
 745300.000          4
 745400.000          5
 745500.000          5
 745600.000          4
 745700.000          4
 745800.000          3
 745900.000          5
 746000.000          7
 746100.000          7
 746200.000          8
 746300.000          5
 746400.000          5
 746500.000          5
 746600.000          8
 746700.000          3
 746800.000          6
 746900.000          4
 747000.000          4
 747100.000          5
 747200.000          6
 747300.000          5
 747400.000          4
 747500.000          3
 747600.000          6
 747700.000          6
 747800.000          5
 747900.000          6
 748000.000          6
 748100.000          4
 748200.000          3
 748300.000          4
 748400.000          3
 748500.000          2
 748600.000          7
 748700.000          4
 748800.000          5
 748900.000          5
 749000.000          5
 749100.000          7
 749200.000          6
 749300.000          6
 749400.000          7
 749500.000          4
 749600.000          7
 749700.000          4
 749800.000          5
 749900.000          5
 750000.000          7
 750100.000          4
 750200.000          7
 750300.000          6
 750400.000          6
 750500.000          9
 750600.000          5
 750700.000          7
 750800.000          5
 750900.000          6
 751000.000          6
 751100.000          6
 751200.000          6
 751300.000          4
 751400.000          5
 751500.000          4
 751600.000          3
 751700.000          1
 751800.000          5
 751900.000          6
 752000.000          5
 752100.000          5
 752200.000          4
 752300.000          7
 752400.000          4
 752500.000          6
 752600.000          6
 752700.000          6
 752800.000          7
 752900.000          5
 753000.000          6
 753100.000          8
 753200.000          5
 753300.000          7
 753400.000          6
 753500.000          7
 753600.000          5
 753700.000          6
 753800.000          7
 753900.000          6
 754000.000          8
 754100.000          8
 754200.000          7
 754300.000          6
 754400.000          7
 754500.000          7
 754600.000          5
 754700.000          7
 754800.000          6
 754900.000          5
 755000.000          5
 755100.000          5
 755200.000          5
 755300.000          8
 755400.000          6
 755500.000          7
 755600.000          6
 755700.000          4
 755800.000         10
 755900.000          6
 756000.000          8
 756100.000          6
 756200.000          9
 756300.000          7
 756400.000          9
 756500.000          6
 756600.000          5
 756700.000          7
 756800.000          6
 756900.000          6
 757000.000          5
 757100.000          7
 757200.000          6
 757300.000          6
 757400.000          5
 757500.000          7
 757600.000          9
 757700.000          6
 757800.000          3
 757900.000          7
 758000.000          6
 758100.000          8
 758200.000          6
 758300.000          5
 758400.000          5
 758500.000          8
 758600.000         10
 758700.000          7
 758800.000          6
 758900.000          7
 759000.000          4
 759100.000          5
 759200.000          4
 759300.000          5
 759400.000          5
 759500.000          5
 759600.000          3
 759700.000          7
 759800.000          5
 759900.000          6
 760000.000          4
 760100.000          9
 760200.000          6
 760300.000          4
 760400.000         10
 760500.000          5
 760600.000          4
 760700.000          4
 760800.000          4
 760900.000          7
 761000.000          6
 761100.000          8
 761200.000          6
 761300.000          5
 761400.000          5
 761500.000          6
 761600.000          6
 761700.000          5
 761800.000          6
 761900.000          7
 762000.000          8
 762100.000          6
 762200.000          5
 762300.000          6
 762400.000          8
 762500.000          5
 762600.000          6
 762700.000          7
 762800.000          5
 762900.000          4
 763000.000          5
 763100.000          4
 763200.000          6
 763300.000          5
 763400.000          6
 763500.000          6
 763600.000          4
 763700.000          7
 763800.000          6
 763900.000          5
 764000.000          8
 764100.000          5
 764200.000          4
 764300.000          3
 764400.000          3
 764500.000          4
 764600.000          6
 764700.000          6
 764800.000          3
 764900.000          4
 765000.000          3
 765100.000          5
 765200.000          3
 765300.000          5
 765400.000          5
 765500.000          2
 765600.000          7
 765700.000          4
 765800.000          5
 765900.000          7
 766000.000          4
 766100.000          7
 766200.000          4
 766300.000          7
 766400.000          6
 766500.000          8
 766600.000          8
 766700.000          6
 766800.000          6
 766900.000          5
 767000.000          6
 767100.000          7
 767200.000          5
 767300.000          8
 767400.000          7
 767500.000          8
 767600.000          7
 767700.000          7
 767800.000          6
 767900.000          6
 768000.000          5
 768100.000          6
 768200.000          3
 768300.000          7
 768400.000          3
 768500.000          5
 768600.000          5
 768700.000          6
 768800.000          5
 768900.000          5
 769000.000          5
 769100.000          2
 769200.000          5
 769300.000          4
 769400.000          6
 769500.000          5
 769600.000          4
 769700.000          6
 769800.000          5
 769900.000          2
 770000.000          6
 770100.000          5
 770200.000          3
 770300.000          8
 770400.000          6
 770500.000          7
 770600.000          6
 770700.000          5
 770800.000          4
 770900.000          4
 771000.000          6
 771100.000          5
 771200.000          7
 771300.000          6
 771400.000          4
 771500.000          7
 771600.000          8
 771700.000          5
 771800.000          8
 771900.000          6
 772000.000          5
 772100.000          6
 772200.000          5
 772300.000          6
 772400.000          7
 772500.000          7
 772600.000          8
 772700.000          7
 772800.000          6
 772900.000          8
 773000.000          7
 773100.000          6
 773200.000          6
 773300.000          7
 773400.000          5
 773500.000          7
 773600.000          9
 773700.000          7
 773800.000          7
 773900.000          8
 774000.000          7
 774100.000          7
 774200.000          8
 774300.000          7
 774400.000          6
 774500.000          4
 774600.000          5
 774700.000          4
 774800.000          5
 774900.000          4
 775000.000          6
 775100.000          5
 775200.000          5
 775300.000          7
 775400.000          3
 775500.000          7
 775600.000          6
 775700.000          6
 775800.000          7
 775900.000          3
 776000.000          5
 776100.000          5
 776200.000          5
 776300.000          8
 776400.000          3
 776500.000          3
 776600.000          5
 776700.000          5
 776800.000          6
 776900.000          4
 777000.000          6
 777100.000          6
 777200.000          4
 777300.000          7
 777400.000          7
 777500.000          4
 777600.000          3
 777700.000          8
 777800.000          7
 777900.000          8
 778000.000          4
 778100.000          5
 778200.000          5
 778300.000          4
 778400.000          7
 778500.000          4
 778600.000          3
 778700.000          6
 778800.000          4
 778900.000          5
 779000.000          5
 779100.000          2
 779200.000          3
 779300.000          5
 779400.000          3
 779500.000          4
 779600.000          1
 779700.000          4
 779800.000          5
 779900.000          5
 780000.000          4
 780100.000          5
 780200.000          6
 780300.000          6
 780400.000          6
 780500.000          7
 780600.000          9
 780700.000          6
 780800.000          4
 780900.000          6
 781000.000          7
 781100.000          6
 781200.000          6
 781300.000          6
 781400.000          5
 781500.000          4
 781600.000          5
 781700.000          8
 781800.000          7
 781900.000          6
 782000.000          7
 782100.000          7
 782200.000          6
 782300.000          4
 782400.000          5
 782500.000          5
 782600.000          4
 782700.000          7
 782800.000          7
 782900.000          7
 783000.000          4
 783100.000          8
 783200.000          9
 783300.000          4
 783400.000          6
 783500.000          7
 783600.000         11
 783700.000          8
 783800.000          5
 783900.000          7
 784000.000          5
 784100.000          7
 784200.000          6
 784300.000          8
 784400.000          4
 784500.000          3
 784600.000          4
 784700.000          8
 784800.000          4
 784900.000          7
 785000.000          5
 785100.000          5
 785200.000          7
 785300.000          8
 785400.000          6
 785500.000          6
 785600.000          6
 785700.000          3
 785800.000          8
 785900.000          8
 786000.000          8
 786100.000          8
 786200.000          6
 786300.000          7
 786400.000          6
 786500.000          8
 786600.000          6
 786700.000          7
 786800.000          6
 786900.000          7
 787000.000          5
 787100.000          4
 787200.000          3
 787300.000          8
 787400.000          6
 787500.000          5
 787600.000          9
 787700.000          5
 787800.000          7
 787900.000          6
 788000.000          7
 788100.000          6
 788200.000          5
 788300.000          5
 788400.000          6
 788500.000          6
 788600.000          5
 788700.000          4
 788800.000          6
 788900.000          5
 789000.000          9
 789100.000          5
 789200.000          6
 789300.000          8
 789400.000          8
 789500.000          5
 789600.000          8
 789700.000          6
 789800.000          4
 789900.000          7
 790000.000          6
 790100.000          6
 790200.000          6
 790300.000          4
 790400.000          3
 790500.000          5
 790600.000          8
 790700.000          6
 790800.000          6
 790900.000          8
 791000.000          7
 791100.000          7
 791200.000          8
 791300.000          6
 791400.000          6
 791500.000          6
 791600.000          8
 791700.000          5
 791800.000          2
 791900.000          7
 792000.000          7
 792100.000          6
 792200.000          6
 792300.000          7
 792400.000          7
 792500.000          6
 792600.000          8
 792700.000          8
 792800.000          6
 792900.000          5
 793000.000          6
 793100.000          7
 793200.000          7
 793300.000          5
 793400.000          8
 793500.000          7
 793600.000          5
 793700.000          5
 793800.000          7
 793900.000          7
 794000.000          7
 794100.000          7
 794200.000          7
 794300.000          8
 794400.000          8
 794500.000          8
 794600.000          4
 794700.000          5
 794800.000          5
 794900.000          9
 795000.000          8
 795100.000          7
 795200.000          7
 795300.000          9
 795400.000          6
 795500.000          7
 795600.000          6
 795700.000          4
 795800.000          6
 795900.000          8
 796000.000          6
 796100.000          7
 796200.000          6
 796300.000          6
 796400.000          6
 796500.000          6
 796600.000          8
 796700.000          7
 796800.000          7
 796900.000          6
 797000.000          5
 797100.000          6
 797200.000          8
 797300.000          8
 797400.000          6
 797500.000          5
 797600.000          8
 797700.000          5
 797800.000          8
 797900.000          8
 798000.000          5
 798100.000          8
 798200.000          7
 798300.000          6
 798400.000          8
 798500.000          8
 798600.000          7
 798700.000          9
 798800.000          8
 798900.000          8
 799000.000          6
 799100.000          7
 799200.000          5
 799300.000          5
 799400.000          5
 799500.000         10
 799600.000          8
 799700.000          9
 799800.000          7
 799900.000          7
 800000.000          7
 800100.000          7
 800200.000          5
 800300.000          7
 800400.000          7
 800500.000          7
 800600.000          6
 800700.000          6
 800800.000          4
 800900.000          6
 801000.000          6
 801100.000          8
 801200.000          7
 801300.000          6
 801400.000          8
 801500.000          8
 801600.000          5
 801700.000          6
 801800.000          8
 801900.000          6
 802000.000          7
 802100.000          7
 802200.000          8
 802300.000          5
 802400.000          7
 802500.000          6
 802600.000          8
 802700.000          5
 802800.000          7
 802900.000          5
 803000.000          9
 803100.000          5
 803200.000          7
 803300.000          4
 803400.000          7
 803500.000          7
 803600.000          4
 803700.000          6
 803800.000          4
 803900.000          6
 804000.000          4
 804100.000          4
 804200.000          5
 804300.000          5
 804400.000          5
 804500.000          7
 804600.000          6
 804700.000          5
 804800.000          5
 804900.000          5
 805000.000          5
 805100.000          4
 805200.000          7
 805300.000          5
 805400.000          4
 805500.000          6
 805600.000          4
 805700.000          4
 805800.000          3
 805900.000          7
 806000.000          7
 806100.000          4
 806200.000          8
 806300.000          8
 806400.000          7
 806500.000          7
 806600.000          5
 806700.000          4
 806800.000          7
 806900.000          4
 807000.000          6
 807100.000          7
 807200.000          7
 807300.000          6
 807400.000          7
 807500.000          8
 807600.000          4
 807700.000          9
 807800.000          6
 807900.000          9
 808000.000          7
 808100.000          4
 808200.000          5
 808300.000          4
 808400.000          7
 808500.000          8
 808600.000          7
 808700.000          7
 808800.000          5
 808900.000          6
 809000.000          6
 809100.000          4
 809200.000          5
 809300.000          6
 809400.000          6
 809500.000          9
 809600.000          8
 809700.000          9
 809800.000         10
 809900.000          8
 810000.000          5
 810100.000          7
 810200.000          6
 810300.000          5
 810400.000          6
 810500.000          9
 810600.000          6
 810700.000          8
 810800.000          5
 810900.000          5
 811000.000          6
 811100.000          5
 811200.000          7
 811300.000          7
 811400.000          8
 811500.000          8
 811600.000          7
 811700.000          8
 811800.000          8
 811900.000          8
 812000.000          7
 812100.000          9
 812200.000          8
 812300.000          7
 812400.000          7
 812500.000          9
 812600.000          5
 812700.000         11
 812800.000          8
 812900.000          9
 813000.000          8
 813100.000         10
 813200.000          8
 813300.000         12
 813400.000          9
 813500.000          8
 813600.000          7
 813700.000          8
 813800.000         12
 813900.000          6
 814000.000          9
 814100.000         11
 814200.000         10
 814300.000          7
 814400.000          6
 814500.000          8
 814600.000          7
 814700.000          5
 814800.000         10
 814900.000          7
 815000.000          7
 815100.000         10
 815200.000          8
 815300.000          7
 815400.000          7
 815500.000          8
 815600.000          8
 815700.000          9
 815800.000          9
 815900.000          7
 816000.000          7
 816100.000          7
 816200.000          8
 816300.000          6
 816400.000          6
 816500.000          9
 816600.000          6
 816700.000          5
 816800.000          6
 816900.000          7
 817000.000          7
 817100.000          7
 817200.000          7
 817300.000          6
 817400.000          5
 817500.000          8
 817600.000          8
 817700.000          8
 817800.000          6
 817900.000          6
 818000.000          5
 818100.000          6
 818200.000          6
 818300.000          6
 818400.000          7
 818500.000          9
 818600.000          7
 818700.000          8
 818800.000          5
 818900.000          8
 819000.000          8
 819100.000          9
 819200.000          7
 819300.000          7
 819400.000          6
 819500.000          4
 819600.000          5
 819700.000          5
 819800.000          5
 819900.000          4
 820000.000          6
 820100.000          5
 820200.000          4
 820300.000          4
 820400.000          5
 820500.000          5
 820600.000          5
 820700.000          5
 820800.000          4
 820900.000          4
 821000.000          4
 821100.000          5
 821200.000          1
 821300.000          5
 821400.000          2
 821500.000          6
 821600.000          4
 821700.000          4
 821800.000          4
 821900.000          3
 822000.000          2
 822100.000          4
 822200.000          3
 822300.000          4
 822400.000          5
 822500.000          3
 822600.000          4
 822700.000          3
 822800.000          2
 822900.000          4
 823000.000          5
 823100.000          5
 823200.000          4
 823300.000          5
 823400.000          5
 823500.000          7
 823600.000          5
 823700.000          4
 823800.000          4
 823900.000          6
 824000.000          5
 824100.000          5
 824200.000          5
 824300.000          3
 824400.000          7
 824500.000          5
 824600.000          4
 824700.000          6
 824800.000          1
 824900.000          3
 825000.000          5
 825100.000          4
 825200.000          4
 825300.000          4
 825400.000          2
 825500.000          3
 825600.000          2
 825700.000          8
 825800.000          3
 825900.000          5
 826000.000          6
 826100.000          4
 826200.000          3
 826300.000          3
 826400.000          3
 826500.000          4
 826600.000          1
 826700.000          5
 826800.000          6
 826900.000          4
 827000.000          4
 827100.000          4
 827200.000          3
 827300.000          6
 827400.000          4
 827500.000          5
 827600.000          4
 827700.000          3
 827800.000          4
 827900.000          3
 828000.000          6
 828100.000          4
 828200.000          5
 828300.000          4
 828400.000          5
 828500.000          5
 828600.000          6
 828700.000          4
 828800.000          3
 828900.000          4
 829000.000          5
 829100.000          4
 829200.000          6
 829300.000          5
 829400.000          5
 829500.000          5
 829600.000          4
 829700.000          3
 829800.000          4
 829900.000          4
 830000.000          6
 830100.000          4
 830200.000          4
 830300.000          4
 830400.000          4
 830500.000          4
 830600.000          6
 830700.000          5
 830800.000          4
 830900.000          4
 831000.000          3
 831100.000          4
 831200.000          3
 831300.000          2
 831400.000          3
 831500.000          4
 831600.000          4
 831700.000          5
 831800.000          4
 831900.000          4
 832000.000          5
 832100.000          5
 832200.000          3
 832300.000          3
 832400.000          6
 832500.000          4
 832600.000          3
 832700.000          2
 832800.000          4
 832900.000          2
 833000.000          4
 833100.000          6
 833200.000          4
 833300.000          5
 833400.000          5
 833500.000          4
 833600.000          3
 833700.000          2
 833800.000          5
 833900.000          4
 834000.000          4
 834100.000          7
 834200.000          5
 834300.000          4
 834400.000          6
 834500.000          6
 834600.000          3
 834700.000          2
 834800.000          4
 834900.000          6
 835000.000          5
 835100.000          4
 835200.000          5
 835300.000          5
 835400.000          4
 835500.000          6
 835600.000          4
 835700.000          6
 835800.000          3
 835900.000          4
 836000.000          4
 836100.000          4
 836200.000          4
 836300.000          3
 836400.000          4
 836500.000          5
 836600.000          4
 836700.000          5
 836800.000          5
 836900.000          6
 837000.000          3
 837100.000          3
 837200.000          3
 837300.000          4
 837400.000          5
 837500.000          6
 837600.000          5
 837700.000          5
 837800.000          6
 837900.000          6
 838000.000          8
 838100.000          5
 838200.000          7
 838300.000          6
 838400.000          7
 838500.000          4
 838600.000          4
 838700.000          4
 838800.000          5
 838900.000          6
 839000.000          4
 839100.000          4
 839200.000          3
 839300.000          5
 839400.000          6
 839500.000          6
 839600.000          5
 839700.000          3
 839800.000          4
 839900.000          4
 840000.000          6
 840100.000          4
 840200.000          2
 840300.000          4
 840400.000          3
 840500.000          4
 840600.000          4
 840700.000          5
 840800.000          4
 840900.000          6
 841000.000          5
 841100.000          4
 841200.000          6
 841300.000          5
 841400.000          4
 841500.000          3
 841600.000          4
 841700.000          5
 841800.000          5
 841900.000          4
 842000.000          4
 842100.000          7
 842200.000          5
 842300.000          5
 842400.000          6
 842500.000          5
 842600.000          6
 842700.000          4
 842800.000          4
 842900.000          6
 843000.000          5
 843100.000          5
 843200.000          5
 843300.000          5
 843400.000          3
 843500.000          5
 843600.000          3
 843700.000          4
 843800.000          4
 843900.000          2
 844000.000          5
 844100.000          6
 844200.000          6
 844300.000          3
 844400.000          2
 844500.000          4
 844600.000          4
 844700.000          5
 844800.000          7
 844900.000          5
 845000.000          7
 845100.000          3
 845200.000          9
 845300.000          5
 845400.000          6
 845500.000          6
 845600.000          8
 845700.000          6
 845800.000          4
 845900.000          6
 846000.000          4
 846100.000          2
 846200.000          2
 846300.000          1
 846400.000          4
 846500.000          3
 846600.000          3
 846700.000          4
 846800.000          4
 846900.000          3
 847000.000          4
 847100.000          2
 847200.000          4
 847300.000          5
 847400.000          4
 847500.000          4
 847600.000          3
 847700.000          2
 847800.000          4
 847900.000          6
 848000.000          6
 848100.000          6
 848200.000          5
 848300.000          3
 848400.000          4
 848500.000          4
 848600.000          4
 848700.000          3
 848800.000          6
 848900.000          7
 849000.000          5
 849100.000          5
 849200.000          5
 849300.000          4
 849400.000          5
 849500.000          6
 849600.000          4
 849700.000          6
 849800.000          6
 849900.000          4
 850000.000          2
 850100.000          3
 850200.000          6
 850300.000          4
 850400.000          2
 850500.000          4
 850600.000          4
 850700.000          3
 850800.000          4
 850900.000          5
 851000.000          5
 851100.000          4
 851200.000          3
 851300.000          4
 851400.000          5
 851500.000          2
 851600.000          2
 851700.000          5
 851800.000          2
 851900.000          4
 852000.000          3
 852100.000          3
 852200.000          4
 852300.000          4
 852400.000          1
 852500.000          0
 852600.000          4
 852700.000          2
 852800.000          6
 852900.000          5
 853000.000          4
 853100.000          3
 853200.000          3
 853300.000          2
 853400.000          1
 853500.000          4
 853600.000          1
 853700.000          6
 853800.000          4
 853900.000          5
 854000.000          7
 854100.000          2
 854200.000          8
 854300.000          5
 854400.000          5
 854500.000          4
 854600.000          6
 854700.000          4
 854800.000          3
 854900.000          3
 855000.000          6
 855100.000          4
 855200.000          2
 855300.000          4
 855400.000          5
 855500.000          4
 855600.000          4
 855700.000          5
 855800.000          4
 855900.000          4
 856000.000          3
 856100.000          2
 856200.000          3
 856300.000          3
 856400.000          5
 856500.000          7
 856600.000          5
 856700.000          6
 856800.000          2
 856900.000          6
 857000.000          5
 857100.000          2
 857200.000          4
 857300.000          5
 857400.000          6
 857500.000          4
 857600.000          5
 857700.000          5
 857800.000          8
 857900.000          3
 858000.000          4
 858100.000          5
 858200.000          3
 858300.000          6
 858400.000          6
 858500.000          6
 858600.000          5
 858700.000          4
 858800.000          4
 858900.000          4
 859000.000          4
 859100.000          3
 859200.000          4
 859300.000          3
 859400.000          3
 859500.000          3
 859600.000          5
 859700.000          6
 859800.000          3
 859900.000          5
 860000.000          4
 860100.000          3
 860200.000          5
 860300.000          4
 860400.000          4
 860500.000          3
 860600.000          2
 860700.000          5
 860800.000          5
 860900.000          3
 861000.000          3
 861100.000          5
 861200.000          5
 861300.000          4
 861400.000          4
 861500.000          4
 861600.000          3
 861700.000          5
 861800.000          6
 861900.000          4
 862000.000          5
 862100.000          6
 862200.000          7
 862300.000          5
 862400.000          9
 862500.000          5
 862600.000          8
 862700.000          6
 862800.000          5
 862900.000          5
 863000.000          4
 863100.000          3
 863200.000          2
 863300.000          4
 863400.000          4
 863500.000          5
 863600.000          5
 863700.000          5
 863800.000          3
 863900.000          6
 864000.000          4
 864100.000          5
 864200.000          6
 864300.000          5
 864400.000          4
 864500.000          5
 864600.000          8
 864700.000          6
 864800.000          2
 864900.000          6
 865000.000          5
 865100.000          4
 865200.000          4
 865300.000          3
 865400.000          7
 865500.000          6
 865600.000          5
 865700.000          5
 865800.000          6
 865900.000          5
 866000.000          5
 866100.000          4
 866200.000          6
 866300.000          4
 866400.000          4
 866500.000          3
 866600.000          5
 866700.000          7
 866800.000          3
 866900.000          6
 867000.000          8
 867100.000          5
 867200.000          5
 867300.000          5
 867400.000          6
 867500.000          3
 867600.000          3
 867700.000          6
 867800.000          6
 867900.000          4
 868000.000          4
 868100.000          5
 868200.000          4
 868300.000          6
 868400.000          4
 868500.000          5
 868600.000          4
 868700.000          4
 868800.000          6
 868900.000          5
 869000.000          4
 869100.000          4
 869200.000          3
 869300.000          6
 869400.000          2
 869500.000          3
 869600.000          3
 869700.000          5
 869800.000          5
 869900.000          3
 870000.000          5
 870100.000          7
 870200.000          4
 870300.000          4
 870400.000          3
 870500.000          6
 870600.000          4
 870700.000          3
 870800.000          5
 870900.000          3
 871000.000          4
 871100.000          5
 871200.000          4
 871300.000          5
 871400.000          3
 871500.000          5
 871600.000          9
 871700.000          5
 871800.000          3
 871900.000          3
 872000.000          3
 872100.000          5
 872200.000          6
 872300.000          5
 872400.000          6
 872500.000          6
 872600.000          7
 872700.000          7
 872800.000          3
 872900.000          4
 873000.000          4
 873100.000          6
 873200.000          8
 873300.000          5
 873400.000          7
 873500.000          7
 873600.000          8
 873700.000          7
 873800.000          7
 873900.000          6
 874000.000          6
 874100.000          6
 874200.000          5
 874300.000          4
 874400.000          7
 874500.000          5
 874600.000          2
 874700.000          5
 874800.000          6
 874900.000          3
 875000.000          4
 875100.000          5
 875200.000          6
 875300.000          7
 875400.000          2
 875500.000          5
 875600.000          4
 875700.000          4
 875800.000          6
 875900.000          5
 876000.000          3
 876100.000          5
 876200.000          5
 876300.000          5
 876400.000          4
 876500.000          5
 876600.000          4
 876700.000          3
 876800.000          6
 876900.000          5
 877000.000          6
 877100.000          4
 877200.000          4
 877300.000          6
 877400.000          8
 877500.000          3
 877600.000          3
 877700.000          6
 877800.000          8
 877900.000          6
 878000.000          6
 878100.000          5
 878200.000          6
 878300.000          6
 878400.000          5
 878500.000          5
 878600.000          4
 878700.000          5
 878800.000          1
 878900.000          3
 879000.000          3
 879100.000          2
 879200.000          4
 879300.000          5
 879400.000          5
 879500.000          6
 879600.000          5
 879700.000          3
 879800.000          6
 879900.000          6
 880000.000          7
 880100.000          3
 880200.000          4
 880300.000          5
 880400.000          5
 880500.000          7
 880600.000          5
 880700.000          4
 880800.000          5
 880900.000          5
 881000.000          7
 881100.000          5
 881200.000          6
 881300.000          3
 881400.000          2
 881500.000          6
 881600.000          4
 881700.000          6
 881800.000          2
 881900.000          2
 882000.000          6
 882100.000          4
 882200.000          5
 882300.000          5
 882400.000          3
 882500.000          6
 882600.000          2
 882700.000          5
 882800.000          6
 882900.000          3
 883000.000          4
 883100.000          4
 883200.000          5
 883300.000          4
 883400.000          4
 883500.000          3
 883600.000          5
 883700.000          3
 883800.000          5
 883900.000          4
 884000.000          5
 884100.000          5
 884200.000          3
 884300.000          5
 884400.000          6
 884500.000          5
 884600.000          3
 884700.000          6
 884800.000          5
 884900.000          5
 885000.000          6
 885100.000          4
 885200.000          5
 885300.000          6
 885400.000          3
 885500.000          6
 885600.000          5
 885700.000          5
 885800.000          5
 885900.000          4
 886000.000          6
 886100.000          4
 886200.000          6
 886300.000          4
 886400.000          5
 886500.000          4
 886600.000          4
 886700.000          2
 886800.000          4
 886900.000          4
 887000.000          2
 887100.000          4
 887200.000          4
 887300.000          5
 887400.000          7
 887500.000          4
 887600.000          3
 887700.000          4
 887800.000          4
 887900.000          4
 888000.000          5
 888100.000          6
 888200.000          4
 888300.000          4
 888400.000          4
 888500.000          4
 888600.000          7
 888700.000          5
 888800.000          2
 888900.000          6
 889000.000          5
 889100.000          4
 889200.000          5
 889300.000          4
 889400.000          4
 889500.000          3
 889600.000          1
 889700.000          5
 889800.000          6
 889900.000          9
 890000.000          6
 890100.000          4
 890200.000          2
 890300.000          3
 890400.000          4
 890500.000          5
 890600.000          1
 890700.000          5
 890800.000          4
 890900.000          5
 891000.000          2
 891100.000          4
 891200.000          3
 891300.000          3
 891400.000          3
 891500.000          3
 891600.000          3
 891700.000          2
 891800.000          3
 891900.000          4
 892000.000          3
 892100.000          3
 892200.000          4
 892300.000          3
 892400.000          2
 892500.000          3
 892600.000          2
 892700.000          2
 892800.000          2
 892900.000          3
 893000.000          4
 893100.000          3
 893200.000          4
 893300.000          2
 893400.000          5
 893500.000          3
 893600.000          4
 893700.000          3
 893800.000          3
 893900.000          5
 894000.000          3
 894100.000          2
 894200.000          2
 894300.000          2
 894400.000          6
 894500.000          2
 894600.000          5
 894700.000          2
 894800.000          2
 894900.000          2
 895000.000          5
 895100.000          6
 895200.000          3
 895300.000          5
 895400.000          3
 895500.000          3
 895600.000          3
 895700.000          3
 895800.000          3
 895900.000          3
 896000.000          2
 896100.000          2
 896200.000          2
 896300.000          2
 896400.000          3
 896500.000          2
 896600.000          2
 896700.000          5
 896800.000          5
 896900.000          5
 897000.000          1
 897100.000          4
 897200.000          5
 897300.000          3
 897400.000          4
 897500.000          4
 897600.000          2
 897700.000          5
 897800.000          4
 897900.000          2
 898000.000          5
 898100.000          4
 898200.000          3
 898300.000          4
 898400.000          6
 898500.000          4
 898600.000          2
 898700.000          5
 898800.000          4
 898900.000          3
 899000.000          4
 899100.000          2
 899200.000          2
 899300.000          3
 899400.000          4
 899500.000          5
 899600.000          4
 899700.000          3
 899800.000          3
 899900.000          3
 900000.000          4
 900100.000          4
 900200.000          5
 900300.000          4
 900400.000          4
 900500.000          1
 900600.000          3
 900700.000          4
 900800.000          2
 900900.000          3
 901000.000          3
 901100.000          3
 901200.000          4
 901300.000          5
 901400.000          4
 901500.000          2
 901600.000          5
 901700.000          3
 901800.000          2
 901900.000          3
 902000.000          3
 902100.000          3
 902200.000          6
 902300.000          5
 902400.000          5
 902500.000          3
 902600.000          3
 902700.000          5
 902800.000          5
 902900.000          4
 903000.000          5
 903100.000          2
 903200.000          4
 903300.000          5
 903400.000          5
 903500.000          3
 903600.000          4
 903700.000          2
 903800.000          3
 903900.000          3
 904000.000          3
 904100.000          4
 904200.000          3
 904300.000          2
 904400.000          5
 904500.000          3
 904600.000          3
 904700.000          3
 904800.000          5
 904900.000          4
 905000.000          3
 905100.000          2
 905200.000          4
 905300.000          3
 905400.000          3
 905500.000          2
 905600.000          5
 905700.000          5
 905800.000          4
 905900.000          2
 906000.000          5
 906100.000          3
 906200.000          3
 906300.000          1
 906400.000          4
 906500.000          3
 906600.000          3
 906700.000          4
 906800.000          3
 906900.000          3
 907000.000          5
 907100.000          4
 907200.000          5
 907300.000          3
 907400.000          1
 907500.000          5
 907600.000          3
 907700.000          2
 907800.000          3
 907900.000          2
 908000.000          3
 908100.000          2
 908200.000          3
 908300.000          4
 908400.000          2
 908500.000          4
 908600.000          2
 908700.000          4
 908800.000          2
 908900.000          4
 909000.000          4
 909100.000          4
 909200.000          2
 909300.000          4
 909400.000          5
 909500.000          3
 909600.000          4
 909700.000          5
 909800.000          4
 909900.000          4
 910000.000          5
 910100.000          3
 910200.000          3
 910300.000          4
 910400.000          2
 910500.000          3
 910600.000          4
 910700.000          4
 910800.000          4
 910900.000          4
 911000.000          5
 911100.000          3
 911200.000          4
 911300.000          2
 911400.000          4
 911500.000          3
 911600.000          4
 911700.000          3
 911800.000          3
 911900.000          4
 912000.000          3
 912100.000          5
 912200.000          4
 912300.000          3
 912400.000          3
 912500.000          3
 912600.000          3
 912700.000          5
 912800.000          4
 912900.000          3
 913000.000          2
 913100.000          3
 913200.000          4
 913300.000          2
 913400.000          2
 913500.000          4
 913600.000          5
 913700.000          4
 913800.000          4
 913900.000          2
 914000.000          2
 914100.000          3
 914200.000          5
 914300.000          2
 914400.000          4
 914500.000          3
 914600.000          2
 914700.000          2
 914800.000          4
 914900.000          3
 915000.000          1
 915100.000          0
 915200.000          1
 915300.000          3
 915400.000          1
 915500.000          5
 915600.000          3
 915700.000          6
 915800.000          6
 915900.000          4
 916000.000          5
 916100.000          5
 916200.000          3
 916300.000          5
 916400.000          5
 916500.000          5
 916600.000          5
 916700.000          5
 916800.000          3
 916900.000          4
 917000.000          8
 917100.000          3
 917200.000          4
 917300.000          2
 917400.000          4
 917500.000          1
 917600.000          4
 917700.000          4
 917800.000          4
 917900.000          5
 918000.000          4
 918100.000          5
 918200.000          2
 918300.000          3
 918400.000          2
 918500.000          1
 918600.000          5
 918700.000          4
 918800.000          3
 918900.000          4
 919000.000          4
 919100.000          5
 919200.000          6
 919300.000          4
 919400.000          4
 919500.000          4
 919600.000          5
 919700.000          5
 919800.000          4
 919900.000          4
 920000.000          5
 920100.000          4
 920200.000          4
 920300.000          4
 920400.000          2
 920500.000          3
 920600.000          3
 920700.000          4
 920800.000          2
 920900.000          3
 921000.000          5
 921100.000          4
 921200.000          5
 921300.000          3
 921400.000          3
 921500.000          4
 921600.000          3
 921700.000          4
 921800.000          2
 921900.000          3
 922000.000          6
 922100.000          1
 922200.000          3
 922300.000          5
 922400.000          5
 922500.000          5
 922600.000          4
 922700.000          4
 922800.000          3
 922900.000          3
 923000.000          3
 923100.000          4
 923200.000          3
 923300.000          3
 923400.000          2
 923500.000          5
 923600.000          6
 923700.000          2
 923800.000          3
 923900.000          4
 924000.000          3
 924100.000          3
 924200.000          5
 924300.000          3
 924400.000          4
 924500.000          2
 924600.000          2
 924700.000          3
 924800.000          4
 924900.000          1
 925000.000          3
 925100.000          4
 925200.000          4
 925300.000          3
 925400.000          5
 925500.000          2
 925600.000          4
 925700.000          4
 925800.000          6
 925900.000          3
 926000.000          3
 926100.000          3
 926200.000          3
 926300.000          3
 926400.000          2
 926500.000          4
 926600.000          5
 926700.000          5
 926800.000          3
 926900.000          4
 927000.000          2
 927100.000          5
 927200.000          3
 927300.000          3
 927400.000          1
 927500.000          4
 927600.000          6
 927700.000          5
 927800.000          3
 927900.000          4
 928000.000          4
 928100.000          2
 928200.000          5
 928300.000          3
 928400.000          2
 928500.000          4
 928600.000          4
 928700.000          2
 928800.000          1
 928900.000          4
 929000.000          5
 929100.000          4
 929200.000          4
 929300.000          4
 929400.000          2
 929500.000          4
 929600.000          3
 929700.000          4
 929800.000          3
 929900.000          5
 930000.000          3
 930100.000          3
 930200.000          4
 930300.000          3
 930400.000          3
 930500.000          2
 930600.000          4
 930700.000          4
 930800.000          3
 930900.000          2
 931000.000          3
 931100.000          4
 931200.000          3
 931300.000          4
 931400.000          3
 931500.000          3
 931600.000          1
 931700.000          1
 931800.000          4
 931900.000          6
 932000.000          1
 932100.000          2
 932200.000          1
 932300.000          1
 932400.000          1
 932500.000          1
 932600.000          3
 932700.000          2
 932800.000          5
 932900.000          4
 933000.000          4
 933100.000          3
 933200.000          3
 933300.000          4
 933400.000          3
 933500.000          2
 933600.000          3
 933700.000          3
 933800.000          4
 933900.000          4
 934000.000          4
 934100.000          3
 934200.000          4
 934300.000          3
 934400.000          5
 934500.000          3
 934600.000          3
 934700.000          4
 934800.000          0
 934900.000          3
 935000.000          5
 935100.000          4
 935200.000          3
 935300.000          3
 935400.000          5
 935500.000          3
 935600.000          4
 935700.000          5
 935800.000          1
 935900.000          2
 936000.000          4
 936100.000          4
 936200.000          4
 936300.000          4
 936400.000          4
 936500.000          5
 936600.000          5
 936700.000          3
 936800.000          4
 936900.000          3
 937000.000          3
 937100.000          2
 937200.000          4
 937300.000          5
 937400.000          4
 937500.000          6
 937600.000          5
 937700.000          4
 937800.000          7
 937900.000          4
 938000.000          6
 938100.000          7
 938200.000          7
 938300.000          4
 938400.000          5
 938500.000          5
 938600.000          4
 938700.000          4
 938800.000          6
 938900.000          6
 939000.000          5
 939100.000          2
 939200.000          1
 939300.000          7
 939400.000          4
 939500.000          4
 939600.000          4
 939700.000          3
 939800.000          5
 939900.000          4
 940000.000          5
 940100.000          4
 940200.000          5
 940300.000          3
 940400.000          2
 940500.000          4
 940600.000          5
 940700.000          4
 940800.000          5
 940900.000          3
 941000.000          3
 941100.000          4
 941200.000          4
 941300.000          4
 941400.000          2
 941500.000          3
 941600.000          4
 941700.000          3
 941800.000          0
 941900.000          3
 942000.000          3
 942100.000          2
 942200.000          1
 942300.000          2
 942400.000          3
 942500.000          2
 942600.000          2
 942700.000          4
 942800.000          3
 942900.000          2
 943000.000          4
 943100.000          4
 943200.000          3
 943300.000          4
 943400.000          4
 943500.000          7
 943600.000          5
 943700.000          6
 943800.000          4
 943900.000          3
 944000.000          6
 944100.000          5
 944200.000          4
 944300.000          5
 944400.000          3
 944500.000          6
 944600.000          5
 944700.000          5
 944800.000          6
 944900.000          7
 945000.000          5
 945100.000          4
 945200.000          6
 945300.000          4
 945400.000          3
 945500.000          5
 945600.000          4
 945700.000          3
 945800.000          3
 945900.000          4
 946000.000          4
 946100.000          4
 946200.000          4
 946300.000          4
 946400.000          3
 946500.000          5
 946600.000          4
 946700.000          5
 946800.000          4
 946900.000          5
 947000.000          4
 947100.000          5
 947200.000          7
 947300.000          4
 947400.000          4
 947500.000          4
 947600.000          4
 947700.000          5
 947800.000          5
 947900.000          6
 948000.000          6
 948100.000          5
 948200.000          4
 948300.000          1
 948400.000          5
 948500.000          5
 948600.000          4
 948700.000          3
 948800.000          5
 948900.000          5
 949000.000          6
 949100.000          3
 949200.000          5
 949300.000          5
 949400.000          2
 949500.000          2
 949600.000          4
 949700.000          3
 949800.000          3
 949900.000          5
 950000.000          4
 950100.000          2
 950200.000          4
 950300.000          3
 950400.000          4
 950500.000          4
 950600.000          2
 950700.000          4
 950800.000          3
 950900.000          4
 951000.000          3
 951100.000          4
 951200.000          5
 951300.000          5
 951400.000          4
 951500.000          2
 951600.000          3
 951700.000          3
 951800.000          3
 951900.000          2
 952000.000          3
 952100.000          3
 952200.000          4
 952300.000          2
 952400.000          5
 952500.000          5
 952600.000          1
 952700.000          3
 952800.000          4
 952900.000          4
 953000.000          2
 953100.000          2
 953200.000          4
 953300.000          3
 953400.000          3
 953500.000          3
 953600.000          2
 953700.000          3
 953800.000          3
 953900.000          3
 954000.000          2
 954100.000          3
 954200.000          3
 954300.000          3
 954400.000          5
 954500.000          7
 954600.000          5
 954700.000          5
 954800.000          7
 954900.000          6
 955000.000          4
 955100.000          5
 955200.000          3
 955300.000          6
 955400.000          5
 955500.000          4
 955600.000          4
 955700.000          7
 955800.000          5
 955900.000          6
 956000.000          4
 956100.000          4
 956200.000          3
 956300.000          3
 956400.000          4
 956500.000          5
 956600.000          5
 956700.000          6
 956800.000          6
 956900.000          4
 957000.000          5
 957100.000          5
 957200.000          6
 957300.000          4
 957400.000          5
 957500.000          5
 957600.000          5
 957700.000          3
 957800.000          2
 957900.000          5
 958000.000          4
 958100.000          3
 958200.000          4
 958300.000          3
 958400.000          6
 958500.000          4
 958600.000          2
 958700.000          6
 958800.000          5
 958900.000          5
 959000.000          2
 959100.000          3
 959200.000          3
 959300.000          4
 959400.000          3
 959500.000          7
 959600.000          6
 959700.000          4
 959800.000          3
 959900.000          5
 960000.000          4
 960100.000          3
 960200.000          7
 960300.000          3
 960400.000          6
 960500.000          4
 960600.000          3
 960700.000          6
 960800.000          6
 960900.000          5
 961000.000          4
 961100.000          5
 961200.000          4
 961300.000          4
 961400.000          4
 961500.000          3
 961600.000          3
 961700.000          5
 961800.000          2
 961900.000          4
 962000.000          4
 962100.000          1
 962200.000          4
 962300.000          4
 962400.000          3
 962500.000          4
 962600.000          5
 962700.000          2
 962800.000          7
 962900.000          3
 963000.000          4
 963100.000          6
 963200.000          5
 963300.000          5
 963400.000          4
 963500.000          3
 963600.000          3
 963700.000          2
 963800.000          4
 963900.000          4
 964000.000          6
 964100.000          6
 964200.000          7
 964300.000          4
 964400.000          6
 964500.000          7
 964600.000          3
 964700.000          4
 964800.000          4
 964900.000          2
 965000.000          3
 965100.000          3
 965200.000          3
 965300.000          4
 965400.000          4
 965500.000          2
 965600.000          4
 965700.000          4
 965800.000          4
 965900.000          3
 966000.000          4
 966100.000          3
 966200.000          2
 966300.000          4
 966400.000          4
 966500.000          5
 966600.000          4
 966700.000          5
 966800.000          2
 966900.000          5
 967000.000          5
 967100.000          4
 967200.000          5
 967300.000          5
 967400.000          3
 967500.000          2
 967600.000          4
 967700.000          3
 967800.000          4
 967900.000          4
 968000.000          5
 968100.000          3
 968200.000          4
 968300.000          4
 968400.000          4
 968500.000          5
 968600.000          4
 968700.000          2
 968800.000          5
 968900.000          4
 969000.000          4
 969100.000          6
 969200.000          5
 969300.000          3
 969400.000          3
 969500.000          4
 969600.000          6
 969700.000          4
 969800.000          2
 969900.000          3
 970000.000          4
 970100.000          5
 970200.000          5
 970300.000          3
 970400.000          3
 970500.000          3
 970600.000          3
 970700.000          4
 970800.000          3
 970900.000          4
 971000.000          2
 971100.000          3
 971200.000          2
 971300.000          4
 971400.000          5
 971500.000          6
 971600.000          4
 971700.000          6
 971800.000          4
 971900.000          4
 972000.000          4
 972100.000          5
 972200.000          6
 972300.000          3
 972400.000          5
 972500.000          4
 972600.000          4
 972700.000          6
 972800.000          5
 972900.000          4
 973000.000          6
 973100.000          4
 973200.000          3
 973300.000          4
 973400.000          4
 973500.000          3
 973600.000          4
 973700.000          5
 973800.000          5
 973900.000          4
 974000.000          4
 974100.000          4
 974200.000          6
 974300.000          4
 974400.000          5
 974500.000          4
 974600.000          5
 974700.000          3
 974800.000          3
 974900.000          6
 975000.000          6
 975100.000          3
 975200.000          5
 975300.000          7
 975400.000          4
 975500.000          4
 975600.000          5
 975700.000          6
 975800.000          4
 975900.000          5
 976000.000          5
 976100.000          5
 976200.000          5
 976300.000          4
 976400.000          6
 976500.000          5
 976600.000          3
 976700.000          4
 976800.000          6
 976900.000          3
 977000.000          3
 977100.000          4
 977200.000          4
 977300.000          4
 977400.000          6
 977500.000          5
 977600.000          5
 977700.000          4
 977800.000          3
 977900.000          5
 978000.000          4
 978100.000          5
 978200.000          5
 978300.000          4
 978400.000          6
 978500.000          5
 978600.000          4
 978700.000          4
 978800.000          4
 978900.000          3
 979000.000          5
 979100.000          4
 979200.000          5
 979300.000          5
 979400.000          6
 979500.000          5
 979600.000          6
 979700.000          3
 979800.000          6
 979900.000          5
 980000.000          4
 980100.000          3
 980200.000          4
 980300.000          4
 980400.000          5
 980500.000          6
 980600.000          5
 980700.000          3
 980800.000          3
 980900.000          5
 981000.000          5
 981100.000          3
 981200.000          3
 981300.000          4
 981400.000          4
 981500.000          4
 981600.000          4
 981700.000          5
 981800.000          3
 981900.000          3
 982000.000          6
 982100.000          4
 982200.000          3
 982300.000          4
 982400.000          3
 982500.000          4
 982600.000          3
 982700.000          1
 982800.000          4
 982900.000          6
 983000.000          5
 983100.000          4
 983200.000          3
 983300.000          5
 983400.000          3
 983500.000          5
 983600.000          4
 983700.000          6
 983800.000          5
 983900.000          3
 984000.000          4
 984100.000          5
 984200.000          6
 984300.000          5
 984400.000          5
 984500.000          5
 984600.000          4
 984700.000          6
 984800.000          6
 984900.000          5
 985000.000          5
 985100.000          4
 985200.000          4
 985300.000          5
 985400.000          6
 985500.000          4
 985600.000          5
 985700.000          3
 985800.000          3
 985900.000          4
 986000.000          5
 986100.000          5
 986200.000          4
 986300.000          5
 986400.000          4
 986500.000          4
 986600.000          5
 986700.000          6
 986800.000          3
 986900.000          4
 987000.000          3
 987100.000          5
 987200.000          5
 987300.000          4
 987400.000          4
 987500.000          3
 987600.000          4
 987700.000          5
 987800.000          3
 987900.000          4
 988000.000          4
 988100.000          3
 988200.000          3
 988300.000          5
 988400.000          4
 988500.000          3
 988600.000          2
 988700.000          3
 988800.000          6
 988900.000          5
 989000.000          3
 989100.000          5
 989200.000          4
 989300.000          2
 989400.000          3
 989500.000          4
 989600.000          2
 989700.000          5
 989800.000          6
 989900.000          4
 990000.000          3
 990100.000          5
 990200.000          6
 990300.000          6
 990400.000          5
 990500.000          5
 990600.000          4
 990700.000          6
 990800.000          7
 990900.000          5
 991000.000          7
 991100.000          4
 991200.000          4
 991300.000          3
 991400.000          6
 991500.000          5
 991600.000          6
 991700.000          4
 991800.000          4
 991900.000          7
 992000.000          5
 992100.000          6
 992200.000          4
 992300.000          3
 992400.000          1
 992500.000          5
 992600.000          2
 992700.000          2
 992800.000          5
 992900.000          3
 993000.000          3
 993100.000          5
 993200.000          4
 993300.000          5
 993400.000          3
 993500.000          5
 993600.000          4
 993700.000          5
 993800.000          6
 993900.000          3
 994000.000          5
 994100.000          5
 994200.000          3
 994300.000          5
 994400.000          4
 994500.000          5
 994600.000          3
 994700.000          3
 994800.000          1
 994900.000          3
 995000.000          4
 995100.000          4
 995200.000          5
 995300.000          4
 995400.000          3
 995500.000          5
 995600.000          2
 995700.000          4
 995800.000          5
 995900.000          4
 996000.000          7
 996100.000          6
 996200.000          3
 996300.000          3
 996400.000          5
 996500.000          4
 996600.000          2
 996700.000          4
 996800.000          4
 996900.000          5
 997000.000          4
 997100.000          4
 997200.000          6
 997300.000          6
 997400.000          4
 997500.000          5
 997600.000          5
 997700.000          4
 997800.000          3
 997900.000          6
 998000.000          2
 998100.000          3
 998200.000          4
 998300.000          4
 998400.000          2
 998500.000          4
 998600.000          4
 998700.000          3
 998800.000          3
 998900.000          2
 999000.000          3
 999100.000          4
 999200.000          3
 999300.000          2
 999400.000          5
 999500.000          5
 999600.000          4
 999700.000          4
 999800.000          6
 999900.000          5
1000000.000          6
